Agency,Local Code,County,Township,City,Collision Date,Collision Time,Vehicles Involved,Trailers Involved,Number Injured,Number Dead,Number Deer,House Number,Roadway Name,Roadway Suffix,Roadway Number,Roadway Interchange,Roadway Ramp,Roadway Id,Intersecting Road,Intersecting Road Number,Mile Marker,Interchange,Corporate Limits?,Property Type,Feet From,Direction,Latitude,Longitude,Roadway Class,Traffic Control Devices?,Aggressive Driving?,Hit and Run?,Locality,School Zone?,Rumble Strips?,Construction?,Construction Type,Light Condition,Weather Conditions,Surface Condition,Type of Median,Roadway Junction Type,Road Character,Roadway Surface,Primary Factor,Damage Estimate,Manner of Collision,Unique Location Id,State Property Damage?,Traffic Control
INDIANA UNIV BLOOMINGTON PD,221092,MONROE,BLOOMINGTON,BLOOMINGTON,3/23/22,4:00 PM,2,,0,0,0,,E 3RD ST,,,,,E 3RD ST,S JORDAN AVE,,,,Y,,0,,39.16424745,-86.51606702,LOCAL/CITY ROAD,,,,URBAN,N,N,N,,DAYLIGHT,CLOUDY,DRY,,FOUR-WAY INTERSECTION,,ASPHALT,FOLLOWING TOO CLOSELY,UNDER $1001,REAR END,SJORDANAVEE3RDST,0,
MONROE SD,M22A16342,MONROE,RICHLAND,BLOOMINGTON,7/8/22,11:15 AM,2,,0,0,0,,STATE RD 46,,,,,STATE RD 46,N ARLINGTON RD,,,,N,,0,,39.20767161,-86.57988257,STATE ROAD,,,,URBAN,N,N,N,,DAYLIGHT,RAIN,WET,,FOUR-WAY INTERSECTION,,ASPHALT,ROADWAY SURFACE CONDITION,$1001 TO $2500,REAR END,STATERD46NARLINGTONRD,0,
MONROE SD,M22A5577,MONROE,BLOOMINGTON,,3/10/22,9:11 AM,4,,0,0,0,,W ARLINGTON RD,,,,,W ARLINGTON RD,N NORWEST WOODS LN,,,,N,,0,,39.19810721,-86.5586101,,,,,RURAL,N,N,N,,DAYLIGHT,CLEAR,DRY,,T-INTERSECTION,,ASPHALT,DRIVER DISTRACTED - EXPLAIN IN NARRATIVE,$10001 TO $25000,REAR END,WARLINGTONRDNNORWESTWOODSLN,0,
BLOOMINGTON PD,B22-13436,MONROE,PERRY,BLOOMINGTON,4/17/22,1:30 AM,2,,0,0,0,1921,S WALNUT ST,,,,,S WALNUT ST,,,,,Y,,0,,39.14549871,-86.53167745,PRIVATE DRIVE,,,,URBAN,N,N,N,,DAYLIGHT,CLEAR,DRY,,NO JUNCTION INVOLVED,,ASPHALT,UNSAFE BACKING,UNDER $1001,BACKING CRASH,SWALNUTST,0,
BLOOMINGTON PD,B22-25806,MONROE,PERRY,BLOOMINGTON,7/7/22,10:02 AM,1,,0,0,0,,S SMITH RD,,,,,S SMITH RD,E MOORES PIKE,,,,Y,,0,,39.15022402,-86.48046387,LOCAL/CITY ROAD,,,,URBAN,N,N,N,,DAYLIGHT,CLOUDY,DRY,,FOUR-WAY INTERSECTION,,ASPHALT,OTHER (DRIVER) - EXPLAIN IN NARRATIVE,$1001 TO $2500,RAN OFF ROAD,SSMITHRDEMOORESPIKE,0,
MONROE SD,M22A7777,MONROE,PERRY,BLOOMINGTON,4/6/22,6:45 PM,2,,0,0,0,,S ADAMS ST,,,,,S ADAMS ST,,,,,N,,0,,39.151355,-86.5513687,PRIVATE DRIVE,,,,RURAL,N,N,N,,DAYLIGHT,CLEAR,DRY,,NO JUNCTION INVOLVED,,ASPHALT,UNSAFE BACKING,$5001 TO $10000,BACKING CRASH,SADAMSST,0,
BLOOMINGTON PD,B22-41275,MONROE,BLOOMINGTON,BLOOMINGTON,10/7/22,1:16 PM,2,,0,0,0,,W.17TH ST,,,,,W.17TH ST,N. COLLEGE AVE,,,,Y,,0,,39.179002,-86.534699,LOCAL/CITY ROAD,,,,URBAN,N,N,N,,DAYLIGHT,CLEAR,DRY,,FOUR-WAY INTERSECTION,,ASPHALT,FOLLOWING TOO CLOSELY,$1001 TO $2500,REAR END,W.17THSTN.COLLEGEAVE,0,
INDIANA UNIV BLOOMINGTON PD,221571,MONROE,BLOOMINGTON,BLOOMINGTON,4/24/22,2:35 AM,2,,0,0,0,,E 10TH ST,,,,,E 10TH ST,STATE RD 45,,,,Y,,0,,39.17161986,-86.50215752,LOCAL/CITY ROAD,,,,URBAN,N,N,N,,DARK (NOT LIGHTED),CLEAR,DRY,,FOUR-WAY INTERSECTION,,ASPHALT,UNSAFE SPEED,$10001 TO $25000,REAR END,STATERD45E10THST,0,
BLOOMINGTON PD,B22-34652,MONROE,RICHLAND,BLOOMINGTON,8/31/22,12:50 PM,2,,0,0,0,240,N GATES DR,,,,,N GATES DR,,,,,Y,,0,,39.16794,-86.57466911,PRIVATE DRIVE,,,,URBAN,N,N,N,,DAYLIGHT,CLEAR,DRY,,NO JUNCTION INVOLVED,,ASPHALT,UNSAFE BACKING,UNDER $1001,BACKING CRASH,NGATESDR,0,
BLOOMINGTON PD,B22-05225,MONROE,VAN BUREN,BLOOMINGTON,2/16/22,12:57 PM,2,,0,0,0,,4023 W. 3RD ST,,,,,4023 W. 3RD ST,,,,,Y,,0,,0,0,LOCAL/CITY ROAD,,,,URBAN,N,N,N,,DAYLIGHT,CLOUDY,DRY,,NO JUNCTION INVOLVED,,ASPHALT,UNSAFE BACKING,$1001 TO $2500,BACKING CRASH,4023W.3RDST,0,
BLOOMINGTON PD,B22-09532,MONROE,PERRY,BLOOMINGTON,3/21/22,11:55 AM,2,,0,0,0,,S. COLLEGE AVE,,,,,S. COLLEGE AVE,W. 3RD ST,,,,Y,,0,,39.164609,-86.534898,LOCAL/CITY ROAD,,,,URBAN,N,N,N,,DAYLIGHT,CLEAR,DRY,,FOUR-WAY INTERSECTION,,ASPHALT,DISREGARD SIGNAL/REG SIGN,$5001 TO $10000,RIGHT ANGLE,W.3RDSTS.COLLEGEAVE,0,
BLOOMINGTON PD,B22-12457,MONROE,PERRY,BLOOMINGTON,4/10/22,1:01 PM,2,,0,0,0,,S HIGH ST,,,,,S HIGH ST,E QUEENS WAY,,,,Y,,0,,39.146431,-86.508335,LOCAL/CITY ROAD,,,,URBAN,N,N,N,,DAYLIGHT,CLEAR,DRY,,NO JUNCTION INVOLVED,,ASPHALT,FOLLOWING TOO CLOSELY,$10001 TO $25000,REAR END,SHIGHSTEQUEENSWAY,0,
BLOOMINGTON PD,B22-35651,MONROE,PERRY,BLOOMINGTON,9/6/22,7:27 AM,1,,0,0,0,,S WALNUT STREET PIKE,,,,,S WALNUT STREET PIKE,E. ALLENDALE DR,,,,Y,,300,,39.1285797,-86.52679003,LOCAL/CITY ROAD,,,,URBAN,N,N,N,,DAWN/DUSK,CLOUDY,WET,,NO JUNCTION INVOLVED,,ASPHALT,OTHER (DRIVER) - EXPLAIN IN NARRATIVE,$2501 TO $5000,RAN OFF ROAD,SWALNUTSTREETPIKEE.ALLENDALEDR,0,
BLOOMINGTON PD,B22-41790,MONROE,PERRY,BLOOMINGTON,10/10/22,12:38 PM,2,,0,0,0,,S COLLEGE MALL RD,,,,,S COLLEGE MALL RD,E 2ND ST,,,,Y,,0,,39.16086714,-86.49775333,LOCAL/CITY ROAD,,,,URBAN,N,N,N,,DAYLIGHT,CLEAR,DRY,,FOUR-WAY INTERSECTION,,ASPHALT,FAILURE TO YIELD RIGHT OF WAY,$2501 TO $5000,SAME DIRECTION SIDESWIPE,SCOLLEGEMALLRDE2NDST,0,
ELLETTSVILLE PD,E22-01063,MONROE,RICHLAND,ELLETTSVILLE,3/25/22,4:04 PM,2,0,0,0,0,5621,W STATE ROAD 46,HWY,,,,W STATE ROAD 46,,,,,Y,,,,39.221555,-86.607133,OTHER,,N,N,URBAN,N,N,N,,DAYLIGHT,CLOUDY,DRY,,NO JUNCTION INVOLVED,STRAIGHT/GRADE,CONCRETE,UNSAFE BACKING,$1001 TO $2500,BACKING CRASH,WSTATEROAD46HWY,0,NONE
ISP BLOOMINGTON 33,2.022E+11,MONROE,SALT CREEK,BLOOMINGTON,2/3/22,3:55 PM,1,,0,0,0,,STATE RD 37,,,,,STATE RD 37,INGRAM ROAD,,,,N,,2112,,38.99949943,-86.53715893,,,,,RURAL,N,N,N,,DAYLIGHT,SNOW,SNOW/SLUSH,,NO JUNCTION INVOLVED,,ASPHALT,SPEED TOO FAST FOR WEATHER CONDITIONS,$5001 TO $10000,RAN OFF ROAD,STATERD37INGRAMROAD,0,
ELLETTSVILLE PD,E2200609,MONROE,RICHLAND,ELLETTSVILLE,2/17/22,7:15 AM,2,0,0,0,0,,,,SR46W,,,SR46W,UNION VALLEY,,,,Y,,1000,E,39.21328558,-86.59020994,STATE ROAD,,N,N,URBAN,N,N,N,,DAWN/DUSK,RAIN,WATER (STANDING OR MOVING),,NO JUNCTION INVOLVED,STRAIGHT/LEVEL,ASPHALT,FAILURE TO YIELD RIGHT OF WAY,$5001 TO $10000,RIGHT ANGLE,SR46WUNIONVALLEYRD,0,NONE
BLOOMINGTON PD,B22-41532,MONROE,BLOOMINGTON,BLOOMINGTON,10/8/22,6:26 PM,2,,0,0,0,,N WALNUT ST,,,,,N WALNUT ST,STATE RD 46,,,,Y,,0,,39.18640881,-86.53457407,STATE ROAD,,,,URBAN,N,N,N,,DAYLIGHT,CLEAR,DRY,,FOUR-WAY INTERSECTION,,ASPHALT,FAILURE TO YIELD RIGHT OF WAY,$2501 TO $5000,SAME DIRECTION SIDESWIPE,STATERD46NWALNUTST,0,
BLOOMINGTON PD,B22-35032,MONROE,BLOOMINGTON,BLOOMINGTON,9/2/22,2:39 PM,2,,0,0,0,2701,E 3RD ST,,,,,E 3RD ST,,,,,Y,,0,,39.16521338,-86.4986893,,,,,URBAN,N,N,N,,DAYLIGHT,CLEAR,DRY,,NO JUNCTION INVOLVED,,ASPHALT,FAILURE TO YIELD RIGHT OF WAY,$2501 TO $5000,RIGHT ANGLE,E3RDST,0,
BLOOMINGTON PD,B22-24041,MONROE,BLOOMINGTON,BLOOMINGTON,6/26/22,4:30 PM,2,,0,0,0,,W DUNCAN DR,,,,,W DUNCAN DR,S ROCKPORT RD,,,,Y,,0,,39.14580974,-86.54134459,,,,,URBAN,N,N,N,,DAYLIGHT,CLEAR,DRY,,NO JUNCTION INVOLVED,,ASPHALT,DRIVER DISTRACTED - EXPLAIN IN NARRATIVE,$1001 TO $2500,BACKING CRASH,WDUNCANDRSROCKPORTRD,0,
MONROE SD,M22A18042,MONROE,CLEAR CREEK,BLOOMINGTON,7/26/22,7:24 AM,2,,0,0,0,,W FLUCK MILL,,,,,W FLUCK MILL,S VICTOR PIKE,,,,N,,0,,,,LOCAL/CITY ROAD,,,,RURAL,N,N,N,,DAYLIGHT,RAIN,WET,,T-INTERSECTION,,ASPHALT,IMPROPER LANE USAGE,$5001 TO $10000,RIGHT ANGLE,WFLUCKMILLSVICTORPIKE,0,
BLOOMINGTON PD,B22-39603,MONROE,VAN BUREN,BLOOMINGTON,9/28/22,6:15 PM,3,,0,0,0,,S LEONARD SPRINGS RD,,,,,S LEONARD SPRINGS RD,W TAPP RD,,,,Y,,0,,39.13685024,-86.58260411,,,,,URBAN,N,N,N,,DAYLIGHT,CLEAR,DRY,,T-INTERSECTION,,ASPHALT,UNSAFE SPEED,$2501 TO $5000,REAR END,WTAPPRDSLEONARDSPRINGSRD,0,
BLOOMINGTON PD,B22-10875,MONROE,BLOOMINGTON,BLOOMINGTON,3/30/22,5:47 PM,2,,0,0,0,,N ROGERS ST,,,,,N ROGERS ST,W KIRKWOOD AVE,,,,Y,,0,,39.1666305,-86.53868384,LOCAL/CITY ROAD,,,,URBAN,N,N,N,,DAYLIGHT,CLOUDY,DRY,,FOUR-WAY INTERSECTION,,ASPHALT,BRAKE FAILURE OR DEFECTIVE,$25001 TO $50000,RIGHT ANGLE,WKIRKWOODAVENROGERSST,0,
ISP BLOOMINGTON 33,2.022E+11,MONROE,BLOOMINGTON,BLOOMINGTON,4/22/22,2:15 AM,1,,0,0,0,,N DUNN ST,,,,,N DUNN ST,E VARSITY LN,,,,Y,,0,,39.18312769,-86.52833819,LOCAL/CITY ROAD,,,,URBAN,N,N,N,,DARK (NOT LIGHTED),CLEAR,DRY,,NO JUNCTION INVOLVED,,ASPHALT,LEFT OF CENTER,$2501 TO $5000,,NDUNNSTEVARSITYLN,0,
BLOOMINGTON PD,B22-16311,MONROE,,BLOOMINGTON,5/5/22,10:43 AM,2,,0,0,0,,3RD ST,,,,,3RD ST,LIBERTY DR,,,,Y,,0,,39.164606,-86.579131,,,,,URBAN,N,N,N,,DAYLIGHT,CLOUDY,DRY,,FOUR-WAY INTERSECTION,,ASPHALT,FAILURE TO YIELD RIGHT OF WAY,$5001 TO $10000,RIGHT ANGLE,LIBERTYDR3RDST,0,
BLOOMINGTON PD,B22-17806,MONROE,PERRY,BLOOMINGTON,5/15/22,6:15 AM,1,,1,0,0,,W GATEWOOD DR,,,,,W GATEWOOD DR,W WOODHILL DR,,,,Y,,0,,39.15725803,-86.55000634,LOCAL/CITY ROAD,,,,URBAN,N,N,N,,DAWN/DUSK,CLEAR,DRY,,NO JUNCTION INVOLVED,,ASPHALT,FAILURE TO MAINTAIN LANE,UNDER $1001,RAN OFF ROAD,WWOODHILLDRWGATEWOODDR,1,
BLOOMINGTON PD,B22-21496,MONROE,BLOOMINGTON,BLOOMINGTON,6/9/22,12:40 PM,2,,0,0,0,,E MATTLOCK RD,,,,,E MATTLOCK RD,N MARTHA ST,,,,Y,,0,,39.18629801,-86.53162831,STATE ROAD,,,,URBAN,N,N,N,,DAYLIGHT,CLEAR,DRY,,T-INTERSECTION,,ASPHALT,FOLLOWING TOO CLOSELY,$2501 TO $5000,REAR END,NMARTHASTEMATTLOCKRD,0,
MONROE SD,M22A14616,MONROE,RICHLAND,BLOOMINGTON,6/21/22,8:44 AM,2,,0,0,0,,W SR 46,,,,,W SR 46,N SMITH PIKE,,,,N,,0,,39.20997944,-86.58278664,STATE ROAD,,,,URBAN,N,Y,N,,DAYLIGHT,CLEAR,DRY,,FOUR-WAY INTERSECTION,,ASPHALT,FOLLOWING TOO CLOSELY,$10001 TO $25000,REAR END,WSR46NSMITHPIKE,0,
INDIANA UNIV BLOOMINGTON PD,221332,MONROE,BLOOMINGTON,BLOOMINGTON,4/9/22,3:10 PM,2,,0,0,0,,E 3RD ST,,,,,E 3RD ST,S SWAIN AVE,,,,Y,,0,,39.16423343,-86.51535935,LOCAL/CITY ROAD,,,,URBAN,N,N,N,,DAYLIGHT,CLOUDY,DRY,,T-INTERSECTION,,ASPHALT,IMPROPER TURNING,$2501 TO $5000,SAME DIRECTION SIDESWIPE,SSWAINAVEE3RDST,0,
BLOOMINGTON PD,B22-17236,MONROE,VAN BUREN,BLOOMINGTON,5/11/22,4:37 PM,2,,0,0,0,,W 3RD ST,,,,,W 3RD ST,S LIBERTY DR,,,,Y,,0,,39.16460088,-86.57917213,LOCAL/CITY ROAD,,,,URBAN,N,N,N,,DAYLIGHT,CLEAR,DRY,,FOUR-WAY INTERSECTION,,ASPHALT,FOLLOWING TOO CLOSELY,$2501 TO $5000,REAR END,W3RDSTSLIBERTYDR,0,
BLOOMINGTON PD,B22-17635,MONROE,BLOOMINGTON,BLOOMINGTON,5/13/22,7:40 PM,2,,0,0,0,,S LEONARD SPRINGS RD,,,,,S LEONARD SPRINGS RD,W STATE RD 45,,,,Y,,0,,39.14197646,-86.58261063,PRIVATE DRIVE,,,,URBAN,N,N,N,,DAYLIGHT,CLEAR,DRY,,NO JUNCTION INVOLVED,,ASPHALT,IMPROPER TURNING,$1001 TO $2500,LEFT TURN,WSTATERD45SLEONARDSPRINGSRD,0,
BLOOMINGTON PD,B22-03115,MONROE,PERRY,BLOOMINGTON,1/28/22,1:48 AM,2,,0,0,0,,W BLOOMFIELD RD,,,,,W BLOOMFIELD RD,S OAKDALE DR,,,,Y,,0,,39.14988258,-86.56878538,LOCAL/CITY ROAD,,,,URBAN,N,N,N,,DAYLIGHT,SNOW,SNOW/SLUSH,,FOUR-WAY INTERSECTION,,ASPHALT,ROADWAY SURFACE CONDITION,UNDER $1001,RAN OFF ROAD,WBLOOMFIELDRDSOAKDALEDR,0,
BLOOMINGTON PD,B22-06986,MONROE,PERRY,BLOOMINGTON,3/2/22,5:17 PM,2,,1,0,0,,S HIGH ST,,,,,S HIGH ST,E WIMBLETON LN,,,,Y,,0,,39.14410999,-86.50831336,LOCAL/CITY ROAD,,,,URBAN,N,N,N,,DAYLIGHT,CLEAR,DRY,,FOUR-WAY INTERSECTION,,ASPHALT,FOLLOWING TOO CLOSELY,$2501 TO $5000,RAN OFF ROAD,SHIGHSTEWIMBLETONLN,0,
INDIANA UNIV BLOOMINGTON PD,223076,MONROE,BLOOMINGTON,BLOOMINGTON,9/3/22,1:01 PM,2,,0,0,0,1725,E. 3RD ST.,,,,,E. 3RD ST.,,,,,Y,,0,,39.16489027,-86.51114541,PRIVATE DRIVE,,,,URBAN,N,N,N,,DAYLIGHT,RAIN,WET,,NO JUNCTION INVOLVED,,ASPHALT,IMPROPER TURNING,$1001 TO $2500,LEFT/RIGHT TURN,E.3RDST.,0,
BLOOMINGTON PD,B22-04724,MONROE,BLOOMINGTON,BLOOMINGTON,2/11/22,11:43 AM,2,,0,0,0,,N COLLEGE AVE,,,,,N COLLEGE AVE,E 10TH ST,,,,Y,,0,,0,0,LOCAL/CITY ROAD,,,,URBAN,N,N,N,,UNKNOWN,CLEAR,DRY,,NO JUNCTION INVOLVED,,ASPHALT,OTHER (DRIVER) - EXPLAIN IN NARRATIVE,$1001 TO $2500,SAME DIRECTION SIDESWIPE,NCOLLEGEAVEE10THST,0,
BLOOMINGTON PD,B22-22409,MONROE,PERRY,BLOOMINGTON,6/15/22,2:20 PM,2,,0,0,0,,S KEGG RD,,,,,S KEGG RD,W TAPP RD,,,,Y,,0,,39.13656486,-86.56036324,LOCAL/CITY ROAD,,,,URBAN,N,N,N,,DAYLIGHT,CLEAR,DRY,,T-INTERSECTION,,ASPHALT,UNSAFE LANE MOVEMENT,$5001 TO $10000,SAME DIRECTION SIDESWIPE,WTAPPRDSKEGGRD,0,
BLOOMINGTON PD,B22-36232,MONROE,VAN BUREN,BLOOMINGTON,9/9/22,10:47 AM,2,,0,0,0,,350 N GATES DRIVE,,,,,350 N GATES DRIVE,,,,,Y,,0,,0,0,PRIVATE DRIVE,,,,URBAN,N,N,N,,DAYLIGHT,CLEAR,DRY,,NO JUNCTION INVOLVED,,ASPHALT,UNSAFE BACKING,$5001 TO $10000,BACKING CRASH,350NGATESDRIVE,0,
BLOOMINGTON PD,B22-39140,MONROE,BLOOMINGTON,BLOOMINGTON,9/26/22,5:32 PM,1,,1,0,0,,N INDIANA AVE,,,,,N INDIANA AVE,E 10TH ST,,,,Y,,0,,39.17165308,-86.52696819,LOCAL/CITY ROAD,,,,URBAN,N,N,N,,DAYLIGHT,CLEAR,DRY,,FOUR-WAY INTERSECTION,,ASPHALT,FAILURE TO YIELD RIGHT OF WAY,$1001 TO $2500,RIGHT ANGLE,NINDIANAAVEE10THST,1,
BLOOMINGTON PD,B22-07191,MONROE,PERRY,BLOOMINGTON,3/4/22,10:16 AM,2,,0,0,0,,3900 S. WALNUT ST SUITE D,,,,,3900 S. WALNUT ST SUITE D,,,,,Y,,0,,0,0,PRIVATE DRIVE,,,,URBAN,N,N,N,,DAYLIGHT,CLEAR,DRY,,NO JUNCTION INVOLVED,,ASPHALT,UNSAFE BACKING,$2501 TO $5000,BACKING CRASH,3900S.WALNUTSTSUITED,0,
BLOOMINGTON PD,B22-10866,MONROE,PERRY,BLOOMINGTON,3/29/22,10:30 AM,2,,0,0,0,,E WYLIE ST,,,,,E WYLIE ST,S WASHINGTON ST,,,,Y,,0,,39.15833965,-86.53220929,LOCAL/CITY ROAD,,,,URBAN,N,N,N,,DAYLIGHT,CLEAR,DRY,,NO JUNCTION INVOLVED,,ASPHALT,OTHER (VEHICLE) - EXPLAIN IN NARRATIVE,$5001 TO $10000,SAME DIRECTION SIDESWIPE,SWASHINGTONSTEWYLIEST,0,
BLOOMINGTON PD,B22-39232,MONROE,BLOOMINGTON,BLOOMINGTON,9/27/22,7:45 AM,2,,2,0,0,,N MONROE ST,,,,,N MONROE ST,N MONROE ST,,,,Y,,0,,39.1868131,-86.54632992,STATE ROAD,,,,URBAN,N,N,N,,DAYLIGHT,CLEAR,DRY,,T-INTERSECTION,,ASPHALT,OTHER (ENVIRONMENTAL) - EXPLAIN IN NARR,$5001 TO $10000,REAR END,NMONROESTNMONROEST,0,
BLOOMINGTON PD,B22-12750,MONROE,PERRY,BLOOMINGTON,4/12/22,2:13 PM,2,,0,0,0,1175,S COLLEGE MALL RD; KROGER JACK,,,,,S COLLEGE MALL RD; KROGER JACKSON CREEK,,,,,Y,,0,,39.1548154,-86.49659832,LOCAL/CITY ROAD,,,,URBAN,N,N,N,,DAYLIGHT,CLEAR,DRY,,NO JUNCTION INVOLVED,,ASPHALT,FAILURE TO MAINTAIN LANE,$1001 TO $2500,HEAD ON BETWEEN TWO MOTOR VEHICLES,SCOLLEGEMALLRD;KROGERJACKSONCREEK,0,
BLOOMINGTON PD,B22-26907,MONROE,PERRY,BLOOMINGTON,7/14/22,3:19 PM,2,,0,0,0,,W PATTERSON DR,,,,,W PATTERSON DR,S ROGERS ST,,,,Y,,0,,39.15380393,-86.53880007,LOCAL/CITY ROAD,,,,URBAN,N,N,N,,DAYLIGHT,CLEAR,DRY,,FOUR-WAY INTERSECTION,,ASPHALT,FOLLOWING TOO CLOSELY,$2501 TO $5000,REAR END,WPATTERSONDRSROGERSST,0,
MONROE SD,M22A20193,MONROE,,,8/18/22,5:02 AM,1,,0,0,0,5725,E SR 46,,,,,E SR 46,,,,,N,,0,,39.1647982,-86.4496405,STATE ROAD,,,,RURAL,N,N,N,,DARK (NOT LIGHTED),CLEAR,DRY,,NO JUNCTION INVOLVED,,ASPHALT,OVERCORRECTING/OVERSTEERING,$50001 TO $100000,RAN OFF ROAD,ESR46,0,
INDIANA UNIV BLOOMINGTON PD,221850,MONROE,BLOOMINGTON,BLOOMINGTON,5/11/22,1:33 PM,2,,0,0,0,,STATE RD 45,,,,,STATE RD 45,WALKWAY,,,,Y,,0,,39.17529091,-86.50412186,,,,,URBAN,N,N,N,,DAYLIGHT,CLEAR,DRY,,T-INTERSECTION,,ASPHALT,FOLLOWING TOO CLOSELY,$1001 TO $2500,REAR END,WALKWAYSTATERD45,0,
BLOOMINGTON PD,B22-31833,MONROE,BLOOMINGTON,BLOOMINGTON,8/16/22,12:48 PM,2,,0,0,0,,E 7TH ST,,,,,E 7TH ST,N WASHINGTON ST,,,,Y,,0,,39.16855294,-86.53233083,LOCAL/CITY ROAD,,,,URBAN,N,N,N,,DAYLIGHT,CLEAR,DRY,,FOUR-WAY INTERSECTION,,ASPHALT,FAILURE TO YIELD RIGHT OF WAY,$5001 TO $10000,LEFT TURN,NWASHINGTONSTE7THST,0,
BLOOMINGTON PD,B22-36115,MONROE,PERRY,BLOOMINGTON,9/8/22,5:09 PM,2,,1,0,0,,E COVENANTER DR,,,,,E COVENANTER DR,S HIGH ST,,,,Y,,0,,39.15364264,-86.50845203,LOCAL/CITY ROAD,,,,URBAN,N,N,N,,DAYLIGHT,CLEAR,DRY,,FOUR-WAY INTERSECTION,,ASPHALT,FAILURE TO MAINTAIN LANE,$5001 TO $10000,OPPOSITE DIRECTION SIDESWIPE,SHIGHSTECOVENANTERDR,0,
BLOOMINGTON PD,B22-14989,MONROE,PERRY,BLOOMINGTON,4/26/22,1:29 AM,2,,3,0,0,,SOUTH WALNUT,,,,,SOUTH WALNUT,EAST WINSLOW,,,,Y,,0,,39.13597403,-86.53113074,LOCAL/CITY ROAD,,,,URBAN,N,N,N,,DAYLIGHT,CLEAR,DRY,,FOUR-WAY INTERSECTION,,ASPHALT,FOLLOWING TOO CLOSELY,$10001 TO $25000,REAR END,SOUTHWALNUTEASTWINSLOW,0,
BLOOMINGTON PD,B22-06579,MONROE,PERRY,BLOOMINGTON,2/27/22,12:30 PM,2,,0,0,0,,S. JORDAN AVE,,,,,S. JORDAN AVE,E ATWATER AVE,,,,Y,,0,,0,0,,,,,URBAN,N,N,N,,DAYLIGHT,CLEAR,DRY,,NO JUNCTION INVOLVED,,ASPHALT,FAILURE TO YIELD RIGHT OF WAY,$5001 TO $10000,SAME DIRECTION SIDESWIPE,S.JORDANAVEEATWATERAVE,0,
MONROE SD,M22A17547,MONROE,PERRY,BLOOMINGTON,7/21/22,5:30 AM,2,,0,0,0,,S OLD STATE RD 37,,,,,S OLD STATE RD 37,S STATE RD 37,,,,N,,0,,,,STATE ROAD,,,,RURAL,N,N,N,,DAWN/DUSK,CLEAR,DRY,,FOUR-WAY INTERSECTION,,ASPHALT,DRIVER ASLEEP OR FATIGUED,$1001 TO $2500,REAR END,SSTATERD37SOLDSTATERD37,0,
INDIANA UNIV BLOOMINGTON PD,222759,MONROE,BLOOMINGTON,BLOOMINGTON,8/22/22,4:12 PM,2,,0,0,0,310,S FESS AVE,,,,,S FESS AVE,,,,,N,,0,,39.16301,-86.5265633,PRIVATE DRIVE,,,,URBAN,N,N,N,,DAYLIGHT,CLEAR,DRY,,NO JUNCTION INVOLVED,,CONCRETE,IMPROPER TURNING,$5001 TO $10000,LEFT TURN,SFESSAVE,0,
BLOOMINGTON PD,B22-05254,MONROE,BLOOMINGTON,BLOOMINGTON,2/16/22,4:52 PM,2,,1,0,0,,STATE RD 46,,,,,STATE RD 46,EASTGATE LN,,,,Y,,0,,39.16987868,-86.50136894,STATE ROAD,,,,URBAN,N,N,N,,DAYLIGHT,CLEAR,DRY,,NO JUNCTION INVOLVED,,ASPHALT,FOLLOWING TOO CLOSELY,$5001 TO $10000,REAR END,STATERD46EASTGATELN,0,
BLOOMINGTON PD,B22-30412,MONROE,BLOOMINGTON,BLOOMINGTON,8/6/22,5:30 PM,1,,1,0,0,,W 17TH ST,,,,,W 17TH ST,N WILLIS DR,,,,Y,,0,,39.17902375,-86.54408539,COUNTY ROAD,,,,URBAN,N,N,N,,DAYLIGHT,CLEAR,DRY,,NO JUNCTION INVOLVED,,ASPHALT,FAILURE TO YIELD RIGHT OF WAY,$2501 TO $5000,RIGHT ANGLE,W17THSTNWILLISDR,1,
BLOOMINGTON PD,B22-13699,MONROE,BLOOMINGTON,BLOOMINGTON,4/19/22,4:27 PM,2,,0,0,0,,N COLLEGE AVE,,,,,N COLLEGE AVE,W 17TH ST,,,,Y,,0,,39.17905742,-86.53469584,LOCAL/CITY ROAD,,,,URBAN,N,N,N,,DAYLIGHT,CLEAR,DRY,,FOUR-WAY INTERSECTION,,ASPHALT,DRIVER DISTRACTED - EXPLAIN IN NARRATIVE,$2501 TO $5000,REAR END,W17THSTNCOLLEGEAVE,0,
BLOOMINGTON PD,B22-14801,MONROE,PERRY,BLOOMINGTON,4/25/22,10:39 AM,1,,1,0,0,,E COVENANTER DR,,,,,E COVENANTER DR,S CLARIZZ BLVD,,,,Y,,250,,39.15372779,-86.49232812,LOCAL/CITY ROAD,,,,URBAN,N,N,N,,DAYLIGHT,RAIN,WET,,NO JUNCTION INVOLVED,,ASPHALT,OTHER (DRIVER) - EXPLAIN IN NARRATIVE,$5001 TO $10000,RAN OFF ROAD,SCLARIZZBLVDECOVENANTERDR,0,
MONROE SD,M22A22326,MONROE,BLOOMINGTON,BLOOMINGTON,9/10/22,8:40 PM,1,,0,0,0,,I-69,,,,,I-69,N KINSER PK,,,,N,,1900,,39.22550668,-86.54688102,INTERSTATE,,,,RURAL,N,Y,N,,DARK (NOT LIGHTED),RAIN,WET,,NO JUNCTION INVOLVED,,ASPHALT,SPEED TOO FAST FOR WEATHER CONDITIONS,$2501 TO $5000,RAN OFF ROAD,NKINSERPKI-69,0,