Agency,Local Code,County,Township,City,Collision Date,Collision Time,Vehicles Involved,Trailers Involved,Number Injured,Number Dead,Number Deer,House Number,Roadway Name,Roadway Suffix,Roadway Number,Roadway Interchange,Roadway Ramp,Roadway Id,Intersecting Road,Intersecting Road Number,Mile Marker,Interchange,Corporate Limits?,Property Type,Feet From,Direction,Latitude,Longitude,Roadway Class,Traffic Control Devices?,Aggressive Driving?,Hit and Run?,Locality,School Zone?,Rumble Strips?,Construction?,Construction Type,Light Condition,Weather Conditions,Surface Condition,Type of Median,Roadway Junction Type,Road Character,Roadway Surface,Primary Factor,Damage Estimate,Manner of Collision,Unique Location Id,State Property Damage?,Traffic Control
BLOOMINGTON PD,B22-33345,MONROE,BLOOMINGTON,BLOOMINGTON,8/24/22,8:53 AM,2,,1,0,0,,E. SR 45/46 BYPASS,,,,,E. SR 45/46 BYPASS,N MARTHA ST,,,,Y,,0,,39.186299,-86.531632,STATE ROAD,,,,URBAN,N,N,N,,DAYLIGHT,CLEAR,DRY,,NO JUNCTION INVOLVED,,ASPHALT,FAILURE TO YIELD RIGHT OF WAY,$10001 TO $25000,RIGHT ANGLE,NMARTHASTE.SR45/46BYPASS,0,
BLOOMINGTON PD,B22-40915,MONROE,PERRY,BLOOMINGTON,10/5/22,5:06 PM,2,,0,0,0,,E 2ND ST,,,,,E 2ND ST,S ROOSEVELT ST,,,,Y,,0,,39.16094381,-86.50600889,LOCAL/CITY ROAD,,,,URBAN,N,N,N,,DAYLIGHT,CLEAR,DRY,,T-INTERSECTION,,ASPHALT,FAILURE TO YIELD RIGHT OF WAY,$1001 TO $2500,RIGHT ANGLE,SROOSEVELTSTE2NDST,0,
ISP BLOOMINGTON 33,2.022E+11,MONROE,BLOOMINGTON,BLOOMINGTON,4/16/22,3:00 AM,2,,0,0,0,,S TARZIAN LN,,,,,S TARZIAN LN,,,,,Y,,0,,39.15209123,-86.51541356,PRIVATE DRIVE,,,,URBAN,N,N,N,,DAYLIGHT,CLEAR,DRY,,T-INTERSECTION,,ASPHALT,UNDER STEERING/UNDER CORRECTING,$1001 TO $2500,OPPOSITE DIRECTION SIDESWIPE,STARZIANLN,0,
ISP BLOOMINGTON 33,2.022E+11,MONROE,BLOOMINGTON,BLOOMINGTON,2/17/22,7:10 AM,2,,0,0,0,,SR48,,,,,SR48,I69-118-RAMP C,,,,Y,,0,,39.16437715,-86.57401384,STATE ROAD,,,,URBAN,N,N,N,,DAWN/DUSK,RAIN,WET,,FOUR-WAY INTERSECTION,,ASPHALT,SPEED TOO FAST FOR WEATHER CONDITIONS,$1001 TO $2500,REAR END,SR48I69-118-RAMPC,0,
BLOOMINGTON PD,B22-05074,MONROE,PERRY,BLOOMINGTON,2/15/22,12:47 AM,2,,2,0,0,,S REISNER RD,,,,,S REISNER RD,E 3RD ST,,,,Y,,0,,39.16416339,-86.48799528,LOCAL/CITY ROAD,,,,URBAN,N,N,N,,DARK (NOT LIGHTED),CLOUDY,DRY,,NO JUNCTION INVOLVED,,ASPHALT,UNSAFE SPEED,$10001 TO $25000,REAR END,SREISNERRDE3RDST,0,
BLOOMINGTON PD,B22-36564,MONROE,BLOOMINGTON,BLOOMINGTON,9/11/22,3:00 AM,1,,0,0,0,2304,N HEADLEY RD,,,,,N HEADLEY RD,,,,,Y,,0,,39.18716675,-86.51437725,LOCAL/CITY ROAD,,,,URBAN,N,N,N,,DARK (NOT LIGHTED),RAIN,MUDDY,,NO JUNCTION INVOLVED,,OTHER - EXPLAIN IN NARRATIVE,UNSAFE BACKING,$1001 TO $2500,BACKING CRASH,NHEADLEYRD,0,
INDIANA UNIV BLOOMINGTON PD,223820,MONROE,CLEAR CREEK,BLOOMINGTON,10/8/22,5:31 PM,2,,0,0,0,,N INDIANA AVE,,,,,N INDIANA AVE,,,,,Y,,0,,39.16702273,-86.52703442,PRIVATE DRIVE,,,,URBAN,N,N,N,,DAYLIGHT,CLOUDY,DRY,,T-INTERSECTION,,ASPHALT,FAILURE TO YIELD RIGHT OF WAY,$2501 TO $5000,LEFT TURN,NINDIANAAVE,0,
ISP BLOOMINGTON 33,2.022E+11,MONROE,PERRY,BLOOMINGTON,5/14/22,2:20 PM,2,,2,0,0,,S OLD STATE ROAD 37,,,,,S OLD STATE ROAD 37,STATE RD 37,,,,N,,370,,39.08466488,-86.54305205,COUNTY ROAD,,,,RURAL,N,N,N,,DAYLIGHT,CLOUDY,WET,,NO JUNCTION INVOLVED,,ASPHALT,LEFT OF CENTER,$25001 TO $50000,HEAD ON BETWEEN TWO MOTOR VEHICLES,STATERD37SOLDSTATEROAD37,0,
BLOOMINGTON PD,B22-12952,MONROE,BLOOMINGTON,BLOOMINGTON,4/13/22,9:30 PM,1,,1,0,0,,N KINSER PIKE,,,,,N KINSER PIKE,STATE RD 46,,,,Y,,0,,39.18654927,-86.53772267,LOCAL/CITY ROAD,,,,URBAN,N,N,N,,DARK (NOT LIGHTED),RAIN,WET,,FOUR-WAY INTERSECTION,,ASPHALT,PEDESTRIAN ACTION,$1001 TO $2500,OTHER - EXPLAIN IN NARRATIVE,STATERD46NKINSERPIKE,1,
MONROE SD,M22A20317,MONROE,BLOOMINGTON,BLOOMINGTON,8/19/22,4:53 PM,1,,0,0,0,,S ENDWRIGHT RD,,,,,S ENDWRIGHT RD,,,,,Y,,0,,39.143197,-86.59640498,COUNTY ROAD,,,,URBAN,N,N,N,,DAYLIGHT,CLEAR,DRY,,NO JUNCTION INVOLVED,,ASPHALT,FAILURE TO MAINTAIN LANE,$5001 TO $10000,RAN OFF ROAD,SENDWRIGHTRD,0,
INDIANA UNIV BLOOMINGTON PD,221210,MONROE,BLOOMINGTON,BLOOMINGTON,3/31/22,5:30 PM,1,,0,0,0,,E 10TH ST,,,,,E 10TH ST,,,,,Y,,0,,39.17236123,-86.50017148,PRIVATE DRIVE,,,,URBAN,N,N,N,,DAYLIGHT,CLEAR,DRY,,NO JUNCTION INVOLVED,,OTHER - EXPLAIN IN NARRATIVE,UNSAFE BACKING,$2501 TO $5000,REAR END,E10THST,0,
MONROE SD,M22A6985,MONROE,VAN BUREN,,3/27/22,1:10 AM,2,,0,0,0,,W LEONARD SPRINGS RD,,,,,W LEONARD SPRINGS RD,S ISON RD,,,,N,,0,,39.12230501,-86.60574226,,,,,RURAL,N,N,N,,DAYLIGHT,CLEAR,DRY,,FOUR-WAY INTERSECTION,,ASPHALT,DISREGARD SIGNAL/REG SIGN,$5001 TO $10000,RIGHT ANGLE,WLEONARDSPRINGSRDSISONRD,0,
MONROE SD,M22A9587,MONROE,VAN BUREN,BLOOMINGTON,4/27/22,5:34 PM,2,,0,0,0,,W STATE RD 45,,,,,W STATE RD 45,W LEONARD SPRINGS RD,,,,N,,0,,39.1223764,-86.6142804,STATE ROAD,,,,RURAL,N,N,N,,DAYLIGHT,CLOUDY,DRY,,FOUR-WAY INTERSECTION,,ASPHALT,FAILURE TO YIELD RIGHT OF WAY,$10001 TO $25000,LEFT TURN,WSTATERD45WLEONARDSPRINGSRD,0,
MONROE SD,M22A4459,MONROE,VAN BUREN,BLOOMINGTON,2/24/22,1:50 PM,2,,0,0,0,3585,W IN-45,,,,,W IN-45,,,,,N,,0,,39.141477,-86.58021,PRIVATE DRIVE,,,,URBAN,N,N,N,,DAYLIGHT,CLEAR,DRY,,T-INTERSECTION,,ASPHALT,FOLLOWING TOO CLOSELY,$5001 TO $10000,REAR END,WIN-45,0,
MONROE SD,M22A15004,MONROE,WASHINGTON,BLOOMINGTON,6/24/22,6:01 PM,2,,0,0,0,,I-69,,,,,I-69,MM 128,,,,N,,0,,39.29100379,-86.51812967,INTERSTATE,,,,RURAL,N,Y,N,,DAYLIGHT,CLEAR,DRY,,NO JUNCTION INVOLVED,,ASPHALT,LEFT OF CENTER,$5001 TO $10000,SAME DIRECTION SIDESWIPE,MM128I-69,0,
BLOOMINGTON PD,B22-03674,MONROE,PERRY,BLOOMINGTON,2/2/22,2:07 AM,2,,1,0,0,,S LINCOLN ST,,,,,S LINCOLN ST,E 2ND ST,,,,N,,0,,39.1613427,-86.53125233,LOCAL/CITY ROAD,,,,URBAN,N,N,N,,DAYLIGHT,RAIN,WET,,FOUR-WAY INTERSECTION,,ASPHALT,FAILURE TO YIELD RIGHT OF WAY,$25001 TO $50000,RIGHT ANGLE,SLINCOLNSTE2NDST,0,
MONROE SD,M22A2776,MONROE,VAN BUREN,BLOOMINGTON,2/5/22,10:16 AM,2,,0,0,0,3585,W STATE ROAD 45,,,,,W STATE ROAD 45,,,,,N,,0,,39.14151254,-86.57987634,LOCAL/CITY ROAD,,,,URBAN,N,N,N,,DAYLIGHT,CLEAR,ICE,,NO JUNCTION INVOLVED,,ASPHALT,OTHER (DRIVER) - EXPLAIN IN NARRATIVE,$1001 TO $2500,OPPOSITE DIRECTION SIDESWIPE,WSTATEROAD45,0,
BLOOMINGTON PD,B22-09121,MONROE,PERRY,BLOOMINGTON,3/18/22,10:55 AM,2,,0,0,0,,E BUICK CADILLAC BLVD,,,,,E BUICK CADILLAC BLVD,AUTO MALL ROAD,,,,Y,,75,,39.15818148,-86.49692006,LOCAL/CITY ROAD,,,,URBAN,N,N,N,,DAYLIGHT,CLOUDY,DRY,,FOUR-WAY INTERSECTION,,ASPHALT,FAILURE TO YIELD RIGHT OF WAY,$2501 TO $5000,RIGHT ANGLE,EBUICKCADILLACBLVDAUTOMALLROAD,0,
MONROE SD,M22A8705,MONROE,VAN BUREN,BLOOMINGTON,4/18/22,3:07 PM,2,,1,0,0,,W STATE RD 45,,,,,W STATE RD 45,W HINDS RD,,,,N,,0,,39.08983937,-86.66634626,STATE ROAD,,,,RURAL,N,N,N,,DAYLIGHT,CLOUDY,DRY,,FOUR-WAY INTERSECTION,,ASPHALT,FAILURE TO YIELD RIGHT OF WAY,$10001 TO $25000,RIGHT ANGLE,WSTATERD45WHINDSRD,0,
BLOOMINGTON PD,B22-33041,MONROE,PERRY,BLOOMINGTON,8/22/22,5:33 PM,2,,0,0,0,,2125 S HIGHLAND AVE,,,,,2125 S HIGHLAND AVE,,,,,Y,,0,,0,0,PRIVATE DRIVE,,,,URBAN,N,N,N,,DAYLIGHT,CLEAR,DRY,,T-INTERSECTION,,ASPHALT,IMPROPER TURNING,$2501 TO $5000,OPPOSITE DIRECTION SIDESWIPE,2125SHIGHLANDAVE,0,
BLOOMINGTON PD,B22-35231,MONROE,BLOOMINGTON,BLOOMINGTON,9/3/22,2:18 PM,2,,0,0,0,,N STATE ROAD 46,,,,,N STATE ROAD 46,E 7TH ST,,,,Y,,0,,39.17016408,-86.50148919,STATE ROAD,,,,URBAN,N,N,N,,DAYLIGHT,RAIN,WET,,NO JUNCTION INVOLVED,,ASPHALT,FOLLOWING TOO CLOSELY,$2501 TO $5000,REAR END,NSTATEROAD46E7THST,0,
BLOOMINGTON PD,B22-40026,MONROE,BLOOMINGTON,BLOOMINGTON,9/30/22,4:23 PM,2,,0,0,0,,E 4TH ST,,,,,E 4TH ST,S WALNUT ST,,,,Y,,0,,39.1655824,-86.53361267,LOCAL/CITY ROAD,,,,URBAN,N,N,N,,DAYLIGHT,CLEAR,DRY,,FOUR-WAY INTERSECTION,,ASPHALT,DISREGARD SIGNAL/REG SIGN,$2501 TO $5000,RIGHT ANGLE,SWALNUTSTE4THST,0,
ELLETTSVILLE PD,E2200746,MONROE,RICHLAND,ELLETTSVILLE,2/28/22,11:22 AM,2,0,0,0,0,,SECOND,ST,,,,SECOND,RITTER,,,,Y,,,,39.230096,-86.624528,LOCAL/CITY ROAD,,N,N,URBAN,N,N,N,,DAYLIGHT,CLEAR,DRY,,NO JUNCTION INVOLVED,STRAIGHT/GRADE,ASPHALT,FAILURE TO YIELD RIGHT OF WAY,$1001 TO $2500,RIGHT ANGLE,RITTERDRSECONDST,0,STOP SIGN
BLOOMINGTON PD,B22-32989,MONROE,PERRY,BLOOMINGTON,8/22/22,11:54 AM,2,,0,0,0,,E. 3RD ST,,,,,E. 3RD ST,S. KINGSTON DR,,,,Y,,0,,39.164238,-86.493068,LOCAL/CITY ROAD,,,,URBAN,N,N,N,,DAYLIGHT,CLEAR,DRY,,FOUR-WAY INTERSECTION,,ASPHALT,UNSAFE LANE MOVEMENT,$10001 TO $25000,RIGHT TURN,S.KINGSTONDRE.3RDST,0,
MONROE SD,M22A4981,MONROE,VAN BUREN,BLOOMINGTON,3/2/22,6:27 PM,1,,0,0,0,3940,W FARMER AVE,,,,,W FARMER AVE,,,,,N,,0,,39.15056345,-86.58129645,PRIVATE DRIVE,,,,RURAL,N,N,N,,DAWN/DUSK,CLEAR,DRY,,NO JUNCTION INVOLVED,,CONCRETE,ANIMAL/OBJECT IN ROADWAY,$1001 TO $2500,RIGHT TURN,WFARMERAVE,0,
BLOOMINGTON PD,B22-13519,MONROE,BLOOMINGTON,BLOOMINGTON,4/18/22,10:26 AM,3,,1,0,0,284,N JACOB DR,,,,,N JACOB DR,,,,,Y,,0,,39.16913761,-86.57567647,,,,,URBAN,N,N,N,,DAYLIGHT,CLEAR,DRY,,NO JUNCTION INVOLVED,,ASPHALT,FOLLOWING TOO CLOSELY,$5001 TO $10000,REAR END,NJACOBDR,0,
MONROE SD,M22A13041,MONROE,PERRY,BLOOMINGTON,6/4/22,2:21 AM,1,,0,0,0,,W BLOOMFIELD RD,,,,,W BLOOMFIELD RD,S ANNA LEE LN,,,,Y,,250,,39.15828962,-86.55704088,LOCAL/CITY ROAD,,,,URBAN,N,N,N,,DARK (LIGHTED),CLEAR,DRY,,NO JUNCTION INVOLVED,,ASPHALT,ANIMAL/OBJECT IN ROADWAY,UNDER $1001,RAN OFF ROAD,WBLOOMFIELDRDSANNALEELN,0,
BLOOMINGTON PD,B22-15338,MONROE,PERRY,BLOOMINGTON,4/28/22,4:10 PM,2,,2,0,0,,W 2ND ST,,,,,W 2ND ST,S PATTERSON DR,,,,Y,,0,,39.16075702,-86.54849719,LOCAL/CITY ROAD,,,,URBAN,N,N,N,,DAYLIGHT,CLOUDY,DRY,,FOUR-WAY INTERSECTION,,ASPHALT,FAILURE TO YIELD RIGHT OF WAY,$10001 TO $25000,RIGHT ANGLE,W2NDSTSPATTERSONDR,0,
BLOOMINGTON PD,B22-33130,MONROE,VAN BUREN,BLOOMINGTON,8/23/22,9:23 AM,2,,0,0,0,,STATE RD 45 W,,,,1,STATE RD 45 W,,,,,Y,,0,,39.14676822,-86.5744838,STATE ROAD,,,,URBAN,N,N,N,,DAYLIGHT,CLEAR,DRY,,FOUR-WAY INTERSECTION,,ASPHALT,DISREGARD SIGNAL/REG SIGN,$2501 TO $5000,RIGHT ANGLE,STATERD45W117,0,
BLOOMINGTON PD,B22-21080,MONROE,BLOOMINGTON,BLOOMINGTON,6/6/22,5:27 PM,2,,0,0,0,,N KINSER PIKE,,,,,N KINSER PIKE,STATE RD 46,,,,Y,,0,,39.18645899,-86.53772181,STATE ROAD,,,,URBAN,N,N,N,,DAYLIGHT,RAIN,WET,,FOUR-WAY INTERSECTION,,ASPHALT,FAILURE TO YIELD RIGHT OF WAY,$2501 TO $5000,RIGHT ANGLE,STATERD46NKINSERPIKE,0,
BLOOMINGTON PD,B22-39749,MONROE,PERRY,BLOOMINGTON,9/29/22,11:23 AM,2,,0,0,0,,S. WALNUT ST,,,,,S. WALNUT ST,E. WYLIE ST,,,,Y,,0,,39.158367,-86.533661,LOCAL/CITY ROAD,,,,URBAN,N,N,N,,DAYLIGHT,CLEAR,DRY,,NO JUNCTION INVOLVED,,ASPHALT,UNSAFE LANE MOVEMENT,$1001 TO $2500,SAME DIRECTION SIDESWIPE,S.WALNUTSTE.WYLIEST,0,
MONROE SD,M22A4888,MONROE,CLEAR CREEK,BLOOMINGTON,3/1/22,8:05 PM,1,,0,0,1,,POINTE RD,,,,,POINTE RD,S POINTE VIEW DR,,,,N,,0,,39.03491149,-86.50875555,COUNTY ROAD,,,,RURAL,N,N,N,,DARK (NOT LIGHTED),CLEAR,DRY,,NO JUNCTION INVOLVED,,ASPHALT,ANIMAL/OBJECT IN ROADWAY,$1001 TO $2500,COLLISION WITH DEER,SPOINTEVIEWDRPOINTERD,0,
BLOOMINGTON PD,B22-36393,MONROE,BLOOMINGTON,BLOOMINGTON,9/10/22,1:15 AM,1,,1,0,0,,N LINCOLN ST,,,,,N LINCOLN ST,E VARSITY LN,,,,N,,0,,39.18285813,-86.53122193,PRIVATE DRIVE,,,,URBAN,N,N,N,,DARK (LIGHTED),CLEAR,DRY,,FOUR-WAY INTERSECTION,,ASPHALT,OTHER (DRIVER) - EXPLAIN IN NARRATIVE,UNDER $1001,COLLISION WITH OBJECT IN ROAD,NLINCOLNSTEVARSITYLN,1,
INDIANA UNIV BLOOMINGTON PD,223197,MONROE,BLOOMINGTON,BLOOMINGTON,9/9/22,5:13 PM,2,,0,0,0,,E 17TH ST,,,,,E 17TH ST,N DUNN ST,,,,Y,,0,,39.17900967,-86.5282876,LOCAL/CITY ROAD,,,,URBAN,N,N,N,,DAYLIGHT,CLEAR,DRY,,FOUR-WAY INTERSECTION,,ASPHALT,UNSAFE LANE MOVEMENT,UNDER $1001,SAME DIRECTION SIDESWIPE,NDUNNSTE17THST,0,
INDIANA UNIV BLOOMINGTON PD,223678,MONROE,BLOOMINGTON,BLOOMINGTON,9/30/22,4:35 PM,2,,0,0,0,,STATE RD 45,,,,,STATE RD 45,WALKWAY,,,,Y,,0,,39.17441036,-86.5036971,STATE ROAD,,,,URBAN,N,N,N,,DAYLIGHT,CLEAR,DRY,,NO JUNCTION INVOLVED,,ASPHALT,FOLLOWING TOO CLOSELY,UNDER $1001,REAR END,WALKWAYSTATERD45,0,
MONROE SD,M22A14311,MONROE,PERRY,BLOOMINGTON,6/17/22,1:22 PM,2,,2,0,0,,STATE ROAD 37,,,,,STATE ROAD 37,S VICTOR PIKE,,,,N,,0,,39.10573077,-86.55127232,STATE ROAD,,,,RURAL,N,N,N,,DAYLIGHT,CLEAR,DRY,,T-INTERSECTION,,ASPHALT,OTHER (ENVIRONMENTAL) - EXPLAIN IN NARR,$10001 TO $25000,RIGHT ANGLE,STATEROAD37SVICTORPIKE,0,
DNR LAW ENFORCEMENT,06-22-02447,MONROE,SALT CREEK,BLOOMINGTON,9/2/22,2:30 PM,2,,0,0,0,,PAYNETOWN RD.,,,,,PAYNETOWN RD.,,,,,N,,1000,,39.08270663,-86.43449092,OTHER,,,,RURAL,N,N,N,,DAYLIGHT,CLEAR,DRY,,T-INTERSECTION,,ASPHALT,UNSAFE BACKING,$1001 TO $2500,BACKING CRASH,PAYNETOWNRD.,0,
MONROE SD,M22A17293,MONROE,VAN BUREN,BLOOMINGTON,7/18/22,5:14 AM,2,,1,0,0,,RED ROCK RD,,,,,RED ROCK RD,S OMAHA CROSSING DR,,,,N,,0,,39.1299333,-86.58919795,,,,,RURAL,N,N,N,,DAYLIGHT,CLEAR,DRY,,NO JUNCTION INVOLVED,,ASPHALT,DRIVER DISTRACTED - EXPLAIN IN NARRATIVE,$5001 TO $10000,OPPOSITE DIRECTION SIDESWIPE,SOMAHACROSSINGDRREDROCKRD,0,
MONROE SD,M22A7040,MONROE,PERRY,BLOOMINGTON,3/28/22,8:36 AM,2,,1,0,0,,I-69,,,,,I-69,,,114.5,,N,,0,,39.11385887,-86.56297492,INTERSTATE,,,,URBAN,N,Y,N,,DAYLIGHT,CLEAR,DRY,,INTERCHANGE,,ASPHALT,DRIVER DISTRACTED - EXPLAIN IN NARRATIVE,$5001 TO $10000,SAME DIRECTION SIDESWIPE,I-69114.5,0,
MONROE SD,M22A3268,MONROE,PERRY,BLOOMINGTON,2/11/22,7:38 AM,2,,0,0,0,,S ROCKPORT RD,,,,,S ROCKPORT RD,W TAPP RD,,,,N,,0,,39.13401003,-86.55109157,LOCAL/CITY ROAD,,,,URBAN,N,N,N,,DAWN/DUSK,CLEAR,DRY,,NO JUNCTION INVOLVED,,ASPHALT,FOLLOWING TOO CLOSELY,$5001 TO $10000,REAR END,WTAPPRDSROCKPORTRD,0,
BLOOMINGTON PD,B22-02176,MONROE,BLOOMINGTON,BLOOMINGTON,1/20/22,4:32 AM,2,,0,0,0,,S ADAMS ST,,,,,S ADAMS ST,W KIRKWOOD AVE,,,,Y,,158,,39.16646475,-86.54975209,,,,,URBAN,N,N,N,,DAYLIGHT,CLEAR,DRY,,FOUR-WAY INTERSECTION,,ASPHALT,FAILURE TO MAINTAIN LANE,UNDER $1001,OPPOSITE DIRECTION SIDESWIPE,WKIRKWOODAVESADAMSST,0,
MONROE SD,M22A23646,MONROE,RICHLAND,BLOOMINGTON,9/26/22,6:32 AM,2,,0,0,0,,W VERNAL PIKE,,,,,W VERNAL PIKE,ENTERPRISE DR,,,,N,,0,,39.17918874,-86.56799125,LOCAL/CITY ROAD,,,,RURAL,N,N,N,,DARK (NOT LIGHTED),CLEAR,DRY,,T-INTERSECTION,,ASPHALT,FAILURE TO YIELD RIGHT OF WAY,$5001 TO $10000,HEAD ON BETWEEN TWO MOTOR VEHICLES,WVERNALPIKEENTERPRISEDR,0,
MONROE SD,M22A15866,MONROE,VAN BUREN,BLOOMINGTON,7/3/22,4:20 PM,2,,0,0,0,3585,W SR 45,,,,,W SR 45,,,,,N,,0,,39.14138454,-86.58036135,PRIVATE DRIVE,,,,URBAN,N,N,N,,DAYLIGHT,CLEAR,DRY,,NO JUNCTION INVOLVED,,ASPHALT,UNSAFE BACKING,$1001 TO $2500,BACKING CRASH,WSR45,0,
BLOOMINGTON PD,B22-37607,MONROE,PERRY,BLOOMINGTON,9/17/22,12:16 PM,2,,0,0,0,,W COUNTRY CLUB DR,,,,,W COUNTRY CLUB DR,S OLD STATE ROAD 37,,,,Y,,0,,39.1359064,-86.53227258,LOCAL/CITY ROAD,,,,URBAN,N,N,N,,DAYLIGHT,CLEAR,DRY,,FOUR-WAY INTERSECTION,,ASPHALT,FAILURE TO YIELD RIGHT OF WAY,$1001 TO $2500,RIGHT ANGLE,WCOUNTRYCLUBDRSOLDSTATEROAD37,0,
INDIANA UNIV BLOOMINGTON PD,223327,MONROE,BLOOMINGTON,BLOOMINGTON,9/15/22,9:15 PM,2,,0,0,0,,E 10TH ST,,,,,E 10TH ST,E 10TH ST,,,,Y,,0,,39.17169991,-86.5024083,STATE ROAD,,,,URBAN,N,N,N,,DARK (NOT LIGHTED),CLEAR,DRY,,FOUR-WAY INTERSECTION,,ASPHALT,OTHER (DRIVER) - EXPLAIN IN NARRATIVE,$2501 TO $5000,REAR END,E10THSTE10THST,0,
MONROE SD,M22A22093,MONROE,VAN BUREN,BLOOMINGTON,9/8/22,3:31 AM,1,,1,0,0,,S DUNLAP RD,,,,,S DUNLAP RD,S DUNLAP RD,,,,N,,0,,39.1078766,-86.61966112,,,,,RURAL,N,N,N,,DAYLIGHT,CLEAR,DRY,,T-INTERSECTION,,ASPHALT,UNSAFE SPEED,$10001 TO $25000,RAN OFF ROAD,SDUNLAPRDSDUNLAPRD,0,
MONROE SD,M22A13132,MONROE,PERRY,,6/5/22,7:00 AM,1,,0,0,1,,E ROGERS RD,,,,,E ROGERS RD,S SNODDY RD,,,,N,,0,,39.13579295,-86.49083205,LOCAL/CITY ROAD,,,,URBAN,N,N,N,,DAWN/DUSK,CLOUDY,DRY,,NO JUNCTION INVOLVED,,ASPHALT,ANIMAL/OBJECT IN ROADWAY,$5001 TO $10000,COLLISION WITH DEER,SSNODDYRDEROGERSRD,0,
MONROE SD,M22A3866,MONROE,VAN BUREN,BLOOMINGTON,2/18/22,6:26 AM,1,,0,0,0,,S LIBERTY DR,,,,,S LIBERTY DR,CONSTITUTION WAY,,,,N,,1500,,39.151195,-86.576869,LOCAL/CITY ROAD,,,,URBAN,N,N,N,,DAWN/DUSK,CLEAR,ICE,,NO JUNCTION INVOLVED,,ASPHALT,ROADWAY SURFACE CONDITION,$5001 TO $10000,RAN OFF ROAD,SLIBERTYDRCONSTITUTIONWAY,0,
BLOOMINGTON PD,B22-12157,MONROE,BLOOMINGTON,BLOOMINGTON,4/8/22,1:25 PM,2,,1,0,0,,E 7TH ST,,,,,E 7TH ST,N LINCOLN ST,,,,Y,,0,,39.16853673,-86.53043694,LOCAL/CITY ROAD,,,,URBAN,N,N,N,,DAYLIGHT,CLOUDY,DRY,,NO JUNCTION INVOLVED,,ASPHALT,CELL PHONE USAGE,$2501 TO $5000,REAR END,NLINCOLNSTE7THST,0,
BLOOMINGTON PD,B22-26823,MONROE,BLOOMINGTON,BLOOMINGTON,7/14/22,12:10 AM,1,,2,0,0,,E 16TH ST,,,,,E 16TH ST,N WALNUT ST,,,,Y,,0,,39.17777046,-86.53348035,LOCAL/CITY ROAD,,,,URBAN,N,N,Y,LANE CLOSURE,DARK (NOT LIGHTED),CLOUDY,WET,,T-INTERSECTION,,OTHER - EXPLAIN IN NARRATIVE,OTHER (DRIVER) - EXPLAIN IN NARRATIVE,$25001 TO $50000,OTHER - EXPLAIN IN NARRATIVE,NWALNUTSTE16THST,0,
BLOOMINGTON PD,B22-32046,MONROE,PERRY,BLOOMINGTON,8/17/22,12:41 PM,2,,0,0,0,3205,W STATE RD 45,,,,,W STATE RD 45,,,,,Y,,0,,39.14544162,-86.57496383,PRIVATE DRIVE,,,,URBAN,N,N,N,,DAYLIGHT,CLEAR,DRY,,NO JUNCTION INVOLVED,,ASPHALT,FAILURE TO YIELD RIGHT OF WAY,$5001 TO $10000,LEFT TURN,WSTATERD45,0,
BLOOMINGTON PD,B22-16640,MONROE,BLOOMINGTON,BLOOMINGTON,5/7/22,12:37 PM,2,,1,0,0,,E 3RD ST,,,,,E 3RD ST,S JEFFERSON ST,,,,Y,,0,,39.16429371,-86.50696473,LOCAL/CITY ROAD,,,,URBAN,N,N,N,,DAYLIGHT,CLEAR,DRY,,T-INTERSECTION,,ASPHALT,FOLLOWING TOO CLOSELY,$1001 TO $2500,REAR END,SJEFFERSONSTE3RDST,0,
ELLETTSVILLE PD,E22-03009,MONROE,RICHLAND,ELLETTSVILLE,8/11/22,3:21 PM,2,,0,0,0,,W STATE RD 46,,,,,W STATE RD 46,N DEER PARK DR,,,,Y,,0,,39.21253964,-86.58833009,STATE ROAD,,,,RURAL,N,N,N,,DAYLIGHT,CLEAR,DRY,,NO JUNCTION INVOLVED,,ASPHALT,UNSAFE LANE MOVEMENT,UNDER $1001,SAME DIRECTION SIDESWIPE,WSTATERD46NDEERPARKDR,0,
BLOOMINGTON PD,B22-18287,MONROE,BLOOMINGTON,BLOOMINGTON,5/18/22,10:20 PM,2,,0,0,0,,N KINSER PIKE,,,,,N KINSER PIKE,STATE RD 46,,,,Y,,0,,39.18656086,-86.53770752,STATE ROAD,,,,URBAN,N,N,N,,DARK (LIGHTED),CLOUDY,WET,,FOUR-WAY INTERSECTION,,ASPHALT,FAILURE TO YIELD RIGHT OF WAY,$2501 TO $5000,RIGHT TURN,STATERD46NKINSERPIKE,0,
BLOOMINGTON PD,B22-21086,MONROE,BLOOMINGTON,BLOOMINGTON,6/6/22,6:50 PM,2,,0,0,0,,3939 W 3RD ST,,,,,3939 W 3RD ST,,,,,Y,,0,,39.16452318,-86.58224649,PRIVATE DRIVE,,,,URBAN,N,N,N,,DAYLIGHT,RAIN,WET,,NO JUNCTION INVOLVED,,CONCRETE,UNSAFE BACKING,$2501 TO $5000,BACKING CRASH,3939W3RDST,0,