Agency,Local Code,County,Township,City,Collision Date,Collision Time,Vehicles Involved,Trailers Involved,Number Injured,Number Dead,Number Deer,House Number,Roadway Name,Roadway Suffix,Roadway Number,Roadway Interchange,Roadway Ramp,Roadway Id,Intersecting Road,Intersecting Road Number,Mile Marker,Interchange,Corporate Limits?,Property Type,Feet From,Direction,Latitude,Longitude,Roadway Class,Traffic Control Devices?,Aggressive Driving?,Hit and Run?,Locality,School Zone?,Rumble Strips?,Construction?,Construction Type,Light Condition,Weather Conditions,Surface Condition,Type of Median,Roadway Junction Type,Road Character,Roadway Surface,Primary Factor,Damage Estimate,Manner of Collision,Unique Location Id,State Property Damage?,Traffic Control
BLOOMINGTON PD,B22-35878,MONROE,BLOOMINGTON,BLOOMINGTON,9/7/22,12:34 PM,2,,0,0,0,,N WALNUT ST,,,,,N WALNUT ST,W 17TH ST,,,,Y,,0,,39.17900951,-86.53350291,LOCAL/CITY ROAD,,,,URBAN,N,N,N,,DAYLIGHT,CLOUDY,DRY,,FOUR-WAY INTERSECTION,,ASPHALT,DISREGARD SIGNAL/REG SIGN,$2501 TO $5000,RIGHT TURN,W17THSTNWALNUTST,0,
BLOOMINGTON PD,B22-32077,MONROE,BLOOMINGTON,BLOOMINGTON,8/17/22,3:51 PM,2,,0,0,0,,N SMITH RD,,,,,N SMITH RD,PRIVATE DR,,,,N,,0,,39.17160418,-86.48152155,LOCAL/CITY ROAD,,,,URBAN,N,N,N,,DAYLIGHT,CLEAR,DRY,,T-INTERSECTION,,ASPHALT,FAILURE TO YIELD RIGHT OF WAY,$1001 TO $2500,LEFT TURN,PRIVATEDRNSMITHRD,0,
ELLETTSVILLE PD,E22-02093,MONROE,RICHLAND,ELLETTSVILLE,5/15/22,12:22 AM,2,,0,0,0,608,W VINE ST,,,,,W VINE ST,,,,,Y,,0,,39.23508546,-86.62400042,PRIVATE DRIVE,,,,URBAN,N,N,N,,DARK (LIGHTED),CLEAR,DRY,,NO JUNCTION INVOLVED,,ASPHALT,UNSAFE BACKING,$2501 TO $5000,BACKING CRASH,WVINEST,0,
BLOOMINGTON PD,B22-27534,MONROE,BLOOMINGTON,BLOOMINGTON,7/18/22,5:10 PM,2,,0,0,0,,E 3RD ST,,,,,E 3RD ST,S PETE ELLIS DR,,,,Y,,0,,39.16422927,-86.49497456,LOCAL/CITY ROAD,,,,URBAN,N,N,N,,DAYLIGHT,CLEAR,DRY,,T-INTERSECTION,,ASPHALT,FOLLOWING TOO CLOSELY,$10001 TO $25000,REAR END,SPETEELLISDRE3RDST,0,
BLOOMINGTON PD,B22-21494,MONROE,PERRY,BLOOMINGTON,6/9/22,12:25 PM,2,,0,0,0,,W. 3RD ST,,,,,W. 3RD ST,S. PATTERSON DR,,,,Y,,0,,39.16342,-86.551249,LOCAL/CITY ROAD,,,,URBAN,N,N,N,,DAYLIGHT,CLEAR,DRY,,FOUR-WAY INTERSECTION,,ASPHALT,UNSAFE LANE MOVEMENT,$2501 TO $5000,SAME DIRECTION SIDESWIPE,W.3RDSTS.PATTERSONDR,0,
INDIANA UNIV BLOOMINGTON PD,220322,MONROE,BLOOMINGTON,BLOOMINGTON,1/29/22,2:54 PM,2,,0,0,0,,E 17TH ST,,,,,E 17TH ST,STATE RD 45,,,,Y,,0,,39.17973322,-86.50729126,STATE ROAD,,,,URBAN,N,Y,N,,DAYLIGHT,SNOW,DRY,,T-INTERSECTION,,ASPHALT,DISREGARD SIGNAL/REG SIGN,$10001 TO $25000,LEFT TURN,STATERD45E17THST,0,
BLOOMINGTON PD,B22-14874,MONROE,BLOOMINGTON,BLOOMINGTON,4/25/22,6:16 PM,2,,0,0,0,,W 3RD ST,,,,,W 3RD ST,I-69 OVERPASS,,,,Y,,53,,39.16465906,-86.57289094,LOCAL/CITY ROAD,,,,URBAN,N,N,N,,DAYLIGHT,CLEAR,DRY,,NO JUNCTION INVOLVED,,CONCRETE,FOLLOWING TOO CLOSELY,$5001 TO $10000,REAR END,W3RDSTI-69OVERPASS,0,
BLOOMINGTON PD,B22-37140,MONROE,BLOOMINGTON,BLOOMINGTON,9/14/22,5:19 PM,2,,0,0,0,1705,N KINSER PIKE,,,,,N KINSER PIKE,,,,,Y,,0,,39.18546466,-86.5380577,PRIVATE DRIVE,,,,URBAN,N,N,N,,DAYLIGHT,CLEAR,DRY,,NO JUNCTION INVOLVED,,ASPHALT,UNSAFE BACKING,$2501 TO $5000,REAR END,NKINSERPIKE,0,
BLOOMINGTON PD,B22-11929,MONROE,VAN BUREN,BLOOMINGTON,4/6/22,9:30 PM,2,,0,0,0,,E HILLSIDE DR,,,,,E HILLSIDE DR,S WOODLAWN AVE,,,,Y,,0,,39.15053571,-86.52261204,LOCAL/CITY ROAD,,,,URBAN,N,N,N,,UNKNOWN,RAIN,WET,,FOUR-WAY INTERSECTION,,ASPHALT,UNSAFE LANE MOVEMENT,$1001 TO $2500,RIGHT TURN,SWOODLAWNAVEEHILLSIDEDR,0,
MONROE SD,M22A18602,MONROE,SALT CREEK,BLOOMINGTON,8/1/22,8:23 AM,1,,0,0,0,,STATE RD 446,,,,,STATE RD 446,E RUSHRIDGE RD,,,,N,,3000,,39.07838166,-86.41727751,,,,,RURAL,N,N,N,,DAWN/DUSK,CLOUDY,WET,,NO JUNCTION INVOLVED,,ASPHALT,ANIMAL/OBJECT IN ROADWAY,$1001 TO $2500,COLLISION WITH DEER,STATERD446ERUSHRIDGERD,0,
BLOOMINGTON PD,B22-37626,MONROE,PERRY,BLOOMINGTON,9/17/22,2:48 PM,2,,0,0,0,,W COUNTRY CLUB DR,,,,,W COUNTRY CLUB DR,B-LINE,,,,Y,,0,,39.13599238,-86.53385473,LOCAL/CITY ROAD,,,,URBAN,N,N,N,,DAYLIGHT,CLEAR,DRY,,FOUR-WAY INTERSECTION,,ASPHALT,FOLLOWING TOO CLOSELY,$5001 TO $10000,REAR END,WCOUNTRYCLUBDRB-LINE,0,
MONROE SD,M22A22325,MONROE,PERRY,BLOOMINGTON,9/10/22,7:59 PM,1,,1,0,0,,I-69,,,,,I-69,W FULLERTON OVERPASS,,,,N,,845,,39.1208455,-86.5704734,INTERSTATE,,,,RURAL,N,N,N,,DARK (LIGHTED),RAIN,WET,,NO JUNCTION INVOLVED,,ASPHALT,SPEED TOO FAST FOR WEATHER CONDITIONS,$5001 TO $10000,RAN OFF ROAD,WFULLERTONOVERPASSI-69,0,
INDIANA UNIV BLOOMINGTON PD,220424,MONROE,BLOOMINGTON,BLOOMINGTON,2/4/22,3:59 PM,2,,0,0,0,2901,E DISCOVERY PARKWAY,,,,,E DISCOVERY PARKWAY,,,,,Y,,0,,39.17743058,-86.49343633,LOCAL/CITY ROAD,,,,URBAN,N,N,N,,DAYLIGHT,CLEAR,SNOW/SLUSH,,NO JUNCTION INVOLVED,,CONCRETE,UNSAFE BACKING,$2501 TO $5000,BACKING CRASH,EDISCOVERYPARKWAY,0,
MONROE SD,M22A10104,MONROE,PERRY,BLOOMINGTON,5/3/22,9:15 PM,1,,0,0,0,,STATE RD 37,,,,,STATE RD 37,,,,,N,,0,,39.09517018,-86.54640978,STATE ROAD,,,,URBAN,N,N,N,,DARK (NOT LIGHTED),CLOUDY,DRY,,NO JUNCTION INVOLVED,,ASPHALT,ANIMAL/OBJECT IN ROADWAY,$5001 TO $10000,OTHER - EXPLAIN IN NARRATIVE,STATERD37,0,
BLOOMINGTON PD,B22-36105,MONROE,BLOOMINGTON,BLOOMINGTON,9/8/22,4:00 PM,2,,1,0,0,,S PALMER AVE,,,,,S PALMER AVE,E HILLSIDE DR,,,,Y,,0,,39.15058643,-86.52923932,,,,,URBAN,N,N,N,,DAYLIGHT,CLEAR,DRY,,T-INTERSECTION,,ASPHALT,UNSAFE SPEED,$1001 TO $2500,LEFT TURN,SPALMERAVEEHILLSIDEDR,0,
BLOOMINGTON PD,B22-19156,MONROE,BLOOMINGTON,BLOOMINGTON,5/24/22,6:58 PM,3,,1,0,0,,W 3RD ST,,,,,W 3RD ST,S GATES DR,,,,Y,,158,,39.16460915,-86.57551415,LOCAL/CITY ROAD,,,,URBAN,N,N,N,,DAYLIGHT,CLEAR,DRY,,NO JUNCTION INVOLVED,,ASPHALT,FOLLOWING TOO CLOSELY,$10001 TO $25000,REAR END,W3RDSTSGATESDR,0,
INDIANA UNIV BLOOMINGTON PD,222347,MONROE,BLOOMINGTON,BLOOMINGTON,7/8/22,12:00 AM,2,,0,0,0,1900,E 10TH ST,,,,,E 10TH ST,,,,,Y,,0,,39.17024401,-86.50908993,PRIVATE DRIVE,,,,URBAN,N,N,N,,DAYLIGHT,CLEAR,DRY,,NO JUNCTION INVOLVED,,ASPHALT,UNSAFE BACKING,$1001 TO $2500,BACKING CRASH,E10THST,0,
BLOOMINGTON PD,B22-09390,MONROE,BLOOMINGTON,BLOOMINGTON,3/20/22,10:05 AM,2,,0,0,0,,E PARK LN,,,,,E PARK LN,S. MEADOWBROOK DR.,,,,Y,,739,,39.16530166,-86.48647193,LOCAL/CITY ROAD,,,,URBAN,N,Y,N,,DAYLIGHT,CLEAR,DRY,,NO JUNCTION INVOLVED,,ASPHALT,UNSAFE BACKING,$2501 TO $5000,BACKING CRASH,S.MEADOWBROOKDR.EPARKLN,0,
BLOOMINGTON PD,B22-21310,MONROE,BLOOMINGTON,BLOOMINGTON,6/8/22,12:01 AM,2,,0,0,0,,N THORNTREE DR,,,,,N THORNTREE DR,W ARLINGTON VALLEY DR,,,,Y,,0,,39.18314898,-86.54586843,LOCAL/CITY ROAD,,,,URBAN,N,N,N,,UNKNOWN,CLEAR,DRY,,NO JUNCTION INVOLVED,,ASPHALT,OTHER (DRIVER) - EXPLAIN IN NARRATIVE,$2501 TO $5000,SAME DIRECTION SIDESWIPE,WARLINGTONVALLEYDRNTHORNTREEDR,0,
MONROE SD,M22A4563,MONROE,RICHLAND,BLOOMINGTON,2/25/22,10:02 PM,1,,1,1,0,3775,W LOST MANS LN,,,,,W LOST MANS LN,,,,,N,,0,,39.22271356,-86.57663641,LOCAL/CITY ROAD,,,,RURAL,N,N,N,,DARK (NOT LIGHTED),CLEAR,DRY,,NO JUNCTION INVOLVED,,ASPHALT,UNSAFE SPEED,$1001 TO $2500,RAN OFF ROAD,WLOSTMANSLN,0,
BLOOMINGTON PD,B22-31897,MONROE,PERRY,BLOOMINGTON,8/16/22,6:24 PM,1,,0,0,0,,3205 W STATE RD 45,,,,,3205 W STATE RD 45,,,,,Y,,0,,39.14421736,-86.57494806,,,,,URBAN,N,N,N,,DAYLIGHT,CLEAR,DRY,,NO JUNCTION INVOLVED,,ASPHALT,VIEW OBSTRUCTED,$1001 TO $2500,OTHER - EXPLAIN IN NARRATIVE,3205WSTATERD45,0,
MONROE SD,M22A17825,MONROE,VAN BUREN,BLOOMINGTON,7/23/22,9:03 PM,1,,0,0,1,,S KIRBY RD,,,,,S KIRBY RD,S FIELDSTONE BLVD,,,,Y,,0,,39.15711816,-86.61048239,LOCAL/CITY ROAD,,,,RURAL,N,N,N,,DAWN/DUSK,CLEAR,DRY,,NO JUNCTION INVOLVED,,ASPHALT,ANIMAL/OBJECT IN ROADWAY,$1001 TO $2500,COLLISION WITH ANIMAL OTHER,SKIRBYRDSFIELDSTONEBLVD,0,
BLOOMINGTON PD,B22-15518,MONROE,BLOOMINGTON,,4/29/22,5:15 PM,2,,0,0,0,4300,N STONE MILL RD,,,,,N STONE MILL RD,,,,,Y,,0,,39.21223859,-86.53485621,PRIVATE DRIVE,,,,URBAN,N,N,N,,DAYLIGHT,CLEAR,DRY,,NO JUNCTION INVOLVED,,GRAVEL,FAILURE TO YIELD RIGHT OF WAY,$1001 TO $2500,OTHER - EXPLAIN IN NARRATIVE,NSTONEMILLRD,0,
BLOOMINGTON PD,B22-11826,MONROE,PERRY,BLOOMINGTON,4/6/22,9:49 AM,2,,0,0,0,,MORNINGSIDE DR,,,,,MORNINGSIDE DR,SHEFFIELD DR,,,,Y,,0,,,,LOCAL/CITY ROAD,,,,URBAN,N,N,N,,DAYLIGHT,RAIN,WET,,T-INTERSECTION,,ASPHALT,OVERCORRECTING/OVERSTEERING,$5001 TO $10000,OPPOSITE DIRECTION SIDESWIPE,SHEFFIELDDRMORNINGSIDEDR,0,
BLOOMINGTON PD,B22-24362,MONROE,BLOOMINGTON,BLOOMINGTON,6/28/22,4:22 PM,3,,0,0,0,,STATE RD 46,,,,,STATE RD 46,I-69 BYPASS,,119,,Y,,0,,39.18726847,-86.55745799,STATE ROAD,,,,URBAN,N,N,N,,DAYLIGHT,CLEAR,DRY,,INTERCHANGE,,ASPHALT,FOLLOWING TOO CLOSELY,$1001 TO $2500,REAR END,STATERD46I-69BYPASS,0,
INDIANA UNIV BLOOMINGTON PD,221684,MONROE,BLOOMINGTON,BLOOMINGTON,4/29/22,11:55 AM,2,,0,0,0,,E 3RD ST,,,,,E 3RD ST,S. FESS AVENUE,,,,Y,,300,,39.16427918,-86.52411408,LOCAL/CITY ROAD,,,,URBAN,N,N,N,,DAYLIGHT,CLOUDY,DRY,,NO JUNCTION INVOLVED,,ASPHALT,FOLLOWING TOO CLOSELY,$1001 TO $2500,REAR END,S.FESSAVENUEE3RDST,0,
BLOOMINGTON PD,B22-04314,MONROE,PERRY,BLOOMINGTON,2/8/22,2:51 PM,2,,0,0,0,,2000 S ROGERS ST,,,,,2000 S ROGERS ST,S ROCKPORT RD,,,,Y,,300,,39.146198,-86.539337,LOCAL/CITY ROAD,,,,URBAN,N,N,N,,DAYLIGHT,CLEAR,WET,,NO JUNCTION INVOLVED,,ASPHALT,FOLLOWING TOO CLOSELY,$2501 TO $5000,REAR END,SROCKPORTRD2000SROGERSST,0,
BLOOMINGTON PD,B22-30937,MONROE,BLOOMINGTON,BLOOMINGTON,8/10/22,12:50 PM,1,,1,0,0,,W KIRKWOOD AVE,,,,,W KIRKWOOD AVE,S COLLEGE AVE,,,,Y,,0,,39.16658059,-86.5349502,LOCAL/CITY ROAD,,,,URBAN,N,N,N,,DAYLIGHT,CLEAR,DRY,,FOUR-WAY INTERSECTION,,ASPHALT,IMPROPER TURNING,UNDER $1001,RIGHT ANGLE,WKIRKWOODAVESCOLLEGEAVE,1,
BLOOMINGTON PD,B22-07831,MONROE,PERRY,BLOOMINGTON,3/9/22,11:18 AM,2,,0,0,0,,2966 E. 3RD ST,,,,,2966 E. 3RD ST,,,,,Y,,0,,0,0,PRIVATE DRIVE,,,,URBAN,N,N,N,,DAYLIGHT,CLEAR,DRY,,NO JUNCTION INVOLVED,,ASPHALT,OTHER (VEHICLE) - EXPLAIN IN NARRATIVE,$2501 TO $5000,BACKING CRASH,2966E.3RDST,0,
BLOOMINGTON PD,B22-31509,MONROE,BLOOMINGTON,BLOOMINGTON,8/14/22,7:06 AM,1,,1,0,0,,S WESTPLEX AVE,,,,,S WESTPLEX AVE,W 3RD ST,,,,Y,,0,,39.16590543,-86.55433063,LOCAL/CITY ROAD,,,,URBAN,N,N,N,,DARK (NOT LIGHTED),RAIN,WET,,NO JUNCTION INVOLVED,,ASPHALT,OTHER (DRIVER) - EXPLAIN IN NARRATIVE,$2501 TO $5000,OTHER - EXPLAIN IN NARRATIVE,W3RDSTSWESTPLEXAVE,1,
BLOOMINGTON PD,B22-31480,MONROE,PERRY,BLOOMINGTON,8/13/22,11:30 PM,2,,0,0,0,,E UNIVERSITY ST,,,,,E UNIVERSITY ST,S WOODLAWN AVE,,,,Y,,0,,39.16031672,-86.52272781,LOCAL/CITY ROAD,,,,URBAN,N,N,N,,DARK (NOT LIGHTED),CLEAR,DRY,,T-INTERSECTION,,ASPHALT,FAILURE TO MAINTAIN LANE,$1001 TO $2500,SAME DIRECTION SIDESWIPE,SWOODLAWNAVEEUNIVERSITYST,0,
MONROE SD,M22A19558,MONROE,VAN BUREN,BLOOMINGTON,8/11/22,8:05 AM,4,,2,0,0,,W STATE RD 45,,,,,W STATE RD 45,BUNGER RD,,,,N,,0,,39.13104733,-86.60179085,STATE ROAD,,,,RURAL,N,N,N,,DAYLIGHT,CLEAR,DRY,,T-INTERSECTION,,ASPHALT,OTHER (DRIVER) - EXPLAIN IN NARRATIVE,$25001 TO $50000,REAR END,WSTATERD45BUNGERRD,0,
BLOOMINGTON PD,B22-33767,MONROE,VAN BUREN,BLOOMINGTON,8/26/22,2:36 PM,2,,0,0,0,,STATE RD 45,,,,,STATE RD 45,S LIBERTY DR,,,,Y,,300,,39.14590932,-86.57623789,STATE ROAD,,,,URBAN,N,N,N,,DAYLIGHT,CLEAR,DRY,,NO JUNCTION INVOLVED,,ASPHALT,FAILURE TO YIELD RIGHT OF WAY,$2501 TO $5000,SAME DIRECTION SIDESWIPE,STATERD45SLIBERTYDR,0,
MONROE SD,M22A10711,MONROE,WASHINGTON,BLOOMINGTON,5/10/22,3:03 AM,2,,0,0,0,,N LYDY RD,,,,,N LYDY RD,E ANDERSON RD,,,,N,,0,,39.27163704,-86.47944659,COUNTY ROAD,,,,RURAL,N,N,N,,DAYLIGHT,CLEAR,DRY,,T-INTERSECTION,,ASPHALT,FAILURE TO YIELD RIGHT OF WAY,$5001 TO $10000,NON-COLLISION,NLYDYRDEANDERSONRD,0,
INDIANA UNIV BLOOMINGTON PD,220878,MONROE,BLOOMINGTON,BLOOMINGTON,3/7/22,10:00 AM,2,,0,0,0,,N DUNN ST,,,,,N DUNN ST,,,,,Y,,0,,39.18148385,-86.52730054,PRIVATE DRIVE,,,,URBAN,N,N,N,,DAYLIGHT,CLOUDY,DRY,,NO JUNCTION INVOLVED,,ASPHALT,IMPROPER TURNING,$1001 TO $2500,OTHER - EXPLAIN IN NARRATIVE,NDUNNST,0,
BLOOMINGTON PD,B22-32475,MONROE,BLOOMINGTON,BLOOMINGTON,8/19/22,1:44 PM,2,,2,0,0,,E 10TH ST,,,,,E 10TH ST,N DUNN ST,,,,Y,,0,,39.17170218,-86.52823177,LOCAL/CITY ROAD,,,,URBAN,N,N,N,,DAYLIGHT,CLEAR,DRY,,FOUR-WAY INTERSECTION,,ASPHALT,FOLLOWING TOO CLOSELY,$2501 TO $5000,REAR END,NDUNNSTE10THST,0,
BLOOMINGTON PD,B22-32521,MONROE,PERRY,BLOOMINGTON,8/19/22,5:18 PM,2,,1,0,0,,S WALNUT ST,,,,,S WALNUT ST,E NORTH DR,,,,Y,,0,,39.14415496,-86.531813,LOCAL/CITY ROAD,,,,URBAN,N,N,N,,DAYLIGHT,CLEAR,DRY,,FOUR-WAY INTERSECTION,,ASPHALT,FOLLOWING TOO CLOSELY,$1001 TO $2500,REAR END,SWALNUTSTENORTHDR,0,
BLOOMINGTON PD,B22-40163,MONROE,,BLOOMINGTON,10/1/22,11:35 AM,2,,0,0,0,885,S COLLEGE MALL ROAD,,,,,S COLLEGE MALL ROAD,,,,,Y,,0,,39.156891,-86.497038,PRIVATE DRIVE,,,,URBAN,N,N,N,,DAYLIGHT,CLEAR,DRY,,NO JUNCTION INVOLVED,,ASPHALT,OTHER (DRIVER) - EXPLAIN IN NARRATIVE,$1001 TO $2500,SAME DIRECTION SIDESWIPE,SCOLLEGEMALLROAD,0,
BLOOMINGTON PD,B22-10835,MONROE,BLOOMINGTON,BLOOMINGTON,3/30/22,1:47 PM,2,,0,0,0,,N COLLEGE AVE,,,,,N COLLEGE AVE,W 10TH ST,,,,N,,0,,39.17165812,-86.53484194,LOCAL/CITY ROAD,,,,URBAN,N,N,N,,DAYLIGHT,CLEAR,DRY,,FOUR-WAY INTERSECTION,,ASPHALT,UNSAFE BACKING,$1001 TO $2500,BACKING CRASH,W10THSTNCOLLEGEAVE,0,
BLOOMINGTON PD,B22-40363,MONROE,BLOOMINGTON,BLOOMINGTON,10/2/22,3:15 PM,3,,2,0,0,,I-69,,,,,I-69,,,,,Y,,53,,39.18721858,-86.55528737,INTERSTATE,,,,URBAN,N,N,N,,DAYLIGHT,CLEAR,DRY,,INTERCHANGE,,ASPHALT,FOLLOWING TOO CLOSELY,$25001 TO $50000,REAR END,I-69,0,
MONROE SD,M22A19668,MONROE,PERRY,BLOOMINGTON,8/12/22,10:25 AM,2,,0,0,0,,LARRY WAYNE DR,,,,,LARRY WAYNE DR,S SMITH RD,,,,N,,300,,39.1407869,-86.47873088,LOCAL/CITY ROAD,,,,RURAL,N,N,N,,DAYLIGHT,CLEAR,DRY,,NO JUNCTION INVOLVED,,ASPHALT,UNSAFE BACKING,$1001 TO $2500,BACKING CRASH,SSMITHRDLARRYWAYNEDR,0,
BLOOMINGTON PD,B22-14698,MONROE,BLOOMINGTON,BLOOMINGTON,4/23/22,12:10 AM,2,,0,0,0,,E SOUTHERN DR,,,,,E SOUTHERN DR,S GRANT ST,,,,Y,,0,,39.14969538,-86.53020269,LOCAL/CITY ROAD,,,,URBAN,N,N,N,,DARK (NOT LIGHTED),CLEAR,DRY,,T-INTERSECTION,,ASPHALT,FAILURE TO MAINTAIN LANE,UNDER $1001,SAME DIRECTION SIDESWIPE,SGRANTSTESOUTHERNDR,0,
DNR LAW ENFORCEMENT,06-22-02207,MONROE,SALT CREEK,BLOOMINGTON,8/7/22,12:10 PM,2,,0,0,0,,PAYNETOWN RD,,,,,PAYNETOWN RD,,,,,N,,0,,39.08360326,-86.43445044,STATE ROAD,,,,RURAL,N,N,N,,DAYLIGHT,CLEAR,DRY,,Y-INTERSECTION,,ASPHALT,FAILURE TO YIELD RIGHT OF WAY,$5001 TO $10000,LEFT TURN,PAYNETOWNRD,0,
BLOOMINGTON PD,B22-29276,MONROE,PERRY,BLOOMINGTON,7/30/22,7:35 PM,2,,0,0,0,,E HILLSIDE DR,,,,,E HILLSIDE DR,S CLIFTON AVE,,,,Y,,0,,39.15046699,-86.5096175,LOCAL/CITY ROAD,,,,URBAN,N,N,N,,DAYLIGHT,CLEAR,DRY,,T-INTERSECTION,,ASPHALT,FAILURE TO YIELD RIGHT OF WAY,$2501 TO $5000,RIGHT ANGLE,SCLIFTONAVEEHILLSIDEDR,0,
MONROE SD,M22A13343,MONROE,PERRY,BLOOMINGTON,6/7/22,12:28 PM,2,,0,0,0,,S OLD STATE ROAD 37,,,,,S OLD STATE ROAD 37,S ROGERS ST,,,,N,,739,,39.09842016,-86.53911757,,,,,RURAL,N,N,N,,DAYLIGHT,CLEAR,DRY,,T-INTERSECTION,,ASPHALT,OTHER (VEHICLE) - EXPLAIN IN NARRATIVE,$2501 TO $5000,SAME DIRECTION SIDESWIPE,SROGERSSTSOLDSTATEROAD37,0,
MONROE SD,M22A7562,MONROE,VAN BUREN,BLOOMINGTON,4/3/22,1:48 PM,1,,0,0,0,,W STATE RD 45,,,,,W STATE RD 45,W STATE RD 45,,,,N,,0,,39.11111235,-86.63822598,,,,,RURAL,N,N,N,,DAYLIGHT,CLEAR,DRY,,NO JUNCTION INVOLVED,,ASPHALT,DRIVER ILLNESS,$5001 TO $10000,RAN OFF ROAD,WSTATERD45WSTATERD45,0,
MONROE SD,M22A2200,MONROE,VAN BUREN,BLOOMINGTON,1/28/22,4:41 AM,2,,1,0,0,,W TAPP RD,,,,,W TAPP RD,HICKORY HEIGHTS TRLR PARK,,,,N,,0,,39.13703287,-86.57407548,COUNTY ROAD,,,,URBAN,N,N,N,,DAYLIGHT,SNOW,SNOW/SLUSH,,TRAFFIC CIRCLE/ROUNDABOUT,,ASPHALT,SPEED TOO FAST FOR WEATHER CONDITIONS,$5001 TO $10000,RIGHT ANGLE,WTAPPRDHICKORYHEIGHTSTRLRPARK,0,
MONROE SD,M22A4705,MONROE,RICHLAND,BLOOMINGTON,2/28/22,7:42 AM,2,,0,0,0,,W SR 48,,,,,W SR 48,N OARD RD,,,,N,,0,,39.16489894,-86.62011223,STATE ROAD,,,,RURAL,N,N,N,,DAYLIGHT,CLEAR,DRY,,T-INTERSECTION,,ASPHALT,UNSAFE SPEED,$5001 TO $10000,REAR END,WSR48NOARDRD,0,
INDIANA UNIV BLOOMINGTON PD,220670,MONROE,BLOOMINGTON,BLOOMINGTON,2/20/22,3:30 PM,2,,0,0,0,,E 7TH ST,,,,,E 7TH ST,,,,,Y,,0,,39.16797957,-86.5218607,,,,,URBAN,N,N,N,,DAYLIGHT,CLEAR,DRY,,NO JUNCTION INVOLVED,,ASPHALT,IMPROPER TURNING,UNDER $1001,REAR END,E7THST,0,
MONROE SD,M22A18101,MONROE,PERRY,BLOOMINGTON,7/26/22,3:25 PM,2,,0,0,0,,S ROCKPORT RD,,,,,S ROCKPORT RD,,,,,N,,0,,39.12464226,-86.56016387,LOCAL/CITY ROAD,,,,RURAL,N,N,N,,DAYLIGHT,CLEAR,DRY,,NO JUNCTION INVOLVED,,ASPHALT,FAILURE TO MAINTAIN LANE,$5001 TO $10000,OPPOSITE DIRECTION SIDESWIPE,SROCKPORTRD,0,
INDIANA UNIV BLOOMINGTON PD,220863,MONROE,BLOOMINGTON,BLOOMINGTON,3/6/22,11:10 AM,2,,0,0,0,,E. 10TH ST,,,,,E. 10TH ST,N. WOODLAWN AVE.,,,,Y,,0,,39.17163441,-86.523583,LOCAL/CITY ROAD,,,,URBAN,N,N,N,,DAYLIGHT,CLEAR,DRY,,FOUR-WAY INTERSECTION,,ASPHALT,FOLLOWING TOO CLOSELY,$2501 TO $5000,REAR END,N.WOODLAWNAVE.E.10THST,0,
MONROE SD,M22A17751,MONROE,VAN BUREN,BLOOMINGTON,7/22/22,9:59 PM,1,,0,0,0,3585,W SR 45,,,,,W SR 45,,,,,N,,0,,39.14160653,-86.57988102,PRIVATE DRIVE,,,,RURAL,N,N,N,,DARK (LIGHTED),CLEAR,DRY,,NO JUNCTION INVOLVED,,ASPHALT,IMPROPER TURNING,$2501 TO $5000,SAME DIRECTION SIDESWIPE,WSR45,0,
BLOOMINGTON PD,B22-02022,MONROE,BLOOMINGTON,BLOOMINGTON,1/19/22,9:10 AM,2,,0,0,0,,E KIRKWOOD AVE,,,,,E KIRKWOOD AVE,S GRANT ST,,,,Y,,0,,39.16654177,-86.52973599,LOCAL/CITY ROAD,,,,URBAN,N,N,N,,DAYLIGHT,CLOUDY,DRY,,FOUR-WAY INTERSECTION,,ASPHALT,FAILURE TO YIELD RIGHT OF WAY,UNDER $1001,OPPOSITE DIRECTION SIDESWIPE,SGRANTSTEKIRKWOODAVE,0,
INDIANA UNIV BLOOMINGTON PD,221150,MONROE,BLOOMINGTON,BLOOMINGTON,3/29/22,6:50 AM,2,,0,0,0,,STATE RD 45,,,,,STATE RD 45,DISCOVERY,,,,Y,,0,,39.1751758,-86.5040814,STATE ROAD,,,,URBAN,N,N,N,,DARK (NOT LIGHTED),CLEAR,DRY,,T-INTERSECTION,,ASPHALT,FAILURE TO YIELD RIGHT OF WAY,$5001 TO $10000,RIGHT ANGLE,STATERD45DISCOVERY,0,
INDIANA UNIV BLOOMINGTON PD,221866,MONROE,BLOOMINGTON,BLOOMINGTON,5/13/22,1:05 PM,2,,0,0,0,,E AUTO MALL RD,,,,,E AUTO MALL RD,E COVENANTER DR,,,,Y,,0,,39.15541486,-86.49609543,LOCAL/CITY ROAD,,,,URBAN,N,N,N,,DAYLIGHT,CLEAR,DRY,,NO JUNCTION INVOLVED,,ASPHALT,UNSAFE BACKING,UNDER $1001,BACKING CRASH,ECOVENANTERDREAUTOMALLRD,0,
MONROE SD,M22A6758,MONROE,VAN BUREN,BLOOMINGTON,3/24/22,9:00 PM,2,,2,0,0,,W STATE RD 45,,,,,W STATE RD 45,W AIRPORT RD,,,,N,,0,,39.13635896,-86.59451284,STATE ROAD,,,,RURAL,N,N,N,,DARK (NOT LIGHTED),RAIN,WET,,FOUR-WAY INTERSECTION,,ASPHALT,DRIVER DISTRACTED - EXPLAIN IN NARRATIVE,$10001 TO $25000,REAR END,WSTATERD45WAIRPORTRD,0,