Agency,Local Code,County,Township,City,Collision Date,Collision Time,Vehicles Involved,Trailers Involved,Number Injured,Number Dead,Number Deer,House Number,Roadway Name,Roadway Suffix,Roadway Number,Roadway Interchange,Roadway Ramp,Roadway Id,Intersecting Road,Intersecting Road Number,Mile Marker,Interchange,Corporate Limits?,Property Type,Feet From,Direction,Latitude,Longitude,Roadway Class,Traffic Control Devices?,Aggressive Driving?,Hit and Run?,Locality,School Zone?,Rumble Strips?,Construction?,Construction Type,Light Condition,Weather Conditions,Surface Condition,Type of Median,Roadway Junction Type,Road Character,Roadway Surface,Primary Factor,Damage Estimate,Manner of Collision,Unique Location Id,State Property Damage?,Traffic Control
INDIANA UNIV BLOOMINGTON PD,221431,MONROE,BLOOMINGTON,BLOOMINGTON,4/15/22,2:04 PM,2,,1,0,0,,E 3RD ST,,,,,E 3RD ST,S FESS AVE,,,,Y,,317,,39.16427086,-86.52517623,LOCAL/CITY ROAD,,,,URBAN,N,N,N,,DAYLIGHT,CLOUDY,DRY,,NO JUNCTION INVOLVED,,ASPHALT,UNSAFE LANE MOVEMENT,$1001 TO $2500,SAME DIRECTION SIDESWIPE,SFESSAVEE3RDST,0,
MONROE SD,M22A18096,MONROE,VAN BUREN,BLOOMINGTON,7/26/22,2:41 AM,1,,0,0,0,,W STATE RD 48,,,,,W STATE RD 48,S GARRISON CHAPEL RD,,,,N,,0,,39.16689832,-86.65710499,STATE ROAD,,,,RURAL,N,N,N,,DAYLIGHT,CLEAR,WET,,NO JUNCTION INVOLVED,,ASPHALT,ROADWAY SURFACE CONDITION,$10001 TO $25000,RAN OFF ROAD,WSTATERD48SGARRISONCHAPELRD,0,
BLOOMINGTON PD,B22-27977,MONROE,BLOOMINGTON,BLOOMINGTON,7/21/22,1:19 PM,2,,0,0,0,,W 3RD ST,,,,,W 3RD ST,S WALNUT ST,,,,Y,,0,,39.16460776,-86.53365201,LOCAL/CITY ROAD,,,,URBAN,N,N,N,,DAYLIGHT,CLEAR,DRY,,FOUR-WAY INTERSECTION,,ASPHALT,DISREGARD SIGNAL/REG SIGN,$5001 TO $10000,RIGHT ANGLE,W3RDSTSWALNUTST,0,
BLOOMINGTON PD,B22-35859,MONROE,PERRY,BLOOMINGTON,9/7/22,10:03 AM,2,,0,0,0,,E. ROGERS RD,,,,,E. ROGERS RD,S. SARE RD,,,,Y,,0,,39.1356382,-86.496383,LOCAL/CITY ROAD,,,,URBAN,N,N,N,,DAYLIGHT,CLEAR,DRY,,TRAFFIC CIRCLE/ROUNDABOUT,,ASPHALT,INSECURE/LEAKY LOAD,$2501 TO $5000,OTHER - EXPLAIN IN NARRATIVE,S.SARERDE.ROGERSRD,0,
DNR LAW ENFORCEMENT,06-22-00265,MONROE,BLOOMINGTON,BLOOMINGTON,2/5/22,11:45 AM,1,,0,0,0,,N OLD STATE ROAD 37,,,,,N OLD STATE ROAD 37,,,,,N,,0,,39.23512174,-86.50336955,,,,,RURAL,N,N,N,,DAYLIGHT,CLEAR,SNOW/SLUSH,,NO JUNCTION INVOLVED,,ASPHALT,OVERCORRECTING/OVERSTEERING,$10001 TO $25000,RAN OFF ROAD,NOLDSTATEROAD37,0,
BLOOMINGTON PD,B22-04335,MONROE,PERRY,BLOOMINGTON,2/8/22,4:15 PM,3,,0,0,0,,W COUNTRY CLUB DR,,,,,W COUNTRY CLUB DR,S MILTON DR,,,,Y,,898,,39.13615908,-86.54139338,LOCAL/CITY ROAD,,,,URBAN,N,N,N,,DAYLIGHT,CLEAR,SNOW/SLUSH,,NO JUNCTION INVOLVED,,CONCRETE,FOLLOWING TOO CLOSELY,$5001 TO $10000,REAR END,WCOUNTRYCLUBDRSMILTONDR,0,
MONROE SD,M22A22436,MONROE,PERRY,BLOOMINGTON,9/12/22,11:07 AM,1,,0,0,0,,W GORDON PIKE,,,,,W GORDON PIKE,,,,,N,,0,,39.12150089,-86.53642005,,,,,RURAL,N,N,N,,DAYLIGHT,CLEAR,DRY,,NO JUNCTION INVOLVED,,ASPHALT,DRIVER DISTRACTED - EXPLAIN IN NARRATIVE,$2501 TO $5000,RAN OFF ROAD,WGORDONPIKE,0,
BLOOMINGTON PD,B22-24867,MONROE,BLOOMINGTON,BLOOMINGTON,7/1/22,11:50 AM,2,,0,0,0,,N. WALNUT ST,,,,,N. WALNUT ST,W. 7TH ST,,,,Y,,0,,,,LOCAL/CITY ROAD,,,,URBAN,N,N,N,,DAYLIGHT,CLEAR,DRY,,FOUR-WAY INTERSECTION,,ASPHALT,FAILURE TO YIELD RIGHT OF WAY,$1001 TO $2500,SAME DIRECTION SIDESWIPE,W.7THSTN.WALNUTST,0,
BLOOMINGTON PD,B22-31094,MONROE,BLOOMINGTON,BLOOMINGTON,8/11/22,12:06 PM,2,,0,0,0,,W ARLINGTON RD,,,,,W ARLINGTON RD,N 20TH ST,,,,Y,,1000,,39.18116473,-86.54937153,LOCAL/CITY ROAD,,,,URBAN,N,N,N,,DAYLIGHT,CLEAR,DRY,,NO JUNCTION INVOLVED,,ASPHALT,FOLLOWING TOO CLOSELY,$5001 TO $10000,REAR END,WARLINGTONRDN20THST,0,
INDIANA UNIV BLOOMINGTON PD,221771,MONROE,BLOOMINGTON,BLOOMINGTON,5/5/22,2:45 PM,2,,0,0,0,,STATE RD 45,,,,,STATE RD 45,,,,,N,,528,,39.17428144,-86.50377757,STATE ROAD,,,,URBAN,N,N,N,,DAYLIGHT,RAIN,WET,,NO JUNCTION INVOLVED,,ASPHALT,FOLLOWING TOO CLOSELY,$2501 TO $5000,REAR END,STATERD45,0,
BLOOMINGTON PD,B22-40143,MONROE,PERRY,BLOOMINGTON,10/1/22,8:19 AM,1,,0,0,0,,E ALLENDALE DR,,,,,E ALLENDALE DR,S WALNUT STREET PIKE,,,,Y,,158,,39.13078087,-86.52650958,LOCAL/CITY ROAD,,,,URBAN,N,N,N,,DAYLIGHT,CLEAR,DRY,,NO JUNCTION INVOLVED,,ASPHALT,UNSAFE BACKING,$5001 TO $10000,BACKING CRASH,SWALNUTSTREETPIKEEALLENDALEDR,0,
BLOOMINGTON PD,B22-30796,MONROE,PERRY,BLOOMINGTON,8/9/22,2:13 PM,2,,0,0,0,2850,S COLLEGE MALL RD,,,,,S COLLEGE MALL RD,,,,,Y,,0,,39.16041518,-86.49661336,PRIVATE DRIVE,,,,URBAN,N,N,N,,DAYLIGHT,CLOUDY,DRY,,NO JUNCTION INVOLVED,,ASPHALT,UNDER STEERING/UNDER CORRECTING,$2501 TO $5000,OPPOSITE DIRECTION SIDESWIPE,SCOLLEGEMALLRD,0,
INDIANA UNIV BLOOMINGTON PD,220875,MONROE,BLOOMINGTON,BLOOMINGTON,3/7/22,1:00 PM,2,,0,0,0,,N JORDAN AVE,,,,,N JORDAN AVE,E 7TH ST,,,,Y,,370,,39.16818876,-86.51612646,LOCAL/CITY ROAD,,,,URBAN,N,N,N,,UNKNOWN,CLOUDY,DRY,,T-INTERSECTION,,ASPHALT,FAILURE TO YIELD RIGHT OF WAY,$1001 TO $2500,RIGHT ANGLE,NJORDANAVEE7THST,0,
BLOOMINGTON PD,B22-06963,MONROE,PERRY,BLOOMINGTON,3/2/22,2:36 AM,2,,0,0,0,,S WALNUT ST,,,,,S WALNUT ST,E HILLSIDE DR,,,,Y,,0,,39.15042332,-86.53362829,LOCAL/CITY ROAD,,,,URBAN,N,N,N,,DAYLIGHT,CLEAR,DRY,,T-INTERSECTION,,ASPHALT,IMPROPER TURNING,$2501 TO $5000,RIGHT TURN,SWALNUTSTEHILLSIDEDR,0,
BLOOMINGTON PD,B22-38918,MONROE,BLOOMINGTON,BLOOMINGTON,9/25/22,12:40 PM,2,,1,0,0,,STATE RD 45,,,,,STATE RD 45,E 10TH ST,,,,Y,,0,,39.17212321,-86.50250209,STATE ROAD,,,,URBAN,N,N,N,,DAYLIGHT,CLEAR,DRY,,FOUR-WAY INTERSECTION,,ASPHALT,FOLLOWING TOO CLOSELY,UNDER $1001,REAR END,STATERD45E10THST,0,
BLOOMINGTON PD,B22-37459,MONROE,PERRY,BLOOMINGTON,9/16/22,1:08 PM,2,,0,0,0,,S. ROGERS ST,,,,,S. ROGERS ST,W. 4TH ST,,,,Y,,0,,39.165615,-86.538696,LOCAL/CITY ROAD,,,,URBAN,Y,N,N,,DAYLIGHT,CLEAR,DRY,,FOUR-WAY INTERSECTION,,ASPHALT,IMPROPER LANE USAGE,$10001 TO $25000,HEAD ON BETWEEN TWO MOTOR VEHICLES,W.4THSTS.ROGERSST,0,
INDIANA UNIV BLOOMINGTON PD,223433,MONROE,BLOOMINGTON,BLOOMINGTON,9/21/22,6:55 AM,1,,1,0,0,,N RANGE RD,,,,,N RANGE RD,,,,,Y,,0,,39.17616528,-86.50180883,LOCAL/CITY ROAD,,,,URBAN,N,N,N,,DAWN/DUSK,CLEAR,DRY,,T-INTERSECTION,,ASPHALT,DRIVER ILLNESS,$10001 TO $25000,RAN OFF ROAD,NRANGERD,0,
BLOOMINGTON PD,B22-38184,MONROE,BLOOMINGTON,BLOOMINGTON,9/21/22,9:03 AM,2,,0,0,0,,N ROGERS ST,,,,,N ROGERS ST,W 6TH ST,,,,Y,,264,,39.16804312,-86.5387167,LOCAL/CITY ROAD,,,,URBAN,N,N,N,,DAYLIGHT,CLEAR,DRY,,NO JUNCTION INVOLVED,,ASPHALT,OTHER (DRIVER) - EXPLAIN IN NARRATIVE,$2501 TO $5000,SAME DIRECTION SIDESWIPE,W6THSTNROGERSST,0,
BLOOMINGTON PD,B22-29667,MONROE,BLOOMINGTON,BLOOMINGTON,8/2/22,12:05 PM,2,,1,0,0,,E 4TH ST,,,,,E 4TH ST,S DUNN ST,,,,Y,,0,,39.16559615,-86.52824243,LOCAL/CITY ROAD,,,,URBAN,N,N,N,,DAYLIGHT,CLOUDY,DRY,,FOUR-WAY INTERSECTION,,ASPHALT,UNSAFE BACKING,$1001 TO $2500,BACKING CRASH,SDUNNSTE4THST,0,
BLOOMINGTON PD,B22-24168,MONROE,,BLOOMINGTON,6/27/22,1:48 PM,2,,0,0,0,,S. WALNUT ST,,,,,S. WALNUT ST,W. GRIMES LN,,,,Y,,0,,39.153344,-86.533757,,,,,URBAN,N,N,N,,DAYLIGHT,CLEAR,DRY,,FOUR-WAY INTERSECTION,,ASPHALT,FAILURE TO YIELD RIGHT OF WAY,$5001 TO $10000,RIGHT ANGLE,W.GRIMESLNS.WALNUTST,0,
INDIANA UNIV BLOOMINGTON PD,223691,MONROE,BLOOMINGTON,BLOOMINGTON,10/1/22,6:20 PM,1,,0,0,0,,E 10TH ST,,,,,E 10TH ST,ACCESS DRIVE TO HILLTOP GARDEN,,,,Y,,0,,39.17160218,-86.50677628,LOCAL/CITY ROAD,,,,URBAN,N,N,N,,DAYLIGHT,CLEAR,DRY,,NO JUNCTION INVOLVED,,ASPHALT,OTHER (ENVIRONMENTAL) - EXPLAIN IN NARR,$5001 TO $10000,RAN OFF ROAD,E10THSTACCESSDRIVETOHILLTOPGARDENS,0,
BLOOMINGTON PD,B22-20641,MONROE,PERRY,BLOOMINGTON,6/3/22,6:03 PM,2,,0,0,0,2303,S BRYAN ST,,,,,S BRYAN ST,,,,,Y,,0,,39.1417953,-86.53670157,PRIVATE DRIVE,,,,URBAN,N,N,N,,DAYLIGHT,CLEAR,DRY,,NO JUNCTION INVOLVED,,ASPHALT,UNSAFE BACKING,$1001 TO $2500,BACKING CRASH,SBRYANST,0,
ELLETTSVILLE PD,E22-03858,MONROE,RICHLAND,ELLETTSVILLE,9/26/22,4:45 PM,3,,0,0,0,,W STATE RD 46,,,,,W STATE RD 46,N LAKEVIEW DR,,,,Y,,0,,39.22096916,-86.60537489,STATE ROAD,,,,URBAN,N,N,N,,DAYLIGHT,CLEAR,DRY,,NO JUNCTION INVOLVED,,ASPHALT,IMPROPER PASSING,$10001 TO $25000,RIGHT ANGLE,WSTATERD46NLAKEVIEWDR,0,
INDIANA UNIV BLOOMINGTON PD,220395,MONROE,BLOOMINGTON,BLOOMINGTON,2/2/22,6:50 AM,1,,0,0,0,,E 17TH ST,,,,,E 17TH ST,,,,,N,,0,,39.18012037,-86.52554726,,,,,URBAN,N,N,N,,DARK (LIGHTED),RAIN,WET,,NO JUNCTION INVOLVED,,ASPHALT,OTHER (DRIVER) - EXPLAIN IN NARRATIVE,$1001 TO $2500,OTHER - EXPLAIN IN NARRATIVE,E17THST,0,
BLOOMINGTON PD,B22-02847,MONROE,BLOOMINGTON,BLOOMINGTON,1/26/22,1:48 PM,2,,1,0,0,2701,E 3RD ST,,,,,E 3RD ST,,,,,Y,,0,,39.16521304,-86.49862354,LOCAL/CITY ROAD,,,,URBAN,N,N,N,,DAYLIGHT,CLEAR,DRY,,FOUR-WAY INTERSECTION,,ASPHALT,FAILURE TO YIELD RIGHT OF WAY,$2501 TO $5000,SAME DIRECTION SIDESWIPE,E3RDST,0,
BLOOMINGTON PD,B22-39160,MONROE,PERRY,BLOOMINGTON,9/26/22,7:05 PM,1,,1,0,0,1004,W COUNTRY CLUB DR,,,,,W COUNTRY CLUB DR,,,,,Y,,0,,39.1366803,-86.54561759,PRIVATE DRIVE,,,,URBAN,N,N,N,,DAWN/DUSK,CLEAR,DRY,,NO JUNCTION INVOLVED,,ASPHALT,OTHER (ENVIRONMENTAL) - EXPLAIN IN NARR,UNDER $1001,BACKING CRASH,WCOUNTRYCLUBDR,1,
BLOOMINGTON PD,B22-30409,MONROE,BLOOMINGTON,BLOOMINGTON,8/6/22,5:20 PM,2,,0,0,0,,S WALNUT ST,,,,,S WALNUT ST,W KIRKWOOD AVE,,,,Y,,0,,39.1663368,-86.53362893,,,,,URBAN,N,N,N,,DAYLIGHT,CLEAR,DRY,,FOUR-WAY INTERSECTION,,ASPHALT,IMPROPER TURNING,$1001 TO $2500,RIGHT TURN,WKIRKWOODAVESWALNUTST,0,
BLOOMINGTON PD,B22-27680,MONROE,BLOOMINGTON,BLOOMINGTON,7/19/22,4:53 PM,2,,0,0,0,,S DUNN ST,,,,,S DUNN ST,E 3RD ST,,,,Y,,317,,39.16499593,-86.52822517,LOCAL/CITY ROAD,,,,URBAN,N,N,N,,DAYLIGHT,CLEAR,DRY,,T-INTERSECTION,,ASPHALT,FAILURE TO YIELD RIGHT OF WAY,$5001 TO $10000,RIGHT ANGLE,SDUNNSTE3RDST,0,
BLOOMINGTON PD,B22-14557,MONROE,PERRY,BLOOMINGTON,4/23/22,9:01 PM,3,,1,0,0,,E WINSLOW RD,,,,,E WINSLOW RD,S WALNUT ST,,,,Y,,0,,39.13599622,-86.53035469,LOCAL/CITY ROAD,,,,URBAN,N,N,N,,DARK (LIGHTED),CLEAR,DRY,,NO JUNCTION INVOLVED,,ASPHALT,UNSAFE SPEED,$5001 TO $10000,REAR END,SWALNUTSTEWINSLOWRD,0,
MONROE SD,M22A10341,MONROE,PERRY,BLOOMINGTON,5/6/22,1:23 PM,2,,0,0,0,,E RHORER RD,,,,,E RHORER RD,S NIMIT DR,,,,N,,0,,39.121428,-86.52382,LOCAL/CITY ROAD,,,,URBAN,N,N,N,,DAYLIGHT,CLEAR,DRY,,NO JUNCTION INVOLVED,,ASPHALT,LEFT OF CENTER,$10001 TO $25000,OPPOSITE DIRECTION SIDESWIPE,SNIMITDRERHORERRD,0,
MONROE SD,M22A2842,MONROE,VAN BUREN,BLOOMINGTON,2/6/22,5:30 AM,1,,0,0,0,3625,S SIMS LN,,,,,S SIMS LN,,,,,N,,0,,39.12651711,-86.57871942,LOCAL/CITY ROAD,,,,URBAN,N,N,N,,DARK (NOT LIGHTED),CLEAR,SNOW/SLUSH,,NO JUNCTION INVOLVED,,ASPHALT,ROADWAY SURFACE CONDITION,$1001 TO $2500,RAN OFF ROAD,SSIMSLN,0,
INDIANA UNIV BLOOMINGTON PD,223004,MONROE,BLOOMINGTON,BLOOMINGTON,9/1/22,2:25 PM,2,,0,0,0,,E 3RD ST,,,,,E 3RD ST,S FACULTY AVE,,,,Y,,0,,39.16426255,-86.52106709,LOCAL/CITY ROAD,,,,URBAN,N,N,N,,DAYLIGHT,CLEAR,DRY,,T-INTERSECTION,,ASPHALT,FAILURE TO YIELD RIGHT OF WAY,$2501 TO $5000,LEFT TURN,SFACULTYAVEE3RDST,0,
BLOOMINGTON PD,B22-29654,MONROE,PERRY,BLOOMINGTON,8/2/22,11:07 AM,2,,0,0,0,353,S LANDMARK AVE,,,,,S LANDMARK AVE,,,,,Y,,0,,39.16366396,-86.55628841,PRIVATE DRIVE,,,,URBAN,N,N,N,,DAYLIGHT,CLOUDY,DRY,,NO JUNCTION INVOLVED,,ASPHALT,UNDER STEERING/UNDER CORRECTING,$1001 TO $2500,SAME DIRECTION SIDESWIPE,SLANDMARKAVE,0,
BLOOMINGTON PD,B22-04448,MONROE,PERRY,BLOOMINGTON,2/9/22,10:41 AM,1,,0,0,0,,S. WALNUT ST,,,,,S. WALNUT ST,,,,,Y,,0,,0,0,OTHER,,,,URBAN,N,N,N,,DAYLIGHT,CLEAR,DRY,,NO JUNCTION INVOLVED,,ASPHALT,OTHER (DRIVER) - EXPLAIN IN NARRATIVE,$1001 TO $2500,RAN OFF ROAD,S.WALNUTST,0,
BLOOMINGTON PD,B22-37409,MONROE,,BLOOMINGTON,9/16/22,6:40 AM,2,,1,0,0,,3RD ST,,,,,3RD ST,PATTERSON DR,,,,Y,,0,,39.1644,-86.55207,LOCAL/CITY ROAD,,,,URBAN,N,N,N,,DARK (LIGHTED),CLEAR,DRY,,NO JUNCTION INVOLVED,,ASPHALT,OTHER (DRIVER) - EXPLAIN IN NARRATIVE,$1001 TO $2500,OTHER - EXPLAIN IN NARRATIVE,PATTERSONDR3RDST,0,
MONROE SD,M22A22882,MONROE,VAN BUREN,BLOOMINGTON,9/17/22,9:54 AM,2,,0,0,0,,S ISON RD,,,,,S ISON RD,W LEONARD SPRINGS RD,,,,N,,0,,39.12233654,-86.60576276,LOCAL/CITY ROAD,,,,RURAL,N,N,N,,DAYLIGHT,CLEAR,DRY,,FOUR-WAY INTERSECTION,,ASPHALT,FAILURE TO YIELD RIGHT OF WAY,$5001 TO $10000,HEAD ON BETWEEN TWO MOTOR VEHICLES,WLEONARDSPRINGSRDSISONRD,0,
ISP BLOOMINGTON 33,2.022E+11,MONROE,BLOOMINGTON,BLOOMINGTON,6/25/22,12:45 PM,2,,0,0,0,,STATE RD 46,,,,,STATE RD 46,W CURRY PIKE,,,,N,,0,,39.1940331,-86.57130984,STATE ROAD,,,,RURAL,N,N,B,,DAYLIGHT,CLEAR,DRY,,FOUR-WAY INTERSECTION,,ASPHALT,FOLLOWING TOO CLOSELY,$1001 TO $2500,REAR END,WCURRYPIKESTATERD46,0,
BLOOMINGTON PD,B22-34509,MONROE,BLOOMINGTON,BLOOMINGTON,8/30/22,5:57 PM,3,,0,0,0,,N WALNUT ST,,,,,N WALNUT ST,N OLD STATE ROAD 37,,,,Y,,0,,39.20713956,-86.53483576,STATE ROAD,,,,RURAL,N,N,N,,DAYLIGHT,CLEAR,DRY,,FOUR-WAY INTERSECTION,,ASPHALT,BRAKE FAILURE OR DEFECTIVE,$1001 TO $2500,SAME DIRECTION SIDESWIPE,NWALNUTSTNOLDSTATEROAD37,0,
ISP BLOOMINGTON 33,2.022E+11,MONROE,POLK,BLOOMINGTON,9/2/22,8:55 PM,1,,0,0,1,,STATE RD 446,,,,,STATE RD 446,S CHAPEL HILL RD,,,,N,,300,,39.02358298,-86.40532125,STATE ROAD,,,,RURAL,N,N,N,,DARK (NOT LIGHTED),CLEAR,DRY,,NO JUNCTION INVOLVED,,ASPHALT,ANIMAL/OBJECT IN ROADWAY,$1001 TO $2500,COLLISION WITH DEER,STATERD446SCHAPELHILLRD,0,
MONROE SD,M22A18797,MONROE,BLOOMINGTON,BLOOMINGTON,8/3/22,8:19 AM,2,,0,0,0,,E BETHEL LN,,,,,E BETHEL LN,N OLD STATE ROAD 37,,,,N,,0,,39.21543509,-86.52146376,LOCAL/CITY ROAD,,,,RURAL,N,N,N,,DAYLIGHT,CLEAR,DRY,,T-INTERSECTION,,ASPHALT,DRIVER DISTRACTED - EXPLAIN IN NARRATIVE,$10001 TO $25000,REAR END,NOLDSTATEROAD37EBETHELLN,0,
BLOOMINGTON PD,B22-05952,MONROE,BLOOMINGTON,BLOOMINGTON,2/22/22,3:00 PM,2,,0,0,0,,W 8TH ST,,,,,W 8TH ST,W VERNAL PIKE,,,,Y,,0,,39.16990652,-86.55015802,LOCAL/CITY ROAD,,,,URBAN,N,N,N,,DAYLIGHT,RAIN,WET,,T-INTERSECTION,,ASPHALT,FOLLOWING TOO CLOSELY,UNDER $1001,REAR END,WVERNALPIKEW8THST,0,
ISP BLOOMINGTON 33,2.022E+11,MONROE,PERRY,BLOOMINGTON,4/12/22,11:59 AM,2,,0,0,0,,I-69,,,,,I-69,,,119.5,,N,,0,,39.18235996,-86.55688245,INTERSTATE,,,,RURAL,N,N,N,,DAYLIGHT,CLEAR,DRY,,NO JUNCTION INVOLVED,,ASPHALT,FAILURE TO YIELD RIGHT OF WAY,$10001 TO $25000,SAME DIRECTION SIDESWIPE,I-69119.5,0,
INDIANA UNIV BLOOMINGTON PD,222056,MONROE,BLOOMINGTON,BLOOMINGTON,6/6/22,9:20 AM,2,,0,0,0,,E 3RD ST,,,,,E 3RD ST,S BALLANTINE RD,,,,N,,211,,39.16423551,-86.51955164,LOCAL/CITY ROAD,,,,URBAN,N,N,N,,DAYLIGHT,CLEAR,DRY,,NO JUNCTION INVOLVED,,ASPHALT,UNSAFE LANE MOVEMENT,UNDER $1001,RAN OFF ROAD,SBALLANTINERDE3RDST,0,
BLOOMINGTON PD,B22-05364,MONROE,PERRY,BLOOMINGTON,2/17/22,4:04 PM,2,,0,0,0,3220,E 3RD ST,,,,,E 3RD ST,,,,,Y,,0,,39.16344464,-86.49206507,LOCAL/CITY ROAD,,,,URBAN,N,N,N,,DAYLIGHT,RAIN,WET,,NO JUNCTION INVOLVED,,ASPHALT,FAILURE TO YIELD RIGHT OF WAY,$2501 TO $5000,RIGHT ANGLE,E3RDST,0,
INDIANA UNIV BLOOMINGTON PD,222826,MONROE,BLOOMINGTON,BLOOMINGTON,8/25/22,11:54 AM,2,,0,0,0,,N JORDAN AVE,,,,,N JORDAN AVE,,,,,Y,,0,,39.17642387,-86.51238989,PRIVATE DRIVE,,,,URBAN,N,N,N,,DAYLIGHT,CLEAR,DRY,,NO JUNCTION INVOLVED,,ASPHALT,IMPROPER TURNING,$1001 TO $2500,RIGHT TURN,NJORDANAVE,0,
BLOOMINGTON PD,B22-42313,MONROE,BLOOMINGTON,BLOOMINGTON,10/13/22,10:27 AM,2,,0,0,0,,N. COLLEGE AVE,,,,,N. COLLEGE AVE,W. 14TH ST,,,,Y,,0,,39.175959,-86.534752,LOCAL/CITY ROAD,,,,URBAN,N,N,N,,DAYLIGHT,CLEAR,DRY,,FOUR-WAY INTERSECTION,,ASPHALT,FAILURE TO YIELD RIGHT OF WAY,$5001 TO $10000,LEFT TURN,W.14THSTN.COLLEGEAVE,0,
BLOOMINGTON PD,B22-27332,MONROE,BLOOMINGTON,BLOOMINGTON,7/17/22,4:29 AM,2,,0,0,0,2300,N WALNUT ST,,,,,N WALNUT ST,,,,,Y,,0,,39.18704169,-86.53370444,PRIVATE DRIVE,,,,URBAN,N,N,N,,DARK (LIGHTED),CLOUDY,WET,,NO JUNCTION INVOLVED,,ASPHALT,ANIMAL/OBJECT IN ROADWAY,$1001 TO $2500,COLLISION WITH OBJECT IN ROAD,NWALNUTST,0,
BLOOMINGTON PD,B22-21492,MONROE,PERRY,BLOOMINGTON,6/9/22,11:27 AM,2,,0,0,0,,S. MONON DR,,,,,S. MONON DR,W. HILLSIDE DR,,,,Y,,500,,,,LOCAL/CITY ROAD,,,,URBAN,N,N,N,,DAYLIGHT,CLEAR,DRY,,NO JUNCTION INVOLVED,,ASPHALT,UNSAFE BACKING,$2501 TO $5000,BACKING CRASH,W.HILLSIDEDRS.MONONDR,0,
BLOOMINGTON PD,B22-36358,MONROE,PERRY,BLOOMINGTON,9/9/22,10:57 PM,2,,2,0,0,,W GORDON PIKE,,,,,W GORDON PIKE,S OLD ST RD 37,,,,Y,,0,,39.12145927,-86.53135425,LOCAL/CITY ROAD,,,,URBAN,N,N,N,,DARK (LIGHTED),CLEAR,DRY,,FOUR-WAY INTERSECTION,,ASPHALT,DISREGARD SIGNAL/REG SIGN,$5001 TO $10000,RIGHT ANGLE,WGORDONPIKESOLDSTRD37,0,
BLOOMINGTON PD,B22-38064,MONROE,RICHLAND,,9/20/22,12:21 PM,2,,0,0,0,3620,W 3RD ST,,,,,W 3RD ST,,,,,Y,,0,,39.16688241,-86.58286115,PRIVATE DRIVE,,,,URBAN,N,N,N,,DAYLIGHT,CLEAR,DRY,,T-INTERSECTION,,ASPHALT,UNSAFE BACKING,$1001 TO $2500,BACKING CRASH,W3RDST,0,
ISP INDIANAPOLIS 52,2022-00432922,MONROE,INDIAN CREEK,BLOOMINGTON,9/29/22,8:40 PM,1,,0,0,0,,S INTERSTATE 69,,,,,S INTERSTATE 69,,,106.5,,N,,300,,39.06850212,-86.67339585,INTERSTATE,,,,RURAL,N,N,N,,DARK (NOT LIGHTED),CLEAR,DRY,,NO JUNCTION INVOLVED,,CONCRETE,ANIMAL/OBJECT IN ROADWAY,$1001 TO $2500,COLLISION WITH OBJECT IN ROAD,SINTERSTATE69106.5,0,
ISP BLOOMINGTON 33,2.022E+11,MONROE,PERRY,BLOOMINGTON,4/23/22,3:43 PM,2,,0,0,0,,STATE RD 45,,,,0,STATE RD 45,,,,,N,,0,,39.14684416,-86.57497978,INTERSTATE,,,,URBAN,N,N,N,,DAYLIGHT,CLEAR,DRY,,RAMP,,ASPHALT,FOLLOWING TOO CLOSELY,$1001 TO $2500,REAR END,STATERD45099C,0,
BLOOMINGTON PD,B22-30917,MONROE,PERRY,BLOOMINGTON,8/10/22,10:16 AM,2,,0,0,0,,S WALNUT ST,,,,,S WALNUT ST,W GRIMES LN,,,,Y,,0,,39.15338048,-86.5337444,LOCAL/CITY ROAD,,,,URBAN,N,N,N,,DAYLIGHT,CLOUDY,DRY,,FIVE POINT OR MORE,,ASPHALT,FOLLOWING TOO CLOSELY,$2501 TO $5000,REAR END,WGRIMESLNSWALNUTST,0,
INDIANA UNIV BLOOMINGTON PD,221371,MONROE,BLOOMINGTON,BLOOMINGTON,4/11/22,4:55 PM,2,,0,0,0,,E 3RD ST,,,,,E 3RD ST,S BALLANTINE RD,,,,Y,,0,,39.16428221,-86.51914187,LOCAL/CITY ROAD,,,,URBAN,N,N,N,,DAYLIGHT,RAIN,WET,,T-INTERSECTION,,ASPHALT,UNSAFE LANE MOVEMENT,$2501 TO $5000,SAME DIRECTION SIDESWIPE,SBALLANTINERDE3RDST,0,
BLOOMINGTON PD,B22-43739,MONROE,BLOOMINGTON,BLOOMINGTON,10/21/22,2:15 PM,2,,0,0,0,,E 10TH ST,,,,,E 10TH ST,N GRANT ST,,,,Y,,0,,39.17167947,-86.52975029,LOCAL/CITY ROAD,,,,URBAN,N,N,N,,DAYLIGHT,CLEAR,DRY,,FOUR-WAY INTERSECTION,,ASPHALT,FAILURE TO YIELD RIGHT OF WAY,$10001 TO $25000,HEAD ON BETWEEN TWO MOTOR VEHICLES,NGRANTSTE10THST,0,