Agency,Local Code,County,Township,City,Collision Date,Collision Time,Vehicles Involved,Trailers Involved,Number Injured,Number Dead,Number Deer,House Number,Roadway Name,Roadway Suffix,Roadway Number,Roadway Interchange,Roadway Ramp,Roadway Id,Intersecting Road,Intersecting Road Number,Mile Marker,Interchange,Corporate Limits?,Property Type,Feet From,Direction,Latitude,Longitude,Roadway Class,Traffic Control Devices?,Aggressive Driving?,Hit and Run?,Locality,School Zone?,Rumble Strips?,Construction?,Construction Type,Light Condition,Weather Conditions,Surface Condition,Type of Median,Roadway Junction Type,Road Character,Roadway Surface,Primary Factor,Damage Estimate,Manner of Collision,Unique Location Id,State Property Damage?,Traffic Control
BLOOMINGTON PD,B22-51880,MONROE,PERRY,BLOOMINGTON,12/14/22,1:15 PM,2,,0,0,0,,S HENDERSON ST,,,,,S HENDERSON ST,E MOODY DR,,,,Y,,211,,39.14825415,-86.52694706,LOCAL/CITY ROAD,,,,URBAN,N,N,N,,DAYLIGHT,RAIN,WET,,NO JUNCTION INVOLVED,,ASPHALT,FAILURE TO YIELD RIGHT OF WAY,$10001 TO $25000,RIGHT ANGLE,SHENDERSONSTEMOODYDR,0,
BLOOMINGTON PD,B22-47220,MONROE,BLOOMINGTON,BLOOMINGTON,11/11/22,8:20 PM,2,,0,0,0,,N MORTON ST,,,,,N MORTON ST,W 7TH ST,,,,Y,,0,,39.16860389,-86.53613519,LOCAL/CITY ROAD,,,,URBAN,N,N,N,,DARK (LIGHTED),CLEAR,DRY,,FOUR-WAY INTERSECTION,,ASPHALT,FAILURE TO YIELD RIGHT OF WAY,UNDER $1001,RIGHT ANGLE,W7THSTNMORTONST,0,
BLOOMINGTON PD,B22-51112,MONROE,VAN BUREN,BLOOMINGTON,12/9/22,12:43 PM,2,,0,0,0,,3800 W. 3RD ST,,,,,3800 W. 3RD ST,,,,,Y,,0,,0,0,PRIVATE DRIVE,,,,URBAN,N,N,N,,DAYLIGHT,RAIN,WET,,NO JUNCTION INVOLVED,,ASPHALT,FOLLOWING TOO CLOSELY,$2501 TO $5000,REAR END,3800W.3RDST,0,
INDIANA UNIV BLOOMINGTON PD,224406,MONROE,BLOOMINGTON,BLOOMINGTON,11/9/22,1:45 PM,2,,0,0,0,,E 17TH ST,,,,,E 17TH ST,N JORDAN AVE,,,,Y,,0,,39.17947382,-86.51349058,PRIVATE DRIVE,,,,URBAN,N,N,N,,DAYLIGHT,CLEAR,DRY,,NO JUNCTION INVOLVED,,ASPHALT,UNSAFE BACKING,UNDER $1001,BACKING CRASH,NJORDANAVEE17THST,0,
BLOOMINGTON PD,B22-53465,MONROE,BLOOMINGTON,BLOOMINGTON,12/20/22,6:06 PM,2,,0,0,0,,W BLOOMFIELD RD,,,,,W BLOOMFIELD RD,S WEIMER RD,,,,N,,0,,39.15421864,-86.56435323,LOCAL/CITY ROAD,,,,URBAN,N,N,N,,DAWN/DUSK,RAIN,SNOW/SLUSH,,T-INTERSECTION,,ASPHALT,ROADWAY SURFACE CONDITION,$5001 TO $10000,RIGHT ANGLE,WBLOOMFIELDRDSWEIMERRD,0,
ISP BLOOMINGTON 33,2022-00497665,MONROE,BLOOMINGTON,BLOOMINGTON,11/10/22,8:25 AM,1,,0,0,1,,I-69,,,,,I-69,,,,,N,,1056,,39.205698,-86.55364842,INTERSTATE,,,,RURAL,N,N,N,,DAYLIGHT,CLEAR,DRY,,NO JUNCTION INVOLVED,,ASPHALT,ANIMAL/OBJECT IN ROADWAY,$25001 TO $50000,COLLISION WITH DEER,I-69,0,
BLOOMINGTON PD,B22-47470,MONROE,PERRY,BLOOMINGTON,11/13/22,7:00 PM,2,,0,0,0,,S KINGSTON DR,,,,,S KINGSTON DR,E 3RD ST,,,,Y,,0,,39.16391822,-86.49309546,LOCAL/CITY ROAD,,,,URBAN,N,N,N,,DARK (LIGHTED),CLOUDY,DRY,,FOUR-WAY INTERSECTION,,ASPHALT,FOLLOWING TOO CLOSELY,$2501 TO $5000,REAR END,SKINGSTONDRE3RDST,0,
ISP BLOOMINGTON 33,2.022E+11,MONROE,BLOOMINGTON,BLOOMINGTON,11/10/22,8:30 AM,2,,0,0,0,,STATE RD 46,,,,,STATE RD 46,W CURRY PIKE,,,,N,,0,,39.19376931,-86.57119973,STATE ROAD,,,,RURAL,N,N,N,,DAYLIGHT,CLEAR,DRY,,FOUR-WAY INTERSECTION,,ASPHALT,UNSAFE SPEED,$2501 TO $5000,REAR END,WCURRYPIKESTATERD46,0,
INDIANA UNIV BLOOMINGTON PD,224894,MONROE,BLOOMINGTON,BLOOMINGTON,12/13/22,3:00 PM,2,,0,0,0,,E 17TH ST,,,,,E 17TH ST,N WALNUT GROVE AVE,,,,Y,,0,,39.17969579,-86.52040458,PRIVATE DRIVE,,,,URBAN,N,N,N,,DAYLIGHT,CLEAR,DRY,,NO JUNCTION INVOLVED,,ASPHALT,OTHER (DRIVER) - EXPLAIN IN NARRATIVE,$1001 TO $2500,OTHER - EXPLAIN IN NARRATIVE,NWALNUTGROVEAVEE17THST,0,
BLOOMINGTON PD,B22-51168,MONROE,PERRY,BLOOMINGTON,12/9/22,5:51 PM,2,,0,0,0,,W 3RD ST,,,,,W 3RD ST,S FRANKLIN RD,,,,Y,,0,,39.16453103,-86.57022907,LOCAL/CITY ROAD,,,,URBAN,N,N,N,,DARK (LIGHTED),CLOUDY,WET,,FOUR-WAY INTERSECTION,,ASPHALT,FOLLOWING TOO CLOSELY,$2501 TO $5000,REAR END,W3RDSTSFRANKLINRD,0,
INDIANA UNIV BLOOMINGTON PD,224891,MONROE,BLOOMINGTON,BLOOMINGTON,12/13/22,12:36 PM,2,,0,0,0,,STATE RD 45,,,,,STATE RD 45,WALKWAY,,,,Y,,0,,39.17527535,-86.50426573,STATE ROAD,,,,RURAL,N,N,N,,DAYLIGHT,CLEAR,DRY,,T-INTERSECTION,,ASPHALT,IMPROPER TURNING,$2501 TO $5000,SAME DIRECTION SIDESWIPE,WALKWAYSTATERD45,0,
MONROE SD,M22A29516,MONROE,BLOOMINGTON,BLOOMINGTON,12/2/22,8:12 AM,1,,0,0,0,,N OLD STATE ROAD 37,,,,,N OLD STATE ROAD 37,E OLD MYERS RD,,,,N,,0,,39.23170969,-86.50645442,COUNTY ROAD,,,,RURAL,N,N,N,,DAYLIGHT,CLEAR,DRY,,NO JUNCTION INVOLVED,,ASPHALT,ANIMAL/OBJECT IN ROADWAY,$2501 TO $5000,COLLISION WITH DEER,NOLDSTATEROAD37EOLDMYERSRD,0,
BLOOMINGTON PD,B22-50332,MONROE,BLOOMINGTON,BLOOMINGTON,12/4/22,1:00 AM,2,,0,0,0,,E VARSITY LN,,,,,E VARSITY LN,,,,,Y,,0,,39.18370027,-86.53042575,LOCAL/CITY ROAD,,,,URBAN,N,N,N,,UNKNOWN,CLEAR,DRY,,NO JUNCTION INVOLVED,,ASPHALT,UNSAFE LANE MOVEMENT,UNDER $1001,OTHER - EXPLAIN IN NARRATIVE,EVARSITYLN,0,
BLOOMINGTON PD,B22-47806,MONROE,PERRY,BLOOMINGTON,11/16/22,12:52 PM,3,,0,0,0,,S ROGERS ST,,,,,S ROGERS ST,W 2ND ST,,,,Y,,0,,39.16157285,-86.53869099,LOCAL/CITY ROAD,,,,URBAN,N,N,N,,DAYLIGHT,SNOW,WET,,FOUR-WAY INTERSECTION,,ASPHALT,FOLLOWING TOO CLOSELY,$2501 TO $5000,REAR END,W2NDSTSROGERSST,0,
BLOOMINGTON PD,B22-53137,MONROE,BLOOMINGTON,BLOOMINGTON,12/22/22,4:16 PM,2,,0,0,0,,W 3RD ST,,,,,W 3RD ST,I-69 SB OFF-RAMP,,,,Y,,0,,39.16451836,-86.57378752,LOCAL/CITY ROAD,,,,URBAN,N,N,N,,DAYLIGHT,RAIN,WET,,FOUR-WAY INTERSECTION,,CONCRETE,DISREGARD SIGNAL/REG SIGN,$10001 TO $25000,RIGHT ANGLE,W3RDSTI-69SBOFF-RAMP,0,
MONROE SD,M22A30069,MONROE,WASHINGTON,BLOOMINGTON,12/8/22,10:45 AM,1,,0,0,0,,3339 E ANDERSON ROAD,,,,,3339 E ANDERSON ROAD,,,,,N,,0,,0,0,COUNTY ROAD,,,,RURAL,N,N,N,,DAYLIGHT,RAIN,WET,,NO JUNCTION INVOLVED,,ASPHALT,SPEED TOO FAST FOR WEATHER CONDITIONS,$2501 TO $5000,RAN OFF ROAD,3339EANDERSONROAD,0,
BLOOMINGTON PD,B22-52123,MONROE,BLOOMINGTON,BLOOMINGTON,12/15/22,6:56 PM,2,,0,0,0,,S JEFFERSON ST,,,,,S JEFFERSON ST,E 3RD ST,,,,Y,,0,,39.16433392,-86.50710881,LOCAL/CITY ROAD,,,,URBAN,N,N,N,,DARK (NOT LIGHTED),SNOW,WET,,NO JUNCTION INVOLVED,,ASPHALT,FOLLOWING TOO CLOSELY,$5001 TO $10000,REAR END,SJEFFERSONSTE3RDST,0,
INDIANA UNIV BLOOMINGTON PD,225028,MONROE,BLOOMINGTON,BLOOMINGTON,12/30/22,3:40 PM,2,,0,0,0,,E 10TH ST,,,,,E 10TH ST,N PETE ELLIS DR,,,,N,,0,,39.1714414,-86.49536139,LOCAL/CITY ROAD,,,,URBAN,N,N,N,,DAYLIGHT,RAIN,WET,,FOUR-WAY INTERSECTION,,ASPHALT,IMPROPER TURNING,$5001 TO $10000,RIGHT ANGLE,NPETEELLISDRE10THST,0,
INDIANA UNIV BLOOMINGTON PD,224274,MONROE,BLOOMINGTON,BLOOMINGTON,11/3/22,8:30 AM,2,,0,0,0,,N ROOSEVELT ST,,,,,N ROOSEVELT ST,,,,,Y,,0,,39.17105842,-86.50619424,PRIVATE DRIVE,,,,URBAN,N,N,N,,DAYLIGHT,CLEAR,DRY,,NO JUNCTION INVOLVED,,ASPHALT,UNSAFE BACKING,$2501 TO $5000,BACKING CRASH,NROOSEVELTST,0,
INDIANA UNIV BLOOMINGTON PD,224622,MONROE,BLOOMINGTON,BLOOMINGTON,11/25/22,10:35 AM,2,,0,0,0,2901,E DISCOVERY PARKWAY,,,,,E DISCOVERY PARKWAY,,,,,Y,,0,,39.17698628,-86.49342465,PRIVATE DRIVE,,,,URBAN,N,N,N,,DAYLIGHT,CLEAR,DRY,,NO JUNCTION INVOLVED,,ASPHALT,OTHER (VEHICLE) - EXPLAIN IN NARRATIVE,$2501 TO $5000,RIGHT ANGLE,EDISCOVERYPARKWAY,0,
ISP BLOOMINGTON 33,2.02201E+11,MONROE,PERRY,BLOOMINGTON,12/24/22,6:45 AM,2,,0,0,0,,SR37,,,,,SR37,VICTOR PIKE,,,,N,,1500,,39.09614274,-86.54626279,STATE ROAD,,,,RURAL,N,N,N,,DAWN/DUSK,CLEAR,SNOW/SLUSH,,NO JUNCTION INVOLVED,,ASPHALT,SPEED TOO FAST FOR WEATHER CONDITIONS,$2501 TO $5000,SAME DIRECTION SIDESWIPE,VICTORPIKESR37,0,
MONROE SD,M22A27816,MONROE,WASHINGTON,BLOOMINGTON,11/12/22,8:31 AM,1,,0,0,0,,I69 NB,,,,,I69 NB,,,124.5,,N,,250,,0,0,INTERSTATE,,,,RURAL,N,Y,N,,DAYLIGHT,SNOW,SNOW/SLUSH,,NO JUNCTION INVOLVED,,ASPHALT,SPEED TOO FAST FOR WEATHER CONDITIONS,$5001 TO $10000,RAN OFF ROAD,I69NB124.5,0,
BLOOMINGTON PD,B22-43695,MONROE,BLOOMINGTON,BLOOMINGTON,10/21/22,8:05 AM,3,,0,0,0,,N. WALNUT ST,,,,,N. WALNUT ST,E. COTTAGE GROVE AVE,,,,Y,,50,,39.172522,-86.533575,LOCAL/CITY ROAD,,,,URBAN,N,N,N,,UNKNOWN,CLEAR,DRY,,NO JUNCTION INVOLVED,,ASPHALT,OVERCORRECTING/OVERSTEERING,$5001 TO $10000,SAME DIRECTION SIDESWIPE,N.WALNUTSTE.COTTAGEGROVEAVE,0,
BLOOMINGTON PD,B22-43773,MONROE,PERRY,BLOOMINGTON,10/21/22,4:36 PM,2,,0,0,0,,S COLLEGE MALL RD,,,,,S COLLEGE MALL RD,E 2ND ST,,,,Y,,0,,39.16105351,-86.49776936,LOCAL/CITY ROAD,,,,URBAN,N,N,N,,DAYLIGHT,CLEAR,DRY,,NO JUNCTION INVOLVED,,ASPHALT,FAILURE TO YIELD RIGHT OF WAY,$2501 TO $5000,RIGHT ANGLE,SCOLLEGEMALLRDE2NDST,0,
BLOOMINGTON PD,B22-43873,MONROE,PERRY,BLOOMINGTON,10/22/22,1:31 AM,1,,0,0,0,111,W SOUTHERN DR,,,,,W SOUTHERN DR,,,,,Y,,0,,39.14977533,-86.53434848,PRIVATE DRIVE,,,,URBAN,N,N,N,,DARK (LIGHTED),CLEAR,DRY,,NO JUNCTION INVOLVED,,OTHER - EXPLAIN IN NARRATIVE,OTHER (DRIVER) - EXPLAIN IN NARRATIVE,UNDER $1001,RAN OFF ROAD,WSOUTHERNDR,0,
MONROE SD,M22A29652,MONROE,VAN BUREN,BLOOMINGTON,12/3/22,7:19 PM,2,,1,0,0,3585,SR 45,,,,,SR 45,,,,,N,,0,,39.14170614,-86.58020833,PRIVATE DRIVE,,,,URBAN,N,N,N,,DARK (LIGHTED),CLEAR,DRY,,NO JUNCTION INVOLVED,,ASPHALT,FAILURE TO YIELD RIGHT OF WAY,$10001 TO $25000,RIGHT ANGLE,SR45,0,
BLOOMINGTON PD,B22-45350,MONROE,BLOOMINGTON,BLOOMINGTON,10/30/22,12:30 PM,2,,0,0,0,,E. 17TH STREET,,,,,E. 17TH STREET,N. DUNN,,,,Y,,0,,39.17902075,-86.52831263,LOCAL/CITY ROAD,,,,URBAN,N,N,N,,DAYLIGHT,RAIN,WET,,FOUR-WAY INTERSECTION,,ASPHALT,SPEED TOO FAST FOR WEATHER CONDITIONS,$2501 TO $5000,REAR END,N.DUNNE.17THSTREET,0,
BLOOMINGTON PD,B22-46814,MONROE,BLOOMINGTON,BLOOMINGTON,11/8/22,3:00 PM,2,,0,0,0,,E GOLDIN DR,,,,,E GOLDIN DR,E GOLDIN CT,,,,Y,,0,,39.12825487,-86.50838917,LOCAL/CITY ROAD,,,,URBAN,N,N,N,,DAYLIGHT,CLEAR,DRY,,NO JUNCTION INVOLVED,,ASPHALT,FAILURE TO MAINTAIN LANE,UNDER $1001,SAME DIRECTION SIDESWIPE,EGOLDINDREGOLDINCT,0,
BLOOMINGTON PD,B22-52040,MONROE,VAN BUREN,BLOOMINGTON,12/15/22,11:07 AM,2,,1,0,0,,3100 W. 3RD ST,,,,,3100 W. 3RD ST,I 69 RAMP,,,,Y,,0,,39.16469719,-86.57487494,LOCAL/CITY ROAD,,,,URBAN,N,N,N,,DAYLIGHT,CLOUDY,DRY,,FOUR-WAY INTERSECTION,,CONCRETE,DISREGARD SIGNAL/REG SIGN,$5001 TO $10000,SAME DIRECTION SIDESWIPE,I69RAMP3100W.3RDST,0,
MONROE SD,M22A27573,MONROE,PERRY,BLOOMINGTON,11/9/22,5:54 PM,1,,1,0,0,,S EAGLEVIEW DR,,,,,S EAGLEVIEW DR,W THAT RD,,,,N,,0,,39.11468358,-86.54627985,,,,,RURAL,N,N,N,,DAWN/DUSK,CLEAR,DRY,,NO JUNCTION INVOLVED,,ASPHALT,PEDESTRIAN ACTION,$2501 TO $5000,COLLISION WITH OBJECT IN ROAD,WTHATRDSEAGLEVIEWDR,1,
MONROE SD,M22A30235,MONROE,PERRY,BLOOMINGTON,12/10/22,7:05 AM,1,,0,0,0,,S ROCKPORT RD,,,,,S ROCKPORT RD,,,,,N,,0,,39.13083927,-86.55679411,LOCAL/CITY ROAD,,,,RURAL,N,N,N,,DARK (NOT LIGHTED),FOG/SMOKE/SMOG,WET,,NO JUNCTION INVOLVED,,ASPHALT,SPEED TOO FAST FOR WEATHER CONDITIONS,$2501 TO $5000,RAN OFF ROAD,SROCKPORTRD,0,
BLOOMINGTON PD,B22-48635,MONROE,PERRY,BLOOMINGTON,11/22/22,10:39 AM,2,,1,0,0,,SARE RD,,,,,SARE RD,SPICEWOOD LN,,,,Y,,0,,39.140902,-86.496575,LOCAL/CITY ROAD,,,,URBAN,N,N,N,,DAYLIGHT,CLEAR,DRY,,T-INTERSECTION,,ASPHALT,FAILURE TO YIELD RIGHT OF WAY,$2501 TO $5000,SAME DIRECTION SIDESWIPE,SPICEWOODLNSARERD,0,
BLOOMINGTON PD,B22-47071,MONROE,PERRY,BLOOMINGTON,11/10/22,6:50 PM,2,,0,0,0,,E HUNTER AVE,,,,,E HUNTER AVE,S FESS AVE,,,,Y,,0,,39.16226224,-86.5259618,LOCAL/CITY ROAD,,,,URBAN,N,N,N,,DARK (LIGHTED),CLEAR,DRY,,FOUR-WAY INTERSECTION,,ASPHALT,FAILURE TO YIELD RIGHT OF WAY,$5001 TO $10000,RIGHT ANGLE,SFESSAVEEHUNTERAVE,0,
MONROE SD,M22A27515,MONROE,PERRY,BLOOMINGTON,11/9/22,9:08 AM,2,,0,0,0,,S OLD STATE ROAD 37,,,,,S OLD STATE ROAD 37,S ORCHARD LN,,,,N,,0,,39.11956,-86.53123947,LOCAL/CITY ROAD,,,,RURAL,N,N,N,,DAYLIGHT,CLEAR,DRY,,T-INTERSECTION,,ASPHALT,DRIVER DISTRACTED - EXPLAIN IN NARRATIVE,$1001 TO $2500,REAR END,SORCHARDLNSOLDSTATEROAD37,0,
BLOOMINGTON PD,B22-53000,MONROE,PERRY,BLOOMINGTON,12/21/22,3:28 PM,2,,0,0,0,,W COUNTRY CLUB DR,,,,,W COUNTRY CLUB DR,S BANTA AVE,,,,Y,,898,,39.13633153,-86.54671751,LOCAL/CITY ROAD,,,,URBAN,N,N,N,,DAYLIGHT,CLEAR,DRY,,NO JUNCTION INVOLVED,,ASPHALT,FAILURE TO YIELD RIGHT OF WAY,$5001 TO $10000,RIGHT ANGLE,WCOUNTRYCLUBDRSBANTAAVE,0,
ISP BLOOMINGTON 33,2.02201E+11,MONROE,VAN BUREN,BLOOMINGTON,11/23/22,6:12 PM,1,,0,0,1,,INTERSTATE 69 NB,,,,,INTERSTATE 69 NB,,,112,,N,,500,,39.08303371,-86.57696925,,,,,RURAL,N,N,N,,DARK (NOT LIGHTED),CLEAR,DRY,,NO JUNCTION INVOLVED,,ASPHALT,ANIMAL/OBJECT IN ROADWAY,$1001 TO $2500,COLLISION WITH DEER,INTERSTATE69NB112,0,
BLOOMINGTON PD,B22-46195,MONROE,PERRY,BLOOMINGTON,11/4/22,2:57 PM,1,,1,0,0,,S RENWICK BLVD,,,,,S RENWICK BLVD,E SEMINARY DR,,,,Y,,0,,39.14627452,-86.50119389,LOCAL/CITY ROAD,,,,URBAN,N,N,N,,DAYLIGHT,CLEAR,DRY,,NO JUNCTION INVOLVED,,ASPHALT,DRIVER DISTRACTED - EXPLAIN IN NARRATIVE,$1001 TO $2500,OTHER - EXPLAIN IN NARRATIVE,SRENWICKBLVDESEMINARYDR,1,
MONROE SD,M22A31601,MONROE,VAN BUREN,,12/30/22,11:25 AM,2,,0,0,0,,S LIBERTY DR,,,,,S LIBERTY DR,,,,,N,,0,,39.15704498,-86.57532055,,,,,RURAL,N,N,N,,DAYLIGHT,RAIN,WET,,NO JUNCTION INVOLVED,,ASPHALT,IMPROPER PASSING,$5001 TO $10000,SAME DIRECTION SIDESWIPE,SLIBERTYDR,0,
ISP BLOOMINGTON 33,2.022E+11,MONROE,PERRY,BLOOMINGTON,11/8/22,12:50 PM,2,,0,1,0,,S. OLD STATE ROAD 37,,,,,S. OLD STATE ROAD 37,S. ORCHARD LANE,,,,N,,515,,39.11817002,-86.53129517,COUNTY ROAD,,,,RURAL,N,N,N,,DAYLIGHT,CLEAR,DRY,,NO JUNCTION INVOLVED,,ASPHALT,UNSAFE SPEED,$5001 TO $10000,SAME DIRECTION SIDESWIPE,S.ORCHARDLANES.OLDSTATEROAD37,0,
INDIANA UNIV BLOOMINGTON PD,220213,MONROE,BLOOMINGTON,BLOOMINGTON,1/21/22,10:00 AM,2,,0,0,0,1514,EAST 3RD STREET,,,,,EAST 3RD STREET,,,,,Y,,0,,39.16358018,-86.51466095,LOCAL/CITY ROAD,,,,URBAN,N,N,N,,DAYLIGHT,CLEAR,DRY,,NO JUNCTION INVOLVED,,CONCRETE,FAILURE TO YIELD RIGHT OF WAY,$2501 TO $5000,BACKING CRASH,EAST3RDSTREET,0,
MONROE SD,M22A38,MONROE,CLEAR CREEK,BLOOMINGTON,1/1/22,1:55 PM,1,0,0,0,0,,S OLD STATE ROAD 37,RD,,,,S OLD STATE ROAD 37,W INGRAM,,,,N,,,,38.997065,-86.545808,LOCAL/CITY ROAD,,N,N,RURAL,N,N,N,,DAYLIGHT,RAIN,WET,,NO JUNCTION INVOLVED,STRAIGHT/GRADE,ASPHALT,ANIMAL/OBJECT IN ROADWAY,$1001 TO $2500,COLLISION WITH OBJECT IN ROAD,SOLDSTATEROAD37RDWINGRAMRD,0,NONE
INDIANA UNIV BLOOMINGTON PD,220203,MONROE,BLOOMINGTON,BLOOMINGTON,1/21/22,9:10 AM,2,,1,0,0,,S WOODLAWN AVE,,,,,S WOODLAWN AVE,E 3RD ST,,,,Y,,0,,39.16422927,-86.5226335,LOCAL/CITY ROAD,,,,URBAN,N,N,N,,DAYLIGHT,CLEAR,DRY,,T-INTERSECTION,,ASPHALT,IMPROPER TURNING,$10001 TO $25000,LEFT TURN,SWOODLAWNAVEE3RDST,0,
BLOOMINGTON PD,B22-13328,MONROE,BLOOMINGTON,BLOOMINGTON,4/16/22,3:41 PM,1,,1,0,0,,W 3RD ST,,,,,W 3RD ST,I-69,,,,Y,,0,,39.16469095,-86.57383151,LOCAL/CITY ROAD,,,,URBAN,N,N,N,,DAYLIGHT,CLEAR,DRY,,FOUR-WAY INTERSECTION,,ASPHALT,FAILURE TO YIELD RIGHT OF WAY,UNDER $1001,LEFT TURN,W3RDSTI-69,1,
MONROE SD,M22A1875,MONROE,BLOOMINGTON,BLOOMINGTON,1/25/22,7:00 PM,2,,0,0,0,,W TAPP RD,,,,,W TAPP RD,S RAYLE PL,,,,Y,,0,,39.13678906,-86.5786367,LOCAL/CITY ROAD,,,,RURAL,N,N,N,,DARK (NOT LIGHTED),CLEAR,DRY,,NO JUNCTION INVOLVED,,ASPHALT,UNSAFE LANE MOVEMENT,$1001 TO $2500,LEFT TURN,WTAPPRDSRAYLEPL,0,
BLOOMINGTON PD,B22-01289,MONROE,BLOOMINGTON,BLOOMINGTON,1/12/22,8:01 AM,2,,0,0,0,,N DUNN ST,,,,,N DUNN ST,E KIRKWOOD AVE,,,,N,,0,,39.16655009,-86.52824826,LOCAL/CITY ROAD,,,,URBAN,N,N,N,,DARK (LIGHTED),CLEAR,DRY,,FOUR-WAY INTERSECTION,,ASPHALT,FAILURE TO YIELD RIGHT OF WAY,$5001 TO $10000,RIGHT ANGLE,NDUNNSTEKIRKWOODAVE,0,
MONROE SD,M22A740,MONROE,PERRY,BLOOMINGTON,1/10/22,5:31 PM,3,0,0,0,0,,ROCKPORT,RD,,,,ROCKPORT,W TAPP,,,,N,,,,39.136332,-86.548756,LOCAL/CITY ROAD,Y,N,N,RURAL,N,N,N,,DAYLIGHT,CLEAR,DRY,,FOUR-WAY INTERSECTION,STRAIGHT/LEVEL,ASPHALT,FOLLOWING TOO CLOSELY,$10001 TO $25000,REAR END,ROCKPORTRDWTAPPRD,0,TRAFFIC CONTROL SIGNAL
ISP BLOOMINGTON 33,2.022E+11,MONROE,INDIAN CREEK,BLOOMINGTON,1/8/22,3:30 PM,1,,1,0,0,,I69,,,,,I69,,,105.5,,N,,0,,39.05581749,-86.68101928,INTERSTATE,,,,RURAL,N,N,N,,DAYLIGHT,CLOUDY,ICE,,NO JUNCTION INVOLVED,,CONCRETE,SPEED TOO FAST FOR WEATHER CONDITIONS,$10001 TO $25000,RAN OFF ROAD,I69105.5,0,
BLOOMINGTON PD,B22-00813,MONROE,PERRY,BLOOMINGTON,1/8/22,9:25 AM,2,,3,0,0,,S. COLLEGE AVE,,,,,S. COLLEGE AVE,E 1ST ST,,,,Y,,0,,0,0,LOCAL/CITY ROAD,,,,URBAN,N,N,N,,DAYLIGHT,CLEAR,DRY,,FOUR-WAY INTERSECTION,,ASPHALT,DISREGARD SIGNAL/REG SIGN,$25001 TO $50000,RIGHT ANGLE,S.COLLEGEAVEE1STST,0,
INDIANA UNIV BLOOMINGTON PD,220243,MONROE,PERRY,BLOOMINGTON,1/24/22,10:25 AM,2,,0,0,0,,E 3RD ST,,,,,E 3RD ST,S BALLANTINE RD,,,,N,,0,,39.16427953,-86.5191578,LOCAL/CITY ROAD,,,,URBAN,N,N,N,,DAYLIGHT,CLOUDY,DRY,,NO JUNCTION INVOLVED,,ASPHALT,UNSAFE LANE MOVEMENT,$1001 TO $2500,SAME DIRECTION SIDESWIPE,SBALLANTINERDE3RDST,0,
BLOOMINGTON PD,B22-00678,MONROE,PERRY,BLOOMINGTON,1/7/22,10:00 AM,2,,0,0,0,,S. PATTERSON DR,,,,,S. PATTERSON DR,W. 2ND ST.,,,,Y,,0,,39.160737,-86.548536,LOCAL/CITY ROAD,,,,URBAN,N,N,N,,DAYLIGHT,CLEAR,DRY,,FOUR-WAY INTERSECTION,,ASPHALT,UNSAFE BACKING,$1001 TO $2500,COLLISION WITH ANIMAL OTHER,W.2NDST.S.PATTERSONDR,0,
MONROE SD,M22A1115,MONROE,PERRY,BLOOMINGTON,1/15/22,2:06 PM,2,,0,0,0,4025,S OLD SR 37,,,,,S OLD SR 37,,,,,N,,0,,39.120322,-86.529233,LOCAL/CITY ROAD,,,,URBAN,N,N,N,,DAYLIGHT,CLEAR,DRY,,NO JUNCTION INVOLVED,,ASPHALT,UNSAFE BACKING,$2501 TO $5000,BACKING CRASH,SOLDSR37,0,
BLOOMINGTON PD,B22-02637,MONROE,BLOOMINGTON,BLOOMINGTON,1/24/22,5:14 AM,2,,0,0,0,,STATE RD 46,,,,,STATE RD 46,N WALNUT ST,,,,N,,0,,39.18646938,-86.5359158,STATE ROAD,,,,URBAN,N,N,N,,DAYLIGHT,CLOUDY,WET,,NO JUNCTION INVOLVED,,ASPHALT,FOLLOWING TOO CLOSELY,$2501 TO $5000,REAR END,STATERD46NWALNUTST,0,
MONROE SD,M22A1206,MONROE,VAN BUREN,BLOOMINGTON,1/16/22,4:24 PM,2,,0,0,0,,W SR 45,,,,,W SR 45,ISON ROAD,,,,N,,0,,0,0,STATE ROAD,,,,RURAL,N,N,N,,DAYLIGHT,CLEAR,DRY,,T-INTERSECTION,,ASPHALT,FOLLOWING TOO CLOSELY,$10001 TO $25000,REAR END,WSR45ISONROAD,0,
BLOOMINGTON PD,B2202271,MONROE,BLOOMINGTON,BLOOMINGTON,1/21/22,1:40 PM,3,,1,0,0,,W GOURLEY PIKE,,,,,W GOURLEY PIKE,N MONROE ST,,,,Y,,0,,39.18644166,-86.54663749,,,,,URBAN,N,N,N,,DAYLIGHT,CLEAR,DRY,,FOUR-WAY INTERSECTION,,ASPHALT,FAILURE TO YIELD RIGHT OF WAY,$10001 TO $25000,RIGHT ANGLE,WGOURLEYPIKENMONROEST,0,
MONROE SD,M22A1463,MONROE,RICHLAND,ELLETTSVILLE,1/20/22,10:51 AM,1,,0,0,0,,W DELAP RD,,,,,W DELAP RD,N MAPLE GROVE RD,,,,N,,0,,39.2653509,-86.56940792,COUNTY ROAD,,,,RURAL,N,N,N,,DAYLIGHT,CLEAR,DRY,,NO JUNCTION INVOLVED,,ASPHALT,TIRE FAILURE OR DEFECTIVE,$2501 TO $5000,RAN OFF ROAD,WDELAPRDNMAPLEGROVERD,0,