Agency,Local Code,County,Township,City,Collision Date,Collision Time,Vehicles Involved,Trailers Involved,Number Injured,Number Dead,Number Deer,House Number,Roadway Name,Roadway Suffix,Roadway Number,Roadway Interchange,Roadway Ramp,Roadway Id,Intersecting Road,Intersecting Road Number,Mile Marker,Interchange,Corporate Limits?,Property Type,Feet From,Direction,Latitude,Longitude,Roadway Class,Traffic Control Devices?,Aggressive Driving?,Hit and Run?,Locality,School Zone?,Rumble Strips?,Construction?,Construction Type,Light Condition,Weather Conditions,Surface Condition,Type of Median,Roadway Junction Type,Road Character,Roadway Surface,Primary Factor,Damage Estimate,Manner of Collision,Unique Location Id,State Property Damage?,Traffic Control
MONROE SD,M22A1762,MONROE,RICHLAND,BLOOMINGTON,1/24/22,1:54 PM,2,,0,0,0,,N SMITH PIKE,,,,,N SMITH PIKE,PROFILE PKWY,,,,N,,792,,39.17590327,-86.58303668,LOCAL/CITY ROAD,,,,URBAN,N,N,N,,DAYLIGHT,SNOW,SNOW/SLUSH,,NO JUNCTION INVOLVED,,ASPHALT,DRIVER DISTRACTED - EXPLAIN IN NARRATIVE,$5001 TO $10000,REAR END,PROFILEPKWYNSMITHPIKE,0,
INDIANA UNIV BLOOMINGTON PD,220282,MONROE,BLOOMINGTON,BLOOMINGTON,1/26/22,2:39 PM,2,,0,0,0,815,N JORDAN AVE,,,,,N JORDAN AVE,,,,,Y,,0,,39.1747181,-86.51552028,LOCAL/CITY ROAD,,,,URBAN,N,N,N,,DAYLIGHT,CLEAR,DRY,,NO JUNCTION INVOLVED,,ASPHALT,OTHER (DRIVER) - EXPLAIN IN NARRATIVE,$2501 TO $5000,SAME DIRECTION SIDESWIPE,NJORDANAVE,0,
ELLETTSVILLE PD,E2200307,MONROE,RICHLAND,ELLETTSVILLE,1/23/22,12:11 PM,2,0,0,0,0,,,,SR46W,,,SR46W,UNION VALLEY,,,,Y,,,,39.215152,-86.5928,STATE ROAD,Y,N,N,URBAN,N,Y,N,,DAYLIGHT,CLOUDY,WET,,NO JUNCTION INVOLVED,STRAIGHT/LEVEL,ASPHALT,IMPROPER TURNING,$5001 TO $10000,OPPOSITE DIRECTION SIDESWIPE,SR46WUNIONVALLEYDR,0,TRAFFIC CONTROL SIGNAL
BLOOMINGTON PD,B22-00575,MONROE,BLOOMINGTON,BLOOMINGTON,1/6/22,2:02 PM,2,,0,0,0,,1709 W. 8TH ST,,,,,1709 W. 8TH ST,N SPRING ST,,,,Y,,500,,39.1689583,-86.55556,LOCAL/CITY ROAD,,,,URBAN,N,N,N,,DARK (NOT LIGHTED),CLEAR,DRY,,NO JUNCTION INVOLVED,,ASPHALT,UNSAFE BACKING,$1001 TO $2500,BACKING CRASH,NSPRINGST1709W.8THST,0,
INDIANA UNIV BLOOMINGTON PD,220076,MONROE,BLOOMINGTON,BLOOMINGTON,1/11/22,3:15 PM,3,0,0,0,0,,,,SR46,,,SR46,E LINGELBACH,,,,Y,,,,0,0,STATE ROAD,,N,N,URBAN,N,N,N,,DAYLIGHT,CLEAR,DRY,,NO JUNCTION INVOLVED,STRAIGHT/LEVEL,ASPHALT,FOLLOWING TOO CLOSELY,$1001 TO $2500,REAR END,ELINGELBACHLNSR46,0,NONE
INDIANA UNIV BLOOMINGTON PD,220238,MONROE,BLOOMINGTON,BLOOMINGTON,1/23/22,6:00 AM,2,,0,0,0,,E 3RD ST,,,,,E 3RD ST,,,,,Y,,0,,39.16457176,-86.5135122,OTHER,,,,URBAN,N,N,N,,DARK (LIGHTED),CLEAR,DRY,,NO JUNCTION INVOLVED,,ASPHALT,IMPROPER TURNING,$1001 TO $2500,SAME DIRECTION SIDESWIPE,E3RDST,0,
BLOOMINGTON PD,B22-01124,MONROE,,BLOOMINGTON,1/11/22,9:46 AM,2,,0,0,0,,ST RD 46,,,,,ST RD 46,E 3RD ST,,,,Y,,0,,39.2414352,-86.63236649,LOCAL/CITY ROAD,,,,URBAN,N,N,N,,DAYLIGHT,CLEAR,DRY,,FOUR-WAY INTERSECTION,,ASPHALT,UNSAFE LANE MOVEMENT,$2501 TO $5000,SAME DIRECTION SIDESWIPE,STRD46E3RDST,0,
INDIANA UNIV BLOOMINGTON PD,220283,MONROE,BLOOMINGTON,BLOOMINGTON,1/26/22,6:00 PM,1,,0,0,1,,STATE RD 45,,,,,STATE RD 45,,,,,Y,,0,,39.18184561,-86.50941557,STATE ROAD,,,,URBAN,N,N,N,,DAYLIGHT,CLEAR,DRY,,NO JUNCTION INVOLVED,,ASPHALT,ANIMAL/OBJECT IN ROADWAY,$2501 TO $5000,COLLISION WITH DEER,STATERD45,0,
MONROE SD,M22A103,MONROE,RICHLAND,BLOOMINGTON,1/2/22,6:25 PM,2,0,0,0,0,,VERNAL,PIKE,,,,VERNAL,HARTSTAIT,,,,N,,,,39.186767,-86.611273,COUNTY ROAD,,N,N,RURAL,N,N,N,,DARK (NOT LIGHTED),CLEAR,DRY,,FOUR-WAY INTERSECTION,STRAIGHT/LEVEL,ASPHALT,DISREGARD SIGNAL/REG SIGN,$5001 TO $10000,OTHER - EXPLAIN IN NARRATIVE,HARTSTAITRDVERNALPIKE,0,STOP SIGN
BLOOMINGTON PD,B22-02827,MONROE,BLOOMINGTON,BLOOMINGTON,1/26/22,10:25 AM,2,,0,0,0,,W. 11TH ST,,,,,W. 11TH ST,N. ROGERS ST.,,,,Y,,0,,39.173258,-86.538579,LOCAL/CITY ROAD,,,,URBAN,N,N,N,,DAYLIGHT,CLEAR,DRY,,FOUR-WAY INTERSECTION,,ASPHALT,FOLLOWING TOO CLOSELY,$2501 TO $5000,REAR END,W.11THSTN.ROGERSST.,0,
INDIANA UNIV BLOOMINGTON PD,220004,MONROE,BLOOMINGTON,BLOOMINGTON,1/1/22,7:55 PM,3,,0,0,0,,E 3RD ST,,,,,E 3RD ST,S ARBUTUS DR,,,,Y,,106,,39.1642771,-86.51200659,LOCAL/CITY ROAD,,,,URBAN,N,N,N,,DARK (LIGHTED),RAIN,WET,,T-INTERSECTION,,ASPHALT,FOLLOWING TOO CLOSELY,$5001 TO $10000,REAR END,SARBUTUSDRE3RDST,0,
MONROE SD,M22A1102,MONROE,BENTON,BLOOMINGTON,1/15/22,9:14 AM,1,0,0,0,0,,N MT GILEAD,RD,,,,N MT GILEAD,N GETTYS CREEK,,,,N,,,,39.19344,-86.436288,COUNTY ROAD,,N,N,RURAL,N,N,N,,DAYLIGHT,SNOW,ICE,,NO JUNCTION INVOLVED,CURVE/GRADE,ASPHALT,RAN OFF ROAD RIGHT,$1001 TO $2500,RAN OFF ROAD,NGETTYSCREEKRDNMTGILEADRD,0,LANE CONTROL
BLOOMINGTON PD,B22-01348,MONROE,PERRY,BLOOMINGTON,1/13/22,12:36 PM,2,,0,0,0,,W. 2ND ST,,,,,W. 2ND ST,S. WALKER ST,,,,Y,,0,,39.161431,-86.546144,LOCAL/CITY ROAD,,,,URBAN,N,N,N,,DAYLIGHT,CLOUDY,DRY,,FOUR-WAY INTERSECTION,,ASPHALT,DISREGARD SIGNAL/REG SIGN,$2501 TO $5000,RIGHT ANGLE,W.2NDSTS.WALKERST,0,
BLOOMINGTON PD,B22-00305,MONROE,BLOOMINGTON,BLOOMINGTON,1/4/22,1:06 PM,2,,1,0,0,,E. 3RD STREET,,,,,E. 3RD STREET,S. CLARIZZ BLVD,,,,Y,,0,,39.164223,-86.4906498,LOCAL/CITY ROAD,,,,URBAN,N,N,N,,DAYLIGHT,CLEAR,DRY,,FOUR-WAY INTERSECTION,,ASPHALT,FAILURE TO YIELD RIGHT OF WAY,$25001 TO $50000,RIGHT ANGLE,S.CLARIZZBLVDE.3RDSTREET,0,
MONROE SD,M22A1103,MONROE,VAN BUREN,,1/15/22,10:21 AM,1,,0,0,0,,S YOST AVE,,,,,S YOST AVE,W FARMER AVE,,,,N,,370,,39.14990752,-86.58075681,LOCAL/CITY ROAD,,,,URBAN,N,N,N,,DAWN/DUSK,SNOW,SNOW/SLUSH,,NO JUNCTION INVOLVED,,ASPHALT,SPEED TOO FAST FOR WEATHER CONDITIONS,$1001 TO $2500,RAN OFF ROAD,WFARMERAVESYOSTAVE,0,
BLOOMINGTON PD,B22-04225,MONROE,BLOOMINGTON,BLOOMINGTON,2/2/22,12:00 AM,2,,0,0,0,,W GEORGIA AVE,,,,,W GEORGIA AVE,W 12TH CT.,,,,Y,,0,,39.17475275,-86.53741426,LOCAL/CITY ROAD,,,,URBAN,N,N,N,,UNKNOWN,RAIN,WET,,NO JUNCTION INVOLVED,,ASPHALT,OTHER (DRIVER) - EXPLAIN IN NARRATIVE,$2501 TO $5000,SAME DIRECTION SIDESWIPE,WGEORGIAAVEW12THCT.,0,
BLOOMINGTON PD,B22-00430,MONROE,VAN BUREN,BLOOMINGTON,1/5/22,11:39 AM,2,,0,0,0,,S. LIBERTY DR,,,,,S. LIBERTY DR,W. 3RD ST,,,,Y,,200,,39.164606,-86.579131,LOCAL/CITY ROAD,,,,URBAN,N,N,N,,DAYLIGHT,CLEAR,DRY,,FOUR-WAY INTERSECTION,,ASPHALT,UNSAFE LANE MOVEMENT,$5001 TO $10000,SAME DIRECTION SIDESWIPE,W.3RDSTS.LIBERTYDR,0,
ISP BLOOMINGTON 33,2022-00005871,MONROE,SALT CREEK,BLOOMINGTON,1/5/22,7:30 AM,1,,0,0,0,,STATE RD 46,,,,,STATE RD 46,W OF KENT RD,,,,N,,0,,39.15200001,-86.40538259,STATE ROAD,,,,RURAL,N,N,N,,DARK (NOT LIGHTED),CLEAR,DRY,,NO JUNCTION INVOLVED,,ASPHALT,UNSAFE LANE MOVEMENT,UNDER $1001,OPPOSITE DIRECTION SIDESWIPE,WOFKENTRDSTATERD46,0,
MONROE SD,M22A534,MONROE,VAN BUREN,BLOOMINGTON,1/7/22,5:04 PM,3,0,0,0,0,,,,SR45W,,,SR45W,ISON,,,,N,,,,39.11511077,-86.6058169,STATE ROAD,,N,N,RURAL,N,N,N,,DAYLIGHT,CLOUDY,DRY,,T-INTERSECTION,STRAIGHT/LEVEL,ASPHALT,FOLLOWING TOO CLOSELY,$25001 TO $50000,REAR END,ISONRDSR45W,0,NONE
MONROE SD,M22A671,MONROE,RICHLAND,BLOOMINGTON,1/10/22,12:26 AM,2,0,0,0,0,3785,3585 WEST STATE ROAD 46,HWY,,,,3585 WEST STATE ROAD 46,,,,,Y,,,,39.208682,-86.582335,OTHER,,Y,Y,URBAN,N,N,N,,DARK (LIGHTED),CLEAR,DRY,,NO JUNCTION INVOLVED,NON-ROADWAY CRASH,ASPHALT,UNSAFE BACKING,$2501 TO $5000,BACKING CRASH,3585WESTSTATEROAD46HWY,0,NONE
BLOOMINGTON PD,B22-01067,MONROE,BLOOMINGTON,BLOOMINGTON,1/10/22,5:21 PM,2,,0,0,0,,310 W 12TH ST,,,,,310 W 12TH ST,,,,,Y,,0,,0,0,LOCAL/CITY ROAD,,,,URBAN,N,N,N,,DAYLIGHT,CLEAR,DRY,,NO JUNCTION INVOLVED,,CONCRETE,LEFT OF CENTER,$2501 TO $5000,OPPOSITE DIRECTION SIDESWIPE,310W12THST,0,
BLOOMINGTON PD,B22-29380,MONROE,VAN BUREN,BLOOMINGTON,7/31/22,4:46 PM,3,,0,0,0,3275,W 3RD ST,,,,,W 3RD ST,,,,,Y,,0,,39.16289788,-86.5768729,PRIVATE DRIVE,,,,URBAN,N,N,N,,DAYLIGHT,CLEAR,DRY,,NO JUNCTION INVOLVED,,ASPHALT,OTHER (DRIVER) - EXPLAIN IN NARRATIVE,$2501 TO $5000,OTHER - EXPLAIN IN NARRATIVE,W3RDST,0,
INDIANA UNIV BLOOMINGTON PD,223650,MONROE,BLOOMINGTON,BLOOMINGTON,9/29/22,11:20 AM,2,,0,0,0,,N PARK AVE,,,,,N PARK AVE,E 9TH ST,,,,Y,,0,,39.17044914,-86.52463443,LOCAL/CITY ROAD,,,,URBAN,N,N,N,,DAYLIGHT,CLEAR,DRY,,FOUR-WAY INTERSECTION,,OTHER - EXPLAIN IN NARRATIVE,FAILURE TO YIELD RIGHT OF WAY,$10001 TO $25000,RIGHT ANGLE,NPARKAVEE9THST,0,
ELLETTSVILLE PD,E2202845,MONROE,RICHLAND,ELLETTSVILLE,7/30/22,7:08 PM,2,0,0,0,0,7398,W STATE ROAD 46,HWY,,,,W STATE ROAD 46,,,,,Y,,,,,,OTHER,,N,N,URBAN,N,N,N,,DAYLIGHT,CLOUDY,DRY,,NO JUNCTION INVOLVED,STRAIGHT/LEVEL,ASPHALT,UNSAFE BACKING,$1001 TO $2500,BACKING CRASH,WSTATEROAD46HWY,0,NONE
MONROE SD,M22A909,MONROE,BENTON,BLOOMINGTON,1/12/22,10:16 AM,1,,0,0,0,,STATE RD 45,,,,,STATE RD 45,N BENTON DR,,,,N,,422,,39.21938266,-86.44360387,STATE ROAD,,,,RURAL,N,N,N,,DARK (NOT LIGHTED),CLEAR,DRY,,T-INTERSECTION,,ASPHALT,OVERSIZE/OVERWEIGHT LOAD,$5001 TO $10000,RAN OFF ROAD,STATERD45NBENTONDR,0,
MONROE SD,M22A6834,MONROE,RICHLAND,,3/25/22,3:41 PM,2,,0,0,0,,STATE RD 46,,,,,STATE RD 46,,,,,N,,0,,39.19743372,-86.57373756,STATE ROAD,,,,RURAL,N,Y,N,,DAYLIGHT,RAIN,WET,,NO JUNCTION INVOLVED,,ASPHALT,FOLLOWING TOO CLOSELY,$10001 TO $25000,REAR END,STATERD46,0,
INDIANA UNIV BLOOMINGTON PD,220501,MONROE,BLOOMINGTON,BLOOMINGTON,2/9/22,12:16 PM,2,,0,0,0,,STATE RD 45,,,,,STATE RD 45,E 17TH ST,,,,Y,,0,,39.17970827,-86.50710351,STATE ROAD,,,,URBAN,N,N,N,,DAWN/DUSK,CLEAR,WET,,T-INTERSECTION,,ASPHALT,FOLLOWING TOO CLOSELY,$10001 TO $25000,REAR END,STATERD45E17THST,0,
BLOOMINGTON PD,B22-24494,MONROE,BLOOMINGTON,BLOOMINGTON,6/29/22,11:04 AM,2,,2,0,0,,STATE RD 46,,,,,STATE RD 46,N KINSER PIKE,,,,Y,,0,,39.18657194,-86.53775401,STATE ROAD,,,,URBAN,N,N,N,,DAYLIGHT,CLEAR,DRY,,FOUR-WAY INTERSECTION,,ASPHALT,FAILURE TO YIELD RIGHT OF WAY,$25001 TO $50000,LEFT TURN,STATERD46NKINSERPIKE,0,
BLOOMINGTON PD,B22-05120,MONROE,PERRY,BLOOMINGTON,2/15/22,3:30 PM,2,,0,0,0,,E 3RD ST,,,,,E 3RD ST,S WASHINGTON ST,,,,Y,,0,,39.16460472,-86.53238538,LOCAL/CITY ROAD,,,,URBAN,N,N,N,,DAYLIGHT,CLEAR,DRY,,FOUR-WAY INTERSECTION,,ASPHALT,DISREGARD SIGNAL/REG SIGN,$2501 TO $5000,RIGHT ANGLE,SWASHINGTONSTE3RDST,0,
MONROE SD,M22A3463,MONROE,VAN BUREN,BLOOMINGTON,2/13/22,5:35 PM,2,,0,0,0,3585,WEST STATE ROAD 45,,,,,WEST STATE ROAD 45,,,,,Y,,0,,39.141477,-86.58021,OTHER,,,,URBAN,N,N,N,,DAYLIGHT,CLOUDY,DRY,,NO JUNCTION INVOLVED,,ASPHALT,DRIVER DISTRACTED - EXPLAIN IN NARRATIVE,$1001 TO $2500,BACKING CRASH,WESTSTATEROAD45,0,
BLOOMINGTON PD,B22-24496,MONROE,PERRY,BLOOMINGTON,6/29/22,11:21 AM,2,,0,0,0,2499,COTA DR,,,,,COTA DR,,,,,Y,,0,,39.13545036,-86.56990419,,,,,URBAN,N,N,N,,DAYLIGHT,CLEAR,DRY,,NO JUNCTION INVOLVED,,ASPHALT,UNSAFE BACKING,$2501 TO $5000,BACKING CRASH,COTADR,0,
ISP BLOOMINGTON 33,2.022E+11,MONROE,PERRY,BLOOMINGTON,1/24/22,6:50 PM,1,,0,0,1,,I-69,,,,,I-69,,,113,,N,,0,,39.09449749,-86.56556172,INTERSTATE,,,,RURAL,N,N,N,,DARK (NOT LIGHTED),CLEAR,WET,,NO JUNCTION INVOLVED,,ASPHALT,ANIMAL/OBJECT IN ROADWAY,$1001 TO $2500,COLLISION WITH DEER,I-69113,0,
BLOOMINGTON PD,B22-09871,MONROE,PERRY,BLOOMINGTON,3/23/22,4:50 PM,1,,1,0,0,,W COUNTRY CLUB DR,,,,,W COUNTRY CLUB DR,S OLD STATE ROAD 37,,,,Y,,0,,39.1348429,-86.5329195,,,,,RURAL,N,N,N,,DAYLIGHT,CLOUDY,DRY,,NO JUNCTION INVOLVED,,ASPHALT,DRIVER ILLNESS,$5001 TO $10000,RAN OFF ROAD,WCOUNTRYCLUBDRSOLDSTATEROAD37,0,
BLOOMINGTON PD,B2203125,MONROE,BLOOMINGTON,BLOOMINGTON,1/28/22,2:23 AM,1,,0,0,0,,N ROGERS ST,,,,,N ROGERS ST,W 11TH ST,,,,Y,,0,,39.173258,-86.538579,LOCAL/CITY ROAD,,,,URBAN,N,N,N,,DAYLIGHT,SNOW,SNOW/SLUSH,,FOUR-WAY INTERSECTION,,ASPHALT,SPEED TOO FAST FOR WEATHER CONDITIONS,UNDER $1001,RAN OFF ROAD,W11THSTNROGERSST,0,
ISP BLOOMINGTON 33,2.022E+11,MONROE,VAN BUREN,BLOOMINGTON,1/25/22,4:58 PM,2,,0,0,0,,W STATE RD 45,,,,,W STATE RD 45,INDUSTRIAL BLVD,,,,Y,,0,,39.1436134,-86.58030143,STATE ROAD,,,,URBAN,N,N,N,,DAYLIGHT,CLEAR,DRY,,FOUR-WAY INTERSECTION,,ASPHALT,DISREGARD SIGNAL/REG SIGN,$5001 TO $10000,RIGHT ANGLE,WSTATERD45INDUSTRIALBLVD,0,
BLOOMINGTON PD,B2236610,MONROE,BLOOMINGTON,BLOOMINGTON,9/11/22,12:31 PM,2,,0,0,0,,E 17TH ST,,,,,E 17TH ST,N INDIANA AVE,,,,Y,,0,,39.1790263,-86.52707524,,,,,URBAN,N,N,N,,DAYLIGHT,RAIN,WET,,T-INTERSECTION,,ASPHALT,FAILURE TO YIELD RIGHT OF WAY,$5001 TO $10000,RIGHT ANGLE,NINDIANAAVEE17THST,0,
BLOOMINGTON PD,B22-20387,MONROE,BLOOMINGTON,BLOOMINGTON,6/2/22,10:12 AM,1,,0,0,0,,1623 W. ARLINGTON RD,,,,,1623 W. ARLINGTON RD,20TH ST,,,,Y,,100,,39.182778,-86.550396,LOCAL/CITY ROAD,,,,URBAN,N,N,N,,DAYLIGHT,CLOUDY,DRY,,T-INTERSECTION,,ASPHALT,IMPROPER PASSING,$1001 TO $2500,RAN OFF ROAD,20THST1623W.ARLINGTONRD,0,
ISP BLOOMINGTON 33,2.022E+11,MONROE,VAN BUREN,BLOOMINGTON,4/12/22,1:15 PM,3,,0,0,0,,SOUTH LIBERTY DRIVE,,,,,SOUTH LIBERTY DRIVE,W STATE RD 45,,,,N,,0,,39.14510805,-86.5778326,,,,,URBAN,N,N,N,,DAYLIGHT,CLEAR,DRY,,FOUR-WAY INTERSECTION,,ASPHALT,FOLLOWING TOO CLOSELY,$10001 TO $25000,REAR END,WSTATERD45SOUTHLIBERTYDRIVE,0,
ISP BLOOMINGTON 33,2022-00148016,MONROE,BENTON,BLOOMINGTON,4/1/22,10:20 AM,1,,1,0,0,8150,S OLD STATE ROAD 37,,,,,S OLD STATE ROAD 37,,,,,N,,0,,39.04720536,-86.54099514,STATE ROAD,,,,RURAL,N,N,N,,DAYLIGHT,CLOUDY,DRY,,NO JUNCTION INVOLVED,,ASPHALT,,$10001 TO $25000,RAN OFF ROAD,SOLDSTATEROAD37,0,
ISP BLOOMINGTON 33,2.022E+11,MONROE,BLOOMINGTON,BLOOMINGTON,4/15/22,9:15 AM,2,,0,0,0,,I69 117 F,,,,,I69 117 F,,,,,Y,,0,,39.14975529,-86.57177586,INTERSTATE,,,,URBAN,N,N,N,,DAYLIGHT,CLEAR,DRY,,RAMP,,ASPHALT,FAILURE TO YIELD RIGHT OF WAY,$1001 TO $2500,REAR END,I69117F,0,
BLOOMINGTON PD,B22-41481,MONROE,PERRY,BLOOMINGTON,10/8/22,12:34 PM,2,,0,0,0,,W 2ND ST,,,,,W 2ND ST,S ROGERS ST,,,,Y,,211,,39.16141625,-86.53828649,LOCAL/CITY ROAD,,,,URBAN,N,N,N,,DAYLIGHT,CLEAR,DRY,,NO JUNCTION INVOLVED,,ASPHALT,FOLLOWING TOO CLOSELY,$2501 TO $5000,REAR END,W2NDSTSROGERSST,0,
MONROE SD,M22A24799,MONROE,VAN BUREN,BLOOMINGTON,10/9/22,3:16 PM,1,,0,0,1,,W STATE RD 45,,,,,W STATE RD 45,HINDS RD,,,,N,,500,,39.09777577,-86.65614098,STATE ROAD,,,,RURAL,N,N,N,,DAYLIGHT,CLEAR,DRY,,NO JUNCTION INVOLVED,,ASPHALT,ANIMAL/OBJECT IN ROADWAY,$2501 TO $5000,COLLISION WITH DEER,WSTATERD45HINDSRD,0,
BLOOMINGTON PD,B22-33624,MONROE,BLOOMINGTON,BLOOMINGTON,8/25/22,6:20 PM,2,,0,0,0,,N GRANT ST,,,,,N GRANT ST,E 10TH ST,,,,Y,,0,,39.1714438,-86.52977175,,,,,URBAN,N,N,N,,DAYLIGHT,CLOUDY,DRY,,NO JUNCTION INVOLVED,,ASPHALT,UNSAFE BACKING,$2501 TO $5000,RIGHT ANGLE,NGRANTSTE10THST,0,
INDIANA UNIV BLOOMINGTON PD,223771,MONROE,BLOOMINGTON,BLOOMINGTON,10/6/22,1:18 PM,4,,1,0,0,,STATE RD 45,,,,,STATE RD 45,,,,,Y,,0,,39.17390238,-86.503582,STATE ROAD,,,,URBAN,N,N,N,,DAYLIGHT,CLEAR,DRY,,NO JUNCTION INVOLVED,,ASPHALT,FOLLOWING TOO CLOSELY,$25001 TO $50000,REAR END,STATERD45,0,
ISP BLOOMINGTON 33,2.022E+11,MONROE,PERRY,BLOOMINGTON,6/11/22,8:55 AM,2,,0,0,0,,S OLD STATE ROAD 37,,,,,S OLD STATE ROAD 37,,,,,N,,0,,39.11339995,-86.53113503,STATE ROAD,,,,RURAL,N,N,N,,DAYLIGHT,CLEAR,DRY,,NO JUNCTION INVOLVED,,ASPHALT,FAILURE TO YIELD RIGHT OF WAY,$2501 TO $5000,REAR END,SOLDSTATEROAD37,0,
BLOOMINGTON PD,B22-22442,MONROE,PERRY,BLOOMINGTON,6/15/22,5:08 PM,2,,0,0,0,,S. SMITH RD,,,,,S. SMITH RD,E. 3RD ST,,,,Y,,50,,39.16496061,-86.48127476,LOCAL/CITY ROAD,,,,URBAN,N,N,N,,DAYLIGHT,CLEAR,DRY,,FOUR-WAY INTERSECTION,,ASPHALT,FOLLOWING TOO CLOSELY,$2501 TO $5000,REAR END,S.SMITHRDE.3RDST,0,
BLOOMINGTON PD,B22-22031,MONROE,BLOOMINGTON,BLOOMINGTON,6/13/22,1:00 AM,1,,0,0,0,,W 10TH ST,,,,,W 10TH ST,N MADISON ST,,20,,Y,,0,,39.1712414,-86.53738565,LOCAL/CITY ROAD,,,,URBAN,N,N,N,,UNKNOWN,CLEAR,DRY,,NO JUNCTION INVOLVED,,ASPHALT,UNSAFE SPEED,$5001 TO $10000,RAN OFF ROAD,W10THSTNMADISONST,0,
BLOOMINGTON PD,B22-19378,MONROE,BLOOMINGTON,BLOOMINGTON,5/26/22,7:51 AM,2,,0,0,0,,N. WALNUT ST,,,,,N. WALNUT ST,W 7TH ST,,,,Y,,150,,39.168539,-86.533599,LOCAL/CITY ROAD,,,,URBAN,N,N,N,,DAYLIGHT,RAIN,WET,,NO JUNCTION INVOLVED,,ASPHALT,OVERCORRECTING/OVERSTEERING,$1001 TO $2500,SAME DIRECTION SIDESWIPE,W7THSTN.WALNUTST,0,
ISP BLOOMINGTON 33,2.022E+11,MONROE,VAN BUREN,BLOOMINGTON,5/25/22,9:57 AM,1,,0,0,1,,I-69,,,,,I-69,,,,,N,,0,,39.08896002,-86.56952708,INTERSTATE,,,,RURAL,N,N,N,,DAYLIGHT,CLEAR,DRY,,NO JUNCTION INVOLVED,,ASPHALT,ANIMAL/OBJECT IN ROADWAY,$1001 TO $2500,COLLISION WITH DEER,I-69,0,
MONROE SD,M22A9137,MONROE,BEAN BLOSSOM,ELLETTSVILLE,4/22/22,6:35 AM,3,,3,0,0,,STATE RD 46,,,,,STATE RD 46,W CHAFIN CHAPEL RD,,,,N,,0,,39.2595912,-86.65757311,STATE ROAD,,,,RURAL,N,N,N,,DAYLIGHT,CLEAR,DRY,,T-INTERSECTION,,ASPHALT,FOLLOWING TOO CLOSELY,$10001 TO $25000,REAR END,WCHAFINCHAPELRDSTATERD46,0,
INDIANA UNIV BLOOMINGTON PD,220637,MONROE,BLOOMINGTON,BLOOMINGTON,2/18/22,3:20 AM,1,,1,0,0,,N JORDAN AVE,,,,,N JORDAN AVE,N FISHER CT,,,,Y,,0,,39.18372984,-86.51611736,LOCAL/CITY ROAD,,,,URBAN,N,N,N,,DARK (LIGHTED),SNOW,ICE,,NO JUNCTION INVOLVED,,ASPHALT,OTHER (ENVIRONMENTAL) - EXPLAIN IN NARR,$2501 TO $5000,RIGHT ANGLE,NJORDANAVENFISHERCT,0,
BLOOMINGTON PD,B22-20256,MONROE,PERRY,BLOOMINGTON,6/1/22,1:35 PM,2,,0,0,0,,W. COUNTRY CLUB DR,,,,,W. COUNTRY CLUB DR,S. ROGERS ST,,,,Y,,150,,39.136014,-86.538267,LOCAL/CITY ROAD,,,,URBAN,N,N,N,,DAYLIGHT,CLOUDY,DRY,,NO JUNCTION INVOLVED,,ASPHALT,FOLLOWING TOO CLOSELY,$5001 TO $10000,REAR END,W.COUNTRYCLUBDRS.ROGERSST,0,
ELLETTSVILLE PD,E2202918,MONROE,RICHLAND,ELLETTSVILLE,8/5/22,1:25 PM,2,0,0,0,0,,,,SR46W,,,SR46W,LAKEVIEW,,,,Y,,50,E,39.22105821,-86.60547104,STATE ROAD,,N,N,URBAN,N,N,B,,DAYLIGHT,CLEAR,DRY,,NO JUNCTION INVOLVED,STRAIGHT/LEVEL,ASPHALT,FOLLOWING TOO CLOSELY,$10001 TO $25000,REAR END,LAKEVIEWDRSR46W,0,NONE
ELLETTSVILLE PD,SALE AND ASSOCIATION,MONROE,RICHLAND,ELLETTSVILLE,9/29/22,7:05 AM,1,,1,0,0,,S SALE ST,,,,,S SALE ST,W ASSOCIATION ST,,,,Y,,0,,39.23314911,-86.62547332,LOCAL/CITY ROAD,,,,URBAN,N,N,N,,DARK (LIGHTED),CLEAR,DRY,,FOUR-WAY INTERSECTION,,ASPHALT,FAILURE TO YIELD RIGHT OF WAY,UNDER $1001,LEFT TURN,WASSOCIATIONSTSSALEST,1,
MONROE SD,M22A9191,MONROE,BLOOMINGTON,BLOOMINGTON,4/23/22,7:17 AM,1,,0,0,0,,W ARLINGTON RD,,,,,W ARLINGTON RD,N STONEYBROOK BLVD,,,,N,,0,,39.20154165,-86.56093142,COUNTY ROAD,,,,RURAL,N,N,N,,DAYLIGHT,CLEAR,DRY,,NO JUNCTION INVOLVED,,ASPHALT,UNSAFE SPEED,$5001 TO $10000,RAN OFF ROAD,WARLINGTONRDNSTONEYBROOKBLVD,0,
ELLETTSVILLE PD,E22-02611,MONROE,RICHLAND,ELLETTSVILLE,7/13/22,3:07 PM,2,,0,0,0,,N SMITH PIKE,,,,,N SMITH PIKE,W STATE RD 46,,,,Y,,0,,39.20989389,-86.58282086,LOCAL/CITY ROAD,,,,RURAL,N,N,N,,DAYLIGHT,CLEAR,DRY,,NO JUNCTION INVOLVED,,ASPHALT,OTHER (DRIVER) - EXPLAIN IN NARRATIVE,UNDER $1001,REAR END,WSTATERD46NSMITHPIKE,0,