Agency,Local Code,County,Township,City,Collision Date,Collision Time,Vehicles Involved,Trailers Involved,Number Injured,Number Dead,Number Deer,House Number,Roadway Name,Roadway Suffix,Roadway Number,Roadway Interchange,Roadway Ramp,Roadway Id,Intersecting Road,Intersecting Road Number,Mile Marker,Interchange,Corporate Limits?,Property Type,Feet From,Direction,Latitude,Longitude,Roadway Class,Traffic Control Devices?,Aggressive Driving?,Hit and Run?,Locality,School Zone?,Rumble Strips?,Construction?,Construction Type,Light Condition,Weather Conditions,Surface Condition,Type of Median,Roadway Junction Type,Road Character,Roadway Surface,Primary Factor,Damage Estimate,Manner of Collision,Unique Location Id,State Property Damage?,Traffic Control
MONROE SD,M22A18826,MONROE,PERRY,BLOOMINGTON,8/3/22,12:50 PM,2,,0,0,0,,S SR 37,,,,,S SR 37,S VICTOR PIKE,,,,N,,0,,39.1055865,-86.551363,STATE ROAD,,,,RURAL,N,Y,N,,DAYLIGHT,CLEAR,DRY,,T-INTERSECTION,,ASPHALT,DISREGARD SIGNAL/REG SIGN,$25001 TO $50000,RIGHT ANGLE,SVICTORPIKESSR37,0,
MONROE SD,M22A9320,MONROE,PERRY,,4/24/22,10:01 AM,2,,0,0,0,,S ROGERS ST,,,,,S ROGERS ST,W GREEN RD,,,,N,,0,,39.13111026,-86.53856298,,,,,URBAN,N,N,N,,DAYLIGHT,CLEAR,DRY,,T-INTERSECTION,,ASPHALT,OTHER (DRIVER) - EXPLAIN IN NARRATIVE,$5001 TO $10000,RIGHT ANGLE,WGREENRDSROGERSST,0,
MONROE SD,M22A24810,MONROE,PERRY,BLOOMINGTON,10/9/22,7:52 PM,1,,0,0,1,,W TAPP RD,,,,,W TAPP RD,S DEBORAH DR.,,,,N,,655,,39.13674119,-86.56939201,LOCAL/CITY ROAD,,,,URBAN,N,N,N,,DARK (LIGHTED),CLEAR,DRY,,NO JUNCTION INVOLVED,,ASPHALT,ANIMAL/OBJECT IN ROADWAY,$2501 TO $5000,COLLISION WITH DEER,WTAPPRDSDEBORAHDR.,0,
BLOOMINGTON PD,B22-06022,MONROE,PERRY,BLOOMINGTON,2/23/22,7:15 AM,2,,2,0,0,,E MOORES PIKE,,,,,E MOORES PIKE,S RENWICK BLVD,,,,Y,,0,,39.15045414,-86.50030394,,,,,URBAN,N,N,N,,DAWN/DUSK,CLEAR,DRY,,NO JUNCTION INVOLVED,,ASPHALT,FOLLOWING TOO CLOSELY,$1001 TO $2500,REAR END,SRENWICKBLVDEMOORESPIKE,0,
BLOOMINGTON PD,B22-34450,MONROE,BLOOMINGTON,BLOOMINGTON,8/30/22,1:15 PM,2,,0,0,0,,W 17TH ST,,,,,W 17TH ST,N KINSER PIKE,,,,Y,,300,,39.17903968,-86.5384809,LOCAL/CITY ROAD,,,,URBAN,N,N,N,,DAYLIGHT,CLEAR,DRY,,FOUR-WAY INTERSECTION,,ASPHALT,FAILURE TO YIELD RIGHT OF WAY,$5001 TO $10000,RIGHT ANGLE,W17THSTNKINSERPIKE,0,
MONROE SD,M22A25077,MONROE,RICHLAND,BLOOMINGTON,10/12/22,3:00 PM,2,,0,0,0,,LOUDEN RD,,,,,LOUDEN RD,W RATLIFF RD,,,,N,,0,,39.21664983,-86.63990803,COUNTY ROAD,,,,RURAL,N,N,N,,DAYLIGHT,CLOUDY,DRY,,FOUR-WAY INTERSECTION,,ASPHALT,DISREGARD SIGNAL/REG SIGN,$10001 TO $25000,RIGHT ANGLE,WRATLIFFRDLOUDENRD,0,
BLOOMINGTON PD,B22-27150,MONROE,BLOOMINGTON,BLOOMINGTON,7/15/22,11:30 PM,2,,1,0,0,,N COLLEGE AVE,,,,,N COLLEGE AVE,W 11TH ST,,,,Y,,0,,39.17327591,-86.53485113,LOCAL/CITY ROAD,,,,URBAN,N,N,N,,DARK (LIGHTED),CLOUDY,WET,,T-INTERSECTION,,ASPHALT,DISREGARD SIGNAL/REG SIGN,$10001 TO $25000,RIGHT ANGLE,W11THSTNCOLLEGEAVE,0,
BLOOMINGTON PD,B22-39882,MONROE,PERRY,BLOOMINGTON,9/29/22,11:16 AM,1,,0,0,0,,S HENDERSON ST,,,,,S HENDERSON ST,E GRAHAM PL,,,,Y,,0,,39.13940539,-86.52698155,PRIVATE DRIVE,,,,URBAN,N,N,N,,DARK (NOT LIGHTED),CLOUDY,DRY,,FOUR-WAY INTERSECTION,,ASPHALT,OTHER (DRIVER) - EXPLAIN IN NARRATIVE,$10001 TO $25000,OTHER - EXPLAIN IN NARRATIVE,SHENDERSONSTEGRAHAMPL,0,
BLOOMINGTON PD,B22-37141,MONROE,BLOOMINGTON,BLOOMINGTON,9/14/22,2:30 PM,1,,0,0,0,,W ST RD 45/46 BYPASS,,,,,W ST RD 45/46 BYPASS,I69 NB ON RAMP,,,,Y,,53,,39.18694956,-86.55139573,STATE ROAD,,,,URBAN,N,N,N,,DAYLIGHT,CLEAR,DRY,,NO JUNCTION INVOLVED,,CONCRETE,OTHER (VEHICLE) - EXPLAIN IN NARRATIVE,$5001 TO $10000,OTHER - EXPLAIN IN NARRATIVE,WSTRD45/46BYPASSI69NBONRAMP,0,
BLOOMINGTON PD,B22-14516,MONROE,BLOOMINGTON,BLOOMINGTON,4/23/22,6:06 PM,3,,0,0,0,,E 3RD ST,,,,,E 3RD ST,STATE RD 46,,,,Y,,0,,39.16430407,-86.47206583,LOCAL/CITY ROAD,,,,URBAN,N,N,N,,DAYLIGHT,CLEAR,DRY,,FOUR-WAY INTERSECTION,,ASPHALT,FOLLOWING TOO CLOSELY,$2501 TO $5000,REAR END,STATERD46E3RDST,0,
BLOOMINGTON PD,B22-14103,MONROE,BLOOMINGTON,BLOOMINGTON,4/21/22,7:28 PM,1,,0,0,0,,E 3RD ST,,,,,E 3RD ST,S KINGSTON DR,,,,Y,,475,,39.16429235,-86.49200446,LOCAL/CITY ROAD,,,,URBAN,N,N,N,,DAYLIGHT,CLEAR,DRY,,NO JUNCTION INVOLVED,,ASPHALT,DRIVER DISTRACTED - EXPLAIN IN NARRATIVE,$50001 TO $100000,RAN OFF ROAD,SKINGSTONDRE3RDST,0,
BLOOMINGTON PD,B22-17553,MONROE,BLOOMINGTON,BLOOMINGTON,5/13/22,12:53 PM,2,,0,0,0,,N COLLEGE AVE,,,,,N COLLEGE AVE,W 12TH ST,,,,Y,,0,,39.17486961,-86.53478312,PRIVATE DRIVE,,,,URBAN,N,N,N,,DAYLIGHT,CLEAR,DRY,,NO JUNCTION INVOLVED,,ASPHALT,UNSAFE BACKING,UNDER $1001,BACKING CRASH,W12THSTNCOLLEGEAVE,0,
BLOOMINGTON PD,B22-02718,MONROE,,BLOOMINGTON,1/25/22,12:51 PM,2,,0,0,0,,E 11TH ST,,,,,E 11TH ST,N PARK AVE,,,,Y,,0,,39.173432,-86.524688,LOCAL/CITY ROAD,,,,URBAN,N,N,N,,DAYLIGHT,CLEAR,DRY,,FOUR-WAY INTERSECTION,,ASPHALT,FAILURE TO YIELD RIGHT OF WAY,$2501 TO $5000,RIGHT ANGLE,NPARKAVEE11THST,0,
BLOOMINGTON PD,B22-41922,MONROE,PERRY,BLOOMINGTON,10/11/22,8:46 AM,2,,0,0,0,,W 3RD ST,,,,,W 3RD ST,W MULLER PKWY,,,,Y,,100,,39.1644458,-86.56246261,LOCAL/CITY ROAD,,,,URBAN,N,N,N,,DAYLIGHT,CLEAR,DRY,,NO JUNCTION INVOLVED,,ASPHALT,FOLLOWING TOO CLOSELY,$10001 TO $25000,REAR END,WMULLERPKWYW3RDST,0,
ISP BLOOMINGTON 33,2.022E+11,MONROE,RICHLAND,ELLETTSVILLE,1/20/22,2:52 PM,2,,1,0,0,,STATE RD 46,,,,,STATE RD 46,N LAKEVIEW DR,,,,Y,,0,,39.22145753,-86.6061386,STATE ROAD,,,,URBAN,N,N,N,,DAYLIGHT,CLEAR,DRY,,NO JUNCTION INVOLVED,,ASPHALT,FAILURE TO YIELD RIGHT OF WAY,$2501 TO $5000,RIGHT ANGLE,STATERD46NLAKEVIEWDR,0,
BLOOMINGTON PD,B22-37517,MONROE,BLOOMINGTON,BLOOMINGTON,9/16/22,6:14 PM,2,,0,0,0,,E 10TH ST,,,,,E 10TH ST,N PETE ELLIS DR,,,,Y,,0,,39.17145606,-86.49530178,LOCAL/CITY ROAD,,,,URBAN,N,N,N,,DAYLIGHT,CLEAR,DRY,,FOUR-WAY INTERSECTION,,ASPHALT,FOLLOWING TOO CLOSELY,$2501 TO $5000,REAR END,NPETEELLISDRE10THST,0,
BLOOMINGTON PD,B22-11176,MONROE,BLOOMINGTON,BLOOMINGTON,4/1/22,2:30 PM,3,,2,0,0,,STATE ROAD 45 46,,,,,STATE ROAD 45 46,N DUNN,,,,Y,,0,,39.18631388,-86.52843007,STATE ROAD,,,,URBAN,N,N,N,,DAYLIGHT,CLEAR,DRY,,FOUR-WAY INTERSECTION,,ASPHALT,UNSAFE SPEED,$5001 TO $10000,REAR END,STATEROAD4546NDUNN,0,
ELLETTSVILLE PD,E22-02340,MONROE,RICHLAND,ELLETTSVILLE,6/23/22,7:20 PM,2,,2,0,0,,N MATHEWS DR,,,,,N MATHEWS DR,W MCNEELEY ST,,,,Y,,0,,39.23806688,-86.62396626,LOCAL/CITY ROAD,,,,URBAN,N,N,N,,DAYLIGHT,CLEAR,DRY,,NO JUNCTION INVOLVED,,ASPHALT,FAILURE TO YIELD RIGHT OF WAY,$10001 TO $25000,RIGHT ANGLE,WMCNEELEYSTNMATHEWSDR,0,
INDIANA UNIV BLOOMINGTON PD,220855,MONROE,BLOOMINGTON,BLOOMINGTON,3/5/22,5:20 PM,1,,1,0,0,,E 10TH ST,,,,,E 10TH ST,N SUNRISE DR,,,,Y,,0,,39.17157723,-86.51248134,LOCAL/CITY ROAD,,,,URBAN,N,N,N,,DAYLIGHT,CLEAR,DRY,,FOUR-WAY INTERSECTION,,ASPHALT,IMPROPER PASSING,$1001 TO $2500,LEFT TURN,NSUNRISEDRE10THST,1,
MONROE SD,M22A7390,MONROE,BENTON,BLOOMINGTON,4/1/22,7:24 AM,1,,0,0,0,,STATE RD 45,,,,,STATE RD 45,BENT PINE DR,,,,N,,634,,39.21367677,-86.45707328,STATE ROAD,,,,RURAL,N,N,N,,UNKNOWN,RAIN,WET,,NO JUNCTION INVOLVED,,ASPHALT,LEFT OF CENTER,$2501 TO $5000,RAN OFF ROAD,STATERD45BENTPINEDR,0,
MONROE SD,M22A17109,MONROE,PERRY,BLOOMINGTON,7/16/22,3:48 PM,2,,0,0,0,,E SCHACHT RD,,,,,E SCHACHT RD,S HARRELL RD,,,,N,,3800,,,,LOCAL/CITY ROAD,,,,RURAL,N,N,N,,DAYLIGHT,CLEAR,DRY,,NO JUNCTION INVOLVED,,ASPHALT,LEFT OF CENTER,$2501 TO $5000,OPPOSITE DIRECTION SIDESWIPE,SHARRELLRDESCHACHTRD,0,
BLOOMINGTON PD,B22-28183,MONROE,BLOOMINGTON,BLOOMINGTON,7/22/22,5:25 PM,2,,0,0,0,,I-69 SB OFF-RAMP,,,99,C,I-69 SB OFF-RAMP,W BLOOMFIELD RD,,,,Y,,0,,39.14702662,-86.57483478,INTERSTATE,,,,URBAN,N,N,N,,DAYLIGHT,CLEAR,DRY,,RAMP,,ASPHALT,FOLLOWING TOO CLOSELY,$2501 TO $5000,REAR END,WBLOOMFIELDRDI-69SBOFF-RAMP099C,0,
BLOOMINGTON PD,B22-10158,MONROE,PERRY,BLOOMINGTON,3/25/22,11:22 AM,2,,0,0,0,,W BLOOMFIELD RD,,,,,W BLOOMFIELD RD,S LANDMARK AVE,,,,Y,,0,,39.159933,-86.55386,LOCAL/CITY ROAD,,,,URBAN,N,N,N,,DAYLIGHT,CLOUDY,DRY,,FOUR-WAY INTERSECTION,,ASPHALT,FOLLOWING TOO CLOSELY,$2501 TO $5000,REAR END,WBLOOMFIELDRDSLANDMARKAVE,0,
BLOOMINGTON PD,B22-19245,MONROE,VAN BUREN,BLOOMINGTON,5/25/22,9:40 AM,1,,1,0,0,,4685 S LEONARD SPRINGS RD,,,,,4685 S LEONARD SPRINGS RD,,,,,Y,,0,,39.11828793,-86.591577,PRIVATE DRIVE,,,,RURAL,N,N,N,,DAYLIGHT,CLOUDY,DRY,,NO JUNCTION INVOLVED,,GRAVEL,OVERCORRECTING/OVERSTEERING,$1001 TO $2500,RAN OFF ROAD,4685SLEONARDSPRINGSRD,0,
BLOOMINGTON PD,B22-33068,MONROE,BLOOMINGTON,BLOOMINGTON,8/22/22,8:32 PM,2,,0,0,0,,E 12TH ST,,,,,E 12TH ST,N GRANT,,,,Y,,150,,39.17439269,-86.52897484,,,,,URBAN,N,N,N,,DAWN/DUSK,CLEAR,DRY,,T-INTERSECTION,,ASPHALT,FAILURE TO YIELD RIGHT OF WAY,$1001 TO $2500,RIGHT ANGLE,NGRANTE12THST,0,
ELLETTSVILLE PD,E2203287,MONROE,RICHLAND,ELLETTSVILLE,8/29/22,6:05 PM,2,0,0,0,0,4444,WEST STATE ROAD 46,RD,,,,WEST STATE ROAD 46,,,,,Y,,,,39.215124,-86.591774,OTHER,,N,N,URBAN,N,N,N,,DAYLIGHT,CLOUDY,DRY,,NO JUNCTION INVOLVED,NON-ROADWAY CRASH,ASPHALT,UNSAFE BACKING,$1001 TO $2500,BACKING CRASH,WESTSTATEROAD46RD,0,NONE
INDIANA UNIV BLOOMINGTON PD,223798,MONROE,BLOOMINGTON,BLOOMINGTON,10/7/22,3:00 PM,3,,1,0,0,,E 3RD ST,,,,,E 3RD ST,S FESS AVE,,,,Y,,0,,39.16429582,-86.52531034,LOCAL/CITY ROAD,,,,URBAN,N,N,N,,DAYLIGHT,CLEAR,DRY,,NO JUNCTION INVOLVED,,ASPHALT,FOLLOWING TOO CLOSELY,$5001 TO $10000,REAR END,SFESSAVEE3RDST,0,
MONROE SD,M22A2727,MONROE,PERRY,BLOOMINGTON,2/4/22,2:10 AM,1,,0,0,0,,INTERSTATE 69,,,,,INTERSTATE 69,SOUTH STATE ROAD 37,,114.5,,N,,0,,39.11107904,-86.5602005,STATE ROAD,,,,RURAL,N,N,N,,DAYLIGHT,CLOUDY,SNOW/SLUSH,,INTERCHANGE,,ASPHALT,ROADWAY SURFACE CONDITION,$5001 TO $10000,RAN OFF ROAD,SOUTHSTATEROAD37INTERSTATE69,0,
ISP BLOOMINGTON 33,2.022E+11,MONROE,POLK,BLOOMINGTON,8/30/22,5:20 PM,2,,0,0,1,,STATE RD 446,,,,,STATE RD 446,TOWER RIDGE RD,,,,N,,500,,39.01822677,-86.40204562,STATE ROAD,,,,RURAL,N,N,N,,DAYLIGHT,CLEAR,DRY,,NO JUNCTION INVOLVED,,ASPHALT,ANIMAL/OBJECT IN ROADWAY,$5001 TO $10000,COLLISION WITH DEER,TOWERRIDGERDSTATERD446,0,
BLOOMINGTON PD,B22-32089,MONROE,PERRY,BLOOMINGTON,8/17/22,1:54 PM,2,,0,0,0,1717,S. WALNUT STREET,,,,,S. WALNUT STREET,,,,,Y,,0,,39.14787656,-86.5324331,PRIVATE DRIVE,,,,URBAN,N,N,N,,DAYLIGHT,CLEAR,DRY,,NO JUNCTION INVOLVED,,ASPHALT,UNSAFE BACKING,$1001 TO $2500,BACKING CRASH,S.WALNUTSTREET,0,
INDIANA UNIV BLOOMINGTON PD,223676,MONROE,BLOOMINGTON,BLOOMINGTON,9/30/22,2:55 PM,2,,0,0,0,,N FEE LN,,,,,N FEE LN,STATE RD 45,,,,Y,,0,,39.18579579,-86.51971526,LOCAL/CITY ROAD,,,,URBAN,N,N,N,,DAYLIGHT,CLEAR,DRY,,NO JUNCTION INVOLVED,,ASPHALT,DRIVER DISTRACTED - EXPLAIN IN NARRATIVE,UNDER $1001,REAR END,STATERD45NFEELN,0,
BLOOMINGTON PD,B22-22692,MONROE,PERRY,BLOOMINGTON,6/17/22,7:55 AM,2,,0,0,0,,S. WALNUT ST,,,,,S. WALNUT ST,E. HILLSIDE DR,,,,Y,,0,,,,LOCAL/CITY ROAD,,,,URBAN,N,N,N,,DAYLIGHT,CLOUDY,DRY,,FOUR-WAY INTERSECTION,,ASPHALT,FOLLOWING TOO CLOSELY,$5001 TO $10000,REAR END,S.WALNUTSTE.HILLSIDEDR,0,
MONROE SD,M22A23248,MONROE,VAN BUREN,BLOOMINGTON,9/21/22,4:20 PM,2,,0,0,0,,W BELLE AVE,,,,,W BELLE AVE,S CURRY PIKE,,,,N,,0,,39.16328263,-86.58286053,COUNTY ROAD,,,,RURAL,N,N,N,,DAYLIGHT,CLEAR,DRY,,T-INTERSECTION,,ASPHALT,FOLLOWING TOO CLOSELY,$2501 TO $5000,REAR END,WBELLEAVESCURRYPIKE,0,
BLOOMINGTON PD,B22-41789,MONROE,RICHLAND,BLOOMINGTON,10/10/22,12:25 PM,2,,0,0,0,,380 N. JACOB DRIVE,,,,,380 N. JACOB DRIVE,,,,,Y,,0,,0,0,PRIVATE DRIVE,,,,URBAN,N,N,N,,DAYLIGHT,CLEAR,DRY,,NO JUNCTION INVOLVED,,ASPHALT,UNSAFE BACKING,$2501 TO $5000,BACKING CRASH,380N.JACOBDRIVE,0,
BLOOMINGTON PD,B22-35773,MONROE,BLOOMINGTON,BLOOMINGTON,9/6/22,7:03 PM,2,,1,0,0,,N LINCOLN ST,,,,,N LINCOLN ST,E 7TH ST,,,,Y,,0,,39.16858248,-86.53105921,LOCAL/CITY ROAD,,,,URBAN,N,N,N,,DAYLIGHT,CLEAR,DRY,,FOUR-WAY INTERSECTION,,ASPHALT,FAILURE TO YIELD RIGHT OF WAY,$2501 TO $5000,RIGHT ANGLE,NLINCOLNSTE7THST,0,
MONROE SD,M22A13670,MONROE,PERRY,BLOOMINGTON,6/10/22,3:07 PM,2,,2,0,0,,S. FAIRFAX ROAD,,,,,S. FAIRFAX ROAD,E SCHACHT RD,,,,N,,0,,39.10697482,-86.52404971,LOCAL/CITY ROAD,,,,RURAL,N,N,N,,DAYLIGHT,CLEAR,DRY,,T-INTERSECTION,,ASPHALT,LEFT OF CENTER,$25001 TO $50000,HEAD ON BETWEEN TWO MOTOR VEHICLES,S.FAIRFAXROADESCHACHTRD,0,
MONROE SD,M22A22463,MONROE,RICHLAND,BLOOMINGTON,9/12/22,3:01 PM,1,,0,0,0,,W VERNAL PIKE,,,,,W VERNAL PIKE,N THOMAS RD,,,,N,,0,,39.18907778,-86.63013843,COUNTY ROAD,,,,URBAN,N,N,N,,DAYLIGHT,CLEAR,DRY,,NO JUNCTION INVOLVED,,ASPHALT,OTHER (DRIVER) - EXPLAIN IN NARRATIVE,$5001 TO $10000,RAN OFF ROAD,WVERNALPIKENTHOMASRD,0,
ELLETTSVILLE PD,E2201821,MONROE,RICHLAND,ELLETTSVILLE,5/11/22,5:41 PM,2,0,0,0,0,,,,SR46W,,,SR46W,DEPOT,,,,Y,,300,E,39.232376,-86.62008998,STATE ROAD,,N,N,URBAN,N,N,N,,DAYLIGHT,CLOUDY,DRY,,NO JUNCTION INVOLVED,CURVE/LEVEL,ASPHALT,UNSAFE LANE MOVEMENT,$2501 TO $5000,SAME DIRECTION SIDESWIPE,DEPOTRDSR46W,0,NONE
BLOOMINGTON PD,B22-17935,MONROE,VAN BUREN,BLOOMINGTON,5/16/22,9:46 AM,1,,0,0,0,,S CURRY PIKE,,,,,S CURRY PIKE,W STATE RD 45,,,,Y,,100,,39.14201541,-86.58255406,STATE ROAD,,,,URBAN,N,N,N,,DAYLIGHT,CLEAR,WET,,FOUR-WAY INTERSECTION,,ASPHALT,UNDER STEERING/UNDER CORRECTING,$1001 TO $2500,RAN OFF ROAD,WSTATERD45SCURRYPIKE,0,
BLOOMINGTON PD,B22-03809,MONROE,BLOOMINGTON,BLOOMINGTON,2/3/22,6:18 AM,1,,0,0,0,,S LINCOLN ST,,,,,S LINCOLN ST,E 4TH ST,,,,Y,,0,,39.16577511,-86.53105563,LOCAL/CITY ROAD,,,,URBAN,N,N,N,,DARK (LIGHTED),SNOW,SNOW/SLUSH,,NO JUNCTION INVOLVED,,ASPHALT,ROADWAY SURFACE CONDITION,$2501 TO $5000,RAN OFF ROAD,SLINCOLNSTE4THST,0,
ISP BLOOMINGTON 33,2022-00195178,MONROE,VAN BUREN,BLOOMINGTON,5/1/22,1:15 PM,1,,1,0,0,,W MAY RD,,,,,W MAY RD,S ROCKPORT RD,,,,N,,370,,39.09331654,-86.5875505,COUNTY ROAD,,,,RURAL,N,N,N,,DAYLIGHT,CLEAR,DRY,,NO JUNCTION INVOLVED,,ASPHALT,UNSAFE LANE MOVEMENT,$2501 TO $5000,,WMAYRDSROCKPORTRD,0,
ISP BLOOMINGTON 33,2.022E+11,MONROE,PERRY,BLOOMINGTON,4/30/22,7:43 PM,2,,0,0,0,,W 3RD ST,,,,,W 3RD ST,INTERSTATE 69,,,,Y,,0,,39.16475153,-86.5738302,INTERSTATE,,,,URBAN,N,N,N,,DAYLIGHT,RAIN,WET,,INTERCHANGE,,ASPHALT,SPEED TOO FAST FOR WEATHER CONDITIONS,$2501 TO $5000,REAR END,W3RDSTINTERSTATE69,0,
BLOOMINGTON PD,B22-22936,MONROE,BLOOMINGTON,BLOOMINGTON,6/18/22,10:00 PM,1,,0,0,1,,N MONROE ST,,,,,N MONROE ST,STATE RD 46,,,,Y,,0,,39.18680028,-86.54716979,,,,,URBAN,N,N,N,,DARK (NOT LIGHTED),CLEAR,DRY,,FOUR-WAY INTERSECTION,,ASPHALT,ANIMAL/OBJECT IN ROADWAY,$1001 TO $2500,COLLISION WITH DEER,STATERD46NMONROEST,0,
BLOOMINGTON PD,B22-02756,MONROE,PERRY,BLOOMINGTON,1/25/22,6:16 PM,2,,0,0,0,,S PATTERSON DR,,,,,S PATTERSON DR,W BLOOMFIELD RD,,,,Y,,0,,39.16057635,-86.54836539,LOCAL/CITY ROAD,,,,URBAN,N,N,N,,DAYLIGHT,CLEAR,DRY,,FOUR-WAY INTERSECTION,,ASPHALT,FAILURE TO YIELD RIGHT OF WAY,$2501 TO $5000,SAME DIRECTION SIDESWIPE,WBLOOMFIELDRDSPATTERSONDR,0,
BLOOMINGTON PD,B22-37726,MONROE,BLOOMINGTON,BLOOMINGTON,9/18/22,1:49 AM,1,,0,1,0,,N WALNUT ST,,,,,N WALNUT ST,E 12TH ST,,,,Y,,0,,39.1742856,-86.53356976,LOCAL/CITY ROAD,,,,URBAN,N,N,N,,DARK (LIGHTED),CLEAR,DRY,,FOUR-WAY INTERSECTION,,ASPHALT,OTHER (DRIVER) - EXPLAIN IN NARRATIVE,$1001 TO $2500,OTHER - EXPLAIN IN NARRATIVE,NWALNUTSTE12THST,1,
BLOOMINGTON PD,B22-08080,MONROE,PERRY,BLOOMINGTON,3/11/22,2:52 AM,1,,0,0,0,,S ROGERS ST,,,,,S ROGERS ST,W RALSTON DR,,,,Y,,211,,39.13871602,-86.53853363,LOCAL/CITY ROAD,,,,URBAN,N,N,N,,DARK (NOT LIGHTED),CLEAR,DRY,,T-INTERSECTION,,ASPHALT,UNSAFE LANE MOVEMENT,$2501 TO $5000,OTHER - EXPLAIN IN NARRATIVE,WRALSTONDRSROGERSST,0,
ELLETTSVILLE PD,E2201384,MONROE,RICHLAND,ELLETTSVILLE,4/15/22,8:45 PM,1,0,0,0,1,,,,SR46W,,,SR46W,DEER PARK,,,,Y,,100,W,39.21215347,-86.58752598,STATE ROAD,,N,N,URBAN,N,N,N,,DARK (LIGHTED),CLOUDY,DRY,,NO JUNCTION INVOLVED,STRAIGHT/LEVEL,ASPHALT,ANIMAL/OBJECT IN ROADWAY,UNDER $1001,COLLISION WITH DEER,DEERPARKDRSR46W,0,NONE
BLOOMINGTON PD,B22-40148,MONROE,PERRY,BLOOMINGTON,10/1/22,12:01 AM,2,,0,0,0,,W COUNTRY CLUB DR,,,,,W COUNTRY CLUB DR,S MADISON ST,,,,Y,,0,,39.13598344,-86.53636057,PRIVATE DRIVE,,,,URBAN,N,N,N,,DARK (NOT LIGHTED),CLEAR,DRY,,NO JUNCTION INVOLVED,,ASPHALT,UNSAFE BACKING,$1001 TO $2500,BACKING CRASH,WCOUNTRYCLUBDRSMADISONST,0,
BLOOMINGTON PD,B22-03682,MONROE,PERRY,BLOOMINGTON,2/2/22,2:45 PM,2,,1,0,0,,S KINGSTON DR,,,,,S KINGSTON DR,E 3RD ST,,,,N,,0,,39.16346549,-86.49310838,LOCAL/CITY ROAD,,,,URBAN,N,N,N,,DAYLIGHT,RAIN,WET,,FOUR-WAY INTERSECTION,,ASPHALT,FAILURE TO YIELD RIGHT OF WAY,$1001 TO $2500,RIGHT ANGLE,SKINGSTONDRE3RDST,0,
BLOOMINGTON PD,B22-29358,MONROE,PERRY,BLOOMINGTON,7/31/22,2:03 PM,2,,0,0,0,,S CLARIZZ BLVD,,,,,S CLARIZZ BLVD,E COVENANTER DR,,,,Y,,0,,39.15298991,-86.49065909,LOCAL/CITY ROAD,,,,URBAN,N,N,N,,DAYLIGHT,CLEAR,DRY,,NO JUNCTION INVOLVED,,ASPHALT,UNSAFE LANE MOVEMENT,$1001 TO $2500,SAME DIRECTION SIDESWIPE,SCLARIZZBLVDECOVENANTERDR,0,
BLOOMINGTON PD,B22-19586,MONROE,PERRY,BLOOMINGTON,5/27/22,3:30 PM,2,,0,0,0,350,S LANDMARK AVE,,,,,S LANDMARK AVE,,,,,Y,,0,,39.16362564,-86.55630815,PRIVATE DRIVE,,,,URBAN,N,N,N,,DAYLIGHT,CLOUDY,WET,,NO JUNCTION INVOLVED,,ASPHALT,UNSAFE BACKING,UNDER $1001,BACKING CRASH,SLANDMARKAVE,0,
BLOOMINGTON PD,B22-25860,MONROE,PERRY,BLOOMINGTON,7/7/22,3:52 PM,2,,0,0,0,,S ROGERS ST,,,,,S ROGERS ST,W COUNTRY CLUB DR,,,,Y,,0,,39.13604436,-86.53825514,LOCAL/CITY ROAD,,,,URBAN,N,N,N,,DAYLIGHT,RAIN,WET,,FOUR-WAY INTERSECTION,,ASPHALT,FOLLOWING TOO CLOSELY,$1001 TO $2500,REAR END,WCOUNTRYCLUBDRSROGERSST,0,
INDIANA UNIV BLOOMINGTON PD,223704,MONROE,BLOOMINGTON,BLOOMINGTON,10/2/22,3:00 PM,2,,0,0,0,1100,E 13TH ST.,,,,,E 13TH ST.,,,,,Y,,0,,39.17493915,-86.52088468,PRIVATE DRIVE,,,,URBAN,N,N,N,,DAYLIGHT,CLEAR,DRY,,NO JUNCTION INVOLVED,,ASPHALT,UNSAFE BACKING,$1001 TO $2500,BACKING CRASH,E13THST.,0,
ISP BLOOMINGTON 33,2.022E+11,MONROE,WASHINGTON,BLOOMINGTON,5/31/22,11:08 AM,1,,0,0,0,,RAMP I69-125-G,,,125,G,RAMP I69-125-G,,,,,N,,0,,39.267204,-86.52376122,INTERSTATE,,,,RURAL,N,N,N,,DAYLIGHT,CLEAR,DRY,,RAMP,,ASPHALT,INSECURE/LEAKY LOAD,OVER $100000,OTHER - EXPLAIN IN NARRATIVE,RAMPI69-125-G125G,0,
BLOOMINGTON PD,B22-18743,MONROE,PERRY,BLOOMINGTON,5/21/22,7:58 PM,2,,0,0,0,,W COUNTRY CLUB DR,,,,,W COUNTRY CLUB DR,S MADISON ST,,,,Y,,150,,39.13597668,-86.5369091,LOCAL/CITY ROAD,,,,URBAN,N,N,N,,DAYLIGHT,CLOUDY,DRY,,NO JUNCTION INVOLVED,,ASPHALT,FOLLOWING TOO CLOSELY,$1001 TO $2500,REAR END,WCOUNTRYCLUBDRSMADISONST,0,