Agency,Local Code,County,Township,City,Collision Date,Collision Time,Vehicles Involved,Trailers Involved,Number Injured,Number Dead,Number Deer,House Number,Roadway Name,Roadway Suffix,Roadway Number,Roadway Interchange,Roadway Ramp,Roadway Id,Intersecting Road,Intersecting Road Number,Mile Marker,Interchange,Corporate Limits?,Property Type,Feet From,Direction,Latitude,Longitude,Roadway Class,Traffic Control Devices?,Aggressive Driving?,Hit and Run?,Locality,School Zone?,Rumble Strips?,Construction?,Construction Type,Light Condition,Weather Conditions,Surface Condition,Type of Median,Roadway Junction Type,Road Character,Roadway Surface,Primary Factor,Damage Estimate,Manner of Collision,Unique Location Id,State Property Damage?,Traffic Control
BLOOMINGTON PD,B22-26317,MONROE,BLOOMINGTON,BLOOMINGTON,7/10/22,5:47 AM,2,,0,0,0,,N. WALNUT ST,,,,,N. WALNUT ST,N. FRITZ DR,,,,Y,,0,,,,LOCAL/CITY ROAD,,,,URBAN,N,N,N,,DAYLIGHT,CLEAR,DRY,,T-INTERSECTION,,ASPHALT,FOLLOWING TOO CLOSELY,$5001 TO $10000,REAR END,N.WALNUTSTN.FRITZDR,0,
BLOOMINGTON PD,B22-12045,MONROE,PERRY,BLOOMINGTON,4/7/22,3:55 PM,2,,0,0,0,,S COLLEGE AVE,,,,,S COLLEGE AVE,W 1ST ST,,,,Y,,0,,39.15933506,-86.53497166,LOCAL/CITY ROAD,,,,URBAN,N,N,N,,DAYLIGHT,CLOUDY,WET,,FOUR-WAY INTERSECTION,,ASPHALT,DISREGARD SIGNAL/REG SIGN,$5001 TO $10000,RIGHT ANGLE,W1STSTSCOLLEGEAVE,0,
ELLETTSVILLE PD,E2201010,MONROE,RICHLAND,ELLETTSVILLE,3/21/22,1:30 PM,2,0,0,0,0,,,,SR46W,,,SR46W,FOREST PARK,,,,Y,,,,39.212048,-86.5872,STATE ROAD,,N,N,RURAL,N,N,N,,DAYLIGHT,CLEAR,DRY,,NO JUNCTION INVOLVED,STRAIGHT/LEVEL,ASPHALT,FAILURE TO YIELD RIGHT OF WAY,$10001 TO $25000,LEFT TURN,FORESTPARKDRSR46W,0,LANE CONTROL
BLOOMINGTON PD,B22-36748,MONROE,BLOOMINGTON,BLOOMINGTON,9/12/22,1:09 PM,2,,0,0,0,,N. COLLEGE AVE,,,,,N. COLLEGE AVE,9TH ST,,,,Y,,200,,39.170455,-86.534838,LOCAL/CITY ROAD,,,,URBAN,N,N,N,,DAYLIGHT,CLOUDY,DRY,,NO JUNCTION INVOLVED,,ASPHALT,UNSAFE LANE MOVEMENT,$2501 TO $5000,SAME DIRECTION SIDESWIPE,N.COLLEGEAVE9THST,0,
MONROE SD,M22A4881,MONROE,VAN BUREN,BLOOMINGTON,3/1/22,5:58 PM,2,,0,0,0,1285,S LIBERTY DR,,,,,S LIBERTY DR,,,,,N,,0,,39.15848096,-86.57754368,PRIVATE DRIVE,,,,RURAL,N,N,N,,DAYLIGHT,CLEAR,DRY,,NO JUNCTION INVOLVED,,ASPHALT,UNSAFE BACKING,UNDER $1001,BACKING CRASH,SLIBERTYDR,0,
BLOOMINGTON PD,B22-05131,MONROE,BLOOMINGTON,BLOOMINGTON,2/15/22,4:40 AM,2,,1,0,0,,E 3RD ST,,,,,E 3RD ST,STATE RD 446,,,,Y,,150,,39.16439043,-86.47211676,LOCAL/CITY ROAD,,,,URBAN,N,N,N,,DAYLIGHT,CLEAR,DRY,,NO JUNCTION INVOLVED,,ASPHALT,FOLLOWING TOO CLOSELY,$2501 TO $5000,REAR END,STATERD446E3RDST,0,
MONROE SD,M22A19282,MONROE,SALT CREEK,BLOOMINGTON,8/8/22,8:44 AM,2,,0,0,0,,STATE RD 46,,,,,STATE RD 46,LOWER BIRDIE GALYAN RD,,,,N,,0,,39.1626939,-86.41335115,STATE ROAD,,,,RURAL,N,N,N,,DAWN/DUSK,CLEAR,DRY,,T-INTERSECTION,,ASPHALT,IMPROPER TURNING,UNDER $1001,HEAD ON BETWEEN TWO MOTOR VEHICLES,STATERD46LOWERBIRDIEGALYANRD,0,
BLOOMINGTON PD,B22-14245,MONROE,BLOOMINGTON,BLOOMINGTON,4/22/22,4:31 PM,2,,0,0,0,2796,N OLD STATE ROAD 37,,,,,N OLD STATE ROAD 37,,,,,N,,0,,39.19805241,-86.53680272,PRIVATE DRIVE,,,,URBAN,N,N,N,,DAYLIGHT,CLEAR,DRY,,NO JUNCTION INVOLVED,,ASPHALT,UNSAFE BACKING,$1001 TO $2500,REAR END,NOLDSTATEROAD37,0,
BLOOMINGTON PD,B22-39225,MONROE,WASHINGTON,BLOOMINGTON,9/27/22,5:15 AM,2,,0,0,0,,I-69,,,,,I-69,,,,,N,,0,,39.32921846,-86.51542372,INTERSTATE,,,,RURAL,N,Y,N,,DARK (NOT LIGHTED),CLEAR,DRY,,NO JUNCTION INVOLVED,,ASPHALT,UNDER STEERING/UNDER CORRECTING,$10001 TO $25000,SAME DIRECTION SIDESWIPE,I-69,0,
BLOOMINGTON PD,B22-17799,MONROE,PERRY,BLOOMINGTON,5/15/22,1:48 AM,1,,0,0,0,,S WALNUT ST,,,,,S WALNUT ST,,,,,N,,0,,39.14830307,-86.5330414,PRIVATE DRIVE,,,,URBAN,N,N,N,,DARK (NOT LIGHTED),CLOUDY,WET,,NO JUNCTION INVOLVED,,ASPHALT,UNSAFE LANE MOVEMENT,$1001 TO $2500,RAN OFF ROAD,SWALNUTST,0,
MONROE SD,M22A16599,MONROE,BEAN BLOSSOM,ELLETTSVILLE,7/11/22,12:25 PM,1,,1,0,0,,W CHAFIN CHAPEL RD,,,,,W CHAFIN CHAPEL RD,RODEO DR,,,,N,,0,,39.25960195,-86.64515262,LOCAL/CITY ROAD,,,,RURAL,N,N,N,,DAYLIGHT,CLEAR,DRY,,T-INTERSECTION,,ASPHALT,PEDESTRIAN ACTION,UNDER $1001,OTHER - EXPLAIN IN NARRATIVE,WCHAFINCHAPELRDRODEODR,1,
BLOOMINGTON PD,B22-05826,MONROE,BLOOMINGTON,BLOOMINGTON,2/21/22,3:36 PM,2,,2,1,0,,N KINSER PIKE,,,,,N KINSER PIKE,STATE RD 46,,,,Y,,0,,39.18642964,-86.53773147,LOCAL/CITY ROAD,,,,URBAN,N,N,N,,DAYLIGHT,CLEAR,DRY,,FOUR-WAY INTERSECTION,,CONCRETE,FAILURE TO YIELD RIGHT OF WAY,$10001 TO $25000,RIGHT ANGLE,STATERD46NKINSERPIKE,0,
BLOOMINGTON PD,B22-28520,MONROE,BLOOMINGTON,BLOOMINGTON,7/25/22,7:05 PM,2,,0,0,0,,W 3RD ST,,,,,W 3RD ST,I69 NB OFFRAMP,,,,Y,,0,,39.16444074,-86.57212754,STATE ROAD,,,,URBAN,N,N,N,,DAYLIGHT,CLEAR,DRY,,FOUR-WAY INTERSECTION,,ASPHALT,FOLLOWING TOO CLOSELY,$2501 TO $5000,REAR END,W3RDSTI69NBOFFRAMP,0,
BLOOMINGTON PD,B22-32265,MONROE,BLOOMINGTON,BLOOMINGTON,8/18/22,2:14 PM,2,,0,0,0,,W 10TH ST,,,,,W 10TH ST,N COLLEGE AVE,,,,Y,,0,,39.17166281,-86.53488429,,,,,URBAN,N,N,N,,DAYLIGHT,CLEAR,DRY,,NO JUNCTION INVOLVED,,ASPHALT,UNSAFE LANE MOVEMENT,$2501 TO $5000,SAME DIRECTION SIDESWIPE,W10THSTNCOLLEGEAVE,0,
ISP BLOOMINGTON 33,2.022E+11,MONROE,BEAN BLOSSOM,STINESVILLE,6/29/22,5:45 PM,1,,0,0,0,,STATE RD 46,,,,,STATE RD 46,,,,,N,,0,,39.26313864,-86.66174156,STATE ROAD,,,,RURAL,N,N,N,,DAYLIGHT,CLEAR,DRY,,NO JUNCTION INVOLVED,,ASPHALT,TIRE FAILURE OR DEFECTIVE,$1001 TO $2500,RAN OFF ROAD,STATERD46,0,
MONROE SD,M22A5950,MONROE,PERRY,BLOOMINGTON,3/15/22,2:03 PM,2,,0,0,0,,S OLD STATE ROAD 37,,,,,S OLD STATE ROAD 37,,,,,N,,0,,39.12070278,-86.53068992,PRIVATE DRIVE,,,,RURAL,N,N,N,,DAYLIGHT,CLEAR,DRY,,NO JUNCTION INVOLVED,,ASPHALT,UNSAFE BACKING,$2501 TO $5000,BACKING CRASH,SOLDSTATEROAD37,0,
BLOOMINGTON PD,B22-38920,MONROE,BLOOMINGTON,BLOOMINGTON,9/25/22,12:55 PM,3,,0,0,0,,S ROCKPORT RD,,,,,S ROCKPORT RD,W TAPP RD,,,,Y,,0,,39.136332,-86.548756,LOCAL/CITY ROAD,,,,URBAN,N,N,N,,DAYLIGHT,CLEAR,DRY,,FOUR-WAY INTERSECTION,,ASPHALT,DISREGARD SIGNAL/REG SIGN,$10001 TO $25000,RIGHT ANGLE,WTAPPRDSROCKPORTRD,0,
BLOOMINGTON PD,B22-14278,MONROE,BLOOMINGTON,BLOOMINGTON,4/22/22,6:08 PM,2,,0,0,0,1425,N DUNN ST,,,,,N DUNN ST,,,,,Y,,0,,39.1802208,-86.53007033,PRIVATE DRIVE,,,,URBAN,N,N,N,,DAYLIGHT,CLEAR,DRY,,NO JUNCTION INVOLVED,,ASPHALT,FAILURE TO YIELD RIGHT OF WAY,$1001 TO $2500,OTHER - EXPLAIN IN NARRATIVE,NDUNNST,0,
ELLETTSVILLE PD,E22-02131,MONROE,RICHLAND,ELLETTSVILLE,6/9/22,11:24 AM,2,,1,0,0,,WEST STATE ROAD 46,,,,,WEST STATE ROAD 46,N BRIAR GATE,,,,Y,,50,,39.216569,-86.596334,STATE ROAD,,,,URBAN,N,N,N,,DAYLIGHT,CLEAR,DRY,,NO JUNCTION INVOLVED,,ASPHALT,DRIVER DISTRACTED - EXPLAIN IN NARRATIVE,$5001 TO $10000,REAR END,WESTSTATEROAD46NBRIARGATE,0,
BLOOMINGTON PD,B22-37601,MONROE,BLOOMINGTON,BLOOMINGTON,9/17/22,11:35 AM,2,,0,0,0,,E 3RD ST,,,,,E 3RD ST,S PARK RIDGE RD,,,,Y,,792,,39.16427366,-86.47803637,LOCAL/CITY ROAD,,,,URBAN,N,N,N,,DAYLIGHT,CLEAR,DRY,,NO JUNCTION INVOLVED,,ASPHALT,FOLLOWING TOO CLOSELY,$5001 TO $10000,REAR END,SPARKRIDGERDE3RDST,0,
INDIANA UNIV BLOOMINGTON PD,222726,MONROE,BLOOMINGTON,BLOOMINGTON,8/20/22,9:49 PM,2,,0,0,0,,N KINSER PIKE,,,,,N KINSER PIKE,STATE RD 46,,,,Y,,0,,39.18653795,-86.53724596,STATE ROAD,,,,URBAN,N,N,N,,DARK (LIGHTED),CLEAR,DRY,,NO JUNCTION INVOLVED,,ASPHALT,UNSAFE LANE MOVEMENT,$2501 TO $5000,SAME DIRECTION SIDESWIPE,STATERD46NKINSERPIKE,0,
BLOOMINGTON PD,B22-40287,MONROE,BLOOMINGTON,BLOOMINGTON,10/2/22,12:00 AM,2,,0,0,0,,N DUNN ST,,,,,N DUNN ST,E 9TH ST,,,,Y,,0,,39.17042737,-86.52824975,,,,,URBAN,N,N,N,,DARK (LIGHTED),CLEAR,DRY,,FOUR-WAY INTERSECTION,,ASPHALT,OTHER (DRIVER) - EXPLAIN IN NARRATIVE,$2501 TO $5000,SAME DIRECTION SIDESWIPE,NDUNNSTE9THST,0,
MONROE SD,M22A4980,MONROE,BLOOMINGTON,BLOOMINGTON,3/2/22,6:05 PM,2,,0,0,0,,WEST VERNAL PIKE,,,,,WEST VERNAL PIKE,WEST INDUSTRIAL PARK DRIVE,,,,Y,,0,,39.17896338,-86.56075857,LOCAL/CITY ROAD,,,,RURAL,N,N,N,,DAWN/DUSK,CLEAR,DRY,,T-INTERSECTION,,ASPHALT,FAILURE TO YIELD RIGHT OF WAY,$2501 TO $5000,LEFT TURN,WESTVERNALPIKEWESTINDUSTRIALPARKDRIVE,0,
MONROE SD,M22A21100,MONROE,SALT CREEK,BLOOMINGTON,8/28/22,3:16 AM,1,,1,0,0,,STATE RD 46,,,,,STATE RD 46,,,,,N,,0,,39.16369842,-86.41856125,STATE ROAD,,,,RURAL,N,N,N,,DAYLIGHT,CLEAR,DRY,,NO JUNCTION INVOLVED,,ASPHALT,DRIVER DISTRACTED - EXPLAIN IN NARRATIVE,$2501 TO $5000,OTHER - EXPLAIN IN NARRATIVE,STATERD46,0,
BLOOMINGTON PD,B22-03798,MONROE,BLOOMINGTON,BLOOMINGTON,2/3/22,4:57 PM,1,,0,0,0,,W 9TH ST,,,,,W 9TH ST,N COLLEGE AVE,,,,Y,,0,,39.17042712,-86.53490422,LOCAL/CITY ROAD,,,,URBAN,N,N,N,,DAYLIGHT,CLEAR,SNOW/SLUSH,,FOUR-WAY INTERSECTION,,ASPHALT,OVERCORRECTING/OVERSTEERING,$2501 TO $5000,OTHER - EXPLAIN IN NARRATIVE,W9THSTNCOLLEGEAVE,0,
MONROE SD,M22A16174,MONROE,CLEAR CREEK,BLOOMINGTON,7/6/22,3:36 PM,1,,0,0,0,,STATE RD 37,,,,,STATE RD 37,,,,,N,,0,,39.06650404,-86.53608864,STATE ROAD,,,,RURAL,N,Y,N,,DAYLIGHT,CLEAR,DRY,,NO JUNCTION INVOLVED,,ASPHALT,DRIVER ASLEEP OR FATIGUED,$10001 TO $25000,RAN OFF ROAD,STATERD37,0,
INDIANA UNIV BLOOMINGTON PD,220320,MONROE,BLOOMINGTON,BLOOMINGTON,1/29/22,12:15 PM,2,,0,0,0,,E 10TH ST,,,,,E 10TH ST,E 10TH ST,,,,N,,0,,39.17165764,-86.50223842,,,,,URBAN,N,N,N,,DARK (LIGHTED),CLEAR,DRY,,FOUR-WAY INTERSECTION,,ASPHALT,FOLLOWING TOO CLOSELY,$1001 TO $2500,REAR END,E10THSTE10THST,0,
BLOOMINGTON PD,B22-03246,MONROE,PERRY,BLOOMINGTON,1/29/22,12:05 PM,1,,1,0,0,1300,S PATTERSON DR,,,,,S PATTERSON DR,,,,,Y,,0,,39.152462,-86.543128,LOCAL/CITY ROAD,,,,URBAN,N,N,N,,DAYLIGHT,CLEAR,DRY,,NO JUNCTION INVOLVED,,ASPHALT,DRIVER ILLNESS,$1001 TO $2500,RAN OFF ROAD,SPATTERSONDR,0,
INDIANA UNIV BLOOMINGTON PD,223781,MONROE,BLOOMINGTON,BLOOMINGTON,10/6/22,6:40 PM,2,,0,0,0,,S HAWTHORNE DR,,,,,S HAWTHORNE DR,,,,,Y,,0,,39.1637468,-86.52021951,PRIVATE DRIVE,,,,URBAN,N,N,N,,DARK (LIGHTED),CLEAR,DRY,,NO JUNCTION INVOLVED,,ASPHALT,UNSAFE BACKING,$1001 TO $2500,BACKING CRASH,SHAWTHORNEDR,0,
ISP BLOOMINGTON 33,2.022E+11,MONROE,PERRY,BLOOMINGTON,6/8/22,12:30 PM,2,,1,0,0,,FAIRFAX ROAD,,,,,FAIRFAX ROAD,WALNUT STREET PIKE,,,,Y,,0,,39.10718295,-86.52649159,LOCAL/CITY ROAD,,,,URBAN,N,N,N,,DAYLIGHT,RAIN,WET,,T-INTERSECTION,,ASPHALT,SPEED TOO FAST FOR WEATHER CONDITIONS,$2501 TO $5000,REAR END,WALNUTSTREETPIKEFAIRFAXROAD,0,
ELLETTSVILLE PD,E2202260,MONROE,RICHLAND,ELLETTSVILLE,6/17/22,5:23 PM,1,0,0,0,0,,SHELLY,DR,,,,SHELLY,MCNEELY,,,,Y,,,,,,LOCAL/CITY ROAD,,N,N,RURAL,N,N,N,,DAYLIGHT,CLEAR,DRY,,T-INTERSECTION,STRAIGHT/GRADE,ASPHALT,IMPROPER TURNING,$5001 TO $10000,RAN OFF ROAD,MCNEELYSTSHELLYDR,0,STOP SIGN
MONROE SD,M22A2188,MONROE,PERRY,BLOOMINGTON,1/28/22,2:58 PM,1,,0,0,0,,S ADAMS ST,,,,,S ADAMS ST,W MILLENIUM PARK,,,,N,,0,,39.15297039,-86.55249953,,,,,RURAL,N,N,N,,DAYLIGHT,SNOW,SNOW/SLUSH,,T-INTERSECTION,,ASPHALT,ROADWAY SURFACE CONDITION,$5001 TO $10000,RAN OFF ROAD,WMILLENIUMPARKSADAMSST,0,
MONROE SD,M22A6000,MONROE,VAN BUREN,BLOOMINGTON,3/16/22,5:30 AM,1,,0,0,1,,S ROCKPORT RD,,,,,S ROCKPORT RD,W SHAW RD,,,,N,,100,,39.11362653,-86.57126205,LOCAL/CITY ROAD,,,,URBAN,N,N,N,,DARK (NOT LIGHTED),CLEAR,DRY,,NO JUNCTION INVOLVED,,ASPHALT,ANIMAL/OBJECT IN ROADWAY,$5001 TO $10000,COLLISION WITH DEER,WSHAWRDSROCKPORTRD,0,
BLOOMINGTON PD,B22-11512,MONROE,BLOOMINGTON,BLOOMINGTON,4/3/22,8:50 PM,2,,0,0,0,,N WALNUT ST,,,,,N WALNUT ST,,,,,Y,,0,,39.17515512,-86.53354992,PRIVATE DRIVE,,,,URBAN,N,N,N,,DARK (LIGHTED),CLEAR,DRY,,NO JUNCTION INVOLVED,,ASPHALT,IMPROPER TURNING,UNDER $1001,BACKING CRASH,NWALNUTST,0,
BLOOMINGTON PD,B22-08077,MONROE,BLOOMINGTON,BLOOMINGTON,3/11/22,1:20 AM,2,,0,0,0,,E 11TH ST,,,,,E 11TH ST,N GRANT ST,,,,Y,,0,,39.17350168,-86.52979016,,,,,URBAN,N,N,N,,DARK (NOT LIGHTED),CLEAR,DRY,,FOUR-WAY INTERSECTION,,ASPHALT,FAILURE TO MAINTAIN LANE,$10001 TO $25000,REAR END,NGRANTSTE11THST,0,
INDIANA UNIV BLOOMINGTON PD,223309,MONROE,BLOOMINGTON,BLOOMINGTON,9/14/22,4:35 AM,2,,0,0,0,,S EAGLESON AVE,,,,,S EAGLESON AVE,E JONES AVE,,,,Y,,0,,39.1655311,-86.51649661,LOCAL/CITY ROAD,,,,URBAN,N,N,N,,DAYLIGHT,CLEAR,DRY,,NO JUNCTION INVOLVED,,ASPHALT,FOLLOWING TOO CLOSELY,UNDER $1001,SAME DIRECTION SIDESWIPE,SEAGLESONAVEEJONESAVE,0,
INDIANA UNIV BLOOMINGTON PD,222392,MONROE,BLOOMINGTON,BLOOMINGTON,7/14/22,10:00 AM,1,,0,0,0,,N JORDAN AVE,,,,,N JORDAN AVE,E 10TH ST,,,,Y,,0,,39.17094717,-86.51601783,PRIVATE DRIVE,,,,URBAN,N,N,N,,DAYLIGHT,CLEAR,DRY,,NO JUNCTION INVOLVED,,CONCRETE,OTHER (DRIVER) - EXPLAIN IN NARRATIVE,UNDER $1001,OTHER - EXPLAIN IN NARRATIVE,NJORDANAVEE10THST,0,
MONROE SD,M22A22358,MONROE,PERRY,BLOOMINGTON,9/11/22,10:05 AM,2,,0,0,0,,I-69,,,,,I-69,N BUSINESS 37,,,,N,,1109,,39.23464097,-86.54023021,INTERSTATE,,,,RURAL,N,Y,N,,DAYLIGHT,CLEAR,DRY,,NO JUNCTION INVOLVED,,ASPHALT,UNSAFE LANE MOVEMENT,$5001 TO $10000,SAME DIRECTION SIDESWIPE,NBUSINESS37I-69,0,
BLOOMINGTON PD,B22-27136,MONROE,BLOOMINGTON,BLOOMINGTON,7/15/22,9:30 PM,2,,0,0,0,,N WALNUT ST,,,,,N WALNUT ST,STATE RD 46,,,,Y,,0,,39.18623008,-86.53462572,STATE ROAD,,,,URBAN,N,N,N,,DARK (LIGHTED),CLEAR,DRY,,FOUR-WAY INTERSECTION,,ASPHALT,DISREGARD SIGNAL/REG SIGN,$2501 TO $5000,RIGHT ANGLE,STATERD46NWALNUTST,0,
BLOOMINGTON PD,B22-30642,MONROE,PERRY,BLOOMINGTON,8/8/22,2:57 PM,2,,0,0,0,,E NORTH DR,,,,,E NORTH DR,S HENDERSON DR,,,,Y,,0,,39.14456933,-86.52877541,LOCAL/CITY ROAD,,,,URBAN,Y,N,N,,DAYLIGHT,CLEAR,DRY,,NO JUNCTION INVOLVED,,ASPHALT,FAILURE TO YIELD RIGHT OF WAY,$2501 TO $5000,RIGHT ANGLE,SHENDERSONDRENORTHDR,0,
MONROE SD,M22A9374,MONROE,PERRY,,4/25/22,7:48 AM,2,,0,0,0,,S OLD STATE ROAD 37,,,,,S OLD STATE ROAD 37,E RHORER RD,,,,N,,0,,39.1203263,-86.53133372,,,,,RURAL,N,N,N,,DAYLIGHT,RAIN,WET,,NO JUNCTION INVOLVED,,ASPHALT,FOLLOWING TOO CLOSELY,$1001 TO $2500,REAR END,SOLDSTATEROAD37ERHORERRD,0,
BLOOMINGTON PD,B22-32301,MONROE,PERRY,BLOOMINGTON,8/18/22,5:00 PM,1,,1,0,0,,W 1ST ST,,,,,W 1ST ST,S WALNUT ST,,,,Y,,0,,39.15935447,-86.53371102,LOCAL/CITY ROAD,,,,URBAN,N,N,N,,DAYLIGHT,CLEAR,DRY,,FOUR-WAY INTERSECTION,,ASPHALT,PEDESTRIAN ACTION,$1001 TO $2500,RIGHT ANGLE,W1STSTSWALNUTST,1,
INDIANA UNIV BLOOMINGTON PD,223101,MONROE,BLOOMINGTON,BLOOMINGTON,8/26/22,7:00 PM,2,,0,0,0,,N UNION ST,,,,,N UNION ST,N UNION CT,,,,Y,,0,,39.17473585,-86.51049841,LOCAL/CITY ROAD,,,,URBAN,N,N,N,,UNKNOWN,CLEAR,DRY,,NO JUNCTION INVOLVED,,ASPHALT,UNSAFE BACKING,$2501 TO $5000,SAME DIRECTION SIDESWIPE,NUNIONSTNUNIONCT,0,
MONROE SD,M22A19129,MONROE,VAN BUREN,,8/6/22,1:55 AM,1,,1,0,0,,W STATE RD 45,,,,,W STATE RD 45,,,,,N,,0,,39.11784416,-86.62203137,STATE ROAD,,,,RURAL,N,Y,N,,DARK (NOT LIGHTED),CLEAR,DRY,,NO JUNCTION INVOLVED,,ASPHALT,UNSAFE SPEED,$5001 TO $10000,RAN OFF ROAD,WSTATERD45,0,
BLOOMINGTON PD,B22-09831,MONROE,VAN BUREN,BLOOMINGTON,3/23/22,12:18 PM,2,,0,0,0,,3415 W. 3RD ST,,,,,3415 W. 3RD ST,,,,,Y,,0,,0,0,PRIVATE DRIVE,,,,URBAN,N,N,N,,DAYLIGHT,CLOUDY,DRY,,NO JUNCTION INVOLVED,,ASPHALT,OVERCORRECTING/OVERSTEERING,$2501 TO $5000,BACKING CRASH,3415W.3RDST,0,
BLOOMINGTON PD,B22-12912,MONROE,BLOOMINGTON,BLOOMINGTON,4/13/22,4:27 PM,2,,0,0,0,,N KINSER PIKE,,,,,N KINSER PIKE,W 17TH ST,,,,Y,,0,,39.17906287,-86.53780271,LOCAL/CITY ROAD,,,,URBAN,N,N,N,,DAYLIGHT,CLEAR,DRY,,FOUR-WAY INTERSECTION,,ASPHALT,FAILURE TO YIELD RIGHT OF WAY,$2501 TO $5000,RIGHT ANGLE,W17THSTNKINSERPIKE,0,
INDIANA UNIV BLOOMINGTON PD,223269,MONROE,BLOOMINGTON,BLOOMINGTON,9/13/22,3:24 PM,2,,0,0,0,,EAGLESON AVENUE,,,,,EAGLESON AVENUE,17TH STREET,,,,Y,,300,,39.1777715,-86.51237941,,,,,URBAN,N,N,N,,DAYLIGHT,CLEAR,DRY,,NO JUNCTION INVOLVED,,ASPHALT,OTHER (DRIVER) - EXPLAIN IN NARRATIVE,$10001 TO $25000,BACKING CRASH,EAGLESONAVENUE17THSTREET,0,
MONROE SD,M22A20094,MONROE,BEAN BLOSSOM,BLOOMINGTON,8/17/22,4:00 AM,1,,0,0,0,,N BOTTOM RD,,,,,N BOTTOM RD,N MOUNT PLEASANT RD,,,,N,,0,,39.29515791,-86.57439636,LOCAL/CITY ROAD,,,,RURAL,N,N,N,,DARK (NOT LIGHTED),CLEAR,DRY,,NO JUNCTION INVOLVED,,ASPHALT,BRAKE FAILURE OR DEFECTIVE,$2501 TO $5000,RAN OFF ROAD,NMOUNTPLEASANTRDNBOTTOMRD,0,
BLOOMINGTON PD,B22-23728,MONROE,BLOOMINGTON,BLOOMINGTON,6/24/22,1:11 PM,2,,0,0,0,,E 4TH ST,,,,,E 4TH ST,S GRANT ST,,,,Y,,0,,39.16556938,-86.52987293,LOCAL/CITY ROAD,,,,URBAN,N,N,Y,LANE CLOSURE,DAYLIGHT,CLEAR,DRY,,FOUR-WAY INTERSECTION,,ASPHALT,DRIVER DISTRACTED - EXPLAIN IN NARRATIVE,$1001 TO $2500,SAME DIRECTION SIDESWIPE,SGRANTSTE4THST,0,
INDIANA UNIV BLOOMINGTON PD,220558,MONROE,BLOOMINGTON,BLOOMINGTON,2/13/22,5:25 PM,2,,0,0,0,,N UNION ST,,,,,N UNION ST,E 10TH ST,,,,Y,,0,,39.17158196,-86.50945924,LOCAL/CITY ROAD,,,,URBAN,N,N,N,,DAYLIGHT,SNOW,WET,,FOUR-WAY INTERSECTION,,ASPHALT,UNSAFE BACKING,$5001 TO $10000,BACKING CRASH,NUNIONSTE10THST,0,
BLOOMINGTON PD,B22-06138,MONROE,BLOOMINGTON,BLOOMINGTON,2/24/22,12:53 AM,2,,0,0,0,,N WALNUT ST,,,,,N WALNUT ST,E COTTAGE GROVE AVE,,,,Y,,0,,39.17212494,-86.53361079,LOCAL/CITY ROAD,,,,URBAN,N,N,N,,DARK (LIGHTED),RAIN,WET,,NO JUNCTION INVOLVED,,ASPHALT,FAILURE TO MAINTAIN LANE,$5001 TO $10000,REAR END,NWALNUTSTECOTTAGEGROVEAVE,0,
BLOOMINGTON PD,B22-31392,MONROE,CLEAR CREEK,BLOOMINGTON,8/9/22,12:00 AM,2,,0,0,0,,S HENDERSON ST,,,,,S HENDERSON ST,S BRANDON CT,,,,Y,,0,,39.1371158,-86.52634252,PRIVATE DRIVE,,,,RURAL,N,N,N,,DAYLIGHT,CLOUDY,DRY,,NO JUNCTION INVOLVED,,ASPHALT,OTHER (DRIVER) - EXPLAIN IN NARRATIVE,$1001 TO $2500,OTHER - EXPLAIN IN NARRATIVE,SHENDERSONSTSBRANDONCT,0,
MONROE SD,M22A9637,MONROE,PERRY,BLOOMINGTON,4/28/22,9:02 AM,2,,0,0,0,,S FAIRFAX RD,,,,,S FAIRFAX RD,E SCHACHT RD,,,,N,,0,,39.10686383,-86.52368868,LOCAL/CITY ROAD,,,,RURAL,N,N,N,,DAYLIGHT,CLEAR,DRY,,T-INTERSECTION,,ASPHALT,FAILURE TO YIELD RIGHT OF WAY,$5001 TO $10000,REAR END,SFAIRFAXRDESCHACHTRD,0,
MONROE SD,M22A9596,MONROE,PERRY,BLOOMINGTON,4/27/22,7:27 AM,1,,0,0,0,,E LORELEI WAY,,,,,E LORELEI WAY,S SMITH RD,,,,N,,0,,39.14662461,-86.48043908,LOCAL/CITY ROAD,,,,RURAL,N,N,N,,DAYLIGHT,CLEAR,DRY,,T-INTERSECTION,,ASPHALT,DRIVER ILLNESS,$2501 TO $5000,RAN OFF ROAD,SSMITHRDELORELEIWAY,0,
ELLETTSVILLE PD,E22-03231,MONROE,RICHLAND,ELLETTSVILLE,8/26/22,9:35 PM,2,,0,0,0,,STATE RD 46,,,,,STATE RD 46,N LAKEVIEW DR,,,,Y,,581,,39.22164547,-86.60644349,STATE ROAD,,,,RURAL,N,N,N,,DARK (NOT LIGHTED),CLEAR,DRY,,NO JUNCTION INVOLVED,,ASPHALT,FAILURE TO YIELD RIGHT OF WAY,$5001 TO $10000,RIGHT ANGLE,STATERD46NLAKEVIEWDR,0,