Agency,Local Code,County,Township,City,Collision Date,Collision Time,Vehicles Involved,Trailers Involved,Number Injured,Number Dead,Number Deer,House Number,Roadway Name,Roadway Suffix,Roadway Number,Roadway Interchange,Roadway Ramp,Roadway Id,Intersecting Road,Intersecting Road Number,Mile Marker,Interchange,Corporate Limits?,Property Type,Feet From,Direction,Latitude,Longitude,Roadway Class,Traffic Control Devices?,Aggressive Driving?,Hit and Run?,Locality,School Zone?,Rumble Strips?,Construction?,Construction Type,Light Condition,Weather Conditions,Surface Condition,Type of Median,Roadway Junction Type,Road Character,Roadway Surface,Primary Factor,Damage Estimate,Manner of Collision,Unique Location Id,State Property Damage?,Traffic Control
MONROE SD,M22A19769,MONROE,VAN BUREN,BLOOMINGTON,8/13/22,1:37 PM,2,,0,0,0,,W KARST FARM PARK DR,,,,,W KARST FARM PARK DR,S ENDWRIGHT RD,,,,N,,0,,39.1403345,-86.59719419,PRIVATE DRIVE,,,,RURAL,N,N,N,,DAYLIGHT,CLEAR,DRY,,NO JUNCTION INVOLVED,,ASPHALT,UNSAFE BACKING,$2501 TO $5000,BACKING CRASH,WKARSTFARMPARKDRSENDWRIGHTRD,0,
INDIANA UNIV BLOOMINGTON PD,222408,MONROE,BLOOMINGTON,BLOOMINGTON,7/17/22,3:24 AM,1,,0,0,0,,E 10TH ST,,,,,E 10TH ST,N FEE LN,,,,Y,,0,,39.17160382,-86.51766617,LOCAL/CITY ROAD,,,,URBAN,N,N,N,,DARK (LIGHTED),CLEAR,DRY,,NO JUNCTION INVOLVED,,ASPHALT,OTHER (DRIVER) - EXPLAIN IN NARRATIVE,$2501 TO $5000,RAN OFF ROAD,NFEELNE10THST,0,
BLOOMINGTON PD,B2207894,MONROE,BLOOMINGTON,BLOOMINGTON,3/9/22,8:40 PM,1,,1,0,0,,S MORTON ST,,,,,S MORTON ST,W 2ND ST,,,,Y,,0,,39.1613732,-86.53628058,LOCAL/CITY ROAD,,,,URBAN,N,N,N,,DARK (LIGHTED),CLEAR,DRY,,TRAIL CROSSINGS,,ASPHALT,FAILURE TO YIELD RIGHT OF WAY,UNDER $1001,RIGHT ANGLE,W2NDSTSMORTONST,1,
INDIANA UNIV BLOOMINGTON PD,222566,MONROE,BLOOMINGTON,BLOOMINGTON,8/8/22,8:05 AM,2,,0,0,0,,STATE RD 45,,,,,STATE RD 45,E 10TH ST,,,,Y,,0,,39.17207369,-86.50262623,STATE ROAD,,,,URBAN,N,N,N,,DAYLIGHT,CLEAR,DRY,,FOUR-WAY INTERSECTION,,ASPHALT,FOLLOWING TOO CLOSELY,$1001 TO $2500,REAR END,STATERD45E10THST,0,
ELLETTSVILLE PD,E2201690,MONROE,RICHLAND,ELLETTSVILLE,5/5/22,6:17 PM,1,0,0,0,0,,UNION VALLEY,RD,,,,UNION VALLEY,LYNWEST,,,,N,PRIVATE,,,39.21584,-86.5928,COUNTY ROAD,,N,N,URBAN,N,N,N,,DAYLIGHT,RAIN,WET,,T-INTERSECTION,STRAIGHT/LEVEL,ASPHALT,OTHER (ENVIRONMENTAL) - EXPLAIN IN NARR,$1001 TO $2500,RAN OFF ROAD,LYNWESTDRUNIONVALLEYRD,0,NONE
INDIANA UNIV BLOOMINGTON PD,223189,MONROE,BLOOMINGTON,BLOOMINGTON,9/9/22,10:55 AM,2,,0,0,0,,E 10TH ST,,,,,E 10TH ST,STATE RD 45,,,,N,,0,,39.17165233,-86.50208532,STATE ROAD,,,,URBAN,N,N,N,,DAYLIGHT,CLEAR,DRY,,FOUR-WAY INTERSECTION,,ASPHALT,FOLLOWING TOO CLOSELY,UNDER $1001,REAR END,STATERD45E10THST,0,
MONROE SD,M22A4986,MONROE,PERRY,,3/2/22,7:16 PM,2,,0,0,0,,E STIPP RD,,,,,E STIPP RD,HANDY RIDGE RD,,,,N,,0,,39.09975074,-86.49405659,COUNTY ROAD,,,,RURAL,N,N,N,,DARK (NOT LIGHTED),CLEAR,DRY,,NO JUNCTION INVOLVED,,ASPHALT,FAILURE TO MAINTAIN LANE,$1001 TO $2500,OPPOSITE DIRECTION SIDESWIPE,HANDYRIDGERDESTIPPRD,0,
MONROE SD,M22A7737,MONROE,VAN BUREN,BLOOMINGTON,4/6/22,7:11 AM,2,,0,0,0,2000,S LIBERTY DR,,,,,S LIBERTY DR,,,,,N,,0,,39.14845907,-86.57749168,PRIVATE DRIVE,,,,URBAN,N,N,N,,DAWN/DUSK,RAIN,WET,,NO JUNCTION INVOLVED,,ASPHALT,DRIVER DISTRACTED - EXPLAIN IN NARRATIVE,$1001 TO $2500,REAR END,SLIBERTYDR,0,
BLOOMINGTON PD,B22-28903,MONROE,PERRY,BLOOMINGTON,7/28/22,1:15 PM,2,,1,0,0,,SARE RD,,,,,SARE RD,WINSTON ST,,,,Y,,300,,39.14710958,-86.49897665,LOCAL/CITY ROAD,,,,URBAN,N,N,N,,DAYLIGHT,CLEAR,DRY,,NO JUNCTION INVOLVED,,ASPHALT,LEFT OF CENTER,$1001 TO $2500,OPPOSITE DIRECTION SIDESWIPE,WINSTONSTSARERD,0,
BLOOMINGTON PD,B22-32997,MONROE,PERRY,BLOOMINGTON,8/5/22,5:00 PM,2,,0,0,0,,1519 S. PIAZZA DR,,,,,1519 S. PIAZZA DR,,,,,Y,,0,,0,0,PRIVATE DRIVE,,,,URBAN,N,N,N,,DAYLIGHT,CLEAR,DRY,,NO JUNCTION INVOLVED,,ASPHALT,UNDER STEERING/UNDER CORRECTING,$2501 TO $5000,OPPOSITE DIRECTION SIDESWIPE,1519S.PIAZZADR,0,
BLOOMINGTON PD,B22-05443,MONROE,BLOOMINGTON,BLOOMINGTON,2/18/22,1:20 PM,2,,1,0,0,,W 8TH ST,,,,,W 8TH ST,N COLLEGE AVE,,,,Y,,0,,39.16949468,-86.53486437,LOCAL/CITY ROAD,,,,URBAN,N,N,N,,DAYLIGHT,CLEAR,DRY,,NO JUNCTION INVOLVED,,ASPHALT,FOLLOWING TOO CLOSELY,$5001 TO $10000,REAR END,W8THSTNCOLLEGEAVE,0,
ISP BLOOMINGTON 33,2.022E+11,MONROE,CLEAR CREEK,BLOOMINGTON,5/11/22,4:52 PM,1,,0,0,0,,STATE RD 37,,,114,A,STATE RD 37,,,,,N,,0,,39.10761829,-86.55727857,INTERSTATE,,,,RURAL,N,N,N,,DAYLIGHT,CLEAR,DRY,,RAMP,,ASPHALT,,$2501 TO $5000,RAN OFF ROAD,STATERD37114A,0,
BLOOMINGTON PD,B22-41298,MONROE,VAN BUREN,BLOOMINGTON,10/7/22,3:28 PM,2,,1,0,0,,W 3RD ST,,,,,W 3RD ST,S LIBERTY DR,,,,Y,,0,,39.16460593,-86.58066924,LOCAL/CITY ROAD,,,,RURAL,N,N,N,,DAYLIGHT,CLEAR,DRY,,T-INTERSECTION,,CONCRETE,FAILURE TO YIELD RIGHT OF WAY,$2501 TO $5000,RIGHT ANGLE,W3RDSTSLIBERTYDR,0,
BLOOMINGTON PD,B22-06442,MONROE,BLOOMINGTON,BLOOMINGTON,2/26/22,1:20 PM,2,,0,0,0,,S WASHINGTON ST,,,,,S WASHINGTON ST,E 3RD ST,,,,Y,,0,,39.16461192,-86.53238601,,,,,URBAN,N,N,N,,DAYLIGHT,CLEAR,DRY,,T-INTERSECTION,,ASPHALT,DISREGARD SIGNAL/REG SIGN,$1001 TO $2500,RIGHT ANGLE,SWASHINGTONSTE3RDST,0,
BLOOMINGTON PD,B22-36583,MONROE,RICHLAND,BLOOMINGTON,9/11/22,8:55 AM,2,,0,0,0,,W 3RD ST,,,,,W 3RD ST,STATE RD 37,,,,Y,,0,,39.16469649,-86.57382346,STATE ROAD,,,,URBAN,N,N,N,,DAYLIGHT,RAIN,WET,,FOUR-WAY INTERSECTION,,ASPHALT,FOLLOWING TOO CLOSELY,$1001 TO $2500,REAR END,W3RDSTSTATERD37,0,
BLOOMINGTON PD,B22-09908,MONROE,RICHLAND,BLOOMINGTON,3/23/22,8:50 PM,2,,1,0,0,,N GATES DR,,,,,N GATES DR,W JACOB DR,,,,Y,,0,,39.16564063,-86.57598085,,,,,RURAL,N,N,N,,DARK (LIGHTED),CLOUDY,WET,,T-INTERSECTION,,ASPHALT,FAILURE TO YIELD RIGHT OF WAY,$10001 TO $25000,LEFT TURN,WJACOBDRNGATESDR,0,
ISP BLOOMINGTON 33,2.022E+11,MONROE,CLEAR CREEK,BLOOMINGTON,7/19/22,9:40 PM,1,,0,0,1,,SR37 3800' NORTH OF INGRAM RD,,,,,SR37 3800' NORTH OF INGRAM RD,,,,,N,,0,,39.00366487,-86.53711116,STATE ROAD,,,,RURAL,N,N,N,,DARK (NOT LIGHTED),CLEAR,DRY,,NO JUNCTION INVOLVED,,ASPHALT,ANIMAL/OBJECT IN ROADWAY,$2501 TO $5000,COLLISION WITH DEER,SR373800'NORTHOFINGRAMRD,0,
BLOOMINGTON PD,B22-04178,MONROE,PERRY,BLOOMINGTON,2/6/22,4:00 PM,2,,0,0,0,,PINEMEADOW DR,,,,,PINEMEADOW DR,W GRAHAM DR,,,,Y,,0,,39.14048847,-86.54862142,,,,,URBAN,N,N,N,,DAYLIGHT,CLEAR,ICE,,NO JUNCTION INVOLVED,,ASPHALT,OTHER (DRIVER) - EXPLAIN IN NARRATIVE,$2501 TO $5000,RIGHT ANGLE,WGRAHAMDRPINEMEADOWDR,0,
BLOOMINGTON PD,B22-27600,MONROE,BLOOMINGTON,BLOOMINGTON,7/17/22,9:00 AM,2,,0,0,0,,E KIRKWOOD AVE,,,,,E KIRKWOOD AVE,,,,,Y,,0,,39.16628184,-86.53184967,PRIVATE DRIVE,,,,URBAN,N,N,N,,DAYLIGHT,CLEAR,DRY,,NO JUNCTION INVOLVED,,ASPHALT,UNSAFE BACKING,$2501 TO $5000,BACKING CRASH,EKIRKWOODAVE,0,
ELLETTSVILLE PD,E2201691,MONROE,RICHLAND,ELLETTSVILLE,5/5/22,8:11 PM,1,0,0,0,0,7821,,,SR46W,,,SR46W,,,,,Y,PRIVATE,,,39.2512,-86.652504,STATE ROAD,,N,N,RURAL,N,N,N,,DAWN/DUSK,CLOUDY,WET,,NO JUNCTION INVOLVED,CURVE/LEVEL,ASPHALT,DRIVER DISTRACTED - EXPLAIN IN NARRATIVE,$5001 TO $10000,RAN OFF ROAD,SR46W,0,NONE
BLOOMINGTON PD,B22-04252,MONROE,PERRY,BLOOMINGTON,2/7/22,7:15 PM,2,,0,0,0,,1175 S COLLEGE MALL ROAD,,,,,1175 S COLLEGE MALL ROAD,,,,,Y,,0,,39.15353505,-86.49601883,,,,,URBAN,N,N,N,,DARK (LIGHTED),CLEAR,DRY,,NO JUNCTION INVOLVED,,ASPHALT,IMPROPER TURNING,$1001 TO $2500,SAME DIRECTION SIDESWIPE,1175SCOLLEGEMALLROAD,0,
BLOOMINGTON PD,B22-04001,MONROE,RICHLAND,BLOOMINGTON,2/5/22,6:30 AM,2,,0,0,0,,W JACOB DR,,,,,W JACOB DR,N JACOB DR,,,,N,,0,,39.16559342,-86.57470245,LOCAL/CITY ROAD,,,,RURAL,N,N,N,,DARK (LIGHTED),CLEAR,WET,,FOUR-WAY INTERSECTION,,CONCRETE,FAILURE TO YIELD RIGHT OF WAY,$1001 TO $2500,HEAD ON BETWEEN TWO MOTOR VEHICLES,WJACOBDRNJACOBDR,0,
BLOOMINGTON PD,B22-42168,MONROE,VAN BUREN,BLOOMINGTON,10/12/22,1:38 PM,1,,0,0,0,,W STATE RD 45,,,,,W STATE RD 45,S HICKORY LEAF DR,,,,Y,,211,,39.14521731,-86.5773998,STATE ROAD,,,,URBAN,N,N,N,,DAYLIGHT,RAIN,WET,,NO JUNCTION INVOLVED,,ASPHALT,OVERCORRECTING/OVERSTEERING,$1001 TO $2500,RAN OFF ROAD,WSTATERD45SHICKORYLEAFDR,0,
BLOOMINGTON PD,B22-13826,MONROE,PERRY,BLOOMINGTON,4/20/22,10:37 AM,2,,0,0,0,,S. WALNUT ST,,,,,S. WALNUT ST,E. MILLER DR,,,,Y,,0,,39.146897,-86.532597,LOCAL/CITY ROAD,,,,URBAN,N,N,N,,DAYLIGHT,CLOUDY,DRY,,T-INTERSECTION,,ASPHALT,FAILURE TO YIELD RIGHT OF WAY,$1001 TO $2500,LEFT TURN,S.WALNUTSTE.MILLERDR,0,
BLOOMINGTON PD,B2235181,MONROE,PERRY,BLOOMINGTON,9/3/22,8:00 AM,1,,0,0,1,,E MOORES PIKE,,,,,E MOORES PIKE,E CAPE COD CT,,,,Y,,0,,39.15048716,-86.50681656,,,,,URBAN,N,N,N,,DAWN/DUSK,RAIN,WET,,NO JUNCTION INVOLVED,,ASPHALT,ANIMAL/OBJECT IN ROADWAY,$1001 TO $2500,COLLISION WITH DEER,EMOORESPIKEECAPECODCT,0,
ISP BLOOMINGTON 33,2.022E+11,MONROE,CLEAR CREEK,SMITHVILLE(MONROE),6/17/22,9:45 PM,1,,0,0,1,,SR37,,,,,SR37,SMITHVILLE RD,,,,N,,700,,39.07620651,-86.5361326,STATE ROAD,,,,RURAL,N,N,N,,DARK (NOT LIGHTED),CLEAR,DRY,,NO JUNCTION INVOLVED,,ASPHALT,ANIMAL/OBJECT IN ROADWAY,$1001 TO $2500,COLLISION WITH DEER,SR37SMITHVILLERD,0,
BLOOMINGTON PD,B22-38948,MONROE,BLOOMINGTON,BLOOMINGTON,9/25/22,4:15 PM,2,,2,0,0,,S CORY LN,,,,,S CORY LN,W 3RD ST,,,,Y,,0,,39.16441755,-86.56012633,,,,,URBAN,N,N,N,,DAYLIGHT,CLEAR,DRY,,FOUR-WAY INTERSECTION,,ASPHALT,DRIVER DISTRACTED - EXPLAIN IN NARRATIVE,$1001 TO $2500,REAR END,W3RDSTSCORYLN,0,
MONROE SD,M22A12990,MONROE,RICHLAND,BLOOMINGTON,6/3/22,2:30 PM,2,,0,0,0,,N THOMAS RD,,,,,N THOMAS RD,W RATLIFF RD,,,,N,,0,,39.21505512,-86.63042865,LOCAL/CITY ROAD,,,,RURAL,N,N,N,,DAYLIGHT,CLEAR,DRY,,T-INTERSECTION,,ASPHALT,ANIMAL/OBJECT IN ROADWAY,$1001 TO $2500,COLLISION WITH OBJECT IN ROAD,WRATLIFFRDNTHOMASRD,0,
ELLETTSVILLE PD,E2202816,MONROE,RICHLAND,ELLETTSVILLE,7/29/22,11:57 AM,2,0,0,0,0,7355,MAPLE GROVE WEST,RD,,,,MAPLE GROVE WEST,,,,,Y,,,,,,OTHER,,N,N,URBAN,N,N,N,,DAYLIGHT,CLEAR,DRY,,NO JUNCTION INVOLVED,STRAIGHT/GRADE,ASPHALT,UNSAFE BACKING,$2501 TO $5000,BACKING CRASH,MAPLEGROVEWESTRD,0,NONE
BLOOMINGTON PD,B22-18659,MONROE,PERRY,BLOOMINGTON,5/20/22,4:19 PM,1,,0,0,0,1175,S. COLLEGE MALL ROAD,,,,,S. COLLEGE MALL ROAD,,,,,Y,,0,,39.153711,-86.495248,PRIVATE DRIVE,,,,URBAN,N,N,N,,DAYLIGHT,CLEAR,DRY,,NO JUNCTION INVOLVED,,ASPHALT,PEDESTRIAN ACTION,$1001 TO $2500,RIGHT ANGLE,S.COLLEGEMALLROAD,1,
BLOOMINGTON PD,B22-13515,MONROE,PERRY,BLOOMINGTON,4/18/22,10:00 AM,2,,0,0,0,,W 2ND ST,,,,,W 2ND ST,S WALNUT ST,,,,Y,,0,,39.16023727,-86.53303801,LOCAL/CITY ROAD,,,,URBAN,N,N,N,,DAYLIGHT,CLOUDY,WET,,FOUR-WAY INTERSECTION,,ASPHALT,DISREGARD SIGNAL/REG SIGN,$2501 TO $5000,RIGHT ANGLE,W2NDSTSWALNUTST,0,
MONROE SD,M22A7446,MONROE,PERRY,BLOOMINGTON,4/1/22,11:18 PM,1,,0,0,1,,STATE RD 37,,,,,STATE RD 37,OLD STATE RD 37,,,,N,,0,,39.0877926,-86.54498531,STATE ROAD,,,,RURAL,N,N,N,,DARK (NOT LIGHTED),CLEAR,DRY,,NO JUNCTION INVOLVED,,ASPHALT,ANIMAL/OBJECT IN ROADWAY,$1001 TO $2500,COLLISION WITH DEER,STATERD37OLDSTATERD37,0,
BLOOMINGTON PD,B22-36801,MONROE,PERRY,BLOOMINGTON,9/12/22,5:56 PM,2,,0,0,0,,2309 S ROCKPORT RD,,,,,2309 S ROCKPORT RD,,,,,Y,,0,,39.14331628,-86.54097907,PRIVATE DRIVE,,,,URBAN,N,N,N,,DAYLIGHT,CLOUDY,DRY,,NO JUNCTION INVOLVED,,CONCRETE,FAILURE TO YIELD RIGHT OF WAY,$2501 TO $5000,BACKING CRASH,2309SROCKPORTRD,0,
MONROE SD,M22A22327,MONROE,WASHINGTON,BLOOMINGTON,9/10/22,8:44 PM,1,,0,0,0,,I-69,,,,,I-69,,,,,N,,0,,39.25705075,-86.52579541,INTERSTATE,,,,URBAN,N,Y,N,,DARK (NOT LIGHTED),RAIN,WET,,NO JUNCTION INVOLVED,,ASPHALT,SPEED TOO FAST FOR WEATHER CONDITIONS,$10001 TO $25000,SAME DIRECTION SIDESWIPE,I-69,0,
BLOOMINGTON PD,B22-06312,MONROE,PERRY,BLOOMINGTON,2/25/22,1:59 PM,2,,0,0,0,,S. PATTERSON DR,,,,,S. PATTERSON DR,W. 3RD ST,,,,Y,,0,,39.16342,-86.551249,LOCAL/CITY ROAD,,,,URBAN,N,N,N,,DAYLIGHT,CLOUDY,DRY,,FOUR-WAY INTERSECTION,,ASPHALT,FOLLOWING TOO CLOSELY,$10001 TO $25000,REAR END,W.3RDSTS.PATTERSONDR,0,
BLOOMINGTON PD,B22-31155,MONROE,BLOOMINGTON,BLOOMINGTON,8/11/22,6:34 PM,2,,0,0,0,,W GOURLEY PIKE,,,,,W GOURLEY PIKE,W ARLINGTON RD,,,,Y,,0,,39.18641835,-86.55104596,,,,,URBAN,N,N,N,,DAYLIGHT,CLEAR,DRY,,T-INTERSECTION,,ASPHALT,FOLLOWING TOO CLOSELY,$1001 TO $2500,REAR END,WGOURLEYPIKEWARLINGTONRD,0,
ISP BLOOMINGTON 33,2.022E+11,MONROE,RICHLAND,ELLETTSVILLE,4/21/22,5:25 PM,2,,0,0,0,,SR46,,,,,SR46,LAKEVIEW DRIVE,,,,Y,,100,,39.22092522,-86.60526878,STATE ROAD,,,,URBAN,N,N,N,,DAYLIGHT,CLOUDY,DRY,,NO JUNCTION INVOLVED,,ASPHALT,FAILURE TO YIELD RIGHT OF WAY,$2501 TO $5000,REAR END,SR46LAKEVIEWDRIVE,0,
MONROE SD,M22A9383,MONROE,PERRY,BLOOMINGTON,4/25/22,9:45 AM,2,,2,0,0,,S OLD STATE ROAD 37,,,,,S OLD STATE ROAD 37,STATE RD 37,,,,N,,0,,39.08529253,-86.54271788,STATE ROAD,,,,RURAL,N,N,N,,DAYLIGHT,RAIN,WET,,FOUR-WAY INTERSECTION,,ASPHALT,DISREGARD SIGNAL/REG SIGN,$10001 TO $25000,RIGHT ANGLE,STATERD37SOLDSTATEROAD37,0,
MONROE SD,M22A3766,MONROE,CLEAR CREEK,BLOOMINGTON,2/16/22,7:34 PM,1,,0,0,0,,S OLD STATE ROAD 37,,,,,S OLD STATE ROAD 37,W HOBART RD,,,,N,,800,,39.00602565,-86.54343209,LOCAL/CITY ROAD,,,,RURAL,N,N,N,,DARK (NOT LIGHTED),CLEAR,DRY,,T-INTERSECTION,,ASPHALT,OTHER (VEHICLE) - EXPLAIN IN NARRATIVE,$5001 TO $10000,RAN OFF ROAD,WHOBARTRDSOLDSTATEROAD37,0,
MONROE SD,M22A24450,MONROE,CLEAR CREEK,BLOOMINGTON,10/5/22,8:30 AM,1,,0,0,0,,STATE RD 37,,,,,STATE RD 37,S OLD STATE ROAD 37,,,,N,,0,,39.08588606,-86.5433818,STATE ROAD,,,,RURAL,N,N,N,,DAYLIGHT,CLEAR,DRY,,FOUR-WAY INTERSECTION,,ASPHALT,FOLLOWING TOO CLOSELY,$1001 TO $2500,REAR END,STATERD37SOLDSTATEROAD37,0,
BLOOMINGTON PD,B22-11678,MONROE,PERRY,BLOOMINGTON,4/5/22,8:55 AM,2,,0,0,0,,700 BLK W. COUNTRY CLUB DR,,,,,700 BLK W. COUNTRY CLUB DR,S. MILTON DR,,,,Y,,500,,,,LOCAL/CITY ROAD,,,,URBAN,N,N,N,,DAYLIGHT,RAIN,WET,,NO JUNCTION INVOLVED,,ASPHALT,FOLLOWING TOO CLOSELY,$2501 TO $5000,REAR END,S.MILTONDR700BLKW.COUNTRYCLUBDR,0,
BLOOMINGTON PD,B22-12070,MONROE,VAN BUREN,BLOOMINGTON,4/7/22,6:41 PM,2,,0,0,0,,W 3RD ST,,,,,W 3RD ST,S LIBERTY DR,,,,N,,0,,39.16462034,-86.57914233,LOCAL/CITY ROAD,,,,URBAN,N,N,N,,DAYLIGHT,CLEAR,DRY,,FOUR-WAY INTERSECTION,,ASPHALT,FAILURE TO MAINTAIN LANE,$1001 TO $2500,HEAD ON BETWEEN TWO MOTOR VEHICLES,W3RDSTSLIBERTYDR,0,
BLOOMINGTON PD,B22-15530,MONROE,BLOOMINGTON,BLOOMINGTON,4/29/22,7:12 PM,2,,0,0,0,,W KIRKWOOD AVE,,,,,W KIRKWOOD AVE,S WALNUT ST,,,,Y,,0,,39.16653553,-86.53395957,LOCAL/CITY ROAD,,,,URBAN,N,N,N,,UNKNOWN,CLOUDY,DRY,,NO JUNCTION INVOLVED,,ASPHALT,UNSAFE BACKING,$2501 TO $5000,BACKING CRASH,WKIRKWOODAVESWALNUTST,0,
BLOOMINGTON PD,B22-32704,MONROE,PERRY,BLOOMINGTON,8/20/22,4:39 PM,2,,0,0,0,,E COVENANTER DR,,,,,E COVENANTER DR,S COLLEGE MALL RD,,,,Y,,0,,39.1551806,-86.49771029,LOCAL/CITY ROAD,,,,URBAN,N,N,N,,DAYLIGHT,CLEAR,DRY,,FOUR-WAY INTERSECTION,,ASPHALT,UNSAFE LANE MOVEMENT,$2501 TO $5000,SAME DIRECTION SIDESWIPE,SCOLLEGEMALLRDECOVENANTERDR,0,
BLOOMINGTON PD,B22-41088,MONROE,PERRY,BLOOMINGTON,10/6/22,3:41 PM,2,,0,0,0,,S OLD STATE ROAD 37,,,,,S OLD STATE ROAD 37,S WALNUT STREET PIKE,,,,N,,0,,39.13691387,-86.53068125,LOCAL/CITY ROAD,,,,URBAN,N,N,N,,DAYLIGHT,CLEAR,DRY,,NO JUNCTION INVOLVED,,ASPHALT,FOLLOWING TOO CLOSELY,$5001 TO $10000,REAR END,SWALNUTSTREETPIKESOLDSTATEROAD37,0,
BLOOMINGTON PD,B22-12671,MONROE,BLOOMINGTON,BLOOMINGTON,4/11/22,9:50 PM,2,,0,0,0,3900,E 3RD ST,,,,,E 3RD ST,,,,,Y,,0,,39.16383241,-86.47983287,PRIVATE DRIVE,,,,URBAN,N,N,N,,DARK (NOT LIGHTED),CLEAR,WET,,NO JUNCTION INVOLVED,,ASPHALT,UNSAFE BACKING,$1001 TO $2500,BACKING CRASH,E3RDST,0,
INDIANA UNIV BLOOMINGTON PD,224754,MONROE,BLOOMINGTON,BLOOMINGTON,12/4/22,5:35 PM,2,,0,0,0,,E 3RD ST,,,,,E 3RD ST,S SWAIN AVE,,,,Y,,211,,39.16430982,-86.51483378,LOCAL/CITY ROAD,,,,URBAN,N,N,N,,DAWN/DUSK,CLEAR,DRY,,NO JUNCTION INVOLVED,,ASPHALT,FOLLOWING TOO CLOSELY,$2501 TO $5000,REAR END,SSWAINAVEE3RDST,0,
ELLETTSVILLE PD,E22-04313,MONROE,RICHLAND,BLOOMINGTON,10/21/22,3:00 PM,2,,1,0,0,,W STATE RD 46,,,,,W STATE RD 46,N SMITH PIKE,,,,N,,0,,39.20996482,-86.58276812,STATE ROAD,,,,RURAL,N,N,N,,DAYLIGHT,CLEAR,DRY,,T-INTERSECTION,,ASPHALT,DISREGARD SIGNAL/REG SIGN,$10001 TO $25000,LEFT TURN,WSTATERD46NSMITHPIKE,0,
INDIANA UNIV BLOOMINGTON PD,224951,MONROE,BLOOMINGTON,BLOOMINGTON,12/16/22,1:57 PM,2,,0,0,0,1021,E 3RD ST,,,,,E 3RD ST,,,,,Y,,0,,39.1646036,-86.51961333,PRIVATE DRIVE,,,,URBAN,N,N,N,,DAYLIGHT,CLOUDY,DRY,,NO JUNCTION INVOLVED,,ASPHALT,OTHER (DRIVER) - EXPLAIN IN NARRATIVE,$2501 TO $5000,BACKING CRASH,E3RDST,0,
MONROE SD,M22A28874,MONROE,RICHLAND,BLOOMINGTON,11/25/22,9:50 AM,1,,0,0,0,,N CURRY PIKE,,,,,N CURRY PIKE,W WOODYARD RD,,,,N,,0,,39.18973821,-86.58297387,LOCAL/CITY ROAD,,,,RURAL,N,N,N,,DAYLIGHT,CLEAR,DRY,,NO JUNCTION INVOLVED,,ASPHALT,OTHER (DRIVER) - EXPLAIN IN NARRATIVE,$2501 TO $5000,REAR END,WWOODYARDRDNCURRYPIKE,0,
MONROE SD,M22A25766,MONROE,SALT CREEK,BLOOMINGTON,10/20/22,1:54 PM,2,,0,0,0,,STATE RD 46,,,,,STATE RD 46,,,,,N,,0,,39.15278668,-86.37693328,STATE ROAD,,,,RURAL,N,N,N,,DAYLIGHT,CLEAR,DRY,,NO JUNCTION INVOLVED,,ASPHALT,VIEW OBSTRUCTED,$1001 TO $2500,REAR END,STATERD46,0,
BLOOMINGTON PD,B22-44418,MONROE,BLOOMINGTON,BLOOMINGTON,10/25/22,2:24 PM,2,,0,0,0,,SR 45,,,,,SR 45,N MARTHA ST,,,,Y,,0,,39.18623771,-86.53190441,STATE ROAD,,,,URBAN,N,N,N,,DAYLIGHT,RAIN,WET,,FOUR-WAY INTERSECTION,,ASPHALT,FOLLOWING TOO CLOSELY,$2501 TO $5000,REAR END,SR45NMARTHAST,0,
MONROE SD,M22A29807,MONROE,WASHINGTON,BLOOMINGTON,12/5/22,2:47 PM,2,,0,0,0,,W SIMPSON CHAPEL RD,,,,,W SIMPSON CHAPEL RD,W LAWSON RD,,,,N,,634,,39.27323161,-86.53070997,COUNTY ROAD,,,,RURAL,N,N,Y,LANE CLOSURE,DAYLIGHT,CLOUDY,DRY,,NO JUNCTION INVOLVED,,ASPHALT,DRIVER ASLEEP OR FATIGUED,$2501 TO $5000,REAR END,WSIMPSONCHAPELRDWLAWSONRD,0,
BLOOMINGTON PD,B22-44620,MONROE,BLOOMINGTON,BLOOMINGTON,10/26/22,2:41 PM,2,,1,0,0,,N WALNUT ST,,,,,N WALNUT ST,N FRITZ DR,,,,Y,,1000,,39.19364117,-86.5333295,LOCAL/CITY ROAD,,,,URBAN,N,N,N,,DAYLIGHT,CLEAR,DRY,,NO JUNCTION INVOLVED,,ASPHALT,FAILURE TO YIELD RIGHT OF WAY,$5001 TO $10000,RIGHT ANGLE,NWALNUTSTNFRITZDR,0,
BLOOMINGTON PD,B22-53115,MONROE,VAN BUREN,BLOOMINGTON,12/22/22,2:10 PM,2,,1,0,0,,3200 W. 3RD ST,,,,,3200 W. 3RD ST,I 69 SOUTH RAMP,,,,Y,,0,,39.1647007,-86.57521404,LOCAL/CITY ROAD,,,,URBAN,N,N,N,,DAYLIGHT,RAIN,WET,,RAMP,,CONCRETE,FOLLOWING TOO CLOSELY,$2501 TO $5000,REAR END,I69SOUTHRAMP3200W.3RDST,0,
ISP BLOOMINGTON 33,2.02201E+11,MONROE,BLOOMINGTON,BLOOMINGTON,12/15/22,11:29 AM,2,,0,0,0,,SR48,,,,,SR48,I69 - 118 - C,,,,Y,,50,,39.1646452,-86.57375855,STATE ROAD,,,,URBAN,N,N,N,,DAYLIGHT,CLEAR,DRY,,NO JUNCTION INVOLVED,,CONCRETE,FAILURE TO YIELD RIGHT OF WAY,$10001 TO $25000,REAR END,SR48I69-118-C,0,