Agency,Local Code,County,Township,City,Collision Date,Collision Time,Vehicles Involved,Trailers Involved,Number Injured,Number Dead,Number Deer,House Number,Roadway Name,Roadway Suffix,Roadway Number,Roadway Interchange,Roadway Ramp,Roadway Id,Intersecting Road,Intersecting Road Number,Mile Marker,Interchange,Corporate Limits?,Property Type,Feet From,Direction,Latitude,Longitude,Roadway Class,Traffic Control Devices?,Aggressive Driving?,Hit and Run?,Locality,School Zone?,Rumble Strips?,Construction?,Construction Type,Light Condition,Weather Conditions,Surface Condition,Type of Median,Roadway Junction Type,Road Character,Roadway Surface,Primary Factor,Damage Estimate,Manner of Collision,Unique Location Id,State Property Damage?,Traffic Control
BLOOMINGTON PD,B22-50774,MONROE,VAN BUREN,BLOOMINGTON,12/7/22,11:18 AM,2,,0,0,0,,W STATE RD 45,,,,,W STATE RD 45,S HICKORY LEAF DR,,,,Y,,300,,39.14437552,-86.5789984,STATE ROAD,,,,URBAN,N,N,N,,DAYLIGHT,CLOUDY,DRY,,NO JUNCTION INVOLVED,,ASPHALT,UNSAFE LANE MOVEMENT,$5001 TO $10000,SAME DIRECTION SIDESWIPE,WSTATERD45SHICKORYLEAFDR,0,
BLOOMINGTON PD,B22-46094,MONROE,BLOOMINGTON,BLOOMINGTON,11/3/22,9:49 PM,3,,0,0,0,,W COUNTRY CLUB DR,,,,,W COUNTRY CLUB DR,S ROGERS ST,,,,Y,,0,,39.13604892,-86.53849072,LOCAL/CITY ROAD,,,,URBAN,N,N,N,,DARK (LIGHTED),CLEAR,DRY,,FOUR-WAY INTERSECTION,,ASPHALT,FAILURE TO YIELD RIGHT OF WAY,$2501 TO $5000,HEAD ON BETWEEN TWO MOTOR VEHICLES,WCOUNTRYCLUBDRSROGERSST,0,
BLOOMINGTON PD,B22-51128,MONROE,BLOOMINGTON,BLOOMINGTON,12/9/22,2:02 PM,1,,0,0,0,,1150 S CLARIZZ BLVD,,,,,1150 S CLARIZZ BLVD,,,,,Y,,0,,39.15159097,-86.49183727,PRIVATE DRIVE,,,,URBAN,N,N,N,,DAYLIGHT,CLOUDY,WET,,NO JUNCTION INVOLVED,,ASPHALT,UNSAFE SPEED,$10001 TO $25000,RAN OFF ROAD,1150SCLARIZZBLVD,0,
BLOOMINGTON PD,B22-49982,MONROE,PERRY,BLOOMINGTON,12/2/22,1:44 AM,1,,0,0,0,,S ROGERS ST,,,,,S ROGERS ST,W 3RD ST,,,,Y,,0,,39.16439443,-86.5386682,LOCAL/CITY ROAD,,,,URBAN,N,N,N,,DARK (NOT LIGHTED),CLEAR,DRY,,FOUR-WAY INTERSECTION,,ASPHALT,UNSAFE SPEED,$25001 TO $50000,RAN OFF ROAD,W3RDSTSROGERSST,0,
MONROE SD,M22A30500,MONROE,RICHLAND,BLOOMINGTON,12/14/22,5:55 AM,2,,0,0,0,,N DANIELS WAY,,,,,N DANIELS WAY,W ZENITH DR,,,,N,,0,,39.16984005,-86.59831552,COUNTY ROAD,,,,RURAL,N,N,N,,DARK (LIGHTED),RAIN,WET,,T-INTERSECTION,,ASPHALT,FOLLOWING TOO CLOSELY,$5001 TO $10000,REAR END,WZENITHDRNDANIELSWAY,0,
BLOOMINGTON PD,B22-47018,MONROE,PERRY,BLOOMINGTON,11/10/22,2:23 PM,2,,0,0,0,2894,E 3RD ST; ORANGE THEORY FITNES,,,,,E 3RD ST; ORANGE THEORY FITNESS,,,,,Y,,0,,39.16269443,-86.49655073,PRIVATE DRIVE,,,,URBAN,N,N,N,,DAYLIGHT,CLEAR,DRY,,NO JUNCTION INVOLVED,,ASPHALT,FAILURE TO YIELD RIGHT OF WAY,$1001 TO $2500,RIGHT ANGLE,E3RDST;ORANGETHEORYFITNESS,0,
MONROE SD,M22A31519,MONROE,BLOOMINGTON,BLOOMINGTON,12/29/22,12:15 PM,2,,0,0,0,,S LIBERTY DR,,,,,S LIBERTY DR,,,,,N,,0,,39.15897001,-86.57790638,PRIVATE DRIVE,,,,RURAL,N,N,N,,DAYLIGHT,CLEAR,DRY,,NO JUNCTION INVOLVED,,ASPHALT,INSECURE/LEAKY LOAD,$1001 TO $2500,OTHER - EXPLAIN IN NARRATIVE,SLIBERTYDR,0,
BLOOMINGTON PD,B22-43801,MONROE,PERRY,BLOOMINGTON,10/21/22,7:50 PM,2,,0,0,0,,E 3RD ST,,,,,E 3RD ST,S PETE ELLIS DR,,,,Y,,0,,39.16422406,-86.49488452,LOCAL/CITY ROAD,,,,URBAN,N,N,N,,DAYLIGHT,CLEAR,DRY,,FOUR-WAY INTERSECTION,,ASPHALT,FAILURE TO YIELD RIGHT OF WAY,$2501 TO $5000,RIGHT ANGLE,SPETEELLISDRE3RDST,0,
MONROE SD,M22A28126,MONROE,PERRY,BLOOMINGTON,11/16/22,8:59 AM,2,,1,0,0,,E MOORES CREEK RD,,,,,E MOORES CREEK RD,S. HUGHES LN,,,,N,,1500,,39.11720978,-86.4770501,COUNTY ROAD,,,,RURAL,N,N,N,,DAYLIGHT,CLOUDY,WET,,NO JUNCTION INVOLVED,,ASPHALT,LEFT OF CENTER,$10001 TO $25000,OPPOSITE DIRECTION SIDESWIPE,S.HUGHESLNEMOORESCREEKRD,0,
INDIANA UNIV BLOOMINGTON PD,224750,MONROE,BLOOMINGTON,BLOOMINGTON,11/30/22,4:14 PM,2,,0,0,0,,N UNION ST,,,,,N UNION ST,,,,,Y,,0,,39.17390411,-86.51095103,PRIVATE DRIVE,,,,URBAN,N,N,N,,DAYLIGHT,CLEAR,DRY,,NO JUNCTION INVOLVED,,ASPHALT,UNSAFE BACKING,$1001 TO $2500,BACKING CRASH,NUNIONST,0,
BLOOMINGTON PD,B22-53281,MONROE,BLOOMINGTON,BLOOMINGTON,12/23/22,11:33 PM,1,,0,0,0,,W KIRKWOOD AVE,,,,,W KIRKWOOD AVE,S ADAMS ST,,,,Y,,0,,39.16668474,-86.54966973,LOCAL/CITY ROAD,,,,URBAN,N,N,N,,DARK (LIGHTED),BLOWING SAND/SOIL/SNOW,SNOW/SLUSH,,FOUR-WAY INTERSECTION,,ASPHALT,SPEED TOO FAST FOR WEATHER CONDITIONS,$5001 TO $10000,RAN OFF ROAD,WKIRKWOODAVESADAMSST,0,
MONROE SD,M22A30164,MONROE,VAN BUREN,BLOOMINGTON,12/9/22,1:11 AM,2,,0,0,0,,W 3RD ST,,,,,W 3RD ST,N WAYNES LN,,,,N,,0,,39.16473327,-86.59249279,,,,,RURAL,N,N,N,,DAYLIGHT,CLOUDY,WET,,FOUR-WAY INTERSECTION,,ASPHALT,FOLLOWING TOO CLOSELY,$2501 TO $5000,REAR END,W3RDSTNWAYNESLN,0,
MONROE SD,M22A26402,MONROE,PERRY,BLOOMINGTON,10/27/22,2:14 PM,2,,0,0,0,,S OLD STATE ROAD 37,,,,,S OLD STATE ROAD 37,S FAIRFAX RD,,,,N,,0,,39.10727388,-86.53147144,LOCAL/CITY ROAD,,,,URBAN,N,N,N,,DAYLIGHT,CLEAR,DRY,,NO JUNCTION INVOLVED,,ASPHALT,IMPROPER TURNING,$10001 TO $25000,LEFT/RIGHT TURN,SOLDSTATEROAD37SFAIRFAXRD,0,
BLOOMINGTON PD,B22-50489,MONROE,PERRY,BLOOMINGTON,12/5/22,1:53 PM,2,,0,0,0,2718,E 3RD ST,,,,,E 3RD ST,,,,,Y,,0,,39.16395401,-86.49757338,PRIVATE DRIVE,,,,URBAN,N,N,N,,DAYLIGHT,CLOUDY,DRY,,NO JUNCTION INVOLVED,,ASPHALT,OTHER (DRIVER) - EXPLAIN IN NARRATIVE,$2501 TO $5000,HEAD ON BETWEEN TWO MOTOR VEHICLES,E3RDST,0,
BLOOMINGTON PD,B22-51432,MONROE,PERRY,BLOOMINGTON,12/11/22,2:18 PM,2,,0,0,0,,W MILIEU DR,,,,,W MILIEU DR,S DOLIMAH AVE,,,,Y,,0,,39.16252309,-86.55231726,LOCAL/CITY ROAD,,,,URBAN,N,N,N,,DAYLIGHT,CLOUDY,DRY,,FOUR-WAY INTERSECTION,,ASPHALT,FAILURE TO YIELD RIGHT OF WAY,UNDER $1001,LEFT TURN,WMILIEUDRSDOLIMAHAVE,0,
MONROE SD,M22A29952,MONROE,CLEAR CREEK,BLOOMINGTON,12/7/22,9:24 AM,2,,0,0,0,315,W. GORDON PIKE,,,,,W. GORDON PIKE,,,,,N,,0,,39.11536,-86.539423,,,,,RURAL,N,N,N,,DAYLIGHT,RAIN,WET,,NO JUNCTION INVOLVED,,ASPHALT,UNSAFE BACKING,$2501 TO $5000,BACKING CRASH,W.GORDONPIKE,0,
INDIANA UNIV BLOOMINGTON PD,224875,MONROE,BLOOMINGTON,BLOOMINGTON,12/12/22,2:45 PM,2,,1,0,0,,S JORDAN AVE,,,,,S JORDAN AVE,E 3RD ST,,,,Y,,0,,39.1640629,-86.51648588,LOCAL/CITY ROAD,,,,URBAN,N,N,N,,DAYLIGHT,CLEAR,DRY,,T-INTERSECTION,,ASPHALT,FAILURE TO YIELD RIGHT OF WAY,$5001 TO $10000,RIGHT ANGLE,SJORDANAVEE3RDST,0,
MONROE SD,M22A26167,MONROE,POLK,,10/25/22,6:34 AM,1,,0,0,1,,STATE RD 446,,,,,STATE RD 446,ALLENS CREEK,,,,N,,0,,39.03404058,-86.40830867,STATE ROAD,,,,RURAL,N,N,N,,DARK (NOT LIGHTED),CLOUDY,DRY,,NO JUNCTION INVOLVED,,ASPHALT,ANIMAL/OBJECT IN ROADWAY,$5001 TO $10000,COLLISION WITH DEER,STATERD446ALLENSCREEK,0,
MONROE SD,M22A26485,MONROE,PERRY,BLOOMINGTON,10/28/22,2:52 PM,2,,0,0,0,,S OLD STATE ROAD 37,,,,,S OLD STATE ROAD 37,S FAIRFAX RD,,,,N,,0,,39.10725528,-86.5314924,STATE ROAD,,,,RURAL,N,N,N,,DAYLIGHT,CLEAR,DRY,,FOUR-WAY INTERSECTION,,ASPHALT,FOLLOWING TOO CLOSELY,UNDER $1001,REAR END,SOLDSTATEROAD37SFAIRFAXRD,0,
MONROE SD,M22A27773,MONROE,CLEAR CREEK,BLOOMINGTON,11/11/22,6:35 PM,1,,0,0,0,,S OLD STATE ROAD 37,,,,,S OLD STATE ROAD 37,,,,,N,,0,,39.07474348,-86.54428519,STATE ROAD,,,,RURAL,N,N,N,,DARK (NOT LIGHTED),CLEAR,DRY,,NO JUNCTION INVOLVED,,ASPHALT,ANIMAL/OBJECT IN ROADWAY,$2501 TO $5000,COLLISION WITH DEER,SOLDSTATEROAD37,0,
BLOOMINGTON PD,B22-47862,MONROE,PERRY,BLOOMINGTON,11/16/22,6:00 PM,2,,1,0,0,,W 3RD ST,,,,,W 3RD ST,S MULLER PKWY,,,,Y,,0,,39.16450159,-86.56262875,LOCAL/CITY ROAD,,,,URBAN,N,N,N,,DAYLIGHT,CLOUDY,DRY,,NO JUNCTION INVOLVED,,ASPHALT,FAILURE TO MAINTAIN LANE,UNDER $1001,SAME DIRECTION SIDESWIPE,W3RDSTSMULLERPKWY,0,
BLOOMINGTON PD,B22-47781,MONROE,BLOOMINGTON,BLOOMINGTON,11/16/22,8:58 AM,2,,0,0,0,,N WALNUT ST,,,,,N WALNUT ST,W 9TH ST,,,,Y,,0,,39.17047386,-86.53360518,LOCAL/CITY ROAD,,,,URBAN,N,N,N,,DAYLIGHT,CLOUDY,WET,,FOUR-WAY INTERSECTION,,ASPHALT,UNSAFE LANE MOVEMENT,$5001 TO $10000,LEFT TURN,W9THSTNWALNUTST,0,
ELLETTSVILLE PD,E22-05038,MONROE,RICHLAND,ELLETTSVILLE,12/2/22,9:30 PM,1,,0,0,1,,STATE RD 46,,,,,STATE RD 46,,,,,N,,0,,39.24729477,-86.64625272,,,,,RURAL,N,N,N,,DARK (NOT LIGHTED),CLOUDY,DRY,,NO JUNCTION INVOLVED,,ASPHALT,ANIMAL/OBJECT IN ROADWAY,$5001 TO $10000,COLLISION WITH DEER,STATERD46,0,
MONROE SD,M22A31710,MONROE,BLOOMINGTON,BLOOMINGTON,12/31/22,3:52 PM,1,,0,0,0,,S MADISON ST,,,,,S MADISON ST,W TELL ST,,,,Y,,0,,39.12813798,-86.53664376,,,,,URBAN,N,N,N,,DAYLIGHT,CLEAR,DRY,,NO JUNCTION INVOLVED,,ASPHALT,OTHER (DRIVER) - EXPLAIN IN NARRATIVE,UNDER $1001,BACKING CRASH,WTELLSTSMADISONST,0,
MONROE SD,M22A28984,MONROE,BLOOMINGTON,BLOOMINGTON,11/27/22,12:24 AM,2,,0,0,0,301,N COLLEGE AVE,,,,,N COLLEGE AVE,,,,,Y,,0,,39.168888,-86.53527,PRIVATE DRIVE,,,,URBAN,N,N,N,,DARK (LIGHTED),RAIN,WET,,NO JUNCTION INVOLVED,,ASPHALT,VIEW OBSTRUCTED,$2501 TO $5000,BACKING CRASH,NCOLLEGEAVE,0,
INDIANA UNIV BLOOMINGTON PD,223769,MONROE,BLOOMINGTON,BLOOMINGTON,10/6/22,10:50 AM,2,,0,0,0,,E LAW LN,,,,,E LAW LN,N. EAGLESON AVENUE,,,,Y,,200,,39.17351209,-86.51624984,LOCAL/CITY ROAD,,,,URBAN,N,N,N,,DAYLIGHT,CLOUDY,DRY,,NO JUNCTION INVOLVED,,ASPHALT,IMPROPER TURNING,$1001 TO $2500,SAME DIRECTION SIDESWIPE,N.EAGLESONAVENUEELAWLN,0,
MONROE SD,M22A27685,MONROE,RICHLAND,BLOOMINGTON,11/10/22,5:07 PM,2,,0,0,0,,W ARLINGTON RD,,,,,W ARLINGTON RD,W CAYDEN LN,,,,Y,,581,,39.19014753,-86.55186018,COUNTY ROAD,,,,URBAN,N,N,N,,DAYLIGHT,CLEAR,DRY,,NO JUNCTION INVOLVED,,ASPHALT,FAILURE TO YIELD RIGHT OF WAY,$10001 TO $25000,RIGHT ANGLE,WCAYDENLNWARLINGTONRD,0,
BLOOMINGTON PD,B22-43885,MONROE,PERRY,BLOOMINGTON,10/22/22,12:04 PM,1,,0,0,1,,I 69 N,,,100,1,I 69 N,,,,,Y,,0,,39.1612788,-86.57294707,INTERSTATE,,,,URBAN,N,N,N,,DAYLIGHT,CLEAR,DRY,,NO JUNCTION INVOLVED,,ASPHALT,ANIMAL/OBJECT IN ROADWAY,$2501 TO $5000,COLLISION WITH DEER,I69N100118,0,
MONROE SD,M22A25302,MONROE,VAN BUREN,BLOOMINGTON,10/15/22,5:33 AM,1,,0,0,0,,W STATE RD 45,,,,,W STATE RD 45,S RENDY LN,,,,N,,1003,,39.1208551,-86.61648807,STATE ROAD,,,,RURAL,N,N,N,,DARK (NOT LIGHTED),CLEAR,DRY,,NO JUNCTION INVOLVED,,ASPHALT,ANIMAL/OBJECT IN ROADWAY,$5001 TO $10000,RAN OFF ROAD,WSTATERD45SRENDYLN,0,
INDIANA UNIV BLOOMINGTON PD,224707,MONROE,BLOOMINGTON,BLOOMINGTON,11/29/22,1:00 PM,2,,0,0,0,1000,N JORDAN AVE,,,,,N JORDAN AVE,,,,,Y,,0,,39.17470146,-86.51347107,PRIVATE DRIVE,,,,URBAN,N,N,N,,DAYLIGHT,CLEAR,DRY,,NO JUNCTION INVOLVED,,ASPHALT,FAILURE TO YIELD RIGHT OF WAY,$1001 TO $2500,SAME DIRECTION SIDESWIPE,NJORDANAVE,0,
BLOOMINGTON PD,B22-44440,MONROE,PERRY,BLOOMINGTON,10/25/22,3:44 PM,2,,0,0,0,,W TAPP RD,,,,,W TAPP RD,S ADAMS ST,,,,Y,,0,,39.13648937,-86.5545224,,,,,URBAN,N,N,N,,DAYLIGHT,RAIN,WET,,TRAFFIC CIRCLE/ROUNDABOUT,,ASPHALT,FOLLOWING TOO CLOSELY,$5001 TO $10000,REAR END,WTAPPRDSADAMSST,0,
MONROE SD,M22A29918,MONROE,BEAN BLOSSOM,BLOOMINGTON,12/6/22,6:17 PM,3,,1,0,0,,STATE RD 46,,,,,STATE RD 46,,,,,N,,0,,39.28069767,-86.68091063,STATE ROAD,,,,RURAL,N,N,N,,DARK (NOT LIGHTED),RAIN,WET,,NO JUNCTION INVOLVED,,ASPHALT,FOLLOWING TOO CLOSELY,$10001 TO $25000,REAR TO REAR,STATERD46,0,
BLOOMINGTON PD,B22-46693,MONROE,BLOOMINGTON,BLOOMINGTON,11/7/22,6:27 PM,2,,0,0,0,,N MONROE ST,,,,,N MONROE ST,STATE RD 46,,,,Y,,0,,39.18679948,-86.54667961,STATE ROAD,,,,URBAN,N,N,N,,DARK (NOT LIGHTED),CLEAR,DRY,,NO JUNCTION INVOLVED,,ASPHALT,FOLLOWING TOO CLOSELY,$2501 TO $5000,REAR END,STATERD46NMONROEST,0,
BLOOMINGTON PD,B22-44425,MONROE,VAN BUREN,BLOOMINGTON,10/25/22,2:56 PM,2,,0,0,0,,S LIBERTY DR,,,,,S LIBERTY DR,W 3RD ST,,,,Y,,0,,39.16364127,-86.57913949,,,,,URBAN,N,N,N,,DAYLIGHT,RAIN,WET,,FOUR-WAY INTERSECTION,,ASPHALT,FAILURE TO YIELD RIGHT OF WAY,$10001 TO $25000,RIGHT TURN,W3RDSTSLIBERTYDR,0,
BLOOMINGTON PD,B22-51011,MONROE,BLOOMINGTON,BLOOMINGTON,12/8/22,5:23 PM,2,,0,0,0,,N WALNUT ST,,,,,N WALNUT ST,STATE RD 45/46 BYPASS,,,,Y,,0,,39.18652759,-86.53445215,STATE ROAD,,,,URBAN,N,N,N,,DAWN/DUSK,RAIN,WET,,NO JUNCTION INVOLVED,,ASPHALT,IMPROPER LANE USAGE,$1001 TO $2500,SAME DIRECTION SIDESWIPE,STATERD45/46BYPASSNWALNUTST,0,
BLOOMINGTON PD,B22-48018,MONROE,BLOOMINGTON,BLOOMINGTON,11/17/22,8:50 PM,2,,2,0,0,,N WALNUT ST,,,,,N WALNUT ST,N OLD STATE ROAD 37,,,,Y,,0,,39.18336473,-86.53417058,LOCAL/CITY ROAD,,,,URBAN,N,N,N,,DARK (LIGHTED),CLEAR,DRY,,FOUR-WAY INTERSECTION,,ASPHALT,FAILURE TO YIELD RIGHT OF WAY,$25001 TO $50000,RIGHT ANGLE,NWALNUTSTNOLDSTATEROAD37,0,
ELLETTSVILLE PD,E22-04647,MONROE,RICHLAND,ELLETTSVILLE,11/9/22,7:20 PM,2,,0,0,0,,W STATE ROAD 46,,,,,W STATE ROAD 46,W FORREST PARK DR,,,,Y,,0,,39.212096,-86.587196,STATE ROAD,,,,URBAN,N,N,N,,DARK (NOT LIGHTED),CLEAR,DRY,,T-INTERSECTION,,ASPHALT,FAILURE TO YIELD RIGHT OF WAY,$10001 TO $25000,LEFT TURN,WSTATEROAD46WFORRESTPARKDR,0,
ELLETTSVILLE PD,E22-04790,MONROE,RICHLAND,ELLETTSVILLE,11/18/22,10:55 AM,2,,0,0,0,,WATER ST,,,,,WATER ST,S POPLAR DR,,,,Y,,0,,39.23687882,-86.62987898,LOCAL/CITY ROAD,,,,URBAN,N,N,N,,DAYLIGHT,CLOUDY,DRY,,INTERCHANGE,,ASPHALT,UNSAFE BACKING,$2501 TO $5000,BACKING CRASH,WATERSTSPOPLARDR,0,
INDIANA UNIV BLOOMINGTON PD,225022,MONROE,BLOOMINGTON,BLOOMINGTON,12/29/22,7:33 AM,1,,0,0,0,,N WALNUT GROVE AVE,,,,,N WALNUT GROVE AVE,,,,,Y,,0,,39.17335752,-86.5205359,PRIVATE DRIVE,,,,URBAN,N,N,N,,DAWN/DUSK,CLEAR,WET,,NO JUNCTION INVOLVED,,ASPHALT,UNSAFE BACKING,UNDER $1001,BACKING CRASH,NWALNUTGROVEAVE,0,
BLOOMINGTON PD,B22-46339,MONROE,BLOOMINGTON,BLOOMINGTON,11/5/22,11:23 AM,2,,0,0,0,,S LINCOLN ST,,,,,S LINCOLN ST,E 4TH ST,,,,Y,,0,,39.16560497,-86.53110388,LOCAL/CITY ROAD,,,,URBAN,N,N,N,,DAYLIGHT,CLOUDY,WET,,FOUR-WAY INTERSECTION,,ASPHALT,FAILURE TO YIELD RIGHT OF WAY,$2501 TO $5000,RIGHT TURN,SLINCOLNSTE4THST,0,
BLOOMINGTON PD,B22-50228,MONROE,VAN BUREN,BLOOMINGTON,12/3/22,3:44 PM,2,,1,0,0,,S LIBERTY DR,,,,,S LIBERTY DR,W 3RD ST,,,,Y,,0,,39.16479416,-86.5791637,LOCAL/CITY ROAD,,,,URBAN,N,N,N,,DAYLIGHT,CLEAR,DRY,,FOUR-WAY INTERSECTION,,ASPHALT,FOLLOWING TOO CLOSELY,$1001 TO $2500,REAR END,W3RDSTSLIBERTYDR,0,
BLOOMINGTON PD,B22-47657,MONROE,BLOOMINGTON,BLOOMINGTON,11/15/22,1:13 PM,2,,0,0,0,,E 3RD ST,,,,,E 3RD ST,S KINGSTON DR,,,,Y,,0,,39.16422373,-86.49305768,LOCAL/CITY ROAD,,,,URBAN,N,N,Y,LANE CLOSURE,DAYLIGHT,CLOUDY,DRY,,FOUR-WAY INTERSECTION,,ASPHALT,FAILURE TO YIELD RIGHT OF WAY,$25001 TO $50000,RIGHT ANGLE,SKINGSTONDRE3RDST,0,
INDIANA UNIV BLOOMINGTON PD,224149,MONROE,BLOOMINGTON,BLOOMINGTON,10/27/22,12:50 PM,2,,0,0,0,,E 7TH ST,,,,,E 7TH ST,,,,,Y,,0,,39.16795585,-86.52221239,LOCAL/CITY ROAD,,,,URBAN,N,N,N,,DAYLIGHT,CLEAR,DRY,,NO JUNCTION INVOLVED,,ASPHALT,IMPROPER PASSING,$1001 TO $2500,SAME DIRECTION SIDESWIPE,E7THST,0,
BLOOMINGTON PD,B22-53779,MONROE,VAN BUREN,BLOOMINGTON,12/29/22,2:30 PM,2,,0,0,0,,3620 W 3RD ST,,,,,3620 W 3RD ST,,,,,Y,,0,,39.16556549,-86.57894645,PRIVATE DRIVE,,,,URBAN,N,N,N,,DAYLIGHT,CLOUDY,DRY,,NO JUNCTION INVOLVED,,ASPHALT,OTHER (DRIVER) - EXPLAIN IN NARRATIVE,$10001 TO $25000,RAN OFF ROAD,3620W3RDST,0,
BLOOMINGTON PD,B22-44685,MONROE,PERRY,BLOOMINGTON,10/26/22,10:30 PM,1,,0,0,1,,W BLOOMFIELD RD,,,,,W BLOOMFIELD RD,S WEIMER RD,,,,Y,,0,,39.15417985,-86.56436825,LOCAL/CITY ROAD,,,,URBAN,N,N,N,,DARK (NOT LIGHTED),CLEAR,DRY,,Y-INTERSECTION,,ASPHALT,ANIMAL/OBJECT IN ROADWAY,$5001 TO $10000,COLLISION WITH DEER,WBLOOMFIELDRDSWEIMERRD,0,
ELLETTSVILLE PD,E22-05490,MONROE,RICHLAND,ELLETTSVILLE,12/30/22,5:20 PM,1,,1,0,0,,STATE ROAD 46,,,,,STATE ROAD 46,DEPOT RD,,,,Y,,0,,39.2441275,-86.634351,STATE ROAD,,,,URBAN,N,N,N,,DARK (LIGHTED),RAIN,WET,,NO JUNCTION INVOLVED,,ASPHALT,OVERCORRECTING/OVERSTEERING,$5001 TO $10000,RAN OFF ROAD,STATEROAD46DEPOTRD,0,
ELLETTSVILLE PD,E22-05509,MONROE,RICHLAND,ELLETTSVILLE,12/31/22,10:08 AM,2,,1,0,0,,STATE ROAD 46,,,,,STATE ROAD 46,LAKEVIEW DR,,,,Y,,0,,39.22102,-86.605405,STATE ROAD,,,,URBAN,N,N,N,,DAYLIGHT,CLOUDY,DRY,,T-INTERSECTION,,ASPHALT,FOLLOWING TOO CLOSELY,$1001 TO $2500,REAR END,STATEROAD46LAKEVIEWDR,0,
BLOOMINGTON PD,B22-43935,MONROE,PERRY,BLOOMINGTON,10/22/22,6:41 PM,2,,0,0,0,,S COLLEGE AVE,,,,,S COLLEGE AVE,W 1ST ST,,,,Y,,0,,39.15933382,-86.53495736,LOCAL/CITY ROAD,,,,URBAN,N,N,N,,DAYLIGHT,CLEAR,DRY,,FOUR-WAY INTERSECTION,,ASPHALT,UNSAFE LANE MOVEMENT,$2501 TO $5000,SAME DIRECTION SIDESWIPE,W1STSTSCOLLEGEAVE,0,
BLOOMINGTON PD,B22-48171,MONROE,BLOOMINGTON,BLOOMINGTON,11/18/22,10:30 PM,2,,0,0,0,,W 4TH ST,,,,,W 4TH ST,B-LINE TRL,,,,Y,,0,,39.16560101,-86.53646714,,,,,URBAN,N,N,N,,DARK (LIGHTED),CLEAR,DRY,,NO JUNCTION INVOLVED,,ASPHALT,FAILURE TO MAINTAIN LANE,$2501 TO $5000,SAME DIRECTION SIDESWIPE,W4THSTB-LINETRL,0,
BLOOMINGTON PD,B22-49552,MONROE,BLOOMINGTON,BLOOMINGTON,11/29/22,3:54 PM,2,,0,0,0,,W 14TH ST,,,,,W 14TH ST,N WOODBURN AVE,,,,Y,,0,,39.17596885,-86.5359868,LOCAL/CITY ROAD,,,,URBAN,N,N,N,,DAYLIGHT,CLEAR,DRY,,FOUR-WAY INTERSECTION,,ASPHALT,FAILURE TO YIELD RIGHT OF WAY,$2501 TO $5000,RIGHT ANGLE,W14THSTNWOODBURNAVE,0,
INDIANA UNIV BLOOMINGTON PD,223966,MONROE,BLOOMINGTON,BLOOMINGTON,10/17/22,11:25 AM,2,,0,0,0,,E 10TH ST,,,,,E 10TH ST,N SUNRISE DR,,,,Y,,0,,39.17157099,-86.51159621,LOCAL/CITY ROAD,,,,URBAN,N,N,N,,DAYLIGHT,CLOUDY,DRY,,NO JUNCTION INVOLVED,,ASPHALT,FAILURE TO YIELD RIGHT OF WAY,$2501 TO $5000,RIGHT ANGLE,NSUNRISEDRE10THST,0,
BLOOMINGTON PD,B22-51936,MONROE,BLOOMINGTON,BLOOMINGTON,12/14/22,5:34 PM,2,,0,0,0,,N WALNUT ST,,,,,N WALNUT ST,STATE RD 45/46,,,,Y,,350,,39.18470297,-86.53441451,LOCAL/CITY ROAD,,,,URBAN,N,N,N,,DARK (LIGHTED),RAIN,WET,,NO JUNCTION INVOLVED,,ASPHALT,IMPROPER PASSING,$1001 TO $2500,SAME DIRECTION SIDESWIPE,STATERD45/46NWALNUTST,0,
BLOOMINGTON PD,B22-51818,MONROE,VAN BUREN,BLOOMINGTON,12/14/22,5:51 AM,1,,1,0,0,,W THIRD ST.,,,,,W THIRD ST.,LIBERTY DR,,,,Y,,0,,42.84314669,-87.85616998,LOCAL/CITY ROAD,,,,URBAN,N,N,N,,DARK (LIGHTED),RAIN,WET,,FOUR-WAY INTERSECTION,,ASPHALT,IMPROPER TURNING,UNDER $1001,RIGHT TURN,WTHIRDST.LIBERTYDR,1,
MONROE SD,M22A29605,MONROE,POLK,BLOOMINGTON,12/3/22,12:03 PM,1,,0,0,1,,STATE RD 446,,,,,STATE RD 446,OLD DUTCH RIDGE RD,,,,N,,0,,39.00491001,-86.39775825,STATE ROAD,,,,RURAL,N,N,N,,DARK (NOT LIGHTED),RAIN,WET,,NO JUNCTION INVOLVED,,ASPHALT,ANIMAL/OBJECT IN ROADWAY,$5001 TO $10000,COLLISION WITH DEER,STATERD446OLDDUTCHRIDGERD,0,
MONROE SD,M22A26696,MONROE,PERRY,BLOOMINGTON,10/31/22,4:48 AM,1,,0,0,1,,STATE RD 37,,,,,STATE RD 37,,,,,N,,0,,39.10655578,-86.5524382,STATE ROAD,,,,RURAL,N,N,N,,DARK (LIGHTED),CLOUDY,WET,,NO JUNCTION INVOLVED,,ASPHALT,ANIMAL/OBJECT IN ROADWAY,$2501 TO $5000,COLLISION WITH DEER,STATERD37,0,