Agency,Local Code,County,Township,City,Collision Date,Collision Time,Vehicles Involved,Trailers Involved,Number Injured,Number Dead,Number Deer,House Number,Roadway Name,Roadway Suffix,Roadway Number,Roadway Interchange,Roadway Ramp,Roadway Id,Intersecting Road,Intersecting Road Number,Mile Marker,Interchange,Corporate Limits?,Property Type,Feet From,Direction,Latitude,Longitude,Roadway Class,Traffic Control Devices?,Aggressive Driving?,Hit and Run?,Locality,School Zone?,Rumble Strips?,Construction?,Construction Type,Light Condition,Weather Conditions,Surface Condition,Type of Median,Roadway Junction Type,Road Character,Roadway Surface,Primary Factor,Damage Estimate,Manner of Collision,Unique Location Id,State Property Damage?,Traffic Control
BLOOMINGTON PD,B22-43621,MONROE,BLOOMINGTON,BLOOMINGTON,10/20/22,4:30 PM,1,,0,0,0,,E 6TH ST,,,,,E 6TH ST,E 6TH ST,,,,Y,,0,,39.16758431,-86.52825541,LOCAL/CITY ROAD,,,,URBAN,N,N,N,,DAYLIGHT,CLEAR,DRY,,T-INTERSECTION,,ASPHALT,DRIVER DISTRACTED - EXPLAIN IN NARRATIVE,$2501 TO $5000,RIGHT ANGLE,E6THSTE6THST,0,
INDIANA UNIV BLOOMINGTON PD,224736,MONROE,BLOOMINGTON,BLOOMINGTON,12/2/22,6:45 PM,3,,0,0,0,,E 3RD ST,,,,,E 3RD ST,S MITCHELL ST,,,,Y,,0,,39.16426878,-86.51406921,LOCAL/CITY ROAD,,,,URBAN,N,N,N,,DARK (NOT LIGHTED),RAIN,WET,,NO JUNCTION INVOLVED,,ASPHALT,FOLLOWING TOO CLOSELY,$10001 TO $25000,REAR END,SMITCHELLSTE3RDST,0,
INDIANA UNIV BLOOMINGTON PD,224032,MONROE,BLOOMINGTON,BLOOMINGTON,10/20/22,12:09 PM,2,,0,0,0,,STATE RD 45,,,,,STATE RD 45,WALKWAY,,,,Y,,0,,39.17569953,-86.50440521,STATE ROAD,,,,URBAN,N,N,N,,DAYLIGHT,CLEAR,DRY,,T-INTERSECTION,,ASPHALT,FOLLOWING TOO CLOSELY,$5001 TO $10000,REAR END,WALKWAYSTATERD45,0,
INDIANA UNIV BLOOMINGTON PD,224694,MONROE,BLOOMINGTON,BLOOMINGTON,11/30/22,7:48 PM,2,,0,0,0,,S UNION ST,,,,,S UNION ST,E 4TH ST,,,,Y,,0,,39.16559557,-86.50942094,LOCAL/CITY ROAD,,,,URBAN,N,N,N,,DARK (LIGHTED),CLEAR,DRY,,T-INTERSECTION,,ASPHALT,FAILURE TO YIELD RIGHT OF WAY,$5001 TO $10000,RIGHT TURN,SUNIONSTE4THST,0,
BLOOMINGTON PD,B22-48866,MONROE,BLOOMINGTON,BLOOMINGTON,11/23/22,3:40 PM,2,,0,0,0,,S WALNUT ST,,,,,S WALNUT ST,E MILLER DR,,,,Y,,211,,39.14728802,-86.53277046,LOCAL/CITY ROAD,,,,URBAN,N,N,N,,DAYLIGHT,CLEAR,DRY,,NO JUNCTION INVOLVED,,ASPHALT,FAILURE TO YIELD RIGHT OF WAY,$5001 TO $10000,RIGHT ANGLE,SWALNUTSTEMILLERDR,0,
INDIANA UNIV BLOOMINGTON PD,223969,MONROE,BLOOMINGTON,BLOOMINGTON,10/17/22,12:13 PM,2,,0,0,0,,STATE RD 45,,,,,STATE RD 45,E MATLOCK RD,,,,Y,,0,,39.18591326,-86.51911176,STATE ROAD,,,,URBAN,N,N,N,,DAYLIGHT,CLOUDY,DRY,,FOUR-WAY INTERSECTION,,ASPHALT,FOLLOWING TOO CLOSELY,$1001 TO $2500,REAR END,STATERD45EMATLOCKRD,0,
BLOOMINGTON PD,B22-45015,MONROE,PERRY,BLOOMINGTON,10/28/22,3:47 PM,3,,0,0,0,,W 2ND ST,,,,,W 2ND ST,S MORTON ST,,,,Y,,53,,39.16139197,-86.53636902,LOCAL/CITY ROAD,,,,URBAN,N,N,N,,DAYLIGHT,CLEAR,DRY,,NO JUNCTION INVOLVED,,ASPHALT,FOLLOWING TOO CLOSELY,$5001 TO $10000,REAR END,W2NDSTSMORTONST,0,
INDIANA UNIV BLOOMINGTON PD,224879,MONROE,BLOOMINGTON,BLOOMINGTON,12/12/22,6:28 PM,2,,0,0,0,,STATE RD 45,,,,,STATE RD 45,E.DISCOVERY PKWY,,,,Y,,0,,39.17524416,-86.50413162,STATE ROAD,,,,URBAN,N,N,N,,DARK (NOT LIGHTED),CLOUDY,DRY,,T-INTERSECTION,,ASPHALT,UNSAFE SPEED,$1001 TO $2500,REAR END,STATERD45E.DISCOVERYPKWY,0,
BLOOMINGTON PD,B22-51508,MONROE,PERRY,BLOOMINGTON,12/12/22,7:57 AM,2,,0,0,0,,E. LAMPKINS RIDGE RD,,,,,E. LAMPKINS RIDGE RD,S SR 446,,,,Y,,0,,39.150328,-86.471371,LOCAL/CITY ROAD,,,,URBAN,N,N,N,,DAYLIGHT,CLEAR,DRY,,FOUR-WAY INTERSECTION,,ASPHALT,FAILURE TO YIELD RIGHT OF WAY,$5001 TO $10000,RIGHT ANGLE,SSR446E.LAMPKINSRIDGERD,0,
BLOOMINGTON PD,B22-45667,MONROE,PERRY,BLOOMINGTON,11/1/22,1:15 PM,2,,0,0,0,3200,S ACADIA CT,,,,,S ACADIA CT,,,,,Y,,0,,39.13403869,-86.51957895,PRIVATE DRIVE,,,,URBAN,N,N,N,,DAYLIGHT,CLEAR,DRY,,NO JUNCTION INVOLVED,,ASPHALT,FAILURE TO YIELD RIGHT OF WAY,$2501 TO $5000,SAME DIRECTION SIDESWIPE,SACADIACT,0,
MONROE SD,M22A30333,MONROE,PERRY,BLOOMINGTON,12/11/22,9:16 AM,2,,0,0,0,,S KENNEDY DR,,,,,S KENNEDY DR,E KENNEDY CT,,,,N,,0,,39.12257188,-86.52849348,PRIVATE DRIVE,,,,RURAL,N,N,N,,DARK (NOT LIGHTED),CLOUDY,DRY,,NO JUNCTION INVOLVED,,ASPHALT,IMPROPER TURNING,$2501 TO $5000,OPPOSITE DIRECTION SIDESWIPE,SKENNEDYDREKENNEDYCT,0,
BLOOMINGTON PD,B22-45711,MONROE,PERRY,BLOOMINGTON,11/1/22,4:46 PM,2,,0,0,0,,W 3RD ST,,,,,W 3RD ST,S CORY LN,,,,Y,,0,,39.1644652,-86.56012358,LOCAL/CITY ROAD,,,,URBAN,N,N,N,,DAYLIGHT,CLEAR,DRY,,FOUR-WAY INTERSECTION,,ASPHALT,FOLLOWING TOO CLOSELY,$2501 TO $5000,REAR END,W3RDSTSCORYLN,0,
BLOOMINGTON PD,B22-51942,MONROE,BLOOMINGTON,BLOOMINGTON,12/14/22,5:59 PM,2,,0,0,0,,S ADAMS ST,,,,,S ADAMS ST,W BLOOMFIELD RD,,,,Y,,0,,39.16036107,-86.55079312,LOCAL/CITY ROAD,,,,URBAN,N,N,N,,DARK (NOT LIGHTED),RAIN,WATER (STANDING OR MOVING),,FOUR-WAY INTERSECTION,,ASPHALT,DISREGARD SIGNAL/REG SIGN,$10001 TO $25000,RIGHT ANGLE,WBLOOMFIELDRDSADAMSST,0,
BLOOMINGTON PD,B22-47328,MONROE,PERRY,BLOOMINGTON,11/12/22,12:11 PM,2,,1,0,0,,S MITCHELL ST,,,,,S MITCHELL ST,E ATWATER AVE,,,,Y,,0,,39.16309101,-86.51418356,LOCAL/CITY ROAD,,,,URBAN,N,N,N,,DAYLIGHT,CLOUDY,WET,,FOUR-WAY INTERSECTION,,ASPHALT,FAILURE TO YIELD RIGHT OF WAY,$10001 TO $25000,RIGHT ANGLE,SMITCHELLSTEATWATERAVE,0,
BLOOMINGTON PD,B22-50472,MONROE,BLOOMINGTON,BLOOMINGTON,12/5/22,12:01 AM,2,,0,0,0,,W. 17TH ST,,,,,W. 17TH ST,N. MADISON ST,,,,Y,,0,,39.178997,-86.53773,LOCAL/CITY ROAD,,,,URBAN,N,N,N,,DAYLIGHT,CLOUDY,DRY,,FOUR-WAY INTERSECTION,,ASPHALT,FOLLOWING TOO CLOSELY,$2501 TO $5000,REAR END,W.17THSTN.MADISONST,0,
MONROE SD,M22A27680,MONROE,PERRY,BLOOMINGTON,11/10/22,4:07 PM,2,,0,0,0,,W DILLMAN RD,,,,,W DILLMAN RD,W DILLMAN RD,,,,N,,0,,39.09300523,-86.54577784,STATE ROAD,,,,RURAL,N,N,N,,DAYLIGHT,CLEAR,DRY,,FOUR-WAY INTERSECTION,,ASPHALT,FAILURE TO YIELD RIGHT OF WAY,$10001 TO $25000,LEFT TURN,WDILLMANRDWDILLMANRD,0,
INDIANA UNIV BLOOMINGTON PD,224403,MONROE,BLOOMINGTON,BLOOMINGTON,11/9/22,11:20 AM,2,,0,0,0,,N WOODLAWN AVE,,,,,N WOODLAWN AVE,E 7TH ST,,,,Y,,0,,39.16849445,-86.52349449,LOCAL/CITY ROAD,,,,URBAN,N,N,N,,DAYLIGHT,CLEAR,DRY,,FOUR-WAY INTERSECTION,,ASPHALT,UNSAFE BACKING,$1001 TO $2500,REAR END,NWOODLAWNAVEE7THST,0,
BLOOMINGTON PD,B22-43671,MONROE,PERRY,BLOOMINGTON,10/21/22,1:10 AM,1,,0,0,0,,W 1ST ST,,,,,W 1ST ST,S COLLEGE AVE,,,,Y,,0,,39.15937943,-86.53503603,LOCAL/CITY ROAD,,,,URBAN,N,N,N,,DARK (LIGHTED),CLEAR,DRY,,FOUR-WAY INTERSECTION,,ASPHALT,OTHER (DRIVER) - EXPLAIN IN NARRATIVE,$1001 TO $2500,LEFT TURN,W1STSTSCOLLEGEAVE,0,
ISP EVANSVILLE 35,2.022E+11,MONROE,BLOOMINGTON,BLOOMINGTON,11/5/22,8:40 PM,1,,0,0,0,,I 69,,,,,I 69,107 MM,,,,N,,0,,39.07103009,-86.66465313,INTERSTATE,,,,RURAL,N,N,N,,DARK (NOT LIGHTED),CLEAR,DRY,,NO JUNCTION INVOLVED,,CONCRETE,ANIMAL/OBJECT IN ROADWAY,$10001 TO $25000,COLLISION WITH DEER,I69107MM,0,
BLOOMINGTON PD,B22-51260,MONROE,RICHLAND,BLOOMINGTON,12/10/22,9:53 AM,2,,0,0,0,,S CURRY PIKE,,,,,S CURRY PIKE,W BROADWAY AVE,,,,Y,,50,,39.16538231,-86.58296786,LOCAL/CITY ROAD,,,,URBAN,N,N,N,,DAYLIGHT,CLOUDY,WET,,T-INTERSECTION,,ASPHALT,FAILURE TO YIELD RIGHT OF WAY,$5001 TO $10000,RIGHT ANGLE,WBROADWAYAVESCURRYPIKE,0,
BLOOMINGTON PD,B2236362,MONROE,PERRY,BLOOMINGTON,9/9/22,11:00 PM,2,0,0,0,0,415,SOUTH WASHINGTON,ST,,,,SOUTH WASHINGTON,,,,,Y,,,,39.162057,-86.531965,LOCAL/CITY ROAD,,N,Y,URBAN,N,N,N,,DARK (NOT LIGHTED),CLEAR,DRY,,FOUR-WAY INTERSECTION,STRAIGHT/GRADE,GRAVEL,IMPROPER TURNING,$5001 TO $10000,LEFT TURN,SOUTHWASHINGTONST,0,NONE
BLOOMINGTON PD,B22-51737,MONROE,BLOOMINGTON,BLOOMINGTON,12/13/22,9:15 AM,2,,0,0,0,,STATE ROAD 45/46 BYPASS,,,,,STATE ROAD 45/46 BYPASS,N WALNUT ST,,,,Y,,0,,39.18631831,-86.53411335,STATE ROAD,,,,URBAN,N,N,N,,DAYLIGHT,CLEAR,DRY,,FOUR-WAY INTERSECTION,,ASPHALT,FAILURE TO YIELD RIGHT OF WAY,$5001 TO $10000,SAME DIRECTION SIDESWIPE,STATEROAD45/46BYPASSNWALNUTST,0,
MONROE SD,M22A29146,MONROE,BLOOMINGTON,VAN BUREN PARK,11/28/22,3:41 PM,3,,0,0,0,,S KIRBY RD,,,,,S KIRBY RD,S KIRBY RD,,,,Y,,0,,39.16492721,-86.61066876,,,,,URBAN,N,N,N,,DAYLIGHT,CLEAR,DRY,,FOUR-WAY INTERSECTION,,ASPHALT,FAILURE TO YIELD RIGHT OF WAY,$50001 TO $100000,LEFT TURN,SKIRBYRDSKIRBYRD,0,
BLOOMINGTON PD,B22-48119,MONROE,PERRY,BLOOMINGTON,11/18/22,4:00 PM,2,,1,0,0,,W BLOOMFIELD RD,,,,,W BLOOMFIELD RD,S RANSOM LN,,,,Y,,0,,39.15925187,-86.55531354,LOCAL/CITY ROAD,,,,URBAN,N,N,N,,DAYLIGHT,CLEAR,DRY,,T-INTERSECTION,,ASPHALT,FOLLOWING TOO CLOSELY,$5001 TO $10000,SAME DIRECTION SIDESWIPE,WBLOOMFIELDRDSRANSOMLN,0,
ELLETTSVILLE PD,E22-04403,MONROE,RICHLAND,ELLETTSVILLE,10/25/22,7:21 PM,2,,0,0,0,,W TEMPERANCE ST,,,,,W TEMPERANCE ST,S SALE ST,,,,Y,,0,,39.23376882,-86.62476873,LOCAL/CITY ROAD,,,,URBAN,N,N,N,,DARK (LIGHTED),RAIN,WET,,FOUR-WAY INTERSECTION,,CONCRETE,DISREGARD SIGNAL/REG SIGN,$10001 TO $25000,RIGHT ANGLE,WTEMPERANCESTSSALEST,0,
BLOOMINGTON PD,B22-43339,MONROE,PERRY,BLOOMINGTON,10/19/22,12:56 PM,3,,1,0,0,,E 3RD ST,,,,,E 3RD ST,S SMITH RD,,,,Y,,0,,39.16416535,-86.48120735,LOCAL/CITY ROAD,,,,URBAN,N,N,N,,DAYLIGHT,CLEAR,DRY,,FOUR-WAY INTERSECTION,,ASPHALT,DISREGARD SIGNAL/REG SIGN,$10001 TO $25000,RIGHT ANGLE,SSMITHRDE3RDST,0,
BLOOMINGTON PD,B22-43158,MONROE,VAN BUREN,BLOOMINGTON,10/18/22,7:30 AM,2,,0,0,0,1110,S PAPER BIRCH CT,,,,,S PAPER BIRCH CT,,,,,Y,,0,,39.15597468,-86.59122337,PRIVATE DRIVE,,,,URBAN,N,N,N,,DARK (LIGHTED),CLOUDY,DRY,,NO JUNCTION INVOLVED,,ASPHALT,UNSAFE BACKING,$5001 TO $10000,REAR TO REAR,SPAPERBIRCHCT,0,
BLOOMINGTON PD,B22-44957,MONROE,,BLOOMINGTON,10/28/22,10:15 AM,2,,0,0,0,,10TH STREET,,,,,10TH STREET,COLLEGE AVE,,,,Y,,0,,39.171675,-86.534831,LOCAL/CITY ROAD,,,,URBAN,N,N,N,,DAYLIGHT,CLEAR,DRY,,FOUR-WAY INTERSECTION,,ASPHALT,IMPROPER TURNING,$10001 TO $25000,LEFT TURN,COLLEGEAVE10THSTREET,0,
INDIANA UNIV BLOOMINGTON PD,224041,MONROE,BLOOMINGTON,BLOOMINGTON,10/20/22,4:55 PM,1,,1,0,0,125,S JORDAN AVE,,,,,S JORDAN AVE,,,,,Y,,0,,39.16684747,-86.51529766,PRIVATE DRIVE,,,,URBAN,N,N,N,,DAYLIGHT,CLEAR,DRY,,NO JUNCTION INVOLVED,,ASPHALT,FAILURE TO YIELD RIGHT OF WAY,$2501 TO $5000,OPPOSITE DIRECTION SIDESWIPE,SJORDANAVE,1,
BLOOMINGTON PD,B22-50033,MONROE,PERRY,BLOOMINGTON,12/2/22,11:20 AM,2,,0,0,0,,S. WALNUT ST,,,,,S. WALNUT ST,E. 4TH ST,,,,Y,,0,,39.165601,-86.533635,LOCAL/CITY ROAD,,,,URBAN,N,N,N,,DAYLIGHT,CLOUDY,DRY,,FOUR-WAY INTERSECTION,,ASPHALT,UNSAFE LANE MOVEMENT,$2501 TO $5000,SAME DIRECTION SIDESWIPE,S.WALNUTSTE.4THST,0,
BLOOMINGTON PD,B22-52054,MONROE,BLOOMINGTON,BLOOMINGTON,12/15/22,12:27 PM,2,,1,0,0,,E 7TH ST,,,,,E 7TH ST,STATE RD 46,,,,Y,,0,,39.16764943,-86.50002246,LOCAL/CITY ROAD,,,,URBAN,N,N,N,,DAYLIGHT,CLOUDY,DRY,,T-INTERSECTION,,ASPHALT,FOLLOWING TOO CLOSELY,$5001 TO $10000,REAR END,STATERD46E7THST,0,
BLOOMINGTON PD,B22-45182,MONROE,PERRY,BLOOMINGTON,10/29/22,1:54 PM,2,,0,0,0,,S COLLEGE AVE,,,,,S COLLEGE AVE,W 3RD ST,,,,Y,,0,,39.16462741,-86.53489161,LOCAL/CITY ROAD,,,,URBAN,N,N,N,,DAYLIGHT,CLEAR,DRY,,FOUR-WAY INTERSECTION,,ASPHALT,FAILURE TO YIELD RIGHT OF WAY,$5001 TO $10000,SAME DIRECTION SIDESWIPE,W3RDSTSCOLLEGEAVE,0,
BLOOMINGTON PD,B22-45686,MONROE,PERRY,BLOOMINGTON,10/25/22,9:20 AM,2,,0,0,0,,S HENDERSON ST,,,,,S HENDERSON ST,E HILLSIDE DR,,,,Y,,0,,39.1502836,-86.52694543,LOCAL/CITY ROAD,,,,URBAN,N,N,N,,DAYLIGHT,CLEAR,DRY,,FOUR-WAY INTERSECTION,,ASPHALT,IMPROPER PASSING,$1001 TO $2500,SAME DIRECTION SIDESWIPE,SHENDERSONSTEHILLSIDEDR,0,
BLOOMINGTON PD,B22-01392,MONROE,PERRY,BLOOMINGTON,1/13/22,10:10 PM,2,,1,0,0,,S. WALNUT ST,,,,,S. WALNUT ST,W. COUNTRY CLUB DR,,,,Y,,0,,39.13597883,-86.53110772,LOCAL/CITY ROAD,,,,URBAN,N,N,N,,DARK (NOT LIGHTED),CLOUDY,DRY,,FOUR-WAY INTERSECTION,,ASPHALT,FOLLOWING TOO CLOSELY,$1001 TO $2500,REAR END,W.COUNTRYCLUBDRS.WALNUTST,0,
BLOOMINGTON PD,1819,MONROE,BLOOMINGTON,BLOOMINGTON,1/17/22,3:14 PM,2,,0,0,0,,N PETE ELLIS DR,,,,,N PETE ELLIS DR,E 10TH ST,,,,Y,,0,,39.1713237,-86.49541208,,,,,URBAN,N,N,N,,DAYLIGHT,CLEAR,WET,,NO JUNCTION INVOLVED,,ASPHALT,SPEED TOO FAST FOR WEATHER CONDITIONS,$2501 TO $5000,LEFT/RIGHT TURN,NPETEELLISDRE10THST,0,
BLOOMINGTON PD,B22-01484,MONROE,BLOOMINGTON,BLOOMINGTON,1/14/22,5:08 PM,2,,0,0,0,601,N WALNUT ST,,,,,N WALNUT ST,,,,,Y,,0,,39.17216805,-86.53418442,LOCAL/CITY ROAD,,,,URBAN,N,N,N,,DAYLIGHT,CLEAR,DRY,,FOUR-WAY INTERSECTION,,ASPHALT,OTHER (DRIVER) - EXPLAIN IN NARRATIVE,$1001 TO $2500,RIGHT ANGLE,NWALNUTST,0,
ISP BLOOMINGTON 33,2.022E+11,MONROE,CLEAR CREEK,BLOOMINGTON,1/17/22,8:00 AM,2,,0,0,0,,S STRAIN RIDGE RD,,,,,S STRAIN RIDGE RD,E MONROE DAM RD,,,,N,,0,,39.01856868,-86.52274935,LOCAL/CITY ROAD,,,,RURAL,N,N,N,,DAWN/DUSK,CLEAR,ICE,,NO JUNCTION INVOLVED,,ASPHALT,,$1001 TO $2500,REAR END,SSTRAINRIDGERDEMONROEDAMRD,0,
BLOOMINGTON PD,B22-02193,MONROE,PERRY,BLOOMINGTON,1/20/22,6:33 AM,1,,0,0,0,,W 2ND ST,,,,,W 2ND ST,S ROGERS ST,,,,Y,,0,,39.16146055,-86.5385086,LOCAL/CITY ROAD,,,,URBAN,N,N,N,,DARK (LIGHTED),SNOW,DRY,,FOUR-WAY INTERSECTION,,ASPHALT,BRAKE FAILURE OR DEFECTIVE,$5001 TO $10000,RAN OFF ROAD,W2NDSTSROGERSST,0,
MONROE SD,M22A1539,MONROE,VAN BUREN,BLOOMINGTON,1/21/22,2:50 PM,2,,0,0,0,,W TAPP RD,,,,,W TAPP RD,HICKORY HEIGHTS TRLR PARK,,,,N,,0,,39.13678124,-86.57491512,COUNTY ROAD,,,,RURAL,N,N,N,,DAYLIGHT,CLEAR,DRY,,FOUR-WAY INTERSECTION,,ASPHALT,FAILURE TO YIELD RIGHT OF WAY,$5001 TO $10000,SAME DIRECTION SIDESWIPE,WTAPPRDHICKORYHEIGHTSTRLRPARK,0,
BLOOMINGTON PD,B22-01780,MONROE,,BLOOMINGTON,1/17/22,8:48 AM,2,,2,0,0,,LIBERTY DR,,,,,LIBERTY DR,CONSTITUTION AVE,,,,Y,,0,,39.151195,-86.576869,LOCAL/CITY ROAD,,,,URBAN,N,N,N,,DAYLIGHT,CLOUDY,SNOW/SLUSH,,T-INTERSECTION,,ASPHALT,FAILURE TO YIELD RIGHT OF WAY,$25001 TO $50000,RIGHT ANGLE,LIBERTYDRCONSTITUTIONAVE,0,
BLOOMINGTON PD,B22-01905,MONROE,,BLOOMINGTON,1/18/22,9:08 AM,2,,1,0,0,,E 13TH ST,,,,,E 13TH ST,N INDIANA AVE,,,,Y,,0,,39.175247,-86.527004,LOCAL/CITY ROAD,,,,URBAN,N,N,N,,DAYLIGHT,CLEAR,ICE,,FOUR-WAY INTERSECTION,,ASPHALT,FAILURE TO YIELD RIGHT OF WAY,$2501 TO $5000,RIGHT ANGLE,NINDIANAAVEE13THST,0,
BLOOMINGTON PD,B22-02297,MONROE,PERRY,BLOOMINGTON,1/21/22,4:25 PM,2,,0,0,0,,W COUNTRY CLUB DR,,,,,W COUNTRY CLUB DR,,,,,Y,,0,,39.13616036,-86.54182075,LOCAL/CITY ROAD,,,,URBAN,N,N,N,,DAYLIGHT,CLEAR,DRY,,NO JUNCTION INVOLVED,,ASPHALT,FOLLOWING TOO CLOSELY,$5001 TO $10000,REAR END,WCOUNTRYCLUBDR,0,
MONROE SD,M22A1225,MONROE,PERRY,BLOOMINGTON,1/17/22,5:40 AM,1,,0,0,0,,S VICTOR PIKE,,,,,S VICTOR PIKE,W TRAMWAY RD,,,,N,,0,,39.085787,-86.566236,LOCAL/CITY ROAD,,,,URBAN,N,N,N,,DARK (NOT LIGHTED),SNOW,ICE,,T-INTERSECTION,,ASPHALT,ROADWAY SURFACE CONDITION,$10001 TO $25000,RAN OFF ROAD,WTRAMWAYRDSVICTORPIKE,0,
MONROE SD,M22A1110,MONROE,PERRY,ARLINGTON(MONROE),1/15/22,12:36 PM,1,,0,0,0,4009,S OLD STATE ROAD 37,,,,,S OLD STATE ROAD 37,,,,,N,,0,,39.12091309,-86.52974471,LOCAL/CITY ROAD,,,,URBAN,N,N,N,,DAYLIGHT,CLEAR,DRY,,NO JUNCTION INVOLVED,,ASPHALT,DRIVER ILLNESS,UNDER $1001,RAN OFF ROAD,SOLDSTATEROAD37,0,
BLOOMINGTON PD,B22-00862,MONROE,PERRY,BLOOMINGTON,1/8/22,6:11 PM,1,,1,0,0,,E HILLSIDE DR,,,,,E HILLSIDE DR,S HIGHLAND AVE,,,,Y,,0,,39.15050023,-86.51678048,LOCAL/CITY ROAD,,,,URBAN,N,N,N,,DARK (LIGHTED),RAIN,ICE,,T-INTERSECTION,,ASPHALT,SPEED TOO FAST FOR WEATHER CONDITIONS,$2501 TO $5000,RAN OFF ROAD,SHIGHLANDAVEEHILLSIDEDR,0,
BLOOMINGTON PD,B22-02709,MONROE,PERRY,BLOOMINGTON,1/25/22,11:16 AM,1,,0,0,0,,1308 E. 3RD ST,,,,,1308 E. 3RD ST,S. HIGHLAND AVE,,,,Y,,250,,39.16421628,-86.51716304,LOCAL/CITY ROAD,,,,URBAN,N,N,N,,DAYLIGHT,CLEAR,DRY,,NO JUNCTION INVOLVED,,ASPHALT,OVERCORRECTING/OVERSTEERING,$1001 TO $2500,LEFT/RIGHT TURN,S.HIGHLANDAVE1308E.3RDST,0,
BLOOMINGTON PD,B21-00545,MONROE,,BLOOMINGTON,1/6/22,8:42 AM,3,,0,0,0,,W TAPP RD,,,,,W TAPP RD,KEGG RD,,,,Y,,0,,39.13651,-86.560361,LOCAL/CITY ROAD,,,,URBAN,N,N,N,,DAYLIGHT,CLOUDY,DRY,,T-INTERSECTION,,ASPHALT,FOLLOWING TOO CLOSELY,$5001 TO $10000,REAR END,WTAPPRDKEGGRD,0,
BLOOMINGTON PD,B22-01499,MONROE,BLOOMINGTON,BLOOMINGTON,1/14/22,5:00 AM,2,,0,0,0,,W BLOOMFIELD RD,,,,,W BLOOMFIELD RD,S PATTERSON DR,,,,Y,,0,,39.16074934,-86.54848558,LOCAL/CITY ROAD,,,,URBAN,N,N,N,,DARK (LIGHTED),CLEAR,DRY,,FOUR-WAY INTERSECTION,,ASPHALT,IMPROPER TURNING,$1001 TO $2500,LEFT/RIGHT TURN,WBLOOMFIELDRDSPATTERSONDR,0,
INDIANA UNIV BLOOMINGTON PD,220278,MONROE,BLOOMINGTON,BLOOMINGTON,1/26/22,12:30 PM,2,,1,0,0,,E 10TH ST,,,,,E 10TH ST,E 10TH ST,,,,Y,,0,,39.17144935,-86.50225944,STATE ROAD,,,,URBAN,N,N,N,,DAYLIGHT,CLEAR,DRY,,FOUR-WAY INTERSECTION,,ASPHALT,FOLLOWING TOO CLOSELY,$5001 TO $10000,REAR END,E10THSTE10THST,0,
MONROE SD,M22A1244,MONROE,INDIAN CREEK,BLOOMINGTON,1/17/22,1:32 PM,1,,0,0,0,,W FLUCK MILL RD,,,,,W FLUCK MILL RD,S MAMIE EADS RD,,,,N,,50,,39.07193337,-86.56631229,LOCAL/CITY ROAD,,,,RURAL,N,N,N,,DAYLIGHT,CLOUDY,ICE,,NO JUNCTION INVOLVED,,ASPHALT,ROADWAY SURFACE CONDITION,$2501 TO $5000,RAN OFF ROAD,WFLUCKMILLRDSMAMIEEADSRD,0,
BLOOMINGTON PD,B22-01501,MONROE,PERRY,BLOOMINGTON,1/14/22,7:26 PM,2,,0,0,0,,S WALNUT ST,,,,,S WALNUT ST,E VERMILYA ST,,,,N,,0,,39.14898192,-86.53326917,LOCAL/CITY ROAD,,,,URBAN,N,N,N,,DARK (LIGHTED),CLEAR,DRY,,T-INTERSECTION,,ASPHALT,IMPROPER LANE USAGE,$1001 TO $2500,REAR END,SWALNUTSTEVERMILYAST,0,
INDIANA UNIV BLOOMINGTON PD,220293,MONROE,BLOOMINGTON,BLOOMINGTON,1/27/22,11:30 AM,2,,2,0,0,,S JORDAN AVE,,,,,S JORDAN AVE,E 3RD ST,,,,Y,,0,,39.16425007,-86.5164215,LOCAL/CITY ROAD,,,,URBAN,N,N,N,,DAYLIGHT,SNOW,WET,,FOUR-WAY INTERSECTION,,ASPHALT,DISREGARD SIGNAL/REG SIGN,$25001 TO $50000,RIGHT ANGLE,SJORDANAVEE3RDST,0,
INDIANA UNIV BLOOMINGTON PD,220053,MONROE,BLOOMINGTON,BLOOMINGTON,1/9/22,4:50 PM,1,,0,0,0,,E 10TH ST,,,,,E 10TH ST,N JEFFERSON ST,,,,Y,,0,,39.17167392,-86.50676019,LOCAL/CITY ROAD,,,,URBAN,N,N,N,,DAYLIGHT,CLEAR,DRY,,NO JUNCTION INVOLVED,,ASPHALT,BRAKE FAILURE OR DEFECTIVE,$2501 TO $5000,RAN OFF ROAD,NJEFFERSONSTE10THST,0,
INDIANA UNIV BLOOMINGTON PD,220139,MONROE,BLOOMINGTON,BLOOMINGTON,1/17/22,7:10 PM,2,,0,0,0,,N JORDAN AVE,,,,,N JORDAN AVE,E 10TH ST,,,,Y,,0,,39.17124556,-86.5156383,LOCAL/CITY ROAD,,,,URBAN,N,N,N,,DARK (LIGHTED),CLEAR,DRY,,FOUR-WAY INTERSECTION,,ASPHALT,FOLLOWING TOO CLOSELY,$5001 TO $10000,REAR END,NJORDANAVEE10THST,0,