Agency,Local Code,County,Township,City,Collision Date,Collision Time,Vehicles Involved,Trailers Involved,Number Injured,Number Dead,Number Deer,House Number,Roadway Name,Roadway Suffix,Roadway Number,Roadway Interchange,Roadway Ramp,Roadway Id,Intersecting Road,Intersecting Road Number,Mile Marker,Interchange,Corporate Limits?,Property Type,Feet From,Direction,Latitude,Longitude,Roadway Class,Traffic Control Devices?,Aggressive Driving?,Hit and Run?,Locality,School Zone?,Rumble Strips?,Construction?,Construction Type,Light Condition,Weather Conditions,Surface Condition,Type of Median,Roadway Junction Type,Road Character,Roadway Surface,Primary Factor,Damage Estimate,Manner of Collision,Unique Location Id,State Property Damage?,Traffic Control
BLOOMINGTON PD,B22-01033,MONROE,BLOOMINGTON,BLOOMINGTON,1/10/22,12:10 PM,2,,0,0,0,,N RANGE RD,,,,,N RANGE RD,,,,,N,,0,,39.1760738,-86.5029139,,,,,URBAN,N,N,N,,DAYLIGHT,CLEAR,DRY,,T-INTERSECTION,,ASPHALT,FAILURE TO YIELD RIGHT OF WAY,$2501 TO $5000,SAME DIRECTION SIDESWIPE,NRANGERD,0,
ISP BLOOMINGTON 33,2.022E+11,MONROE,BLOOMINGTON,BLOOMINGTON,1/7/22,6:35 AM,2,,0,0,0,,SR48,,,,,SR48,S CURRY PIKE,,,,N,,0,,39.16463937,-86.58296282,STATE ROAD,,,,URBAN,N,N,N,,DARK (LIGHTED),CLEAR,DRY,,FOUR-WAY INTERSECTION,,ASPHALT,OTHER (DRIVER) - EXPLAIN IN NARRATIVE,$5001 TO $10000,RIGHT ANGLE,SR48SCURRYPIKE,0,
BLOOMINGTON PD,B22-01969,MONROE,PERRY,BLOOMINGTON,1/18/22,8:50 AM,1,,1,0,0,,E THORNTON DR,,,,,E THORNTON DR,S TROY CT,,,,Y,,0,,39.14901133,-86.52384888,LOCAL/CITY ROAD,,,,URBAN,N,N,N,,DARK (LIGHTED),CLEAR,DRY,,NO JUNCTION INVOLVED,,ASPHALT,UNSAFE SPEED,$2501 TO $5000,RAN OFF ROAD,STROYCTETHORNTONDR,0,
INDIANA UNIV BLOOMINGTON PD,220177,MONROE,BLOOMINGTON,BLOOMINGTON,1/19/22,6:09 PM,2,,0,0,0,,E 17TH ST,,,,,E 17TH ST,N FESS AVE,,,,Y,,0,,39.1790454,-86.52636607,LOCAL/CITY ROAD,,,,URBAN,N,N,N,,DARK (NOT LIGHTED),CLEAR,DRY,,T-INTERSECTION,,ASPHALT,FOLLOWING TOO CLOSELY,$2501 TO $5000,REAR END,NFESSAVEE17THST,0,
MONROE SD,M22A1993,MONROE,SALT CREEK,BLOOMINGTON,1/27/22,6:10 AM,1,,0,0,0,,5000 E LAMPKINS RIDGE RD,,,,,5000 E LAMPKINS RIDGE RD,,,,,N,,0,,0,0,LOCAL/CITY ROAD,,,,URBAN,N,N,N,,DARK (NOT LIGHTED),CLEAR,DRY,,NO JUNCTION INVOLVED,,ASPHALT,ANIMAL/OBJECT IN ROADWAY,$25001 TO $50000,RAN OFF ROAD,5000ELAMPKINSRIDGERD,0,
BLOOMINGTON PD,B22-00288,MONROE,PERRY,BLOOMINGTON,1/4/22,10:50 AM,2,,0,0,0,,E GRIMES LN,,,,,E GRIMES LN,S WALNUT ST,,,,Y,,0,,39.15336096,-86.53371735,LOCAL/CITY ROAD,,,,URBAN,N,N,N,,DAYLIGHT,CLEAR,DRY,,FOUR-WAY INTERSECTION,,ASPHALT,FOLLOWING TOO CLOSELY,$2501 TO $5000,REAR END,SWALNUTSTEGRIMESLN,0,
BLOOMINGTON PD,B22-01369,MONROE,BLOOMINGTON,BLOOMINGTON,1/13/22,4:27 PM,2,,0,0,0,,STATE RD 46,,,,,STATE RD 46,EASTGATE LN,,,,Y,,317,,39.17063536,-86.50158745,LOCAL/CITY ROAD,,,,URBAN,N,N,N,,DAYLIGHT,CLEAR,DRY,,FOUR-WAY INTERSECTION,,ASPHALT,BRAKE FAILURE OR DEFECTIVE,$2501 TO $5000,REAR END,STATERD46EASTGATELN,0,
BLOOMINGTON PD,B22-21552,MONROE,BLOOMINGTON,BLOOMINGTON,6/9/22,4:12 PM,2,,0,0,0,,W 3RD ST,,,,,W 3RD ST,I69 NB EXIT 118 OFF-RAMP,,,,Y,,0,,39.16465421,-86.57384224,STATE ROAD,,,,URBAN,N,N,N,,DAYLIGHT,CLOUDY,DRY,,FOUR-WAY INTERSECTION,,ASPHALT,DISREGARD SIGNAL/REG SIGN,$5001 TO $10000,RIGHT ANGLE,W3RDSTI69NBEXIT118OFF-RAMP,0,
BLOOMINGTON PD,B22-00916,MONROE,PERRY,BLOOMINGTON,1/9/22,7:02 AM,1,,0,0,1,,E MOORES PIKE,,,,,E MOORES PIKE,S OLCOTT BLVD,,,,Y,,0,,39.15019301,-86.48503585,LOCAL/CITY ROAD,,,,URBAN,N,N,N,,DARK (NOT LIGHTED),RAIN,WET,,T-INTERSECTION,,ASPHALT,ANIMAL/OBJECT IN ROADWAY,$1001 TO $2500,COLLISION WITH DEER,SOLCOTTBLVDEMOORESPIKE,0,
BLOOMINGTON PD,B22-00902,MONROE,BLOOMINGTON,BLOOMINGTON,1/9/22,1:00 AM,1,,0,0,0,,W ARLINGTON RD,,,,,W ARLINGTON RD,W 17TH ST,,,,Y,,0,,39.17932523,-86.54718592,LOCAL/CITY ROAD,,,,URBAN,N,N,N,,DARK (LIGHTED),RAIN,WET,,TRAFFIC CIRCLE/ROUNDABOUT,,ASPHALT,OTHER (DRIVER) - EXPLAIN IN NARRATIVE,$1001 TO $2500,NON-COLLISION,WARLINGTONRDW17THST,0,
BLOOMINGTON PD,B22-01353,MONROE,PERRY,BLOOMINGTON,1/13/22,2:23 AM,2,,0,0,0,,3200 E 3RD ST,,,,,3200 E 3RD ST,,,,,Y,,0,,39.16403517,-86.49271256,,,,,URBAN,N,N,N,,DAYLIGHT,CLEAR,DRY,,NO JUNCTION INVOLVED,,CONCRETE,UNSAFE BACKING,$1001 TO $2500,BACKING CRASH,3200E3RDST,0,
ELLETTSVILLE PD,E22-01653,MONROE,RICHLAND,ELLETTSVILLE,5/3/22,7:24 AM,2,,0,0,0,,S EDGEWOOD DR,,,,,S EDGEWOOD DR,W TEMPERANCE ST,,,,Y,,0,,39.23626957,-86.62846667,STATE ROAD,,,,URBAN,Y,N,N,,DAWN/DUSK,RAIN,WET,,T-INTERSECTION,,ASPHALT,IMPROPER TURNING,$5001 TO $10000,LEFT/RIGHT TURN,WTEMPERANCESTSEDGEWOODDR,0,
BLOOMINGTON PD,B22-23475,MONROE,PERRY,BLOOMINGTON,6/22/22,7:37 PM,2,,0,0,0,2894,E 3RD ST,,,,,E 3RD ST,,,,,Y,,0,,39.16245716,-86.49649422,PRIVATE DRIVE,,,,URBAN,N,N,N,,DAYLIGHT,CLEAR,DRY,,NO JUNCTION INVOLVED,,ASPHALT,UNSAFE BACKING,$1001 TO $2500,REAR TO REAR,E3RDST,0,
ELLETTSVILLE PD,E2201858,MONROE,RICHLAND,ELLETTSVILLE,5/18/22,1:03 PM,1,0,0,0,0,,,,SR46W,,,SR46W,LAKEVIEW,,,,Y,,,,39.221152,-86.6056,STATE ROAD,,N,N,URBAN,N,N,N,,DAYLIGHT,RAIN,WET,,NO JUNCTION INVOLVED,STRAIGHT/LEVEL,ASPHALT,SPEED TOO FAST FOR WEATHER CONDITIONS,$5001 TO $10000,RAN OFF ROAD,LAKEVIEWDRSR46W,0,NONE
BLOOMINGTON PD,B22-17747,MONROE,PERRY,BLOOMINGTON,5/14/22,4:14 PM,2,,1,0,0,,E 3RD ST,,,,,E 3RD ST,S PETE ELLIS DR,,,,Y,,0,,39.16420554,-86.49489623,LOCAL/CITY ROAD,,,,URBAN,N,N,N,,DAYLIGHT,CLOUDY,WET,,FOUR-WAY INTERSECTION,,ASPHALT,FOLLOWING TOO CLOSELY,$2501 TO $5000,REAR END,SPETEELLISDRE3RDST,0,
MONROE SD,M22A23413,MONROE,BLOOMINGTON,BLOOMINGTON,9/23/22,10:18 AM,1,,1,0,0,,N KINSER PIKE,,,,,N KINSER PIKE,,,,,N,,0,,39.22763742,-86.54643006,COUNTY ROAD,,,,RURAL,N,N,N,,DAYLIGHT,CLEAR,DRY,,NO JUNCTION INVOLVED,,ASPHALT,UNSAFE SPEED,$5001 TO $10000,RAN OFF ROAD,NKINSERPIKE,0,
BLOOMINGTON PD,B22-34626,MONROE,VAN BUREN,BLOOMINGTON,8/31/22,11:31 AM,2,,0,0,0,,W 3RD ST,,,,,W 3RD ST,N GATES DR,,,,Y,,0,,39.16459547,-86.57625716,LOCAL/CITY ROAD,,,,URBAN,N,N,N,,DAYLIGHT,CLEAR,DRY,,FOUR-WAY INTERSECTION,,ASPHALT,DRIVER DISTRACTED - EXPLAIN IN NARRATIVE,UNDER $1001,REAR END,W3RDSTNGATESDR,0,
BLOOMINGTON PD,B22-21670,MONROE,PERRY,BLOOMINGTON,6/10/22,11:53 AM,1,,0,0,0,,E. BILL MALLORY BLVD,,,,,E. BILL MALLORY BLVD,S GRAYWELL DR,,,,Y,,0,,,,,,,,URBAN,N,N,N,,DAYLIGHT,CLOUDY,DRY,,T-INTERSECTION,,ASPHALT,OTHER (DRIVER) - EXPLAIN IN NARRATIVE,$5001 TO $10000,OTHER - EXPLAIN IN NARRATIVE,SGRAYWELLDRE.BILLMALLORYBLVD,0,
BLOOMINGTON PD,B22-03112,MONROE,PERRY,BLOOMINGTON,1/28/22,1:35 PM,2,,0,0,0,1150,S CLARIZZ BLVD: THE MONROE,,,,,S CLARIZZ BLVD: THE MONROE,,,,,Y,,0,,39.15382652,-86.49292385,LOCAL/CITY ROAD,,,,URBAN,N,N,N,,DAYLIGHT,SNOW,SNOW/SLUSH,,NO JUNCTION INVOLVED,,ASPHALT,OTHER (ENVIRONMENTAL) - EXPLAIN IN NARR,$1001 TO $2500,REAR END,SCLARIZZBLVD:THEMONROE,0,
BLOOMINGTON PD,B22-29197,MONROE,PERRY,BLOOMINGTON,7/30/22,9:33 AM,2,,0,0,0,,E WINDSOR DR,,,,,E WINDSOR DR,S WILTON DR,,,,Y,,200,,39.14675277,-86.51221686,LOCAL/CITY ROAD,,,,URBAN,N,N,N,,DAYLIGHT,CLOUDY,DRY,,NO JUNCTION INVOLVED,,ASPHALT,UNSAFE BACKING,$1001 TO $2500,BACKING CRASH,SWILTONDREWINDSORDR,0,
MONROE SD,M22A22988,MONROE,BLOOMINGTON,BLOOMINGTON,9/18/22,9:41 PM,1,,0,0,0,,STATE RD 46,,,,,STATE RD 46,,,,,N,,0,,39.1882739,-86.56685776,STATE ROAD,,,,RURAL,N,Y,N,,DARK (NOT LIGHTED),CLEAR,DRY,,NO JUNCTION INVOLVED,,ASPHALT,UNSAFE SPEED,$25001 TO $50000,RAN OFF ROAD,STATERD46,0,
MONROE SD,M22A12313,MONROE,VAN BUREN,BLOOMINGTON,5/27/22,9:43 AM,1,,0,0,0,,S GARRISON CHAPEL RD,,,,,S GARRISON CHAPEL RD,W HENDRICKS RD,,,,N,,1000,,39.16034187,-86.64847591,COUNTY ROAD,,,,RURAL,N,N,N,,DAYLIGHT,RAIN,WATER (STANDING OR MOVING),,NO JUNCTION INVOLVED,,ASPHALT,SPEED TOO FAST FOR WEATHER CONDITIONS,$5001 TO $10000,RAN OFF ROAD,WHENDRICKSRDSGARRISONCHAPELRD,0,
MONROE SD,M22A24058,MONROE,VAN BUREN,BLOOMINGTON,9/30/22,1:10 PM,3,,1,0,0,,S CURRY PIKE,,,,,S CURRY PIKE,W DOYLE AVE,,,,N,,0,,39.1580385,-86.58263644,LOCAL/CITY ROAD,,,,URBAN,N,N,N,,DAYLIGHT,CLEAR,DRY,,FOUR-WAY INTERSECTION,,ASPHALT,FOLLOWING TOO CLOSELY,$25001 TO $50000,REAR END,WDOYLEAVESCURRYPIKE,0,
MONROE SD,M22A2833,MONROE,POLK,BLOOMINGTON,2/6/22,4:44 AM,1,,0,0,1,,STATE RD 446,,,,,STATE RD 446,E. TOWER RIDGE,,,,Y,,75,,39.01286365,-86.40122858,STATE ROAD,,,,RURAL,N,N,N,,DARK (NOT LIGHTED),CLEAR,DRY,,NO JUNCTION INVOLVED,,ASPHALT,ANIMAL/OBJECT IN ROADWAY,$5001 TO $10000,COLLISION WITH DEER,STATERD446E.TOWERRIDGE,0,
ISP BLOOMINGTON 33,2.022E+11,MONROE,RICHLAND,ELLETTSVILLE,3/22/22,6:24 PM,1,,0,0,0,,SR46,,,,,SR46,DEER PARK DRIVE,,,,Y,,400,,39.21218664,-86.58748288,STATE ROAD,,,,URBAN,N,N,N,,DAYLIGHT,RAIN,WET,,NO JUNCTION INVOLVED,,ASPHALT,,$5001 TO $10000,RAN OFF ROAD,SR46DEERPARKDRIVE,0,
INDIANA UNIV BLOOMINGTON PD,222536,MONROE,BLOOMINGTON,BLOOMINGTON,8/3/22,10:53 AM,2,,1,0,0,,STATE RD 45,,,,,STATE RD 45,E 10TH ST,,,,Y,,0,,39.1720898,-86.50263495,STATE ROAD,,,,URBAN,N,N,N,,DAYLIGHT,CLEAR,DRY,,FOUR-WAY INTERSECTION,,ASPHALT,FOLLOWING TOO CLOSELY,UNDER $1001,REAR END,STATERD45E10THST,0,
INDIANA UNIV BLOOMINGTON PD,220489,MONROE,BLOOMINGTON,BLOOMINGTON,2/8/22,4:05 AM,4,,0,0,0,,E 3RD ST,,,,,E 3RD ST,S ARBUTUS DR,,,,Y,,0,,39.16426255,-86.51160426,LOCAL/CITY ROAD,,,,URBAN,N,N,N,,DAYLIGHT,CLEAR,DRY,,NO JUNCTION INVOLVED,,ASPHALT,FOLLOWING TOO CLOSELY,$25001 TO $50000,REAR END,SARBUTUSDRE3RDST,0,
MONROE SD,M22A16434,MONROE,RICHLAND,BLOOMINGTON,7/9/22,9:28 AM,2,,0,0,0,,STATE ROAD 46,,,,,STATE ROAD 46,N CENTENNIAL DR,,,,N,,0,,39.2100146,-86.58272184,STATE ROAD,,,,URBAN,N,N,N,,DAYLIGHT,CLOUDY,WET,,FOUR-WAY INTERSECTION,,ASPHALT,INSECURE/LEAKY LOAD,UNDER $1001,OTHER - EXPLAIN IN NARRATIVE,STATEROAD46NCENTENNIALDR,0,
BLOOMINGTON PD,B22-35443,MONROE,BLOOMINGTON,BLOOMINGTON,9/4/22,4:30 PM,2,,0,0,0,218,W COUNTRY CLUB DR,,,,,W COUNTRY CLUB DR,,,,,N,,0,,39.1355685,-86.5319166,,,,,URBAN,N,N,N,,DAYLIGHT,CLOUDY,DRY,,NO JUNCTION INVOLVED,,ASPHALT,IMPROPER TURNING,$2501 TO $5000,LEFT/RIGHT TURN,WCOUNTRYCLUBDR,0,
BLOOMINGTON PD,B22-09123,MONROE,VAN BUREN,BLOOMINGTON,3/18/22,10:55 AM,1,,0,0,0,,4023 W. 3RD ST,,,,,4023 W. 3RD ST,,,,,Y,,0,,0,0,PRIVATE DRIVE,,,,URBAN,N,N,N,,DAYLIGHT,CLOUDY,DRY,,NO JUNCTION INVOLVED,,ASPHALT,OTHER (DRIVER) - EXPLAIN IN NARRATIVE,$1001 TO $2500,OTHER - EXPLAIN IN NARRATIVE,4023W.3RDST,0,
INDIANA UNIV BLOOMINGTON PD,222779,MONROE,PERRY,BLOOMINGTON,8/23/22,1:30 PM,2,,0,0,0,,E 3RD ST,,,,,E 3RD ST,S WOODLAWN AVE,,,,Y,,317,,39.16429561,-86.52334954,LOCAL/CITY ROAD,,,,URBAN,N,N,N,,DAYLIGHT,CLEAR,DRY,,T-INTERSECTION,,ASPHALT,FOLLOWING TOO CLOSELY,$5001 TO $10000,REAR END,SWOODLAWNAVEE3RDST,0,
BLOOMINGTON PD,B22-25923,MONROE,BLOOMINGTON,BLOOMINGTON,7/7/22,11:00 PM,1,,0,0,0,,1421 N WILLIS DR,,,,,1421 N WILLIS DR,,,,,Y,,0,,39.18252992,-86.54533553,PRIVATE DRIVE,,,,URBAN,N,N,N,,DARK (LIGHTED),CLEAR,WET,,NO JUNCTION INVOLVED,,ASPHALT,OTHER (DRIVER) - EXPLAIN IN NARRATIVE,$1001 TO $2500,BACKING CRASH,1421NWILLISDR,0,
BLOOMINGTON PD,B22-37895,MONROE,BLOOMINGTON,BLOOMINGTON,9/19/22,8:55 AM,2,,0,0,0,,W. 15TH ST,,,,,W. 15TH ST,N. MADISON ST,,,,Y,,300,,39.176587,-86.537705,LOCAL/CITY ROAD,,,,URBAN,N,N,N,,DAYLIGHT,CLOUDY,WET,,NO JUNCTION INVOLVED,,ASPHALT,FAILURE TO YIELD RIGHT OF WAY,$2501 TO $5000,RIGHT ANGLE,W.15THSTN.MADISONST,0,
MONROE SD,M22A9933,MONROE,BLOOMINGTON,BLOOMINGTON,5/2/22,12:30 AM,1,,0,0,0,,7590 S BREEDEN ROAD,,,,,7590 S BREEDEN ROAD,,,,,N,,0,,0,0,COUNTY ROAD,,,,RURAL,N,N,N,,DARK (NOT LIGHTED),CLOUDY,DRY,,NO JUNCTION INVOLVED,,ASPHALT,UNSAFE SPEED,$5001 TO $10000,RAN OFF ROAD,7590SBREEDENROAD,0,
BLOOMINGTON PD,B22-26760,MONROE,BLOOMINGTON,BLOOMINGTON,7/13/22,3:41 PM,2,,1,0,0,,W 3RD ST,,,,,W 3RD ST,S KIMBLE DR,,,,Y,,211,,39.16461677,-86.56842596,LOCAL/CITY ROAD,,,,URBAN,N,N,N,,DAYLIGHT,CLEAR,DRY,,NO JUNCTION INVOLVED,,ASPHALT,FAILURE TO YIELD RIGHT OF WAY,$2501 TO $5000,RIGHT ANGLE,W3RDSTSKIMBLEDR,0,
BLOOMINGTON PD,B22-42354,MONROE,PERRY,BLOOMINGTON,10/13/22,3:11 PM,2,,0,0,0,528,S COLLEGE AVE,,,,,S COLLEGE AVE,,,,,Y,,0,,39.16118339,-86.53561177,PRIVATE DRIVE,,,,URBAN,N,N,N,,DAYLIGHT,CLEAR,DRY,,NO JUNCTION INVOLVED,,ASPHALT,DISREGARD SIGNAL/REG SIGN,$1001 TO $2500,SAME DIRECTION SIDESWIPE,SCOLLEGEAVE,0,
MONROE SD,M22A20700,MONROE,CLEAR CREEK,BLOOMINGTON,8/24/22,3:40 AM,1,,0,0,1,,S STRAIN RIDGE RD,,,,,S STRAIN RIDGE RD,E MORNING BROOK LN,,,,N,,0,,39.02918848,-86.52134824,COUNTY ROAD,,,,RURAL,N,N,N,,DARK (NOT LIGHTED),FOG/SMOKE/SMOG,DRY,,T-INTERSECTION,,ASPHALT,ANIMAL/OBJECT IN ROADWAY,$10001 TO $25000,COLLISION WITH DEER,SSTRAINRIDGERDEMORNINGBROOKLN,0,
BLOOMINGTON PD,B22-36073,MONROE,PERRY,BLOOMINGTON,9/8/22,12:58 PM,2,,0,0,0,,E. 3RD ST,,,,,E. 3RD ST,S. KINGSTON DR,,,,Y,,0,,39.164238,-86.493068,LOCAL/CITY ROAD,,,,URBAN,N,N,Y,LANE CLOSURE,DAYLIGHT,CLEAR,DRY,,FOUR-WAY INTERSECTION,,ASPHALT,FOLLOWING TOO CLOSELY,$2501 TO $5000,REAR END,S.KINGSTONDRE.3RDST,0,
MONROE SD,M22A25085,MONROE,VAN BUREN,BLOOMINGTON,10/12/22,3:58 PM,2,,0,0,0,,W STATE RD 45,,,,,W STATE RD 45,S DINSMORE RD,,,,N,,0,,39.11321016,-86.63476057,STATE ROAD,,,,RURAL,N,N,N,,DAYLIGHT,CLOUDY,DRY,,Y-INTERSECTION,,ASPHALT,DRIVER DISTRACTED - EXPLAIN IN NARRATIVE,$25001 TO $50000,REAR END,WSTATERD45SDINSMORERD,0,
INDIANA UNIV BLOOMINGTON PD,223621,MONROE,BLOOMINGTON,BLOOMINGTON,9/28/22,9:30 AM,2,,0,0,0,,STATE RD 46,,,,,STATE RD 46,E 10TH ST,,,,Y,,0,,39.17092533,-86.50199122,STATE ROAD,,,,URBAN,N,N,N,,DAYLIGHT,CLEAR,DRY,,FOUR-WAY INTERSECTION,,ASPHALT,FOLLOWING TOO CLOSELY,$2501 TO $5000,REAR END,STATERD46E10THST,0,
BLOOMINGTON PD,B22-14324,MONROE,BLOOMINGTON,BLOOMINGTON,4/22/22,9:35 AM,2,,0,0,0,,S GRANT ST,,,,,S GRANT ST,E 4TH ST,,,,Y,,0,,39.16529403,-86.5298397,LOCAL/CITY ROAD,,,,URBAN,N,N,N,,DARK (LIGHTED),CLEAR,DRY,,NO JUNCTION INVOLVED,,ASPHALT,UNSAFE BACKING,$2501 TO $5000,BACKING CRASH,SGRANTSTE4THST,0,
MONROE SD,M22A3364,MONROE,VAN BUREN,BLOOMINGTON,2/12/22,12:47 PM,2,,0,0,0,3585,W STATE RD 45,,,,,W STATE RD 45,,,,,N,,0,,39.14347573,-86.58053686,STATE ROAD,,,,URBAN,N,N,N,,DAYLIGHT,CLOUDY,DRY,,NO JUNCTION INVOLVED,,ASPHALT,OTHER (DRIVER) - EXPLAIN IN NARRATIVE,UNDER $1001,OTHER - EXPLAIN IN NARRATIVE,WSTATERD45,0,
MONROE SD,M22A10046,MONROE,BLOOMINGTON,BLOOMINGTON,5/3/22,9:10 AM,2,,0,0,0,,STATE RD 46,,,,,STATE RD 46,,,,,N,,0,,39.18749506,-86.56486876,,,,,URBAN,N,Y,N,,DAYLIGHT,RAIN,WET,,NO JUNCTION INVOLVED,,ASPHALT,UNSAFE LANE MOVEMENT,$2501 TO $5000,SAME DIRECTION SIDESWIPE,STATERD46,0,
BLOOMINGTON PD,B22-40901,MONROE,PERRY,BLOOMINGTON,10/5/22,4:15 PM,2,,0,0,0,,W PATTERSON DR,,,,,W PATTERSON DR,S FAIRVIEW ST,,,,Y,,0,,39.15381449,-86.54010863,LOCAL/CITY ROAD,,,,URBAN,N,N,N,,DAYLIGHT,CLEAR,DRY,,FOUR-WAY INTERSECTION,,ASPHALT,IMPROPER LANE USAGE,$2501 TO $5000,RIGHT ANGLE,WPATTERSONDRSFAIRVIEWST,0,
BLOOMINGTON PD,B22-06071,MONROE,PERRY,BLOOMINGTON,2/23/22,3:25 PM,2,,1,0,0,,S HIGH ST.,,,,,S HIGH ST.,E COVENANTER DR,,,,Y,,0,,39.15364182,-86.50841422,LOCAL/CITY ROAD,,,,URBAN,N,N,N,,DAYLIGHT,CLOUDY,DRY,,FOUR-WAY INTERSECTION,,ASPHALT,FAILURE TO YIELD RIGHT OF WAY,$10001 TO $25000,RIGHT ANGLE,SHIGHST.ECOVENANTERDR,0,
MONROE SD,M22A24772,MONROE,PERRY,BLOOMINGTON,10/9/22,12:22 AM,2,,0,0,0,,S VICTOR PIKE,,,,,S VICTOR PIKE,STATE RD 37,,,,N,,0,,39.10579282,-86.55115078,STATE ROAD,,,,RURAL,N,N,N,,DARK (NOT LIGHTED),CLEAR,DRY,,FOUR-WAY INTERSECTION,,ASPHALT,DRIVER ASLEEP OR FATIGUED,$10001 TO $25000,REAR END,STATERD37SVICTORPIKE,0,
ELLETTSVILLE PD,E22-04153,MONROE,RICHLAND,ELLETTSVILLE,10/11/22,11:34 PM,2,,2,0,0,,STATE RD 46,,,,,STATE RD 46,FLATWOODS RD,,,,Y,,1380,,39.24965935,-86.65069585,STATE ROAD,,,,RURAL,N,N,N,,DARK (NOT LIGHTED),CLEAR,DRY,,NO JUNCTION INVOLVED,,ASPHALT,OTHER (DRIVER) - EXPLAIN IN NARRATIVE,$5001 TO $10000,RAN OFF ROAD,STATERD46FLATWOODSRD,0,
INDIANA UNIV BLOOMINGTON PD,220624,MONROE,BLOOMINGTON,BLOOMINGTON,2/17/22,2:30 PM,2,,0,0,0,,E COTTAGE GROVE AVE,,,,,E COTTAGE GROVE AVE,N WALNUT GROVE AVE,,,,Y,,50,,39.1724932,-86.52160353,LOCAL/CITY ROAD,,,,URBAN,N,N,N,,DAYLIGHT,RAIN,WET,,T-INTERSECTION,,ASPHALT,FAILURE TO YIELD RIGHT OF WAY,UNDER $1001,RIGHT ANGLE,NWALNUTGROVEAVEECOTTAGEGROVEAVE,0,
ISP BLOOMINGTON 33,2.022E+11,MONROE,INDIAN CREEK,BLOOMINGTON,4/16/22,10:31 AM,1,,1,0,0,,I69,,,,,I69,,,105.5,,N,,0,,39.05725945,-86.68119317,INTERSTATE,,,,RURAL,N,N,N,,DAYLIGHT,CLOUDY,DRY,,NO JUNCTION INVOLVED,,CONCRETE,,$10001 TO $25000,RAN OFF ROAD,I69105.5,0,
ISP BLOOMINGTON 33,2.022E+11,MONROE,WASHINGTON,BLOOMINGTON,4/16/22,7:03 AM,1,,0,0,0,,I69,,,,,I69,,,129.5,,N,,0,,39.32633393,-86.51495595,INTERSTATE,,,,RURAL,N,N,N,,DAWN/DUSK,CLOUDY,WET,,NO JUNCTION INVOLVED,,ASPHALT,,$2501 TO $5000,RAN OFF ROAD,I69129.5,0,
MONROE SD,M22A16825,MONROE,BENTON,BLOOMINGTON,7/13/22,4:48 PM,2,,0,0,0,,STATE RD 45,,,,,STATE RD 45,E RATLIFF RD,,,,N,,0,,39.20628481,-86.46334713,STATE ROAD,,,,RURAL,N,N,N,,DAYLIGHT,CLEAR,DRY,,T-INTERSECTION,,ASPHALT,FAILURE TO YIELD RIGHT OF WAY,$10001 TO $25000,LEFT TURN,STATERD45ERATLIFFRD,0,
BLOOMINGTON PD,B2203164,MONROE,CLEAR CREEK,BLOOMINGTON,1/28/22,5:26 PM,1,,0,0,0,,E GARDEN PATH,,,,,E GARDEN PATH,,,,,Y,,0,,0,0,LOCAL/CITY ROAD,,,,URBAN,N,N,N,,DAWN/DUSK,SNOW,ICE,,TRAFFIC CIRCLE/ROUNDABOUT,,ASPHALT,ROADWAY SURFACE CONDITION,$2501 TO $5000,RAN OFF ROAD,EGARDENPATH,0,
BLOOMINGTON PD,B22-06459,MONROE,RICHLAND,,2/26/22,3:45 PM,2,,0,0,0,3870,WEST 3RD STREET,,,,,WEST 3RD STREET,,,,,Y,,0,,39.16684562,-86.58235154,PRIVATE DRIVE,,,,URBAN,N,N,N,,DAYLIGHT,CLEAR,DRY,,NO JUNCTION INVOLVED,,ASPHALT,UNSAFE BACKING,$1001 TO $2500,BACKING CRASH,WEST3RDSTREET,0,
BLOOMINGTON PD,B22-08488,MONROE,VAN BUREN,BLOOMINGTON,3/14/22,11:00 AM,2,,0,0,0,,W BLOOMFIELD RD,,,,,W BLOOMFIELD RD,S ROLLING RIDGE WAY,,,,Y,,0,,39.15498405,-86.56326003,LOCAL/CITY ROAD,,,,URBAN,N,N,N,,DAYLIGHT,CLEAR,DRY,,FOUR-WAY INTERSECTION,,ASPHALT,FAILURE TO MAINTAIN LANE,UNDER $1001,SAME DIRECTION SIDESWIPE,WBLOOMFIELDRDSROLLINGRIDGEWAY,0,
MONROE SD,M22A24829,MONROE,BLOOMINGTON,BLOOMINGTON,10/10/22,5:56 AM,1,,0,0,0,3715,E EXETER LN,,,,,E EXETER LN,,,,,N,,0,,39.18331964,-86.48780935,LOCAL/CITY ROAD,,,,URBAN,N,N,N,,DARK (NOT LIGHTED),CLEAR,DRY,,NO JUNCTION INVOLVED,,ASPHALT,OTHER (DRIVER) - EXPLAIN IN NARRATIVE,$25001 TO $50000,RAN OFF ROAD,EEXETERLN,0,
ISP BLOOMINGTON 33,2.022E+11,MONROE,BLOOMINGTON,BLOOMINGTON,8/12/22,1:25 PM,2,,0,0,0,,W 3RD STREET,,,,,W 3RD STREET,I69 - 118 - B,,,,Y,,50,,39.16449046,-86.57182735,LOCAL/CITY ROAD,,,,URBAN,N,N,N,,DAYLIGHT,CLEAR,DRY,,NO JUNCTION INVOLVED,,CONCRETE,UNSAFE SPEED,$1001 TO $2500,REAR END,W3RDSTREETI69-118-B,0,