Agency,Local Code,County,Township,City,Collision Date,Collision Time,Vehicles Involved,Trailers Involved,Number Injured,Number Dead,Number Deer,House Number,Roadway Name,Roadway Suffix,Roadway Number,Roadway Interchange,Roadway Ramp,Roadway Id,Intersecting Road,Intersecting Road Number,Mile Marker,Interchange,Corporate Limits?,Property Type,Feet From,Direction,Latitude,Longitude,Roadway Class,Traffic Control Devices?,Aggressive Driving?,Hit and Run?,Locality,School Zone?,Rumble Strips?,Construction?,Construction Type,Light Condition,Weather Conditions,Surface Condition,Type of Median,Roadway Junction Type,Road Character,Roadway Surface,Primary Factor,Damage Estimate,Manner of Collision,Unique Location Id,State Property Damage?,Traffic Control
MONROE SD,M22A23485,MONROE,RICHLAND,BLOOMINGTON,9/23/22,11:34 PM,1,,0,0,0,7650,W VERNAL PIKE,,,,,W VERNAL PIKE,,,,,N,,0,,39.18155836,-86.63715318,PRIVATE DRIVE,,,,RURAL,N,N,N,,DARK (NOT LIGHTED),RAIN,WET,,Y-INTERSECTION,,ASPHALT,ROADWAY SURFACE CONDITION,$5001 TO $10000,RAN OFF ROAD,WVERNALPIKE,0,
MONROE SD,M22A2740,MONROE,BEAN BLOSSOM,BLOOMINGTON,2/4/22,7:05 PM,2,,0,0,0,,N MATHEWS DR,,,,,N MATHEWS DR,W DELAP RD,,,,N,,0,,39.2520479,-86.62067714,LOCAL/CITY ROAD,,,,RURAL,N,N,N,,DARK (NOT LIGHTED),CLEAR,SNOW/SLUSH,,T-INTERSECTION,,ASPHALT,FAILURE TO YIELD RIGHT OF WAY,$10001 TO $25000,RIGHT ANGLE,WDELAPRDNMATHEWSDR,0,
MONROE SD,M22A11665,MONROE,PERRY,BLOOMINGTON,5/20/22,3:06 PM,2,,0,0,0,,N BUTCHER RD,,,,,N BUTCHER RD,W OLD CAPITOL PIKE,,,,N,,0,,39.10666954,-86.55113865,PRIVATE DRIVE,,,,URBAN,N,N,N,,DAYLIGHT,CLEAR,DRY,,NO JUNCTION INVOLVED,,ASPHALT,UNSAFE BACKING,$1001 TO $2500,REAR TO REAR,WOLDCAPITOLPIKENBUTCHERRD,0,
BLOOMINGTON PD,B22-09561,MONROE,BLOOMINGTON,BLOOMINGTON,3/21/22,4:17 PM,2,,0,0,0,,E HUNTER AVE,,,,,E HUNTER AVE,S FACULTY AVE,,,,Y,,158,,39.16223835,-86.52073449,LOCAL/CITY ROAD,,,,URBAN,N,N,N,,DAYLIGHT,CLEAR,DRY,,NO JUNCTION INVOLVED,,ASPHALT,DRIVER ILLNESS,$5001 TO $10000,REAR END,SFACULTYAVEEHUNTERAVE,0,
MONROE SD,M22A23030,MONROE,RICHLAND,ELLETTSVILLE,9/19/22,10:04 AM,2,,0,0,0,3585,W SR 46,,,,,W SR 46,,,,,N,,0,,39.20863802,-86.58239341,,,,,URBAN,N,N,N,,DAYLIGHT,CLEAR,DRY,,NO JUNCTION INVOLVED,,ASPHALT,IMPROPER TURNING,$5001 TO $10000,SAME DIRECTION SIDESWIPE,WSR46,0,
INDIANA UNIV BLOOMINGTON PD,221683,MONROE,BLOOMINGTON,BLOOMINGTON,4/29/22,11:00 AM,2,,0,0,0,,E 7TH ST,,,,,E 7TH ST,N INDIANA AVE,,,,Y,,0,,39.16849652,-86.52694649,LOCAL/CITY ROAD,,,,URBAN,N,N,N,,DAYLIGHT,CLEAR,DRY,,FOUR-WAY INTERSECTION,,ASPHALT,FAILURE TO YIELD RIGHT OF WAY,$2501 TO $5000,RIGHT ANGLE,NINDIANAAVEE7THST,0,
INDIANA UNIV BLOOMINGTON PD,222216,MONROE,BLOOMINGTON,BLOOMINGTON,6/23/22,7:05 AM,2,,0,0,0,,STATE RD 45,,,,,STATE RD 45,WALKWAY,,,,Y,,0,,39.17525716,-86.50414369,STATE ROAD,,,,URBAN,N,N,N,,DAYLIGHT,CLEAR,DRY,,T-INTERSECTION,,ASPHALT,FOLLOWING TOO CLOSELY,$1001 TO $2500,REAR END,WALKWAYSTATERD45,0,
ELLETTSVILLE PD,E2203775,MONROE,RICHLAND,ELLETTSVILLE,9/22/22,7:53 AM,2,0,0,0,0,,,,SR46W,,,SR46W,SMITH,,,,Y,,200,W,39.21047397,-86.5837645,STATE ROAD,Y,N,N,URBAN,N,N,N,,DAYLIGHT,CLEAR,DRY,,NO JUNCTION INVOLVED,STRAIGHT/LEVEL,ASPHALT,FOLLOWING TOO CLOSELY,UNDER $1001,REAR END,SMITHPIKESR46W,0,TRAFFIC CONTROL SIGNAL
BLOOMINGTON PD,B22-32535,MONROE,BLOOMINGTON,BLOOMINGTON,8/19/22,6:58 PM,2,,0,0,0,1820,N WALNUT ST,,,,,N WALNUT ST,,,,,Y,,0,,39.18356548,-86.53378631,PRIVATE DRIVE,,,,URBAN,N,N,N,,DAYLIGHT,CLEAR,DRY,,NO JUNCTION INVOLVED,,ASPHALT,UNSAFE BACKING,$1001 TO $2500,REAR END,NWALNUTST,0,
BLOOMINGTON PD,B22-36467,MONROE,PERRY,BLOOMINGTON,9/10/22,1:59 PM,2,,0,0,0,1800,S WALNUT ST,,,,,S WALNUT ST,,,,,Y,,0,,39.14704841,-86.53269648,LOCAL/CITY ROAD,,,,URBAN,N,N,N,,DAYLIGHT,CLEAR,DRY,,NO JUNCTION INVOLVED,,ASPHALT,UNSAFE BACKING,$2501 TO $5000,OPPOSITE DIRECTION SIDESWIPE,SWALNUTST,0,
BLOOMINGTON PD,B22-06154,MONROE,PERRY,BLOOMINGTON,2/24/22,7:10 AM,1,,0,0,0,,W 3RD ST,,,,,W 3RD ST,W KIRKWOOD AVE,,0,,Y,,200,,39.16537907,-86.55027678,LOCAL/CITY ROAD,,,,URBAN,N,N,N,,DAYLIGHT,SLEET/HAIL/FREEZING RAIN,ICE,,NO JUNCTION INVOLVED,,ASPHALT,ROADWAY SURFACE CONDITION,$2501 TO $5000,OTHER - EXPLAIN IN NARRATIVE,WKIRKWOODAVEW3RDST,0,
BLOOMINGTON PD,B22-13720,MONROE,BLOOMINGTON,BLOOMINGTON,4/19/22,6:18 PM,2,,1,0,0,,STATE RD 46,,,,,STATE RD 46,N KINSER PIKE,,,,Y,,0,,39.18650271,-86.5377353,STATE ROAD,,,,URBAN,N,N,N,,DAYLIGHT,CLEAR,DRY,,NO JUNCTION INVOLVED,,ASPHALT,DRIVER DISTRACTED - EXPLAIN IN NARRATIVE,$1001 TO $2500,REAR END,STATERD46NKINSERPIKE,0,
ISP BLOOMINGTON 33,2.022E+11,MONROE,BLOOMINGTON,BLOOMINGTON,4/6/22,6:30 AM,1,,0,0,0,,I-69,,,,,I-69,,,,,Y,,0,,39.18077331,-86.55759718,INTERSTATE,,,,URBAN,N,N,N,,DARK (LIGHTED),RAIN,WET,,NO JUNCTION INVOLVED,,ASPHALT,ANIMAL/OBJECT IN ROADWAY,$1001 TO $2500,COLLISION WITH OBJECT IN ROAD,I-69,0,
INDIANA UNIV BLOOMINGTON PD,223127,MONROE,BLOOMINGTON,BLOOMINGTON,9/7/22,11:30 AM,1,,1,0,0,,E 9TH ST,,,,,E 9TH ST,N WOODLAWN AVE,,,,Y,,0,,39.17042211,-86.5235079,LOCAL/CITY ROAD,,,,URBAN,N,N,N,,DAYLIGHT,CLEAR,DRY,,T-INTERSECTION,,ASPHALT,FAILURE TO YIELD RIGHT OF WAY,UNDER $1001,RIGHT TURN,NWOODLAWNAVEE9THST,1,
ISP BLOOMINGTON 33,2.022E+11,MONROE,PERRY,BLOOMINGTON,10/11/22,3:40 PM,2,,0,0,0,,SR37,,,,,SR37,S VICTOR PIKE,,,,N,,0,,39.10568203,-86.55126996,STATE ROAD,,,,RURAL,N,N,N,,DAYLIGHT,CLEAR,DRY,,FOUR-WAY INTERSECTION,,ASPHALT,DISREGARD SIGNAL/REG SIGN,$10001 TO $25000,RIGHT ANGLE,SR37SVICTORPIKE,0,
BLOOMINGTON PD,B22-05353,MONROE,VAN BUREN,BLOOMINGTON,2/17/22,2:40 PM,2,,0,0,0,,W 3RD ST,,,,,W 3RD ST,S LIBERTY DR,,,,Y,,0,,39.16463925,-86.58036286,LOCAL/CITY ROAD,,,,URBAN,N,N,N,,DAYLIGHT,RAIN,WET,,T-INTERSECTION,,ASPHALT,FAILURE TO YIELD RIGHT OF WAY,$5001 TO $10000,RIGHT ANGLE,W3RDSTSLIBERTYDR,0,
BLOOMINGTON PD,B22-39158,MONROE,BLOOMINGTON,BLOOMINGTON,9/26/22,7:05 PM,2,,1,0,0,,S JEFFERSON ST,,,,,S JEFFERSON ST,E 3RD ST,,,,Y,,0,,39.16430306,-86.50711547,LOCAL/CITY ROAD,,,,URBAN,N,N,N,,DAWN/DUSK,CLEAR,DRY,,FOUR-WAY INTERSECTION,,ASPHALT,FOLLOWING TOO CLOSELY,$5001 TO $10000,REAR END,SJEFFERSONSTE3RDST,0,
INDIANA UNIV BLOOMINGTON PD,221657,MONROE,BLOOMINGTON,BLOOMINGTON,4/27/22,3:30 PM,1,,0,0,0,,E UNIVERSITY RD,,,,,E UNIVERSITY RD,N FEE LN,,,,Y,,0,,39.17581389,-86.5166629,LOCAL/CITY ROAD,,,,URBAN,N,N,N,,DAYLIGHT,CLEAR,DRY,,NO JUNCTION INVOLVED,,ASPHALT,UNSAFE BACKING,$2501 TO $5000,BACKING CRASH,NFEELNEUNIVERSITYRD,0,
MONROE SD,M22A25179,MONROE,INDIAN CREEK,BLOOMINGTON,10/13/22,8:30 PM,1,,1,0,0,,S ROCKPORT RD,,,,,S ROCKPORT RD,S LODGE RD,,,,N,,500,,39.08190401,-86.5939596,LOCAL/CITY ROAD,,,,RURAL,N,N,N,,DARK (NOT LIGHTED),CLEAR,DRY,,NO JUNCTION INVOLVED,,ASPHALT,OVERCORRECTING/OVERSTEERING,$5001 TO $10000,RAN OFF ROAD,SROCKPORTRDSLODGERD,0,
DNR LAW ENFORCEMENT,06-22-02454,MONROE,PERRY,BLOOMINGTON,9/2/22,7:10 PM,2,,0,0,0,,S FAIRFAX RD,,,,,S FAIRFAX RD,,,,,N,,0,,39.01623058,-86.48284312,STATE ROAD,,,,RURAL,N,N,N,,DAYLIGHT,CLEAR,DRY,,NO JUNCTION INVOLVED,,GRAVEL,OTHER (DRIVER) - EXPLAIN IN NARRATIVE,$2501 TO $5000,BACKING CRASH,SFAIRFAXRD,0,
BLOOMINGTON PD,B22-21674,MONROE,PERRY,BLOOMINGTON,6/10/22,1:10 PM,2,,0,0,0,,S WALNUT ST,,,,,S WALNUT ST,W 2ND ST,,,,Y,,0,,39.16138456,-86.53365909,,,,,URBAN,N,N,N,,DAYLIGHT,CLOUDY,DRY,,FOUR-WAY INTERSECTION,,ASPHALT,UNSAFE BACKING,UNDER $1001,BACKING CRASH,W2NDSTSWALNUTST,0,
MONROE SD,M22A22059,MONROE,VAN BUREN,BLOOMINGTON,9/8/22,9:13 AM,2,,0,0,0,1520,S LIBERTY DR,,,,,S LIBERTY DR,,,,,N,,0,,39.153934,-86.576122,PRIVATE DRIVE,,,,URBAN,N,N,N,,DAYLIGHT,CLEAR,DRY,,NO JUNCTION INVOLVED,,ASPHALT,UNSAFE BACKING,$2501 TO $5000,BACKING CRASH,SLIBERTYDR,0,
ISP BLOOMINGTON 33,2.022E+11,MONROE,PERRY,BLOOMINGTON,3/8/22,8:05 AM,2,,0,0,0,1201,W THAT RD,,,,,W THAT RD,,,,,N,,0,,39.1140094,-86.54508469,PRIVATE DRIVE,,,,RURAL,Y,N,N,,DAYLIGHT,CLOUDY,DRY,,NO JUNCTION INVOLVED,,ASPHALT,IMPROPER TURNING,$1001 TO $2500,SAME DIRECTION SIDESWIPE,WTHATRD,0,
MONROE SD,M22A18316,MONROE,BLOOMINGTON,BLOOMINGTON,7/28/22,7:50 PM,2,,0,0,0,,W VERNAL PIKE,,,,,W VERNAL PIKE,N CURRY PIKE,,,,N,,0,,39.17913843,-86.5830519,LOCAL/CITY ROAD,,,,RURAL,N,N,N,,DAYLIGHT,RAIN,WET,,FOUR-WAY INTERSECTION,,ASPHALT,OTHER (DRIVER) - EXPLAIN IN NARRATIVE,$5001 TO $10000,REAR END,WVERNALPIKENCURRYPIKE,0,
MONROE SD,M22A10097,MONROE,BEAN BLOSSOM,STINESVILLE,5/3/22,6:39 PM,1,,0,0,0,,W WALKER LN,,,,,W WALKER LN,,,,,N,,0,,39.29596817,-86.64257071,LOCAL/CITY ROAD,,,,RURAL,N,N,N,,DAYLIGHT,CLOUDY,DRY,,NO JUNCTION INVOLVED,,ASPHALT,OVERCORRECTING/OVERSTEERING,$10001 TO $25000,RAN OFF ROAD,WWALKERLN,0,
MONROE SD,M22A25440,MONROE,POLK,BLOOMINGTON,10/16/22,8:24 PM,1,,0,0,1,,STATE RD 446,,,,,STATE RD 446,,,,,N,,0,,39.00165445,-86.38080215,STATE ROAD,,,,RURAL,N,Y,N,,DARK (NOT LIGHTED),CLEAR,DRY,,NO JUNCTION INVOLVED,,ASPHALT,ANIMAL/OBJECT IN ROADWAY,$1001 TO $2500,COLLISION WITH DEER,STATERD446,0,
BLOOMINGTON PD,B22-17706,MONROE,VAN BUREN,BLOOMINGTON,5/14/22,9:30 AM,2,,0,0,0,,W BLOOMFIELD RD,,,,,W BLOOMFIELD RD,S LEONARD SPRINGS RD,,,,Y,,0,,0,0,LOCAL/CITY ROAD,,,,URBAN,N,N,N,,DAYLIGHT,CLEAR,DRY,,T-INTERSECTION,,ASPHALT,FAILURE TO YIELD RIGHT OF WAY,$5001 TO $10000,RIGHT ANGLE,WBLOOMFIELDRDSLEONARDSPRINGSRD,0,
BLOOMINGTON PD,B22-41707,MONROE,PERRY,BLOOMINGTON,10/9/22,7:16 PM,4,,0,0,0,,W EZEKIEL DR,,,,,W EZEKIEL DR,ELEMENT WAY,,,,Y,,0,,39.14290005,-86.5590931,LOCAL/CITY ROAD,,,,URBAN,N,N,N,,DAWN/DUSK,CLEAR,DRY,,NO JUNCTION INVOLVED,,ASPHALT,BRAKE FAILURE OR DEFECTIVE,$10001 TO $25000,SAME DIRECTION SIDESWIPE,WEZEKIELDRELEMENTWAY,0,
BLOOMINGTON PD,B22-33224,MONROE,BLOOMINGTON,BLOOMINGTON,8/23/22,5:26 PM,2,,0,0,0,701,N COLLEGE AVE,,,,,N COLLEGE AVE,,,,,Y,,0,,39.17328895,-86.53520105,PRIVATE DRIVE,,,,URBAN,N,N,N,,DAYLIGHT,CLEAR,DRY,,NO JUNCTION INVOLVED,,CONCRETE,UNSAFE BACKING,$2501 TO $5000,BACKING CRASH,NCOLLEGEAVE,0,
BLOOMINGTON PD,B22-12063,MONROE,RICHLAND,BLOOMINGTON,4/7/22,5:28 AM,2,,0,0,0,3870,W 3RD ST,,,,,W 3RD ST,,,,,Y,,0,,39.16614165,-86.5820087,PRIVATE DRIVE,,,,URBAN,N,N,N,,DAYLIGHT,CLEAR,DRY,,NO JUNCTION INVOLVED,,ASPHALT,FAILURE TO YIELD RIGHT OF WAY,$1001 TO $2500,BACKING CRASH,W3RDST,0,
INDIANA UNIV BLOOMINGTON PD,222752,MONROE,BLOOMINGTON,BLOOMINGTON,8/22/22,2:05 PM,2,,0,0,0,709,N FEE LANE,,,,,N FEE LANE,,,,,Y,,0,,39.17329786,-86.51959376,PRIVATE DRIVE,,,,URBAN,N,N,N,,DAYLIGHT,CLEAR,DRY,,NO JUNCTION INVOLVED,,CONCRETE,IMPROPER TURNING,$10001 TO $25000,RIGHT TURN,NFEELANE,0,
MONROE SD,M22A2957,MONROE,PERRY,BLOOMINGTON,2/8/22,1:09 AM,1,,0,0,1,,S ROGERS ST,,,,,S ROGERS ST,PHYLLIS ST,,,,N,,50,,39.10356341,-86.54015419,LOCAL/CITY ROAD,,,,URBAN,N,N,N,,DARK (NOT LIGHTED),CLEAR,DRY,,NO JUNCTION INVOLVED,,ASPHALT,ANIMAL/OBJECT IN ROADWAY,$1001 TO $2500,COLLISION WITH DEER,SROGERSSTPHYLLISST,0,
INDIANA UNIV BLOOMINGTON PD,222782,MONROE,BLOOMINGTON,BLOOMINGTON,8/23/22,4:25 PM,2,,0,0,0,,E 3RD ST,,,,,E 3RD ST,S INDIANA AVE,,,,N,,0,,39.16435405,-86.52648515,LOCAL/CITY ROAD,,,,URBAN,N,N,N,,DAYLIGHT,CLEAR,DRY,,NO JUNCTION INVOLVED,,ASPHALT,IMPROPER LANE USAGE,UNDER $1001,SAME DIRECTION SIDESWIPE,SINDIANAAVEE3RDST,0,
INDIANA UNIV BLOOMINGTON PD,221727,MONROE,BLOOMINGTON,BLOOMINGTON,5/2/22,6:10 PM,1,,0,0,0,,E LAW LN,,,,,E LAW LN,,,,,Y,,0,,39.17240899,-86.51285886,PRIVATE DRIVE,,,,URBAN,N,N,N,,DAYLIGHT,CLEAR,DRY,,NO JUNCTION INVOLVED,,ASPHALT,UNSAFE SPEED,$5001 TO $10000,RAN OFF ROAD,ELAWLN,0,
MONROE SD,M22A24207,MONROE,PERRY,BLOOMINGTON,10/2/22,4:19 PM,2,,0,0,0,,STATE RD 446,,,,,STATE RD 446,,,,,N,,0,,39.02870776,-86.40843544,,,,,RURAL,N,N,N,,DAYLIGHT,CLEAR,DRY,,NO JUNCTION INVOLVED,,ASPHALT,BRAKE FAILURE OR DEFECTIVE,$1001 TO $2500,REAR END,STATERD446,0,
ISP BLOOMINGTON 33,2.022E+11,MONROE,CLEAR CREEK,BLOOMINGTON,3/16/22,6:30 PM,1,,0,0,0,SR37,3200' SOUTH OF SMITHVILLE ROAD,,,,,3200' SOUTH OF SMITHVILLE ROAD,,,,,N,,0,,39.06183977,-86.53611049,STATE ROAD,,,,RURAL,N,N,N,,DAYLIGHT,CLEAR,DRY,,NO JUNCTION INVOLVED,,ASPHALT,OTHER (VEHICLE) - EXPLAIN IN NARRATIVE,$1001 TO $2500,OTHER - EXPLAIN IN NARRATIVE,3200'SOUTHOFSMITHVILLEROAD,0,
BLOOMINGTON PD,B22-20233,MONROE,PERRY,BLOOMINGTON,6/1/22,11:01 AM,3,,1,0,0,,E. 3RD ST,,,,,E. 3RD ST,PETE ELLIS DR,,,,Y,,0,,39.164236,-86.494902,LOCAL/CITY ROAD,,,,URBAN,N,N,Y,LANE CLOSURE,DAYLIGHT,CLOUDY,DRY,,NO JUNCTION INVOLVED,,ASPHALT,FOLLOWING TOO CLOSELY,$5001 TO $10000,REAR END,PETEELLISDRE.3RDST,0,
MONROE SD,M22A23113,MONROE,SALT CREEK,BLOOMINGTON,9/20/22,8:17 AM,2,,1,0,0,,STATE RD 46,,,,,STATE RD 46,STATE RD 46,,,,N,,0,,39.16635045,-86.46613545,,,,,RURAL,N,N,N,,DAYLIGHT,CLEAR,DRY,,T-INTERSECTION,,ASPHALT,FAILURE TO YIELD RIGHT OF WAY,$10001 TO $25000,RIGHT ANGLE,STATERD46STATERD46,0,
BLOOMINGTON PD,B22-26681,MONROE,PERRY,BLOOMINGTON,7/13/22,4:30 AM,1,,1,0,0,,I-69,,,,,I-69,,,,,Y,,0,,39.15734905,-86.57329948,INTERSTATE,,,,URBAN,N,Y,N,,DARK (LIGHTED),CLEAR,DRY,,NO JUNCTION INVOLVED,,ASPHALT,DRIVER ASLEEP OR FATIGUED,$5001 TO $10000,OTHER - EXPLAIN IN NARRATIVE,I-69,0,
INDIANA UNIV BLOOMINGTON PD,221152,MONROE,PERRY,BLOOMINGTON,3/29/22,10:07 AM,2,,0,0,0,,E 10TH ST,,,,,E 10TH ST,,,,,Y,,0,,39.1720639,-86.51231225,PRIVATE DRIVE,,,,URBAN,N,N,N,,DAYLIGHT,CLOUDY,DRY,,NO JUNCTION INVOLVED,,ASPHALT,UNSAFE BACKING,$1001 TO $2500,BACKING CRASH,E10THST,0,
BLOOMINGTON PD,B22-37494,MONROE,PERRY,BLOOMINGTON,9/16/22,3:25 PM,2,,0,0,0,,S WALNUT ST,,,,,S WALNUT ST,E HILLSIDE DR,,,,Y,,0,,39.15039704,-86.53361983,LOCAL/CITY ROAD,,,,URBAN,N,N,N,,DAYLIGHT,CLEAR,DRY,,FOUR-WAY INTERSECTION,,ASPHALT,FOLLOWING TOO CLOSELY,$2501 TO $5000,REAR END,SWALNUTSTEHILLSIDEDR,0,
MONROE SD,M22A4180,MONROE,WASHINGTON,BLOOMINGTON,2/21/22,6:04 AM,1,,0,0,0,,OLD STATE ROAD 37,,,,,OLD STATE ROAD 37,MAIN FOREST RD,,,,N,,800,,39.33057816,-86.47598902,LOCAL/CITY ROAD,,,,RURAL,N,N,N,,DAWN/DUSK,CLEAR,DRY,,NO JUNCTION INVOLVED,,ASPHALT,UNSAFE LANE MOVEMENT,$50001 TO $100000,RAN OFF ROAD,OLDSTATEROAD37MAINFORESTRD,0,
BLOOMINGTON PD,B22-19400,MONROE,BLOOMINGTON,BLOOMINGTON,5/26/22,1:44 PM,2,,0,0,0,,S IN 46,,,,,S IN 46,EASTGATE LN,,,,Y,,53,,39.1700771,-86.50164908,STATE ROAD,,,,URBAN,N,N,N,,DAYLIGHT,CLEAR,DRY,,NO JUNCTION INVOLVED,,ASPHALT,FOLLOWING TOO CLOSELY,$1001 TO $2500,REAR END,SIN46EASTGATELN,0,
BLOOMINGTON PD,B22-21561,MONROE,VAN BUREN,BLOOMINGTON,6/9/22,5:15 PM,2,,1,0,0,,W 3RD ST,,,,,W 3RD ST,S CURRY PIKE,,,,Y,,0,,39.16462738,-86.58303084,LOCAL/CITY ROAD,,,,URBAN,N,N,N,,DAYLIGHT,CLEAR,DRY,,FOUR-WAY INTERSECTION,,ASPHALT,FOLLOWING TOO CLOSELY,$1001 TO $2500,REAR END,W3RDSTSCURRYPIKE,0,
BLOOMINGTON PD,B22-42529,MONROE,PERRY,BLOOMINGTON,10/14/22,5:00 PM,2,,0,0,0,,E HILLSIDE DR,,,,,E HILLSIDE DR,S NANCY ST,,,,Y,,0,,39.15053233,-86.51102291,LOCAL/CITY ROAD,,,,URBAN,N,N,N,,DAYLIGHT,CLEAR,DRY,,FOUR-WAY INTERSECTION,,ASPHALT,FOLLOWING TOO CLOSELY,$2501 TO $5000,REAR END,SNANCYSTEHILLSIDEDR,0,
INDIANA UNIV BLOOMINGTON PD,223936,MONROE,BLOOMINGTON,BLOOMINGTON,10/13/22,10:15 AM,2,,3,0,0,,STATE RD 45,,,,,STATE RD 45,N FEE LANE,,,,Y,,1000,,39.18332592,-86.5116579,LOCAL/CITY ROAD,,,,URBAN,N,N,N,,DAYLIGHT,CLEAR,DRY,,T-INTERSECTION,,ASPHALT,FAILURE TO YIELD RIGHT OF WAY,$10001 TO $25000,RIGHT ANGLE,STATERD45NFEELANE,0,
MONROE SD,M22A6792,MONROE,PERRY,BLOOMINGTON,3/25/22,8:35 AM,1,,1,0,0,,S STATE RD 37,,,,,S STATE RD 37,E DILLMAN RD,,,,N,,0,,39.09055551,-86.54567904,STATE ROAD,,,,RURAL,N,Y,N,,DAYLIGHT,CLEAR,DRY,,NO JUNCTION INVOLVED,,ASPHALT,UNSAFE SPEED,$10001 TO $25000,RAN OFF ROAD,SSTATERD37EDILLMANRD,0,
BLOOMINGTON PD,B22-10861,MONROE,PERRY,BLOOMINGTON,3/30/22,4:43 AM,2,,2,0,0,,E WINSLOW RD,,,,,E WINSLOW RD,S HENDERSON ST,,,,Y,,0,,39.13602396,-86.52692503,LOCAL/CITY ROAD,,,,URBAN,N,N,N,,DAYLIGHT,CLOUDY,DRY,,FOUR-WAY INTERSECTION,,ASPHALT,FAILURE TO YIELD RIGHT OF WAY,$25001 TO $50000,HEAD ON BETWEEN TWO MOTOR VEHICLES,SHENDERSONSTEWINSLOWRD,0,
BLOOMINGTON PD,B22-10923,MONROE,PERRY,BLOOMINGTON,3/31/22,12:35 AM,2,,0,0,0,,E 2ND ST,,,,,E 2ND ST,S WALNUT ST,,,,Y,,0,,39.16137805,-86.53361715,LOCAL/CITY ROAD,,,,URBAN,N,N,N,,DARK (LIGHTED),RAIN,WET,,FOUR-WAY INTERSECTION,,ASPHALT,DISREGARD SIGNAL/REG SIGN,$2501 TO $5000,RIGHT ANGLE,SWALNUTSTE2NDST,0,
MONROE SD,M22A11707,MONROE,BENTON,BLOOMINGTON,5/20/22,11:33 PM,1,,0,0,0,,E BETHEL LN,,,,,E BETHEL LN,,,,,N,,0,,39.21515322,-86.5099842,COUNTY ROAD,,,,RURAL,Y,N,N,,DARK (NOT LIGHTED),CLEAR,DRY,,NO JUNCTION INVOLVED,,ASPHALT,ANIMAL/OBJECT IN ROADWAY,$10001 TO $25000,COLLISION WITH ANIMAL OTHER,EBETHELLN,0,
INDIANA UNIV BLOOMINGTON PD,223421,MONROE,BLOOMINGTON,BLOOMINGTON,9/20/22,5:45 PM,2,,0,0,0,1320,EAST 10TH STREET,,,,,EAST 10TH STREET,,,,,Y,,0,,39.17031814,-86.51651806,PRIVATE DRIVE,,,,URBAN,N,N,N,,DAYLIGHT,CLEAR,DRY,,NO JUNCTION INVOLVED,,ASPHALT,UNSAFE BACKING,$2501 TO $5000,BACKING CRASH,EAST10THSTREET,0,
BLOOMINGTON PD,B22-42782,MONROE,BLOOMINGTON,BLOOMINGTON,10/16/22,11:50 AM,2,,0,0,0,,S HENDERSON ST,,,,,S HENDERSON ST,E HILLSIDE DR,,,,Y,,0,,39.15048025,-86.52692504,LOCAL/CITY ROAD,,,,URBAN,N,N,N,,DAYLIGHT,CLEAR,DRY,,FOUR-WAY INTERSECTION,,ASPHALT,FOLLOWING TOO CLOSELY,UNDER $1001,REAR END,SHENDERSONSTEHILLSIDEDR,0,
ISP BLOOMINGTON 33,2.022E+11,MONROE,VAN BUREN,BLOOMINGTON,9/3/22,8:52 PM,1,,0,0,0,,W STATE RD 45,,,,,W STATE RD 45,S DARRELL DR.,,,,N,,500,,39.1154742,-86.625336,STATE ROAD,,,,RURAL,N,N,N,,DARK (NOT LIGHTED),RAIN,WET,,NO JUNCTION INVOLVED,,ASPHALT,FAILURE TO MAINTAIN LANE,$1001 TO $2500,RAN OFF ROAD,WSTATERD45SDARRELLDR.,0,
MONROE SD,M22A17879,MONROE,PERRY,BLOOMINGTON,7/24/22,2:30 PM,2,,0,0,0,,S ROGERS,,,,,S ROGERS,THAT ROAD,,,,N,,0,,,,LOCAL/CITY ROAD,,,,RURAL,N,N,N,,DAYLIGHT,CLEAR,DRY,,T-INTERSECTION,,ASPHALT,FAILURE TO YIELD RIGHT OF WAY,$5001 TO $10000,RIGHT ANGLE,THATROADSROGERS,0,
BLOOMINGTON PD,B22-33929,MONROE,BLOOMINGTON,BLOOMINGTON,8/27/22,12:10 PM,2,,0,0,0,1918,W 3RD ST,,,,,W 3RD ST,,,,,Y,,0,,39.16444832,-86.56014866,PRIVATE DRIVE,,,,URBAN,N,N,N,,DAYLIGHT,CLEAR,DRY,,NO JUNCTION INVOLVED,,ASPHALT,IMPROPER TURNING,UNDER $1001,OPPOSITE DIRECTION SIDESWIPE,W3RDST,0,
BLOOMINGTON PD,B22-15914,MONROE,BLOOMINGTON,BLOOMINGTON,5/2/22,5:45 PM,2,,0,0,0,,,,,,,,,,,,Y,,0,,39.16583502,-86.49969908,PRIVATE DRIVE,,,,URBAN,N,N,N,,DAYLIGHT,CLEAR,DRY,,NO JUNCTION INVOLVED,,ASPHALT,UNSAFE BACKING,$1001 TO $2500,BACKING CRASH,,0,
BLOOMINGTON PD,B22-32297,MONROE,BLOOMINGTON,BLOOMINGTON,8/18/22,4:30 PM,2,,0,0,0,,W 3RD ST,,,,,W 3RD ST,ON RAMP TO NB I 69,,,,Y,,0,,39.16463131,-86.57232667,STATE ROAD,,,,URBAN,N,N,N,,DAYLIGHT,CLEAR,DRY,,FOUR-WAY INTERSECTION,,ASPHALT,FOLLOWING TOO CLOSELY,$2501 TO $5000,REAR END,W3RDSTONRAMPTONBI69,0,