Agency,Local Code,County,Township,City,Collision Date,Collision Time,Vehicles Involved,Trailers Involved,Number Injured,Number Dead,Number Deer,House Number,Roadway Name,Roadway Suffix,Roadway Number,Roadway Interchange,Roadway Ramp,Roadway Id,Intersecting Road,Intersecting Road Number,Mile Marker,Interchange,Corporate Limits?,Property Type,Feet From,Direction,Latitude,Longitude,Roadway Class,Traffic Control Devices?,Aggressive Driving?,Hit and Run?,Locality,School Zone?,Rumble Strips?,Construction?,Construction Type,Light Condition,Weather Conditions,Surface Condition,Type of Median,Roadway Junction Type,Road Character,Roadway Surface,Primary Factor,Damage Estimate,Manner of Collision,Unique Location Id,State Property Damage?,Traffic Control
INDIANA UNIV BLOOMINGTON PD,221262,MONROE,BLOOMINGTON,BLOOMINGTON,4/5/22,9:25 AM,2,,0,0,0,,N FEE LN,,,,,N FEE LN,N FEE LN,,,,Y,,0,,39.17328336,-86.51899106,LOCAL/CITY ROAD,,,,URBAN,N,N,N,,DAYLIGHT,RAIN,WET,,FOUR-WAY INTERSECTION,,ASPHALT,FAILURE TO YIELD RIGHT OF WAY,$1001 TO $2500,RIGHT ANGLE,NFEELNNFEELN,0,
BLOOMINGTON PD,B22-32503,MONROE,BLOOMINGTON,BLOOMINGTON,8/19/22,4:07 PM,2,,0,0,0,,N COLLEGE AVE,,,,,N COLLEGE AVE,W 7TH ST,,,,Y,,0,,39.16858242,-86.53486754,LOCAL/CITY ROAD,,,,URBAN,N,N,N,,DAYLIGHT,CLEAR,DRY,,FOUR-WAY INTERSECTION,,ASPHALT,IMPROPER LANE USAGE,$1001 TO $2500,SAME DIRECTION SIDESWIPE,W7THSTNCOLLEGEAVE,0,
MONROE SD,M22A21752,MONROE,CLEAR CREEK,BLOOMINGTON,9/4/22,2:15 PM,1,,3,0,0,,S. OLD STATE RD 37,,,,,S. OLD STATE RD 37,W HOBART DR,,,,N,,0,,39.01373704,-86.54100127,COUNTY ROAD,,,,RURAL,N,N,N,,DAYLIGHT,CLOUDY,DRY,,T-INTERSECTION,,ASPHALT,UNSAFE SPEED,$25001 TO $50000,RAN OFF ROAD,WHOBARTDRS.OLDSTATERD37,0,
BLOOMINGTON PD,B22-14015,MONROE,PERRY,BLOOMINGTON,4/21/22,11:57 AM,2,,0,0,0,,S. WALNUT ST,,,,,S. WALNUT ST,E. GRIMES LN,,,,Y,,0,,39.153344,-86.533757,LOCAL/CITY ROAD,,,,URBAN,N,N,N,,DAYLIGHT,RAIN,WET,,FOUR-WAY INTERSECTION,,ASPHALT,UNSAFE LANE MOVEMENT,$1001 TO $2500,SAME DIRECTION SIDESWIPE,S.WALNUTSTE.GRIMESLN,0,
INDIANA UNIV BLOOMINGTON PD,222706,MONROE,BLOOMINGTON,BLOOMINGTON,8/19/22,2:00 PM,2,,0,0,0,,N JORDAN AVE,,,,,N JORDAN AVE,,,,,Y,,0,,39.18421783,-86.51777602,PRIVATE DRIVE,,,,URBAN,N,N,N,,DAYLIGHT,CLEAR,DRY,,NO JUNCTION INVOLVED,,ASPHALT,UNSAFE BACKING,$2501 TO $5000,SAME DIRECTION SIDESWIPE,NJORDANAVE,0,
INDIANA UNIV BLOOMINGTON PD,223116,MONROE,BLOOMINGTON,BLOOMINGTON,9/1/22,6:00 PM,2,,0,0,0,,N JORDAN AVE,,,,,N JORDAN AVE,E 17TH ST,,,,Y,,0,,39.17971443,-86.51092874,LOCAL/CITY ROAD,,,,URBAN,N,N,N,,UNKNOWN,CLEAR,DRY,,NO JUNCTION INVOLVED,,ASPHALT,UNSAFE LANE MOVEMENT,UNDER $1001,SAME DIRECTION SIDESWIPE,NJORDANAVEE17THST,0,
BLOOMINGTON PD,B22-22991,MONROE,BLOOMINGTON,BLOOMINGTON,6/19/22,1:00 AM,2,,0,0,0,,W 6TH ST,,,,,W 6TH ST,N WALNUT ST,,,,Y,,0,,39.16760906,-86.53395903,LOCAL/CITY ROAD,,,,URBAN,N,N,N,,DARK (LIGHTED),CLEAR,DRY,,FOUR-WAY INTERSECTION,,ASPHALT,OTHER (DRIVER) - EXPLAIN IN NARRATIVE,$1001 TO $2500,OTHER - EXPLAIN IN NARRATIVE,W6THSTNWALNUTST,0,
BLOOMINGTON PD,B22-25982,MONROE,PERRY,BLOOMINGTON,7/8/22,12:15 PM,2,,0,0,0,,W. BLOOMFIELD RD,,,,,W. BLOOMFIELD RD,W. ALLEN ST,,,,Y,,0,,,,LOCAL/CITY ROAD,,,,URBAN,N,N,N,,DAYLIGHT,RAIN,WET,,T-INTERSECTION,,ASPHALT,FAILURE TO YIELD RIGHT OF WAY,$2501 TO $5000,SAME DIRECTION SIDESWIPE,W.BLOOMFIELDRDW.ALLENST,0,
ISP BLOOMINGTON 33,2.022E+11,MONROE,VAN BUREN,BLOOMINGTON,1/28/22,3:15 AM,1,,0,0,0,,W STATE RD 45,,,,,W STATE RD 45,S BUNGER RD,,,,N,,0,,39.12908796,-86.60453474,COUNTY ROAD,,,,RURAL,N,N,N,,DAYLIGHT,SNOW,SNOW/SLUSH,,FOUR-WAY INTERSECTION,,ASPHALT,SPEED TOO FAST FOR WEATHER CONDITIONS,$2501 TO $5000,RAN OFF ROAD,WSTATERD45SBUNGERRD,0,
MONROE SD,M22A10037,MONROE,RICHLAND,,5/3/22,7:07 AM,1,,0,0,0,,W STATE RD 48,,,,,W STATE RD 48,W STATE RD 43,,,,N,,950,,39.17049529,-86.67894885,,,,,RURAL,N,N,N,,DAWN/DUSK,RAIN,WET,,NO JUNCTION INVOLVED,,ASPHALT,SPEED TOO FAST FOR WEATHER CONDITIONS,$5001 TO $10000,RAN OFF ROAD,WSTATERD48WSTATERD43,0,
BLOOMINGTON PD,B22-33557,MONROE,BLOOMINGTON,BLOOMINGTON,8/25/22,10:41 AM,2,,0,0,0,,STATE RD 46,,,,,STATE RD 46,E 3RD ST,,,,Y,,634,,39.16520445,-86.49874951,STATE ROAD,,,,URBAN,N,N,N,,DAYLIGHT,CLEAR,DRY,,T-INTERSECTION,,ASPHALT,FOLLOWING TOO CLOSELY,$1001 TO $2500,REAR END,STATERD46E3RDST,0,
BLOOMINGTON PD,B22-07014,MONROE,PERRY,BLOOMINGTON,3/2/22,8:45 PM,1,,1,0,0,,S WALNUT STREET PIKE,,,,,S WALNUT STREET PIKE,E WINSLOW RD,,,,Y,,528,,39.1367646,-86.52938194,LOCAL/CITY ROAD,,,,URBAN,N,N,N,,DARK (LIGHTED),CLEAR,DRY,,NO JUNCTION INVOLVED,,ASPHALT,FAILURE TO MAINTAIN LANE,$5001 TO $10000,RAN OFF ROAD,SWALNUTSTREETPIKEEWINSLOWRD,0,
ELLETTSVILLE PD,E2203517,MONROE,BEAN BLOSSOM,STINESVILLE,9/10/22,12:53 PM,2,0,0,0,0,,N STINESVILLE,RD,,,,N STINESVILLE,W HEDRICK,,,,N,,,,39.281744,-86.662992,COUNTY ROAD,,N,N,RURAL,N,N,N,,DAYLIGHT,CLOUDY,DRY,,NO JUNCTION INVOLVED,STRAIGHT/LEVEL,ASPHALT,FAILURE TO YIELD RIGHT OF WAY,$2501 TO $5000,RIGHT ANGLE,NSTINESVILLERDWHEDRICKRD,0,STOP SIGN
BLOOMINGTON PD,B22-24342,MONROE,BLOOMINGTON,BLOOMINGTON,6/28/22,2:36 PM,2,,1,0,0,,N. KINSER PK,,,,,N. KINSER PK,W. WINDING WAY,,,,Y,,1000,,39.19729186,-86.54473979,LOCAL/CITY ROAD,,,,URBAN,N,N,N,,DAYLIGHT,CLEAR,DRY,,NO JUNCTION INVOLVED,,ASPHALT,FAILURE TO YIELD RIGHT OF WAY,$2501 TO $5000,LEFT TURN,W.WINDINGWAYN.KINSERPK,0,
INDIANA UNIV BLOOMINGTON PD,221551,MONROE,BLOOMINGTON,BLOOMINGTON,4/22/22,10:18 PM,1,,0,0,1,,STATE RD 45,,,,,STATE RD 45,E 17TH ST,,,,Y,,0,,39.18043181,-86.50776333,STATE ROAD,,,,RURAL,N,N,N,,DARK (LIGHTED),CLEAR,DRY,,NO JUNCTION INVOLVED,,ASPHALT,ANIMAL/OBJECT IN ROADWAY,$1001 TO $2500,COLLISION WITH DEER,STATERD45E17THST,0,
ISP BLOOMINGTON 33,2.022E+11,MONROE,POLK,BLOOMINGTON,5/5/22,6:50 AM,1,,0,0,1,,SR446,,,,,SR446,DUTCH RIDGE RD,,,,N,,1500,,39.00000469,-86.37755211,STATE ROAD,,,,RURAL,N,N,N,,DAWN/DUSK,CLEAR,DRY,,NO JUNCTION INVOLVED,,ASPHALT,ANIMAL/OBJECT IN ROADWAY,$2501 TO $5000,COLLISION WITH DEER,SR446DUTCHRIDGERD,0,
MONROE SD,M22A2845,MONROE,RICHLAND,BLOOMINGTON,2/6/22,9:00 AM,2,,0,0,0,750,N. DANIELS WAY,,,,,N. DANIELS WAY,,,,,N,,0,,39.173888,-86.597983,LOCAL/CITY ROAD,,,,RURAL,N,N,N,,DAYLIGHT,CLEAR,DRY,,NO JUNCTION INVOLVED,,ASPHALT,UNSAFE BACKING,$5001 TO $10000,RIGHT ANGLE,N.DANIELSWAY,0,
ISP BLOOMINGTON 33,2.022E+11,MONROE,PERRY,BLOOMINGTON,4/2/22,12:35 PM,2,,0,0,0,,STATE RD 37,,,,,STATE RD 37,S OLD STATE ROAD 37,,,,N,,0,,39.08533916,-86.54246106,STATE ROAD,,,,RURAL,N,N,N,,DAYLIGHT,CLEAR,DRY,,FOUR-WAY INTERSECTION,,ASPHALT,FOLLOWING TOO CLOSELY,$2501 TO $5000,REAR END,STATERD37SOLDSTATEROAD37,0,
ELLETTSVILLE PD,E22-03507,MONROE,RICHLAND,ELLETTSVILLE,9/9/22,11:57 PM,2,,0,0,0,4727,STATE RD 46,,,,,STATE RD 46,,,,,Y,,0,,39.21665797,-86.59666883,PRIVATE DRIVE,,,,URBAN,N,N,N,,DARK (NOT LIGHTED),CLEAR,DRY,,NO JUNCTION INVOLVED,,ASPHALT,UNSAFE BACKING,UNDER $1001,BACKING CRASH,STATERD46,0,
BLOOMINGTON PD,B22-35257,MONROE,PERRY,BLOOMINGTON,9/3/22,5:46 PM,2,,1,0,0,,W 3RD ST,,,,,W 3RD ST,,,,,Y,,0,,39.16456723,-86.57394529,INTERSTATE,,,,URBAN,N,N,N,,DAYLIGHT,RAIN,WET,,INTERCHANGE,,ASPHALT,FAILURE TO YIELD RIGHT OF WAY,$2501 TO $5000,RIGHT ANGLE,W3RDST,0,
BLOOMINGTON PD,B22-04486,MONROE,BLOOMINGTON,BLOOMINGTON,2/9/22,4:15 PM,2,,0,0,0,,W 11TH ST,,,,,W 11TH ST,N MONROE ST,,,,N,,0,,39.17327827,-86.54664412,LOCAL/CITY ROAD,,,,URBAN,N,N,N,,DAYLIGHT,CLEAR,DRY,,FOUR-WAY INTERSECTION,,ASPHALT,FAILURE TO YIELD RIGHT OF WAY,$2501 TO $5000,SAME DIRECTION SIDESWIPE,W11THSTNMONROEST,0,
BLOOMINGTON PD,B2227930,MONROE,BLOOMINGTON,BLOOMINGTON,7/21/22,8:00 AM,1,,0,0,0,2951,DISCOVERY PKWY,,,,,DISCOVERY PKWY,,,,,Y,,0,,39.1759532,-86.49176664,PRIVATE DRIVE,,,,URBAN,N,N,N,,DAYLIGHT,CLEAR,DRY,,NO JUNCTION INVOLVED,,ASPHALT,OTHER (DRIVER) - EXPLAIN IN NARRATIVE,UNDER $1001,RAN OFF ROAD,DISCOVERYPKWY,0,
INDIANA UNIV BLOOMINGTON PD,221775,MONROE,BLOOMINGTON,BLOOMINGTON,5/5/22,8:48 PM,2,,0,0,0,,STATE RD 45,,,,,STATE RD 45,E 10TH ST,,,,Y,,739,,39.17267203,-86.50293536,STATE ROAD,,,,URBAN,N,N,N,,DAWN/DUSK,RAIN,WET,,FOUR-WAY INTERSECTION,,ASPHALT,SPEED TOO FAST FOR WEATHER CONDITIONS,$1001 TO $2500,REAR END,STATERD45E10THST,0,
BLOOMINGTON PD,B22-22591,MONROE,PERRY,BLOOMINGTON,6/16/22,2:56 PM,2,,0,0,0,,S. WALNUT ST,,,,,S. WALNUT ST,E. DRISCOLL ST,,,,Y,,0,,,,LOCAL/CITY ROAD,,,,URBAN,N,N,N,,DAYLIGHT,CLEAR,DRY,,T-INTERSECTION,,ASPHALT,FOLLOWING TOO CLOSELY,$2501 TO $5000,REAR END,S.WALNUTSTE.DRISCOLLST,0,
INDIANA UNIV BLOOMINGTON PD,221991,MONROE,BLOOMINGTON,BLOOMINGTON,5/27/22,4:00 PM,1,,1,0,0,,N JORDAN AVE,,,,,N JORDAN AVE,N FISHER CT,,,,Y,,0,,39.1837542,-86.51601113,LOCAL/CITY ROAD,,,,URBAN,N,N,N,,DAYLIGHT,CLOUDY,WET,,NO JUNCTION INVOLVED,,ASPHALT,IMPROPER PASSING,UNDER $1001,OTHER - EXPLAIN IN NARRATIVE,NJORDANAVENFISHERCT,1,
ELLETTSVILLE PD,E2204013,MONROE,RICHLAND,ELLETTSVILLE,10/4/22,5:04 PM,2,,0,0,0,,W MAIN ST,,,,,W MAIN ST,N MATHEWS DR,,,,Y,,0,,39.23594892,-86.62479007,LOCAL/CITY ROAD,,,,URBAN,N,N,N,,DAYLIGHT,CLEAR,DRY,,FOUR-WAY INTERSECTION,,CONCRETE,DRIVER DISTRACTED - EXPLAIN IN NARRATIVE,$2501 TO $5000,REAR END,WMAINSTNMATHEWSDR,0,
ELLETTSVILLE PD,E22-03134,MONROE,RICHLAND,ELLETTSVILLE,8/19/22,7:08 PM,2,,0,0,0,,W TEMPERANCE ST,,,,,W TEMPERANCE ST,N MATHEWS DR,,,,Y,,0,,39.23481883,-86.62630776,STATE ROAD,,,,URBAN,N,N,N,,DAWN/DUSK,CLEAR,DRY,,T-INTERSECTION,,ASPHALT,UNSAFE LANE MOVEMENT,$2501 TO $5000,SAME DIRECTION SIDESWIPE,WTEMPERANCESTNMATHEWSDR,0,
MONROE SD,M22A24330,MONROE,,BLOOMINGTON,10/4/22,4:01 AM,2,,0,0,0,,E SR 46,,,,,E SR 46,N DOUBLIN DR,,,,N,,0,,39.163636,-86.437957,STATE ROAD,,,,RURAL,N,N,N,,DARK (NOT LIGHTED),CLEAR,DRY,,NO JUNCTION INVOLVED,,ASPHALT,LEFT OF CENTER,$5001 TO $10000,HEAD ON BETWEEN TWO MOTOR VEHICLES,NDOUBLINDRESR46,0,
BLOOMINGTON PD,B22-17997,MONROE,BLOOMINGTON,BLOOMINGTON,5/16/22,7:39 PM,2,,1,0,0,,W GOURLEY PIKE,,,,,W GOURLEY PIKE,N KINSER PIKE,,,,Y,,0,,39.18511891,-86.53763392,LOCAL/CITY ROAD,,,,URBAN,N,N,N,,DAYLIGHT,CLEAR,DRY,,FOUR-WAY INTERSECTION,,ASPHALT,FAILURE TO YIELD RIGHT OF WAY,$5001 TO $10000,RIGHT ANGLE,WGOURLEYPIKENKINSERPIKE,0,
MONROE SD,M22A20791,MONROE,BLOOMINGTON,BLOOMINGTON,8/24/22,11:39 PM,1,,1,0,0,,STATE RD 45,,,,,STATE RD 45,N PRAIRIE GREEN CT,,,,N,,0,,39.17946243,-86.47389758,STATE ROAD,,,,RURAL,N,N,N,,DARK (NOT LIGHTED),CLEAR,DRY,,NO JUNCTION INVOLVED,,ASPHALT,CELL PHONE USAGE,$5001 TO $10000,RAN OFF ROAD,STATERD45NPRAIRIEGREENCT,0,
MONROE SD,M22A15606,MONROE,RICHLAND,BLOOMINGTON,6/30/22,3:22 AM,3,,0,0,0,,N HARTSTRAIT RD,,,,,N HARTSTRAIT RD,SEKIU CT,,,,N,,0,,39.2023782,-86.61129481,COUNTY ROAD,,,,RURAL,N,N,N,,DAYLIGHT,CLEAR,DRY,,T-INTERSECTION,,ASPHALT,FOLLOWING TOO CLOSELY,$10001 TO $25000,REAR END,SEKIUCTNHARTSTRAITRD,0,
MONROE SD,M22A24084,MONROE,PERRY,BLOOMINGTON,9/30/22,8:40 AM,2,,1,0,0,,E DILLMAN RD,,,,,E DILLMAN RD,S OLD STATE ROAD 37,,,,N,,0,,39.09297036,-86.54406971,,,,,RURAL,N,N,N,,DARK (NOT LIGHTED),CLEAR,DRY,,FOUR-WAY INTERSECTION,,ASPHALT,DRIVER DISTRACTED - EXPLAIN IN NARRATIVE,$1001 TO $2500,RIGHT ANGLE,SOLDSTATEROAD37EDILLMANRD,0,
BLOOMINGTON PD,B22-09834,MONROE,BLOOMINGTON,BLOOMINGTON,3/23/22,12:53 PM,2,,0,0,0,,W. ARLINGTON RD,,,,,W. ARLINGTON RD,W. GOURLEY PK,,,,Y,,0,,39.186471,-86.551125,LOCAL/CITY ROAD,,,,URBAN,N,N,N,,DAYLIGHT,CLOUDY,DRY,,T-INTERSECTION,,ASPHALT,OVERCORRECTING/OVERSTEERING,$2501 TO $5000,LEFT TURN,W.GOURLEYPKW.ARLINGTONRD,0,
BLOOMINGTON PD,B22-23391,MONROE,VAN BUREN,BLOOMINGTON,6/22/22,11:31 AM,2,,2,0,0,,W. 3RD ST,,,,,W. 3RD ST,I69 OVERPASS,,,,Y,,0,,,,LOCAL/CITY ROAD,,,,URBAN,N,N,N,,DAYLIGHT,CLEAR,DRY,,FOUR-WAY INTERSECTION,,CONCRETE,FOLLOWING TOO CLOSELY,$5001 TO $10000,REAR END,W.3RDSTI69OVERPASS,0,
BLOOMINGTON PD,B22-42087,MONROE,BLOOMINGTON,BLOOMINGTON,10/11/22,11:35 PM,1,,0,0,0,,N MADISON ST,,,,,N MADISON ST,W KENWOOD DR,,,,Y,,0,,39.17831968,-86.53770868,LOCAL/CITY ROAD,,,,URBAN,N,N,N,,DARK (NOT LIGHTED),CLEAR,DRY,,T-INTERSECTION,,ASPHALT,UNSAFE LANE MOVEMENT,$2501 TO $5000,OTHER - EXPLAIN IN NARRATIVE,WKENWOODDRNMADISONST,0,
BLOOMINGTON PD,B2215866,MONROE,BLOOMINGTON,BLOOMINGTON,5/2/22,12:20 PM,2,,0,0,0,,N WALNUT,,,,,N WALNUT,SR 45/46 BYPASS,,,,Y,,0,,,,STATE ROAD,,,,URBAN,N,N,N,,DAYLIGHT,CLEAR,DRY,,FOUR-WAY INTERSECTION,,ASPHALT,FOLLOWING TOO CLOSELY,$2501 TO $5000,REAR END,SR45/46BYPASSNWALNUT,0,
MONROE SD,M22A9192,MONROE,RICHLAND,BLOOMINGTON,4/23/22,7:54 AM,2,,0,0,0,,WEST STATE ROAD 46,,,,,WEST STATE ROAD 46,NORTH SMITH PIKE,,,,N,,0,,39.16790643,-86.58982752,,,,,URBAN,N,N,N,,DAYLIGHT,CLEAR,DRY,,FOUR-WAY INTERSECTION,,ASPHALT,FAILURE TO YIELD RIGHT OF WAY,$5001 TO $10000,LEFT TURN,WESTSTATEROAD46NORTHSMITHPIKE,0,
MONROE SD,M22A19821,MONROE,RICHLAND,BLOOMINGTON,8/14/22,4:00 AM,1,,0,0,0,,N HARTSTRAIT RD,,,,,N HARTSTRAIT RD,W WALCOTT LN,,,,N,,845,,39.19991638,-86.61129778,COUNTY ROAD,,,,RURAL,N,N,N,,DARK (NOT LIGHTED),CLEAR,LOOSE MATERIAL ON ROAD,,NO JUNCTION INVOLVED,,ASPHALT,ANIMAL/OBJECT IN ROADWAY,$5001 TO $10000,COLLISION WITH OBJECT IN ROAD,WWALCOTTLNNHARTSTRAITRD,0,
INDIANA UNIV BLOOMINGTON PD,222516,MONROE,BLOOMINGTON,BLOOMINGTON,7/31/22,9:50 PM,2,,0,0,0,,STATE RD 45,,,,,STATE RD 45,WALKWAY,,,,Y,,0,,39.17538412,-86.50426204,STATE ROAD,,,,URBAN,N,N,N,,DARK (NOT LIGHTED),CLEAR,DRY,,T-INTERSECTION,,ASPHALT,FAILURE TO YIELD RIGHT OF WAY,$5001 TO $10000,RIGHT TURN,WALKWAYSTATERD45,0,
BLOOMINGTON PD,B22-33085,MONROE,PERRY,BLOOMINGTON,8/22/22,10:50 PM,2,,0,0,0,,S WOODSCREST DR,,,,,S WOODSCREST DR,S HILLSDALE DR,,,,Y,,0,,39.16322328,-86.50299321,PRIVATE DRIVE,,,,URBAN,N,N,N,,DARK (NOT LIGHTED),CLEAR,DRY,,NO JUNCTION INVOLVED,,ASPHALT,OTHER (DRIVER) - EXPLAIN IN NARRATIVE,$1001 TO $2500,RIGHT TURN,SWOODSCRESTDRSHILLSDALEDR,0,
MONROE SD,M22A11732,MONROE,PERRY,BLOOMINGTON,5/21/22,10:31 AM,1,,0,0,0,,I-69,,,,,I-69,N BUSINESS 37,,,,N,,528,,39.23321054,-86.54083493,STATE ROAD,,,,RURAL,N,N,N,,DAYLIGHT,RAIN,WET,,INTERCHANGE,,ASPHALT,ROADWAY SURFACE CONDITION,$5001 TO $10000,RAN OFF ROAD,NBUSINESS37I-69,0,
MONROE SD,M22A15722,MONROE,RICHLAND,BLOOMINGTON,6/30/22,5:30 PM,1,,3,0,0,,W REEVES RD,,,,,W REEVES RD,,,,,N,,0,,39.2315601,-86.6617114,LOCAL/CITY ROAD,,,,RURAL,N,N,N,,DAYLIGHT,CLEAR,DRY,,T-INTERSECTION,,ASPHALT,OVERCORRECTING/OVERSTEERING,$10001 TO $25000,RAN OFF ROAD,WREEVESRD,0,
BLOOMINGTON PD,B22-06413,MONROE,BLOOMINGTON,BLOOMINGTON,2/26/22,3:10 AM,1,,0,0,0,300,N WALNUT ST,,,,,N WALNUT ST,,,,,Y,,0,,39.16900065,-86.53358004,,,,,URBAN,N,N,N,,DARK (LIGHTED),CLEAR,DRY,,NO JUNCTION INVOLVED,,CONCRETE,OTHER (DRIVER) - EXPLAIN IN NARRATIVE,$1001 TO $2500,OTHER - EXPLAIN IN NARRATIVE,NWALNUTST,0,
MONROE SD,M22A10194,MONROE,CLEAR CREEK,BLOOMINGTON,5/4/22,9:26 AM,1,,0,0,1,,STATE RD 37,,,,,STATE RD 37,ZIKES RD S,,,,N,,0,,39.04931971,-86.5363074,STATE ROAD,,,,RURAL,N,N,N,,DARK (NOT LIGHTED),CLEAR,DRY,,NO JUNCTION INVOLVED,,ASPHALT,ANIMAL/OBJECT IN ROADWAY,$5001 TO $10000,COLLISION WITH DEER,ZIKESRDSSTATERD37,0,
BLOOMINGTON PD,B22-27693,MONROE,VAN BUREN,BLOOMINGTON,7/19/22,5:54 PM,2,,6,0,0,,W 3RD ST,,,,,W 3RD ST,S CURRY PIKE,,,,Y,,0,,39.16463691,-86.58294742,LOCAL/CITY ROAD,,,,URBAN,N,N,N,,DAYLIGHT,CLEAR,DRY,,FOUR-WAY INTERSECTION,,ASPHALT,FAILURE TO YIELD RIGHT OF WAY,$25001 TO $50000,RIGHT ANGLE,W3RDSTSCURRYPIKE,0,
ISP BLOOMINGTON 33,2.022E+11,MONROE,PERRY,BLOOMINGTON,4/13/22,2:33 PM,1,,0,0,0,,I-69,,,,,I-69,,,106.5,,N,,581,,39.06856891,-86.67407099,INTERSTATE,,,,RURAL,N,N,N,,DAYLIGHT,RAIN,WET,,NO JUNCTION INVOLVED,,ASPHALT,FAILURE TO MAINTAIN LANE,$25001 TO $50000,,I-69106.5,0,
BLOOMINGTON PD,B2218174,MONROE,BLOOMINGTON,BLOOMINGTON,5/14/22,10:00 AM,2,,0,0,0,,S WILLIAMSBURG DR,,,,,S WILLIAMSBURG DR,,,,,Y,,0,,39.16470651,-86.49614172,PRIVATE DRIVE,,,,URBAN,N,N,N,,DAYLIGHT,CLEAR,DRY,,NO JUNCTION INVOLVED,,ASPHALT,UNSAFE BACKING,$1001 TO $2500,BACKING CRASH,SWILLIAMSBURGDR,0,
ISP BLOOMINGTON 33,2.022E+11,MONROE,VAN BUREN,BLOOMINGTON,9/18/22,1:25 AM,1,,1,0,1,,I-69,,,,,I-69,,,,,Y,,0,,39.16002165,-86.57328648,INTERSTATE,,,,URBAN,N,N,N,,DARK (LIGHTED),CLEAR,DRY,,NO JUNCTION INVOLVED,,ASPHALT,ANIMAL/OBJECT IN ROADWAY,$1001 TO $2500,SAME DIRECTION SIDESWIPE,I-69,0,
BLOOMINGTON PD,B22-10479,MONROE,BLOOMINGTON,BLOOMINGTON,3/27/22,7:31 PM,2,,1,0,0,,W 11TH ST,,,,,W 11TH ST,N SUMMIT ST,,,,Y,,0,,39.17323761,-86.54817886,LOCAL/CITY ROAD,,,,URBAN,N,N,N,,DAWN/DUSK,CLEAR,DRY,,FOUR-WAY INTERSECTION,,ASPHALT,DISREGARD SIGNAL/REG SIGN,$10001 TO $25000,RIGHT ANGLE,W11THSTNSUMMITST,0,
BLOOMINGTON PD,B22-23780,MONROE,BLOOMINGTON,BLOOMINGTON,6/24/22,6:08 PM,2,,0,0,0,,N COLLEGE AVE,,,,,N COLLEGE AVE,W 9TH ST,,,,Y,,106,,39.17024605,-86.53483576,LOCAL/CITY ROAD,,,,URBAN,N,N,N,,DAYLIGHT,CLOUDY,DRY,,NO JUNCTION INVOLVED,,ASPHALT,FAILURE TO YIELD RIGHT OF WAY,$10001 TO $25000,SAME DIRECTION SIDESWIPE,W9THSTNCOLLEGEAVE,0,
INDIANA UNIV BLOOMINGTON PD,223080,MONROE,BLOOMINGTON,BLOOMINGTON,9/3/22,5:54 PM,2,,0,0,0,,STATE RD 45,,,,,STATE RD 45,WALKWAY,,,,Y,,0,,39.17330415,-86.50323576,STATE ROAD,,,,URBAN,N,N,N,,DAYLIGHT,RAIN,WET,,NO JUNCTION INVOLVED,,ASPHALT,FOLLOWING TOO CLOSELY,$1001 TO $2500,REAR END,WALKWAYSTATERD45,0,
BLOOMINGTON PD,B22-04086,MONROE,BLOOMINGTON,BLOOMINGTON,2/6/22,12:27 PM,2,,0,0,0,,N COLLEGE AVE,,,,,N COLLEGE AVE,W 11TH ST,,,,Y,,0,,39.17328752,-86.53481073,LOCAL/CITY ROAD,,,,URBAN,N,N,N,,DAYLIGHT,CLEAR,DRY,,FOUR-WAY INTERSECTION,,ASPHALT,IMPROPER LANE USAGE,$2501 TO $5000,SAME DIRECTION SIDESWIPE,W11THSTNCOLLEGEAVE,0,
MONROE SD,M22A2831,MONROE,VAN BUREN,BLOOMINGTON,2/6/22,2:43 AM,1,,0,0,0,4050,W STATE RD 45,,,,,W STATE RD 45,,,,,Y,,0,,39.1406893,-86.58603322,STATE ROAD,,,,URBAN,N,N,N,,DARK (NOT LIGHTED),CLEAR,DRY,,NO JUNCTION INVOLVED,,ASPHALT,UNSAFE SPEED,$5001 TO $10000,RAN OFF ROAD,WSTATERD45,0,
MONROE SD,M22A12872,MONROE,,BLOOMINGTON,6/2/22,12:16 PM,1,,0,0,0,,N MT TABOR RD,,,,,N MT TABOR RD,W ALFRED LN,,,,N,,0,,39.289128,-86.625377,LOCAL/CITY ROAD,,,,RURAL,N,N,N,,DAYLIGHT,CLEAR,DRY,,NO JUNCTION INVOLVED,,ASPHALT,DRIVER ASLEEP OR FATIGUED,$2501 TO $5000,RAN OFF ROAD,WALFREDLNNMTTABORRD,0,
MONROE SD,M22A20373,MONROE,PERRY,BLOOMINGTON,8/20/22,12:00 AM,2,,2,0,0,,S OLD STATE ROAD 37,,,,,S OLD STATE ROAD 37,E RHORER RD,,,,N,,0,,39.12029803,-86.5312389,STATE ROAD,,,,URBAN,N,N,N,,DAYLIGHT,CLEAR,DRY,,NO JUNCTION INVOLVED,,ASPHALT,UNSAFE SPEED,$5001 TO $10000,REAR END,SOLDSTATEROAD37ERHORERRD,0,