Agency,Local Code,County,Township,City,Collision Date,Collision Time,Vehicles Involved,Trailers Involved,Number Injured,Number Dead,Number Deer,House Number,Roadway Name,Roadway Suffix,Roadway Number,Roadway Interchange,Roadway Ramp,Roadway Id,Intersecting Road,Intersecting Road Number,Mile Marker,Interchange,Corporate Limits?,Property Type,Feet From,Direction,Latitude,Longitude,Roadway Class,Traffic Control Devices?,Aggressive Driving?,Hit and Run?,Locality,School Zone?,Rumble Strips?,Construction?,Construction Type,Light Condition,Weather Conditions,Surface Condition,Type of Median,Roadway Junction Type,Road Character,Roadway Surface,Primary Factor,Damage Estimate,Manner of Collision,Unique Location Id,State Property Damage?,Traffic Control
BLOOMINGTON PD,B22-17669,MONROE,VAN BUREN,BLOOMINGTON,5/13/22,10:40 PM,2,,2,0,0,,S LEONARD SPRINGS RD,,,,,S LEONARD SPRINGS RD,W STATE RD 45,,,,Y,,0,,39.14195439,-86.58255762,LOCAL/CITY ROAD,,,,URBAN,N,N,N,,DARK (LIGHTED),CLEAR,DRY,,FOUR-WAY INTERSECTION,,ASPHALT,FAILURE TO YIELD RIGHT OF WAY,$10001 TO $25000,LEFT TURN,WSTATERD45SLEONARDSPRINGSRD,0,
BLOOMINGTON PD,B22-39771,MONROE,VAN BUREN,BLOOMINGTON,9/29/22,1:29 PM,2,,0,0,0,,S LIBERTY DR,,,,,S LIBERTY DR,W CONSTITUTION WAY,,,,Y,,0,,39.15121037,-86.57708991,LOCAL/CITY ROAD,,,,URBAN,N,N,N,,DAYLIGHT,CLEAR,DRY,,T-INTERSECTION,,ASPHALT,FOLLOWING TOO CLOSELY,$2501 TO $5000,REAR END,WCONSTITUTIONWAYSLIBERTYDR,0,
BLOOMINGTON PD,B22-36523,MONROE,BLOOMINGTON,BLOOMINGTON,9/10/22,9:53 PM,2,,0,0,0,,N WASHINGTON ST,,,,,N WASHINGTON ST,E 10TH ST,,,,Y,,0,,39.17164131,-86.53231598,LOCAL/CITY ROAD,,,,URBAN,N,N,N,,DARK (LIGHTED),RAIN,WET,,FOUR-WAY INTERSECTION,,ASPHALT,FAILURE TO YIELD RIGHT OF WAY,$5001 TO $10000,RIGHT ANGLE,NWASHINGTONSTE10THST,0,
MONROE SD,M22A12338,MONROE,VAN BUREN,BLOOMINGTON,5/27/22,2:47 PM,2,,0,0,0,,W STATE RD 45,,,,,W STATE RD 45,,,,,N,,0,,39.14195943,-86.58089459,PRIVATE DRIVE,,,,RURAL,N,N,N,,DAYLIGHT,CLOUDY,DRY,,NO JUNCTION INVOLVED,,ASPHALT,FAILURE TO YIELD RIGHT OF WAY,$5001 TO $10000,BACKING CRASH,WSTATERD45,0,
MONROE SD,M22A19032,MONROE,WASHINGTON,BLOOMINGTON,8/5/22,9:10 AM,1,,0,0,0,,W WILLIAMS RD,,,,,W WILLIAMS RD,W SIMPSON CHAPEL RD,,,,N,,0,,39.28046724,-86.52703236,LOCAL/CITY ROAD,,,,RURAL,N,N,N,,DAYLIGHT,CLEAR,DRY,,T-INTERSECTION,,ASPHALT,OTHER (DRIVER) - EXPLAIN IN NARRATIVE,$5001 TO $10000,RAN OFF ROAD,WWILLIAMSRDWSIMPSONCHAPELRD,0,
BLOOMINGTON PD,B22-11895,MONROE,PERRY,BLOOMINGTON,4/6/22,4:37 PM,2,,0,0,0,,W COUNTRY CLUB DR,,,,,W COUNTRY CLUB DR,S MILTON DR,,,,Y,,634,,39.13617191,-86.5408185,LOCAL/CITY ROAD,,,,URBAN,N,N,N,,DAYLIGHT,CLEAR,DRY,,NO JUNCTION INVOLVED,,ASPHALT,FOLLOWING TOO CLOSELY,$2501 TO $5000,REAR END,WCOUNTRYCLUBDRSMILTONDR,0,
MONROE SD,M22A15500,MONROE,VAN BUREN,BLOOMINGTON,6/29/22,4:50 AM,2,,0,0,0,,S LEONARD SPRINGS RD,,,,,S LEONARD SPRINGS RD,W STATE RD 45,,,,N,,0,,39.14195717,-86.58260769,LOCAL/CITY ROAD,,,,URBAN,N,N,B,,DAYLIGHT,CLEAR,DRY,,FOUR-WAY INTERSECTION,,ASPHALT,DISREGARD SIGNAL/REG SIGN,$5001 TO $10000,OPPOSITE DIRECTION SIDESWIPE,WSTATERD45SLEONARDSPRINGSRD,0,
BLOOMINGTON PD,B22-26373,MONROE,BLOOMINGTON,BLOOMINGTON,7/11/22,2:07 AM,1,,1,0,0,,S WESTPLEX AVE,,,,,S WESTPLEX AVE,,,,,Y,,0,,39.16550199,-86.55399925,PRIVATE DRIVE,,,,URBAN,N,N,N,,DARK (LIGHTED),CLEAR,DRY,,NO JUNCTION INVOLVED,,ASPHALT,OTHER (DRIVER) - EXPLAIN IN NARRATIVE,$1001 TO $2500,OTHER - EXPLAIN IN NARRATIVE,SWESTPLEXAVE,1,
BLOOMINGTON PD,B22-30967,MONROE,PERRY,BLOOMINGTON,8/10/22,3:53 PM,2,,0,0,0,,W BLOOMFIELD RD,,,,,W BLOOMFIELD RD,Jan-69,,,,Y,,0,,39.14892263,-86.57057316,,,,,URBAN,N,Y,N,,DAYLIGHT,CLEAR,DRY,,FOUR-WAY INTERSECTION,,ASPHALT,DISREGARD SIGNAL/REG SIGN,$1001 TO $2500,RIGHT ANGLE,WBLOOMFIELDRD1-69,0,
BLOOMINGTON PD,B22-32013,MONROE,PERRY,BLOOMINGTON,8/17/22,9:11 AM,2,,0,0,0,,W 3RD ST,,,,,W 3RD ST,S LANDMARK AVE,,,,Y,,200,,39.16443234,-86.55566304,LOCAL/CITY ROAD,,,,URBAN,N,N,N,,DAYLIGHT,CLEAR,DRY,,NO JUNCTION INVOLVED,,ASPHALT,FOLLOWING TOO CLOSELY,$5001 TO $10000,REAR END,W3RDSTSLANDMARKAVE,0,
BLOOMINGTON PD,B22-38205,MONROE,PERRY,BLOOMINGTON,9/21/22,11:56 AM,2,,1,0,0,,E. HILLSIDE DR,,,,,E. HILLSIDE DR,S. HIGH ST,,,,Y,,0,,39.150445,-86.508421,LOCAL/CITY ROAD,,,,URBAN,N,N,N,,DAYLIGHT,CLEAR,DRY,,FOUR-WAY INTERSECTION,,ASPHALT,FOLLOWING TOO CLOSELY,$1001 TO $2500,REAR END,S.HIGHSTE.HILLSIDEDR,0,
INDIANA UNIV BLOOMINGTON PD,221685,MONROE,BLOOMINGTON,BLOOMINGTON,4/29/22,2:25 PM,2,,0,0,0,,N FEE LN,,,,,N FEE LN,E 13TH ST,,,,Y,,0,,39.17496346,-86.51853508,PRIVATE DRIVE,,,,URBAN,N,N,N,,DAYLIGHT,CLEAR,DRY,,NO JUNCTION INVOLVED,,ASPHALT,IMPROPER TURNING,$1001 TO $2500,SAME DIRECTION SIDESWIPE,NFEELNE13THST,0,
ELLETTSVILLE PD,E2200612,MONROE,RICHLAND,ELLETTSVILLE,2/17/22,11:57 AM,2,0,0,0,0,4200,SR46W,HWY,,,,SR46W,,,,,Y,,,,39.212879,-86.588621,OTHER,,N,N,URBAN,N,N,N,,DAYLIGHT,RAIN,WATER (STANDING OR MOVING),,NO JUNCTION INVOLVED,STRAIGHT/LEVEL,ASPHALT,OTHER (ENVIRONMENTAL) - EXPLAIN IN NARR,$5001 TO $10000,RIGHT TURN,SR46WHWY,0,LANE CONTROL
MONROE SD,M22A7529,MONROE,VAN BUREN,BLOOMINGTON,4/3/22,12:13 PM,2,,0,0,0,,S WESTMONT,,,,,S WESTMONT,GENE AVE,,,,N,,50,,,,LOCAL/CITY ROAD,,,,URBAN,N,N,N,,DARK (NOT LIGHTED),CLOUDY,DRY,,NO JUNCTION INVOLVED,,ASPHALT,ANIMAL/OBJECT IN ROADWAY,$10001 TO $25000,SAME DIRECTION SIDESWIPE,SWESTMONTGENEAVE,0,
BLOOMINGTON PD,B22-12498,MONROE,BLOOMINGTON,,4/10/22,7:00 PM,3,,0,0,0,,N WALNUT ST,,,,,N WALNUT ST,W 8TH ST,,,,Y,,0,,0,0,LOCAL/CITY ROAD,,,,URBAN,N,N,N,,DAYLIGHT,CLEAR,DRY,,NO JUNCTION INVOLVED,,ASPHALT,STEERING FAILURE,$25001 TO $50000,LEFT TURN,W8THSTNWALNUTST,0,
MONROE SD,M22A9920,MONROE,BLOOMINGTON,BLOOMINGTON,5/1/22,6:59 PM,1,,0,1,0,,N OLD STATE ROAD 37,,,,,N OLD STATE ROAD 37,E PRAIRIE DR,,,,N,,792,,39.22092183,-86.51763386,LOCAL/CITY ROAD,,,,RURAL,N,N,N,,DAYLIGHT,CLEAR,DRY,,NO JUNCTION INVOLVED,,ASPHALT,FAILURE TO MAINTAIN LANE,$10001 TO $25000,RAN OFF ROAD,NOLDSTATEROAD37EPRAIRIEDR,0,
BLOOMINGTON PD,B22-26544,MONROE,PERRY,BLOOMINGTON,7/12/22,10:28 AM,2,,0,0,0,114,W GRIMES LN,,,,,W GRIMES LN,,,,,Y,,0,,39.15328956,-86.53572953,PRIVATE DRIVE,,,,URBAN,N,N,N,,DAYLIGHT,CLEAR,DRY,,NO JUNCTION INVOLVED,,GRAVEL,UNSAFE BACKING,$2501 TO $5000,BACKING CRASH,WGRIMESLN,0,
BLOOMINGTON PD,B22-16780,MONROE,BLOOMINGTON,BLOOMINGTON,5/8/22,12:10 PM,2,,0,0,0,,E 7TH ST,,,,,E 7TH ST,N DUNN ST,,,,Y,,0,,39.16854921,-86.52831263,,,,,URBAN,N,N,N,,DAYLIGHT,CLEAR,DRY,,T-INTERSECTION,,ASPHALT,FAILURE TO YIELD RIGHT OF WAY,$5001 TO $10000,RIGHT ANGLE,NDUNNSTE7THST,0,
INDIANA UNIV BLOOMINGTON PD,222577,MONROE,BLOOMINGTON,BLOOMINGTON,8/9/22,11:30 AM,1,,0,0,0,,E 10TH ST,,,,,E 10TH ST,E 10TH ST,,,,Y,,264,,39.17106673,-86.50214142,STATE ROAD,,,,URBAN,N,N,N,,DAYLIGHT,CLOUDY,WET,,RAILROAD CROSSINGS,,ASPHALT,ROADWAY SURFACE CONDITION,$1001 TO $2500,RAN OFF ROAD,E10THSTE10THST,0,
ELLETTSVILLE PD,E2202439,MONROE,RICHLAND,ELLETTSVILLE,7/1/22,8:04 AM,2,0,0,0,0,,SALE,ST,,,,SALE,,,,,Y,,,,39.23384,-86.624704,LOCAL/CITY ROAD,Y,N,N,URBAN,N,N,N,,DAYLIGHT,CLEAR,DRY,,T-INTERSECTION,STRAIGHT/GRADE,ASPHALT,FOLLOWING TOO CLOSELY,$1001 TO $2500,REAR END,SALESTSR46W,0,TRAFFIC CONTROL SIGNAL
INDIANA UNIV BLOOMINGTON PD,221556,MONROE,BLOOMINGTON,BLOOMINGTON,4/23/22,2:38 AM,1,,0,0,0,,E 7TH ST,,,,,E 7TH ST,,,,,Y,,0,,39.16925609,-86.51716975,PRIVATE DRIVE,,,,URBAN,N,N,N,,DARK (NOT LIGHTED),CLEAR,DRY,,T-INTERSECTION,,ASPHALT,OTHER (DRIVER) - EXPLAIN IN NARRATIVE,$25001 TO $50000,RAN OFF ROAD,E7THST,0,
BLOOMINGTON PD,B22-22076,MONROE,PERRY,BLOOMINGTON,6/13/22,3:20 PM,2,,0,0,0,,E UNIVERSITY ST,,,,,E UNIVERSITY ST,S HENDERSON ST,,,,Y,,0,,39.16039434,-86.52720399,,,,,URBAN,N,N,N,,DAYLIGHT,CLEAR,DRY,,T-INTERSECTION,,ASPHALT,FAILURE TO YIELD RIGHT OF WAY,$5001 TO $10000,RIGHT ANGLE,SHENDERSONSTEUNIVERSITYST,0,
INDIANA UNIV BLOOMINGTON PD,222477,MONROE,BLOOMINGTON,BLOOMINGTON,7/26/22,1:00 PM,2,,0,0,0,,N INDIANA AVE,,,,,N INDIANA AVE,E 17TH ST,,,,Y,,0,,39.17831314,-86.52703232,LOCAL/CITY ROAD,,,,URBAN,N,N,N,,DAYLIGHT,CLOUDY,WET,,NO JUNCTION INVOLVED,,ASPHALT,FAILURE TO YIELD RIGHT OF WAY,$1001 TO $2500,LEFT TURN,NINDIANAAVEE17THST,0,
BLOOMINGTON PD,B22-19094,MONROE,PERRY,BLOOMINGTON,5/24/22,12:31 PM,2,,0,0,0,,E. 3RD ST,,,,,E. 3RD ST,S WOODSCREST DR,,,,Y,,0,,39.164239,-86.502437,LOCAL/CITY ROAD,,,,URBAN,N,N,N,,DAYLIGHT,CLEAR,DRY,,FOUR-WAY INTERSECTION,,ASPHALT,UNSAFE BACKING,$2501 TO $5000,BACKING CRASH,SWOODSCRESTDRE.3RDST,0,
BLOOMINGTON PD,B22-30022,MONROE,PERRY,BLOOMINGTON,8/4/22,1:31 PM,2,,0,0,0,155,E BURKS DR,,,,,E BURKS DR,,,,,Y,,0,,39.12708589,-86.53036241,PRIVATE DRIVE,,,,URBAN,N,N,N,,DAYLIGHT,RAIN,WET,,NO JUNCTION INVOLVED,,ASPHALT,UNSAFE BACKING,$2501 TO $5000,BACKING CRASH,EBURKSDR,0,
INDIANA UNIV BLOOMINGTON PD,220357,MONROE,BLOOMINGTON,BLOOMINGTON,1/31/22,3:45 AM,2,,0,0,0,,E 3RD ST,,,,,E 3RD ST,S HAWTHORNE DR,,,,Y,,0,,39.16426255,-86.52006931,LOCAL/CITY ROAD,,,,URBAN,N,N,N,,DAYLIGHT,CLEAR,DRY,,NO JUNCTION INVOLVED,,ASPHALT,FAILURE TO YIELD RIGHT OF WAY,UNDER $1001,LEFT TURN,SHAWTHORNEDRE3RDST,0,
MONROE SD,M22A12509,MONROE,PERRY,BLOOMINGTON,5/29/22,7:13 AM,1,,0,0,0,6469,STATE RD 46,,,,,STATE RD 46,,,,,N,,0,,39.16377799,-86.43765575,STATE ROAD,,,,RURAL,N,N,N,,DAYLIGHT,CLEAR,DRY,,NO JUNCTION INVOLVED,,ASPHALT,OTHER (DRIVER) - EXPLAIN IN NARRATIVE,$5001 TO $10000,RAN OFF ROAD,STATERD46,0,
BLOOMINGTON PD,B22-32662,MONROE,PERRY,BLOOMINGTON,8/20/22,2:00 AM,2,,0,0,0,,S LINCOLN ST,,,,,S LINCOLN ST,E 1ST ST,,,,Y,,0,,39.15962892,-86.53126839,PRIVATE DRIVE,,,,URBAN,N,N,N,,DARK (NOT LIGHTED),CLEAR,DRY,,NO JUNCTION INVOLVED,,ASPHALT,UNSAFE LANE MOVEMENT,UNDER $1001,BACKING CRASH,SLINCOLNSTE1STST,0,
ELLETTSVILLE PD,E22-02787,MONROE,RICHLAND,ELLETTSVILLE,7/26/22,2:14 PM,2,,0,0,0,,WMAIN ST,,,,,WMAIN ST,N MATHEWS DR,,,,Y,,0,,39.23606643,-86.62507571,LOCAL/CITY ROAD,,,,RURAL,N,N,N,,DAYLIGHT,RAIN,WET,,T-INTERSECTION,,ASPHALT,DISREGARD SIGNAL/REG SIGN,$2501 TO $5000,RIGHT ANGLE,WMAINSTNMATHEWSDR,0,
INDIANA UNIV BLOOMINGTON PD,220938,MONROE,BLOOMINGTON,BLOOMINGTON,3/10/22,4:25 PM,2,,0,0,0,,E 3RD ST,,,,,E 3RD ST,S FACULTY AVE,,,,Y,,158,,39.16428126,-86.5214426,LOCAL/CITY ROAD,,,,URBAN,N,N,N,,DAYLIGHT,CLEAR,DRY,,NO JUNCTION INVOLVED,,ASPHALT,UNSAFE LANE MOVEMENT,$2501 TO $5000,SAME DIRECTION SIDESWIPE,SFACULTYAVEE3RDST,0,
INDIANA UNIV BLOOMINGTON PD,221128,MONROE,BLOOMINGTON,BLOOMINGTON,3/27/22,2:00 AM,2,,0,0,0,,N FEE LN,,,,,N FEE LN,,,,,Y,,0,,39.17662963,-86.51912754,,,,,URBAN,N,N,N,,DARK (LIGHTED),CLEAR,DRY,,NO JUNCTION INVOLVED,,ASPHALT,OTHER (DRIVER) - EXPLAIN IN NARRATIVE,$1001 TO $2500,SAME DIRECTION SIDESWIPE,NFEELN,0,
ISP BLOOMINGTON 33,2.022E+11,MONROE,PERRY,BLOOMINGTON,5/9/22,10:06 AM,2,,0,0,0,,I-69,,,,,I-69,,,114,,N,,0,,39.12080684,-86.57013401,INTERSTATE,,,,RURAL,N,N,N,,DAYLIGHT,CLEAR,DRY,,NO JUNCTION INVOLVED,,ASPHALT,,$2501 TO $5000,SAME DIRECTION SIDESWIPE,I-69114,0,
BLOOMINGTON PD,B22-21588,MONROE,BLOOMINGTON,BLOOMINGTON,6/9/22,7:14 PM,2,,0,0,0,2701,E 3RD ST,,,,,E 3RD ST,,,,,Y,,0,,39.16496628,-86.49766272,PRIVATE DRIVE,,,,URBAN,N,N,N,,DAYLIGHT,CLEAR,DRY,,NO JUNCTION INVOLVED,,ASPHALT,FOLLOWING TOO CLOSELY,$1001 TO $2500,REAR END,E3RDST,0,
ELLETTSVILLE PD,E2203200,MONROE,RICHLAND,ELLETTSVILLE,8/24/22,3:37 PM,2,,0,0,0,,STATE ROAD 46,,,,,STATE ROAD 46,N SALE ST,,,,Y,,0,,0,0,STATE ROAD,,,,URBAN,N,N,N,,DAYLIGHT,CLEAR,DRY,,FOUR-WAY INTERSECTION,,ASPHALT,UNSAFE LANE MOVEMENT,$2501 TO $5000,SAME DIRECTION SIDESWIPE,STATEROAD46NSALEST,0,
BLOOMINGTON PD,B22-00864,MONROE,BLOOMINGTON,BLOOMINGTON,1/8/22,6:36 PM,3,,0,0,0,,STATE RD 46,,,,,STATE RD 46,N. COLLEGE AVE,,,,Y,,475,,39.18637791,-86.53617061,STATE ROAD,,,,URBAN,N,N,N,,DARK (LIGHTED),SLEET/HAIL/FREEZING RAIN,ICE,,NO JUNCTION INVOLVED,,ASPHALT,FOLLOWING TOO CLOSELY,$5001 TO $10000,REAR END,STATERD46N.COLLEGEAVE,0,
BLOOMINGTON PD,B22-36255,MONROE,BLOOMINGTON,BLOOMINGTON,8/31/22,5:50 PM,2,,0,0,0,317,E 15TH ST.,,,,,E 15TH ST.,,,,,Y,,0,,39.17729739,-86.53006502,PRIVATE DRIVE,,,,URBAN,N,N,N,,UNKNOWN,CLEAR,DRY,,NO JUNCTION INVOLVED,,GRAVEL,UNSAFE BACKING,$2501 TO $5000,BACKING CRASH,E15THST.,0,
BLOOMINGTON PD,B22-34799,MONROE,VAN BUREN,BLOOMINGTON,9/1/22,12:40 PM,2,,0,0,0,,W STATE RD 45,,,,,W STATE RD 45,S HICKORY LEAF DR/ S LIBERTY D,,,,Y,,0,,39.14508907,-86.57776575,STATE ROAD,,,,URBAN,N,N,N,,DAYLIGHT,CLEAR,DRY,,FOUR-WAY INTERSECTION,,ASPHALT,FAILURE TO YIELD RIGHT OF WAY,$10001 TO $25000,LEFT TURN,WSTATERD45SHICKORYLEAFDR/SLIBERTYD,0,
BLOOMINGTON PD,B22-28002,MONROE,BLOOMINGTON,BLOOMINGTON,7/21/22,3:23 PM,3,,0,0,0,,2846 E 3RD ST.,,,,,2846 E 3RD ST.,,,,,Y,,0,,39.16127283,-86.49714114,PRIVATE DRIVE,,,,URBAN,N,N,N,,DAYLIGHT,CLEAR,DRY,,NO JUNCTION INVOLVED,,ASPHALT,OTHER (DRIVER) - EXPLAIN IN NARRATIVE,$10001 TO $25000,BACKING CRASH,2846E3RDST.,0,
INDIANA UNIV BLOOMINGTON PD,222670,MONROE,BLOOMINGTON,BLOOMINGTON,8/17/22,7:36 PM,2,,1,0,0,,E 3RD ST,,,,,E 3RD ST,S HIGHLAND AVE,,,,Y,,0,,39.16426463,-86.51768751,LOCAL/CITY ROAD,,,,URBAN,N,N,N,,DAYLIGHT,CLEAR,DRY,,T-INTERSECTION,,ASPHALT,IMPROPER TURNING,$10001 TO $25000,LEFT TURN,SHIGHLANDAVEE3RDST,0,
BLOOMINGTON PD,B22-11166,MONROE,PERRY,BLOOMINGTON,4/1/22,1:49 PM,2,,0,0,0,,E HEATHER DR,,,,,E HEATHER DR,S LAUREL CT,,,,Y,,0,,39.12529329,-86.52398409,LOCAL/CITY ROAD,,,,URBAN,N,N,N,,DAYLIGHT,CLEAR,DRY,,FOUR-WAY INTERSECTION,,ASPHALT,UNSAFE BACKING,$1001 TO $2500,BACKING CRASH,SLAURELCTEHEATHERDR,0,
ELLETTSVILLE PD,E2202420,MONROE,RICHLAND,ELLETTSVILLE,6/29/22,5:10 PM,3,0,0,0,0,,,,SR46W,,,SR46W,SALE,,,,Y,,,,39.23384,-86.624704,STATE ROAD,,N,N,URBAN,N,N,N,,DAYLIGHT,CLEAR,DRY,,FOUR-WAY INTERSECTION,STRAIGHT/LEVEL,ASPHALT,FOLLOWING TOO CLOSELY,$5001 TO $10000,REAR END,SALESTSR46W,0,LANE CONTROL
ISP BLOOMINGTON 33,2.022E+11,MONROE,INDIAN CREEK,BLOOMINGTON,5/28/22,8:40 AM,1,,0,0,1,,I69,,,,,I69,,,105,,N,,0,,39.05010876,-86.68002552,INTERSTATE,,,,RURAL,N,N,N,,DAYLIGHT,CLEAR,DRY,,NO JUNCTION INVOLVED,,CONCRETE,ANIMAL/OBJECT IN ROADWAY,$5001 TO $10000,COLLISION WITH DEER,I69105,0,
MONROE SD,M22A9873,MONROE,PERRY,BLOOMINGTON,5/1/22,3:21 AM,2,,0,0,0,,S FAIRFAX RD,,,,,S FAIRFAX RD,S WALNUT ST PIKE,,,,N,,50,,39.107177,-86.526485,LOCAL/CITY ROAD,,,,URBAN,N,N,N,,DARK (NOT LIGHTED),CLEAR,DRY,,NO JUNCTION INVOLVED,,ASPHALT,ANIMAL/OBJECT IN ROADWAY,$2501 TO $5000,REAR END,SWALNUTSTPIKESFAIRFAXRD,0,
BLOOMINGTON PD,B22-04336,MONROE,PERRY,BLOOMINGTON,2/8/22,4:25 PM,2,,0,0,0,,"1107 W 3RD ST BLOOMINGTON, IN",,,,,"1107 W 3RD ST BLOOMINGTON, IN",,,,,Y,,0,,,,LOCAL/CITY ROAD,,,,URBAN,N,N,N,,DAYLIGHT,CLEAR,DRY,,NO JUNCTION INVOLVED,,ASPHALT,UNSAFE BACKING,$1001 TO $2500,BACKING CRASH,"1107W3RDSTBLOOMINGTON,IN",0,
BLOOMINGTON PD,B22-20999,MONROE,PERRY,BLOOMINGTON,6/6/22,9:09 AM,2,,0,0,0,,S. WALNUT ST,,,,,S. WALNUT ST,E. WYLIE ST,,,,Y,,0,,39.158367,-86.533661,LOCAL/CITY ROAD,,,,URBAN,N,N,N,,DAYLIGHT,CLEAR,DRY,,NO JUNCTION INVOLVED,,ASPHALT,UNSAFE BACKING,$2501 TO $5000,BACKING CRASH,S.WALNUTSTE.WYLIEST,0,
MONROE SD,M22A11163,MONROE,CLEAR CREEK,BLOOMINGTON,5/15/22,10:45 AM,1,,0,0,0,,S ROGERS ST,,,,,S ROGERS ST,W CHURCH LN,,,,N,,0,,39.10845213,-86.5401874,LOCAL/CITY ROAD,,,,RURAL,N,N,N,,DAYLIGHT,CLEAR,DRY,,NO JUNCTION INVOLVED,,ASPHALT,OTHER (VEHICLE) - EXPLAIN IN NARRATIVE,$2501 TO $5000,RAN OFF ROAD,WCHURCHLNSROGERSST,0,
BLOOMINGTON PD,B22-03360,MONROE,PERRY,BLOOMINGTON,1/30/22,2:35 PM,2,,1,0,0,,S ROCKPORT RD,,,,,S ROCKPORT RD,W COUNTRYSIDE LN,,,,Y,,0,,39.14336429,-86.54182765,LOCAL/CITY ROAD,,,,URBAN,N,N,N,,DAYLIGHT,CLEAR,DRY,,FOUR-WAY INTERSECTION,,ASPHALT,FAILURE TO YIELD RIGHT OF WAY,$2501 TO $5000,LEFT TURN,WCOUNTRYSIDELNSROCKPORTRD,0,
MONROE SD,M22A10846,MONROE,CLEAR CREEK,BLOOMINGTON,5/11/22,8:17 PM,1,,1,0,0,,S FAIRFAX RD,,,,,S FAIRFAX RD,E BERNICE DR,,,,N,,0,,39.06722042,-86.50306528,LOCAL/CITY ROAD,,,,RURAL,N,N,N,,DAYLIGHT,CLEAR,DRY,,NO JUNCTION INVOLVED,,ASPHALT,FAILURE TO MAINTAIN LANE,$2501 TO $5000,RAN OFF ROAD,SFAIRFAXRDEBERNICEDR,0,
BLOOMINGTON PD,B22-12811,MONROE,PERRY,BLOOMINGTON,4/12/22,8:54 PM,2,,1,0,0,,S WASHINGTON ST,,,,,S WASHINGTON ST,E 2ND ST,,,,Y,,0,,39.16098835,-86.53246301,LOCAL/CITY ROAD,,,,URBAN,N,N,N,,DARK (NOT LIGHTED),CLEAR,DRY,,NO JUNCTION INVOLVED,,ASPHALT,FAILURE TO YIELD RIGHT OF WAY,$1001 TO $2500,RIGHT TURN,SWASHINGTONSTE2NDST,0,
MONROE SD,M22A12949,MONROE,RICHLAND,BLOOMINGTON,6/3/22,8:47 AM,2,,0,0,0,,N CURRY PIKE,,,,,N CURRY PIKE,W VERNAL PIKE,,,,N,,0,,39.179165,-86.583074,LOCAL/CITY ROAD,,,,URBAN,N,N,N,,DAYLIGHT,CLEAR,DRY,,FOUR-WAY INTERSECTION,,ASPHALT,FOLLOWING TOO CLOSELY,$2501 TO $5000,REAR END,WVERNALPIKENCURRYPIKE,0,
INDIANA UNIV BLOOMINGTON PD,221868,MONROE,BLOOMINGTON,BLOOMINGTON,5/13/22,2:48 PM,2,,0,0,0,,E 3RD ST,,,,,E 3RD ST,S FACULTY AVE,,,,Y,,0,,39.16429062,-86.52166925,LOCAL/CITY ROAD,,,,URBAN,N,N,N,,DAYLIGHT,CLEAR,DRY,,NO JUNCTION INVOLVED,,ASPHALT,FOLLOWING TOO CLOSELY,UNDER $1001,REAR END,SFACULTYAVEE3RDST,0,
ELLETTSVILLE PD,E2200536,MONROE,RICHLAND,ELLETTSVILLE,2/11/22,5:12 PM,3,0,0,0,0,,,,SR46W,,,SR46W,UNION VALLEY,,,,Y,,250,E,39.21468205,-86.59215654,STATE ROAD,,N,N,URBAN,N,N,N,,DAWN/DUSK,CLOUDY,WET,,FOUR-WAY INTERSECTION,STRAIGHT/LEVEL,ASPHALT,BRAKE FAILURE OR DEFECTIVE,$10001 TO $25000,REAR END,SR46WUNIONVALLEYRD,0,NONE
BLOOMINGTON PD,B22-19531,MONROE,BLOOMINGTON,BLOOMINGTON,5/27/22,11:17 AM,2,,0,0,0,,STATE RD 46,,,,,STATE RD 46,N KINSER PIKE,,,,Y,,0,,39.18638622,-86.53670973,STATE ROAD,,,,URBAN,N,N,N,,DAYLIGHT,RAIN,WET,,NO JUNCTION INVOLVED,,ASPHALT,SPEED TOO FAST FOR WEATHER CONDITIONS,$2501 TO $5000,REAR END,STATERD46NKINSERPIKE,0,
ISP BLOOMINGTON 33,2022-00227085,MONROE,PERRY,BLOOMINGTON,5/20/22,10:18 PM,1,,1,0,1,,I-69,,,,,I-69,,,113,,N,,0,,39.09451745,-86.56580722,INTERSTATE,,,,RURAL,N,N,N,,DARK (NOT LIGHTED),CLEAR,DRY,,NO JUNCTION INVOLVED,,ASPHALT,ANIMAL/OBJECT IN ROADWAY,$2501 TO $5000,COLLISION WITH DEER,I-69113,0,
BLOOMINGTON PD,B22-32292,MONROE,PERRY,BLOOMINGTON,8/18/22,3:59 PM,2,,0,0,0,,S COLLEGE MALL RD,,,,,S COLLEGE MALL RD,E 3RD ST,,,,Y,,0,,39.16373472,-86.49815221,,,,,URBAN,N,N,N,,DAYLIGHT,CLEAR,DRY,,INTERCHANGE,,ASPHALT,FOLLOWING TOO CLOSELY,$1001 TO $2500,REAR END,SCOLLEGEMALLRDE3RDST,0,