Agency,Local Code,County,Township,City,Collision Date,Collision Time,Vehicles Involved,Trailers Involved,Number Injured,Number Dead,Number Deer,House Number,Roadway Name,Roadway Suffix,Roadway Number,Roadway Interchange,Roadway Ramp,Roadway Id,Intersecting Road,Intersecting Road Number,Mile Marker,Interchange,Corporate Limits?,Property Type,Feet From,Direction,Latitude,Longitude,Roadway Class,Traffic Control Devices?,Aggressive Driving?,Hit and Run?,Locality,School Zone?,Rumble Strips?,Construction?,Construction Type,Light Condition,Weather Conditions,Surface Condition,Type of Median,Roadway Junction Type,Road Character,Roadway Surface,Primary Factor,Damage Estimate,Manner of Collision,Unique Location Id,State Property Damage?,Traffic Control
MONROE SD,M22A23484,MONROE,,BLOOMINGTON,9/23/22,11:26 PM,1,,0,0,0,,W MAPLE GROVE RD,,,,,W MAPLE GROVE RD,N BOTTOM RD,,,,N,,500,,39.269658,-86.547717,COUNTY ROAD,,,,RURAL,N,N,N,,DARK (NOT LIGHTED),RAIN,WET,,NO JUNCTION INVOLVED,,ASPHALT,ROADWAY SURFACE CONDITION,$2501 TO $5000,RAN OFF ROAD,WMAPLEGROVERDNBOTTOMRD,0,
BLOOMINGTON PD,B22-29375,MONROE,BLOOMINGTON,,7/31/22,4:03 PM,2,,0,0,0,,STATE RD 46,,,103,M,STATE RD 46,,,,,Y,,0,,39.18714019,-86.55801005,INTERSTATE,,,,URBAN,N,N,N,,DAYLIGHT,CLEAR,DRY,,RAMP,,ASPHALT,OVERCORRECTING/OVERSTEERING,$1001 TO $2500,SAME DIRECTION SIDESWIPE,STATERD46103M,0,
ISP BLOOMINGTON 33,2.022E+11,MONROE,PERRY,BLOOMINGTON,3/17/22,1:50 PM,1,,0,0,0,,I69,,,,,I69,,,114,,Y,,0,,39.11415829,-86.56330635,INTERSTATE,,,,URBAN,N,N,N,,DAYLIGHT,CLEAR,DRY,,NO JUNCTION INVOLVED,,ASPHALT,ANIMAL/OBJECT IN ROADWAY,$1001 TO $2500,COLLISION WITH OBJECT IN ROAD,I69114,0,
MONROE SD,M22A6816,MONROE,RICHLAND,ELLETTSVILLE,3/25/22,12:33 PM,1,,0,0,0,,N HARTSTRAIT RD,,,,,N HARTSTRAIT RD,W HARBISON RD,,,,N,,0,,39.2230127,-86.61417408,,,,,RURAL,N,N,N,,DAYLIGHT,CLEAR,DRY,,NO JUNCTION INVOLVED,,ASPHALT,UNSAFE LANE MOVEMENT,$5001 TO $10000,RAN OFF ROAD,WHARBISONRDNHARTSTRAITRD,0,
BLOOMINGTON PD,B22-32298,MONROE,BLOOMINGTON,BLOOMINGTON,8/18/22,4:40 PM,2,,5,0,0,,STATE ROAD 46,,,,,STATE ROAD 46,S MEADOWBROOK DR,,,,Y,,300,,39.16421541,-86.48509688,LOCAL/CITY ROAD,,,,URBAN,N,N,N,,DAYLIGHT,CLEAR,DRY,,NO JUNCTION INVOLVED,,ASPHALT,FAILURE TO MAINTAIN LANE,$10001 TO $25000,HEAD ON BETWEEN TWO MOTOR VEHICLES,STATEROAD46SMEADOWBROOKDR,0,
INDIANA UNIV BLOOMINGTON PD,222722,MONROE,BLOOMINGTON,BLOOMINGTON,8/20/22,2:20 PM,2,,0,0,0,,E UNIVERSITY RD,,,,,E UNIVERSITY RD,,,,,Y,,0,,39.17664877,-86.51847556,PRIVATE DRIVE,,,,URBAN,N,N,N,,DAYLIGHT,CLEAR,DRY,,NO JUNCTION INVOLVED,,ASPHALT,UNSAFE BACKING,$1001 TO $2500,BACKING CRASH,EUNIVERSITYRD,0,
ISP BLOOMINGTON 33,2.022E+11,MONROE,VAN BUREN,BLOOMINGTON,3/24/22,9:45 AM,1,,1,0,0,,W STATE RD 45,,,,,W STATE RD 45,W AIRPORT RD,,,,N,,0,,39.13636702,-86.59443842,STATE ROAD,,,,RURAL,N,N,N,,DAYLIGHT,CLOUDY,DRY,,T-INTERSECTION,,ASPHALT,FAILURE TO MAINTAIN LANE,$25001 TO $50000,,WSTATERD45WAIRPORTRD,0,
BLOOMINGTON PD,B22-14211,MONROE,BLOOMINGTON,BLOOMINGTON,4/22/22,12:10 PM,2,,0,0,0,,E. 10TH ST,,,,,E. 10TH ST,N.DUNN ST,,,,Y,,0,,39.171661,-86.528297,LOCAL/CITY ROAD,,,,URBAN,N,N,N,,DAYLIGHT,CLOUDY,DRY,,FOUR-WAY INTERSECTION,,ASPHALT,FAILURE TO YIELD RIGHT OF WAY,$2501 TO $5000,RIGHT ANGLE,N.DUNNSTE.10THST,0,
BLOOMINGTON PD,B22-39773,MONROE,PERRY,BLOOMINGTON,9/29/22,1:37 PM,2,,0,0,0,,S JORDAN AVE,,,,,S JORDAN AVE,E SOUTHDOWNS DR,,,,Y,,100,,39.15493596,-86.51521857,LOCAL/CITY ROAD,,,,URBAN,N,N,N,,DAYLIGHT,CLEAR,DRY,,NO JUNCTION INVOLVED,,ASPHALT,UNSAFE BACKING,$2501 TO $5000,BACKING CRASH,SJORDANAVEESOUTHDOWNSDR,0,
BLOOMINGTON PD,B22-14666,MONROE,PERRY,BLOOMINGTON,4/23/22,5:00 PM,2,,0,0,0,505,S MULLER PKWY,,,,,S MULLER PKWY,,,,,Y,,0,,39.16025201,-86.5678524,PRIVATE DRIVE,,,,URBAN,N,N,N,,DAYLIGHT,CLEAR,DRY,,NO JUNCTION INVOLVED,,ASPHALT,OTHER (DRIVER) - EXPLAIN IN NARRATIVE,$2501 TO $5000,BACKING CRASH,SMULLERPKWY,0,
MONROE SD,M22A13378,MONROE,PERRY,BLOOMINGTON,6/7/22,6:06 PM,1,,0,0,1,,S LEONARD SPRINGS RD,,,,,S LEONARD SPRINGS RD,W SIMS LN,,,,N,,422,,39.12587061,-86.58257551,LOCAL/CITY ROAD,,,,URBAN,N,N,N,,DAYLIGHT,CLEAR,DRY,,NO JUNCTION INVOLVED,,ASPHALT,ANIMAL/OBJECT IN ROADWAY,$5001 TO $10000,COLLISION WITH DEER,WSIMSLNSLEONARDSPRINGSRD,0,
BLOOMINGTON PD,B22-02882,MONROE,BLOOMINGTON,BLOOMINGTON,1/26/22,5:06 PM,2,,0,0,0,,W 17TH ST,,,,,W 17TH ST,N KINSER PIKE,,,,Y,,0,,39.17908001,-86.53841898,LOCAL/CITY ROAD,,,,URBAN,N,N,N,,DAYLIGHT,CLEAR,DRY,,FOUR-WAY INTERSECTION,,ASPHALT,FAILURE TO YIELD RIGHT OF WAY,$1001 TO $2500,SAME DIRECTION SIDESWIPE,W17THSTNKINSERPIKE,0,
INDIANA UNIV BLOOMINGTON PD,222222,MONROE,BLOOMINGTON,BLOOMINGTON,6/23/22,8:15 AM,2,,0,0,0,1211,E 7TH ST,,,,,E 7TH ST,,,,,Y,,0,,39.16815341,-86.51785112,PRIVATE DRIVE,,,,URBAN,N,N,N,,DAYLIGHT,CLEAR,DRY,,NO JUNCTION INVOLVED,,ASPHALT,UNSAFE BACKING,$1001 TO $2500,SAME DIRECTION SIDESWIPE,E7THST,0,
ISP BLOOMINGTON 33,2.022E+11,MONROE,BLOOMINGTON,BLOOMINGTON,6/10/22,7:15 AM,1,,0,0,1,,KINSER PIKE,,,,,KINSER PIKE,SKYLINE DRIVE,,,,Y,,100,,39.1898997,-86.53778644,LOCAL/CITY ROAD,,,,URBAN,N,N,N,,DAYLIGHT,CLEAR,DRY,,NO JUNCTION INVOLVED,,ASPHALT,ANIMAL/OBJECT IN ROADWAY,$2501 TO $5000,COLLISION WITH DEER,SKYLINEDRIVEKINSERPIKE,0,
INDIANA UNIV BLOOMINGTON PD,222381,MONROE,BLOOMINGTON,BLOOMINGTON,7/13/22,3:00 PM,3,,0,0,0,,STATE RD 45,,,,,STATE RD 45,,,,,Y,,0,,39.17779541,-86.50572485,STATE ROAD,,,,URBAN,N,Y,N,,DAYLIGHT,CLEAR,DRY,,NO JUNCTION INVOLVED,,ASPHALT,FOLLOWING TOO CLOSELY,$5001 TO $10000,REAR END,STATERD45,0,
ISP BLOOMINGTON 33,2.022E+11,MONROE,PERRY,BLOOMINGTON,1/28/22,2:10 PM,1,,0,0,0,,I-69,,,,,I-69,,,110,,N,,0,,39.07118232,-86.60986211,INTERSTATE,,,,RURAL,N,N,N,,DAYLIGHT,SNOW,SNOW/SLUSH,,NO JUNCTION INVOLVED,,CONCRETE,,$10001 TO $25000,RAN OFF ROAD,I-69110,0,
MONROE SD,M22A10360,MONROE,VAN BUREN,VAN BUREN PARK,5/6/22,3:47 AM,2,,1,0,0,,S CURRY PIKE,,,,,S CURRY PIKE,W DOYLE AVE,,,,N,,370,,39.15739034,-86.5826665,LOCAL/CITY ROAD,,,,RURAL,N,N,N,,DAYLIGHT,CLEAR,DRY,,NO JUNCTION INVOLVED,,ASPHALT,FAILURE TO YIELD RIGHT OF WAY,$10001 TO $25000,RIGHT ANGLE,WDOYLEAVESCURRYPIKE,0,
MONROE SD,M22A8395,MONROE,PERRY,BLOOMINGTON,4/14/22,8:59 AM,2,,0,0,0,,S ROGERS ST,,,,,S ROGERS ST,W COUNTRY CLUB,,,,N,,0,,39.135644,-86.53829879,LOCAL/CITY ROAD,,,,URBAN,N,N,N,,DAYLIGHT,CLEAR,DRY,,FOUR-WAY INTERSECTION,,ASPHALT,DRIVER DISTRACTED - EXPLAIN IN NARRATIVE,$5001 TO $10000,REAR END,WCOUNTRYCLUBSROGERSST,0,
MONROE SD,M22A5751,MONROE,RICHLAND,BLOOMINGTON,3/12/22,3:14 PM,1,,0,0,1,,W 3RD ST,,,,,W 3RD ST,S STONECHASE CROSSING RD,,,,N,,581,,39.1647241,-86.59402406,STATE ROAD,,,,RURAL,N,N,N,,DAYLIGHT,CLEAR,DRY,,NO JUNCTION INVOLVED,,ASPHALT,ANIMAL/OBJECT IN ROADWAY,$2501 TO $5000,COLLISION WITH DEER,W3RDSTSSTONECHASECROSSINGRD,0,
INDIANA UNIV BLOOMINGTON PD,222847,MONROE,BLOOMINGTON,BLOOMINGTON,8/26/22,6:47 AM,2,,0,0,0,,E 10TH ST,,,,,E 10TH ST,N CAMPBELL ST,,,,Y,,0,,39.17160738,-86.5139646,LOCAL/CITY ROAD,,,,URBAN,N,N,N,,DARK (NOT LIGHTED),CLEAR,DRY,,T-INTERSECTION,,ASPHALT,OTHER (DRIVER) - EXPLAIN IN NARRATIVE,$2501 TO $5000,RIGHT TURN,NCAMPBELLSTE10THST,0,
BLOOMINGTON PD,B22-30314,MONROE,BLOOMINGTON,BLOOMINGTON,8/6/22,1:30 AM,1,,1,0,0,,S SMITH RD,,,,,S SMITH RD,E STONEGATE DR,,,,Y,,211,,39.16151513,-86.48069116,LOCAL/CITY ROAD,,,,URBAN,N,N,N,,DARK (LIGHTED),CLEAR,DRY,,NO JUNCTION INVOLVED,,ASPHALT,CELL PHONE USAGE,$10001 TO $25000,RAN OFF ROAD,SSMITHRDESTONEGATEDR,0,
BLOOMINGTON PD,B22-36731,MONROE,PERRY,BLOOMINGTON,9/10/22,3:30 PM,2,,0,0,0,,528 S. COLLEGE AVE,,,,,528 S. COLLEGE AVE,,,,,Y,,0,,0,0,PRIVATE DRIVE,,,,URBAN,N,N,N,,DAYLIGHT,CLEAR,DRY,,NO JUNCTION INVOLVED,,ASPHALT,UNDER STEERING/UNDER CORRECTING,$1001 TO $2500,SAME DIRECTION SIDESWIPE,528S.COLLEGEAVE,0,
MONROE SD,M22A5844,MONROE,BLOOMINGTON,BLOOMINGTON,3/14/22,8:50 AM,1,,0,0,0,,STATE RD 46,,,,,STATE RD 46,,,,,N,,0,,39.18729916,-86.56269164,STATE ROAD,,,,RURAL,N,Y,N,,DAYLIGHT,CLEAR,DRY,,NO JUNCTION INVOLVED,,ASPHALT,VIEW OBSTRUCTED,$5001 TO $10000,RAN OFF ROAD,STATERD46,0,
INDIANA UNIV BLOOMINGTON PD,220609,MONROE,BLOOMINGTON,BLOOMINGTON,2/15/22,7:20 AM,2,,0,0,0,,E 17TH ST,,,,,E 17TH ST,,,,,Y,,0,,39.1788908,-86.51480355,,,,,URBAN,N,N,N,,DAYLIGHT,CLEAR,DRY,,NO JUNCTION INVOLVED,,ASPHALT,UNSAFE BACKING,UNDER $1001,BACKING CRASH,E17THST,0,
BLOOMINGTON PD,B22-08866,MONROE,VAN BUREN,BLOOMINGTON,3/16/22,5:20 PM,2,,0,0,0,,W APPLE TREE CT,,,,,W APPLE TREE CT,S APPLE TREE PL,,,,Y,,0,,39.15490363,-86.58797926,LOCAL/CITY ROAD,,,,URBAN,N,N,N,,DAYLIGHT,CLEAR,DRY,,NO JUNCTION INVOLVED,,ASPHALT,FAILURE TO YIELD RIGHT OF WAY,$2501 TO $5000,BACKING CRASH,WAPPLETREECTSAPPLETREEPL,0,
BLOOMINGTON PD,B22-23232,MONROE,PERRY,BLOOMINGTON,6/21/22,1:21 PM,2,,2,0,0,,E. HILLSIDE DRIVE,,,,,E. HILLSIDE DRIVE,S. WOODLAWN AVE,,,,Y,,0,,,,LOCAL/CITY ROAD,,,,URBAN,Y,N,N,,DAYLIGHT,CLEAR,DRY,,T-INTERSECTION,,ASPHALT,FAILURE TO YIELD RIGHT OF WAY,$10001 TO $25000,RIGHT ANGLE,S.WOODLAWNAVEE.HILLSIDEDRIVE,0,
BLOOMINGTON PD,B22-22780,MONROE,PERRY,BLOOMINGTON,6/17/22,6:10 PM,2,,0,0,0,,E 2ND ST,,,,,E 2ND ST,S WOODLAWN AVE,,,,Y,,0,,39.16106996,-86.52270158,,,,,URBAN,N,N,N,,DAYLIGHT,CLEAR,DRY,,FOUR-WAY INTERSECTION,,ASPHALT,DISREGARD SIGNAL/REG SIGN,$5001 TO $10000,RIGHT ANGLE,SWOODLAWNAVEE2NDST,0,
BLOOMINGTON PD,B22-22050,MONROE,PERRY,BLOOMINGTON,6/13/22,10:53 AM,2,,0,0,0,,1616 S. HENDERSON ST,,,,,1616 S. HENDERSON ST,,,,,Y,,0,,,,PRIVATE DRIVE,,,,URBAN,N,N,N,,DAYLIGHT,CLOUDY,DRY,,NO JUNCTION INVOLVED,,ASPHALT,IMPROPER LANE USAGE,$1001 TO $2500,HEAD ON BETWEEN TWO MOTOR VEHICLES,1616S.HENDERSONST,0,
BLOOMINGTON PD,B22-35186,MONROE,PERRY,BLOOMINGTON,9/3/22,8:32 AM,1,,0,0,0,,S PATTERSON DR,,,,,S PATTERSON DR,W 2ST ST,,,,Y,,1200,,39.1583403,-86.54595066,LOCAL/CITY ROAD,,,,URBAN,N,N,N,,DAYLIGHT,RAIN,WET,,NO JUNCTION INVOLVED,,ASPHALT,OVERCORRECTING/OVERSTEERING,$5001 TO $10000,RAN OFF ROAD,W2STSTSPATTERSONDR,0,
ISP BLOOMINGTON 33,2.022E+11,MONROE,PERRY,BLOOMINGTON,5/20/22,12:06 PM,1,,1,0,0,,S SARE ROAD,,,,,S SARE ROAD,EAST OLSON DRIVE,,,,Y,,0,,39.13217337,-86.4999852,LOCAL/CITY ROAD,,,,URBAN,N,N,N,,DAYLIGHT,CLEAR,DRY,,FOUR-WAY INTERSECTION,,ASPHALT,OTHER (DRIVER) - EXPLAIN IN NARRATIVE,$2501 TO $5000,OTHER - EXPLAIN IN NARRATIVE,SSAREROADEASTOLSONDRIVE,0,
MONROE SD,M22A23988,MONROE,PERRY,BLOOMINGTON,9/29/22,3:37 PM,2,,0,0,0,,S ROGERS ST,,,,,S ROGERS ST,W CHURCH LN,,,,N,,0,,39.10733992,-86.54020706,LOCAL/CITY ROAD,,,,RURAL,N,N,N,,DAYLIGHT,CLEAR,DRY,,T-INTERSECTION,,ASPHALT,FAILURE TO MAINTAIN LANE,$1001 TO $2500,LEFT TURN,WCHURCHLNSROGERSST,0,
INDIANA UNIV BLOOMINGTON PD,221001,MONROE,BLOOMINGTON,BLOOMINGTON,3/16/22,3:20 PM,2,,0,0,0,,E 10TH ST,,,,,E 10TH ST,STATE RD 45,,,,Y,,0,,39.17169965,-86.5019654,STATE ROAD,,,,URBAN,N,N,N,,DAYLIGHT,CLEAR,DRY,,FOUR-WAY INTERSECTION,,ASPHALT,FOLLOWING TOO CLOSELY,$1001 TO $2500,REAR END,STATERD45E10THST,0,
MONROE SD,M22A19305,MONROE,SALT CREEK,BLOOMINGTON,8/8/22,12:23 PM,1,,0,0,1,,S STATE ROAD 446,,,,,S STATE ROAD 446,S KNIGHT RIDGE ROAD,,,,N,,0,,,,,,,,RURAL,N,Y,N,,DAYLIGHT,CLEAR,DRY,,NO JUNCTION INVOLVED,,ASPHALT,ANIMAL/OBJECT IN ROADWAY,$1001 TO $2500,COLLISION WITH DEER,SSTATEROAD446SKNIGHTRIDGEROAD,0,
MONROE SD,M22A19431,MONROE,RICHLAND,BLOOMINGTON,8/9/22,3:07 PM,2,,0,0,0,,N UNION VALLEY RD,,,,,N UNION VALLEY RD,W LOST MANS LN,,,,Y,,0,,39.22335752,-86.59270614,LOCAL/CITY ROAD,,,,URBAN,N,N,N,,DAYLIGHT,RAIN,WET,,T-INTERSECTION,,ASPHALT,FAILURE TO YIELD RIGHT OF WAY,$5001 TO $10000,OPPOSITE DIRECTION SIDESWIPE,WLOSTMANSLNNUNIONVALLEYRD,0,
BLOOMINGTON PD,B22-16350,MONROE,PERRY,BLOOMINGTON,5/5/22,3:50 PM,2,,0,0,0,,E HILLSIDE DR,,,,,E HILLSIDE DR,S HIGH ST,,,,Y,,0,,39.15047808,-86.50854462,LOCAL/CITY ROAD,,,,URBAN,N,N,N,,DAYLIGHT,CLOUDY,WET,,FOUR-WAY INTERSECTION,,ASPHALT,FOLLOWING TOO CLOSELY,$2501 TO $5000,REAR END,SHIGHSTEHILLSIDEDR,0,
BLOOMINGTON PD,B22-11069,MONROE,BLOOMINGTON,BLOOMINGTON,3/31/22,8:02 PM,2,,0,0,0,,W MARBLE LN,,,,,W MARBLE LN,,,,,Y,,0,,39.17981582,-86.54076812,LOCAL/CITY ROAD,,,,URBAN,N,N,N,,UNKNOWN,CLEAR,DRY,,NO JUNCTION INVOLVED,,ASPHALT,OTHER (DRIVER) - EXPLAIN IN NARRATIVE,$2501 TO $5000,OTHER - EXPLAIN IN NARRATIVE,WMARBLELN,0,
ELLETTSVILLE PD,E22-03968,MONROE,RICHLAND,ELLETTSVILLE,10/2/22,4:43 AM,1,,0,0,1,,W STATE RD 46,,,,,W STATE RD 46,N CAPITOL AVE,,,,Y,,0,,39.22441965,-86.61085397,STATE ROAD,,,,RURAL,N,N,N,,DARK (NOT LIGHTED),CLEAR,DRY,,NO JUNCTION INVOLVED,,ASPHALT,ANIMAL/OBJECT IN ROADWAY,$1001 TO $2500,COLLISION WITH DEER,WSTATERD46NCAPITOLAVE,0,
INDIANA UNIV BLOOMINGTON PD,223534,MONROE,BLOOMINGTON,BLOOMINGTON,9/24/22,2:20 AM,2,,1,0,0,,N FEE LN,,,,,N FEE LN,E LAW LN,,,,Y,,0,,39.17398618,-86.51893473,LOCAL/CITY ROAD,,,,URBAN,N,N,N,,DARK (NOT LIGHTED),RAIN,WET,,T-INTERSECTION,,ASPHALT,FOLLOWING TOO CLOSELY,$10001 TO $25000,REAR END,NFEELNELAWLN,0,
BLOOMINGTON PD,B22-21041,MONROE,PERRY,BLOOMINGTON,6/5/22,9:00 PM,2,,0,0,0,1175,S. COLLEGE MALL RD.,,,,,S. COLLEGE MALL RD.,,,,,Y,,0,,39.153711,-86.495248,,,,,URBAN,N,N,N,,DARK (LIGHTED),CLEAR,DRY,,NO JUNCTION INVOLVED,,ASPHALT,UNDER STEERING/UNDER CORRECTING,$1001 TO $2500,SAME DIRECTION SIDESWIPE,S.COLLEGEMALLRD.,0,
ELLETTSVILLE PD,E2200611,MONROE,RICHLAND,ELLETTSVILLE,2/17/22,11:14 AM,2,0,0,0,0,,SALE,ST,,,,SALE,RITTER,,,,Y,,,,39.232048,-86.627296,LOCAL/CITY ROAD,,N,N,URBAN,N,N,N,,DAYLIGHT,RAIN,WATER (STANDING OR MOVING),,NO JUNCTION INVOLVED,CURVE/LEVEL,ASPHALT,FAILURE TO YIELD RIGHT OF WAY,$2501 TO $5000,LEFT/RIGHT TURN,RITTERSTSALEST,0,LANE CONTROL
MONROE SD,M22A23464,MONROE,RICHLAND,BLOOMINGTON,9/23/22,6:13 PM,1,,1,0,0,,W STATE RD 46,,,,,W STATE RD 46,STATE RD 46,,,,N,,158,,39.20833791,-86.58039437,,,,,URBAN,N,N,N,,DAYLIGHT,CLEAR,DRY,,NO JUNCTION INVOLVED,,ASPHALT,OTHER (DRIVER) - EXPLAIN IN NARRATIVE,$2501 TO $5000,NON-COLLISION,WSTATERD46STATERD46,0,
MONROE SD,M22A4398,MONROE,BENTON,BLOOMINGTON,2/23/22,7:27 AM,1,,0,0,0,,SHILO RD,,,,,SHILO RD,,,,,N,,0,,39.2728429,-86.45986981,COUNTY ROAD,,,,RURAL,N,N,N,,DARK (NOT LIGHTED),SNOW,LOOSE MATERIAL ON ROAD,,NO JUNCTION INVOLVED,,ASPHALT,UNSAFE SPEED,$1001 TO $2500,RAN OFF ROAD,SHILORD,0,
BLOOMINGTON PD,B22-03238,MONROE,,BLOOMINGTON,1/29/22,8:46 AM,1,,0,0,0,,528 S COLLEGE AVE,,,,,528 S COLLEGE AVE,,,,,Y,,0,,0,0,LOCAL/CITY ROAD,,,,URBAN,N,N,N,,DAYLIGHT,CLEAR,SNOW/SLUSH,,NO JUNCTION INVOLVED,,ASPHALT,OTHER (DRIVER) - EXPLAIN IN NARRATIVE,$5001 TO $10000,OTHER - EXPLAIN IN NARRATIVE,528SCOLLEGEAVE,0,
MONROE SD,M22A9001,MONROE,VAN BUREN,BLOOMINGTON,4/21/22,3:09 PM,2,,0,0,0,300 N,DANIELS WAY,,,,,DANIELS WAY,,,,,N,,0,,39.1697236,-86.59643211,PRIVATE DRIVE,,,,URBAN,N,N,N,,DAYLIGHT,CLEAR,DRY,,NO JUNCTION INVOLVED,,ASPHALT,OTHER (DRIVER) - EXPLAIN IN NARRATIVE,$1001 TO $2500,BACKING CRASH,DANIELSWAY,0,
BLOOMINGTON PD,B22-22348,MONROE,PERRY,BLOOMINGTON,6/15/22,6:40 AM,2,,0,0,0,,S ROCKPORT RD,,,,,S ROCKPORT RD,W COUNTRY CLUB DR,,,,Y,,0,,39.1363503,-86.54882358,LOCAL/CITY ROAD,,,,URBAN,N,N,N,,DAYLIGHT,CLEAR,DRY,,FOUR-WAY INTERSECTION,,ASPHALT,FAILURE TO MAINTAIN LANE,$5001 TO $10000,LEFT TURN,WCOUNTRYCLUBDRSROCKPORTRD,0,
BLOOMINGTON PD,B22-12881,MONROE,PERRY,BLOOMINGTON,4/13/22,11:25 AM,2,,0,0,0,,1300 BLK E. 2ND ST,,,,,1300 BLK E. 2ND ST,S EAGLESON AVE,,,,Y,,500,,39.1610093,-86.51752887,LOCAL/CITY ROAD,,,,URBAN,N,N,N,,DAYLIGHT,RAIN,WET,,NO JUNCTION INVOLVED,,ASPHALT,OVERCORRECTING/OVERSTEERING,$2501 TO $5000,SAME DIRECTION SIDESWIPE,SEAGLESONAVE1300BLKE.2NDST,0,
BLOOMINGTON PD,B22-03963,MONROE,BLOOMINGTON,BLOOMINGTON,2/5/22,12:21 PM,2,,0,0,0,,310 W. 12TH ST,,,,,310 W. 12TH ST,N ASHLYNN PARK DR,,,,Y,,300,,39.1736378,-86.53683965,LOCAL/CITY ROAD,,,,URBAN,N,N,N,,DAYLIGHT,CLEAR,ICE,,NO JUNCTION INVOLVED,,ASPHALT,ROADWAY SURFACE CONDITION,$1001 TO $2500,RIGHT ANGLE,NASHLYNNPARKDR310W.12THST,0,
BLOOMINGTON PD,B22-13076,MONROE,BLOOMINGTON,BLOOMINGTON,4/14/22,4:45 PM,2,,0,0,0,,N JACKSON ST,,,,,N JACKSON ST,W 7TH ST,,,,Y,,25,,39.16856426,-86.53985891,LOCAL/CITY ROAD,,,,URBAN,N,N,N,,DAYLIGHT,CLEAR,DRY,,NO JUNCTION INVOLVED,,ASPHALT,FAILURE TO MAINTAIN LANE,$2501 TO $5000,OPPOSITE DIRECTION SIDESWIPE,W7THSTNJACKSONST,0,
BLOOMINGTON PD,B22-14781,MONROE,PERRY,BLOOMINGTON,4/25/22,8:09 AM,2,,0,0,0,,S. WALNUT ST.,,,,,S. WALNUT ST.,E. 3RD ST,,,,Y,,0,,39.1646,-86.533637,LOCAL/CITY ROAD,,,,URBAN,N,N,N,,DAYLIGHT,RAIN,WET,,FOUR-WAY INTERSECTION,,ASPHALT,UNSAFE LANE MOVEMENT,$1001 TO $2500,LEFT TURN,S.WALNUTST.E.3RDST,0,
INDIANA UNIV BLOOMINGTON PD,223323,MONROE,BLOOMINGTON,BLOOMINGTON,9/15/22,11:30 AM,2,,0,0,0,,N UNION ST,,,,,N UNION ST,,,,,Y,,0,,39.17300213,-86.50899581,PRIVATE DRIVE,,,,URBAN,N,N,N,,DAYLIGHT,CLEAR,DRY,,NO JUNCTION INVOLVED,,ASPHALT,OTHER (DRIVER) - EXPLAIN IN NARRATIVE,$1001 TO $2500,OTHER - EXPLAIN IN NARRATIVE,NUNIONST,0,
BLOOMINGTON PD,B22-41920,MONROE,PERRY,BLOOMINGTON,10/11/22,8:40 AM,2,,0,0,0,,1501 S. MADISON ST,,,,,1501 S. MADISON ST,,,,,Y,,0,,0,0,PRIVATE DRIVE,,,,URBAN,N,N,N,,DAYLIGHT,CLEAR,DRY,,NO JUNCTION INVOLVED,,GRAVEL,UNSAFE BACKING,$1001 TO $2500,BACKING CRASH,1501S.MADISONST,0,
MONROE SD,M22A17344,MONROE,BLOOMINGTON,BLOOMINGTON,7/19/22,9:40 AM,2,,0,0,0,1200,S ROLLING RIDGE WAY,,,,,S ROLLING RIDGE WAY,,,,,N,,0,,,,PRIVATE DRIVE,,,,URBAN,N,N,N,,DAYLIGHT,CLEAR,DRY,,NO JUNCTION INVOLVED,,ASPHALT,UNSAFE BACKING,$5001 TO $10000,BACKING CRASH,SROLLINGRIDGEWAY,0,
BLOOMINGTON PD,B22-25471,MONROE,BLOOMINGTON,BLOOMINGTON,7/5/22,1:45 PM,1,,0,0,0,,W 14TH ST,,,,,W 14TH ST,N WALNUT ST,,,,Y,,0,,39.17594488,-86.53358049,LOCAL/CITY ROAD,,,,URBAN,N,N,Y,LANE CLOSURE,DAYLIGHT,CLEAR,DRY,,NO JUNCTION INVOLVED,,ASPHALT,FAILURE TO MAINTAIN LANE,$2501 TO $5000,COLLISION WITH OBJECT IN ROAD,W14THSTNWALNUTST,0,
INDIANA UNIV BLOOMINGTON PD,222538,MONROE,BLOOMINGTON,BLOOMINGTON,8/3/22,9:27 PM,2,,0,0,0,,E 10TH ST,,,,,E 10TH ST,E 10TH ST,,,,Y,,0,,39.17177997,-86.50241166,,,,,URBAN,N,N,N,,DARK (NOT LIGHTED),CLOUDY,DRY,,FOUR-WAY INTERSECTION,,ASPHALT,FOLLOWING TOO CLOSELY,$1001 TO $2500,REAR END,E10THSTE10THST,0,
BLOOMINGTON PD,B22-13559,MONROE,BLOOMINGTON,BLOOMINGTON,4/18/22,4:17 PM,2,,0,0,0,,W 6TH ST,,,,,W 6TH ST,N MORTON ST,,,,Y,,0,,39.16761759,-86.53549738,LOCAL/CITY ROAD,,,,URBAN,N,N,Y,WORK ON SHOULDER,DAYLIGHT,CLOUDY,WET,,NO JUNCTION INVOLVED,,ASPHALT,OTHER (DRIVER) - EXPLAIN IN NARRATIVE,$10001 TO $25000,RIGHT ANGLE,W6THSTNMORTONST,0,
MONROE SD,M22A11090,MONROE,PERRY,BLOOMINGTON,5/14/22,1:01 PM,2,,0,0,0,,E ROGERS RD,,,,,E ROGERS RD,SADDLEBROOK LN,,,,N,,211,,39.13577475,-86.48687707,LOCAL/CITY ROAD,,,,RURAL,N,N,N,,DAYLIGHT,RAIN,WATER (STANDING OR MOVING),,NO JUNCTION INVOLVED,,ASPHALT,SPEED TOO FAST FOR WEATHER CONDITIONS,$25001 TO $50000,REAR END,SADDLEBROOKLNEROGERSRD,0,