Agency,Local Code,County,Township,City,Collision Date,Collision Time,Vehicles Involved,Trailers Involved,Number Injured,Number Dead,Number Deer,House Number,Roadway Name,Roadway Suffix,Roadway Number,Roadway Interchange,Roadway Ramp,Roadway Id,Intersecting Road,Intersecting Road Number,Mile Marker,Interchange,Corporate Limits?,Property Type,Feet From,Direction,Latitude,Longitude,Roadway Class,Traffic Control Devices?,Aggressive Driving?,Hit and Run?,Locality,School Zone?,Rumble Strips?,Construction?,Construction Type,Light Condition,Weather Conditions,Surface Condition,Type of Median,Roadway Junction Type,Road Character,Roadway Surface,Primary Factor,Damage Estimate,Manner of Collision,Unique Location Id,State Property Damage?,Traffic Control
BLOOMINGTON PD,B22-34529,MONROE,BLOOMINGTON,BLOOMINGTON,8/30/22,7:26 PM,2,,1,0,0,,E 3RD ST,,,,,E 3RD ST,S PARK RIDGE RD,,,,Y,,0,,39.16425945,-86.47700751,,,,,URBAN,N,N,N,,DAYLIGHT,CLEAR,DRY,,FOUR-WAY INTERSECTION,,ASPHALT,FAILURE TO YIELD RIGHT OF WAY,$2501 TO $5000,RIGHT ANGLE,SPARKRIDGERDE3RDST,0,
MONROE SD,M22A15281,MONROE,INDIAN CREEK,BLOOMINGTON,6/27/22,7:28 PM,1,,0,0,0,,I-69,,,,,I-69,,,105,,N,,0,,39.05007531,-86.68002671,INTERSTATE,,,,RURAL,N,Y,N,,DAYLIGHT,CLEAR,DRY,,NO JUNCTION INVOLVED,,ASPHALT,OTHER (VEHICLE) - EXPLAIN IN NARRATIVE,$5001 TO $10000,OTHER - EXPLAIN IN NARRATIVE,I-69105,0,
BLOOMINGTON PD,B22-06591,MONROE,BLOOMINGTON,BLOOMINGTON,2/27/22,3:40 PM,2,,0,0,0,,W 10TH ST,,,,,W 10TH ST,N WALNUT ST,,,,Y,,0,,39.1716542,-86.53358945,LOCAL/CITY ROAD,,,,URBAN,N,N,N,,DAYLIGHT,CLEAR,DRY,,FOUR-WAY INTERSECTION,,ASPHALT,FAILURE TO YIELD RIGHT OF WAY,$2501 TO $5000,SAME DIRECTION SIDESWIPE,W10THSTNWALNUTST,0,
MONROE SD,M22A16460,MONROE,PERRY,BLOOMINGTON,7/9/22,2:00 PM,1,,0,0,0,2801,S ROGERS ST,,,,,S ROGERS ST,,,,,Y,,0,,39.1357046,-86.53826187,PRIVATE DRIVE,,,,URBAN,N,N,N,,DAYLIGHT,CLEAR,DRY,,NO JUNCTION INVOLVED,,ASPHALT,UNSAFE BACKING,UNDER $1001,BACKING CRASH,SROGERSST,0,
BLOOMINGTON PD,B22-29719,MONROE,BLOOMINGTON,BLOOMINGTON,8/2/22,4:49 PM,2,,0,0,0,,N KINSER PIKE,,,,,N KINSER PIKE,STATE RD 46,,,,Y,,0,,39.18648094,-86.5377739,LOCAL/CITY ROAD,,,,URBAN,N,N,N,,DAYLIGHT,CLOUDY,DRY,,FOUR-WAY INTERSECTION,,ASPHALT,FOLLOWING TOO CLOSELY,$1001 TO $2500,REAR END,STATERD46NKINSERPIKE,0,
ELLETTSVILLE PD,E22-02396,MONROE,RICHLAND,ELLETTSVILLE,8/6/22,2:30 PM,2,,0,0,0,,CENTENNIAL DR,,,,,CENTENNIAL DR,W STATE RD 46,,,,Y,,0,,39.20996843,-86.58270483,STATE ROAD,,,,URBAN,N,N,N,,DAYLIGHT,RAIN,WET,,FOUR-WAY INTERSECTION,,ASPHALT,SPEED TOO FAST FOR WEATHER CONDITIONS,UNDER $1001,REAR END,WSTATERD46CENTENNIALDR,0,
INDIANA UNIV BLOOMINGTON PD,223918,MONROE,BLOOMINGTON,BLOOMINGTON,10/12/22,4:20 PM,2,,0,0,0,,E ATWATER AVE,,,,,E ATWATER AVE,S FACULTY AVE,,,,Y,,0,,39.16308547,-86.52078278,LOCAL/CITY ROAD,,,,URBAN,N,N,N,,DAYLIGHT,CLOUDY,DRY,,NO JUNCTION INVOLVED,,ASPHALT,FOLLOWING TOO CLOSELY,$2501 TO $5000,REAR END,SFACULTYAVEEATWATERAVE,0,
MONROE SD,M22A9503,MONROE,RICHLAND,BLOOMINGTON,4/26/22,4:33 PM,2,,0,0,0,,W STATE RD 46,,,,,W STATE RD 46,W STATE RD 46,,,,N,,0,,39.20993435,-86.58268398,LOCAL/CITY ROAD,,,,URBAN,N,N,N,,DAYLIGHT,CLEAR,DRY,,FOUR-WAY INTERSECTION,,ASPHALT,FAILURE TO YIELD RIGHT OF WAY,$2501 TO $5000,LEFT/RIGHT TURN,WSTATERD46WSTATERD46,0,
MONROE SD,M22A3887,MONROE,VAN BUREN,BLOOMINGTON,2/18/22,12:00 AM,2,,0,0,0,,W BELLE AVE,,,,,W BELLE AVE,S HICKORY DR,,,,N,,0,,39.16425237,-86.58053586,LOCAL/CITY ROAD,,,,URBAN,N,N,N,,DAYLIGHT,CLEAR,LOOSE MATERIAL ON ROAD,,NO JUNCTION INVOLVED,,ASPHALT,FOLLOWING TOO CLOSELY,$5001 TO $10000,REAR END,WBELLEAVESHICKORYDR,0,
INDIANA UNIV BLOOMINGTON PD,223108,MONROE,BLOOMINGTON,BLOOMINGTON,9/6/22,9:00 AM,2,,0,0,0,,N JORDAN AVE,,,,,N JORDAN AVE,N JORDAN AVE,,,,Y,,0,,39.16720723,-86.51521987,PRIVATE DRIVE,,,,URBAN,N,N,N,,DAYLIGHT,CLOUDY,DRY,,NO JUNCTION INVOLVED,,ASPHALT,OTHER (DRIVER) - EXPLAIN IN NARRATIVE,$1001 TO $2500,REAR END,NJORDANAVENJORDANAVE,0,
BLOOMINGTON PD,B22-39707,MONROE,BLOOMINGTON,BLOOMINGTON,9/29/22,7:09 AM,2,,0,0,0,,W 3RD ST,,,,,W 3RD ST,S LIBERTY DR,,,,Y,,0,,39.1646135,-86.57911424,LOCAL/CITY ROAD,,,,URBAN,N,N,N,,DAYLIGHT,CLEAR,DRY,,FOUR-WAY INTERSECTION,,ASPHALT,DISREGARD SIGNAL/REG SIGN,$10001 TO $25000,RIGHT ANGLE,W3RDSTSLIBERTYDR,0,
BLOOMINGTON PD,B22-39590,MONROE,PERRY,BLOOMINGTON,9/28/22,4:45 PM,3,,1,0,0,,S SMITH RD,,,,,S SMITH RD,E HAGAN ST,,,,Y,,0,,39.1628829,-86.4807261,LOCAL/CITY ROAD,,,,URBAN,N,N,N,,DAYLIGHT,CLEAR,DRY,,T-INTERSECTION,,ASPHALT,FAILURE TO MAINTAIN LANE,$25001 TO $50000,OTHER - EXPLAIN IN NARRATIVE,SSMITHRDEHAGANST,0,
BLOOMINGTON PD,B22-41174,MONROE,PERRY,BLOOMINGTON,10/6/22,8:00 PM,2,,0,0,0,458,E MELROSE AVE,,,,,E MELROSE AVE,,,,,N,,0,,39.14914824,-86.52879843,PRIVATE DRIVE,,,,URBAN,N,N,N,,DARK (LIGHTED),CLOUDY,DRY,,NO JUNCTION INVOLVED,,ASPHALT,UNSAFE BACKING,$1001 TO $2500,BACKING CRASH,EMELROSEAVE,0,
MONROE SD,M22A22368,MONROE,PERRY,BLOOMINGTON,9/11/22,2:31 PM,2,,0,0,0,4025,S OLD 37,,,,,S OLD 37,,,,,N,,0,,39.12026248,-86.5294663,PRIVATE DRIVE,,,,RURAL,N,N,N,,DAYLIGHT,CLOUDY,WET,,NO JUNCTION INVOLVED,,ASPHALT,UNSAFE BACKING,$1001 TO $2500,BACKING CRASH,SOLD37,0,
INDIANA UNIV BLOOMINGTON PD,224524,MONROE,BLOOMINGTON,BLOOMINGTON,11/16/22,4:50 PM,2,,0,0,0,,E 3RD ST,,,,,E 3RD ST,BALLANTINE RD,,,,Y,,0,,39.16427086,-86.5192861,LOCAL/CITY ROAD,,,,URBAN,N,N,N,,DAYLIGHT,CLOUDY,DRY,,NO JUNCTION INVOLVED,,ASPHALT,FAILURE TO YIELD RIGHT OF WAY,$5001 TO $10000,SAME DIRECTION SIDESWIPE,E3RDSTBALLANTINERD,0,
MONROE SD,M22A27913,MONROE,VAN BUREN,BLOOMINGTON,11/13/22,5:07 PM,1,,0,0,0,3585,WEST STATE ROAD 45,,,,,WEST STATE ROAD 45,,,,,N,,0,,39.14159608,-86.58021657,PRIVATE DRIVE,,,,URBAN,N,N,N,,DAYLIGHT,CLEAR,DRY,,NO JUNCTION INVOLVED,,ASPHALT,IMPROPER TURNING,$5001 TO $10000,RIGHT TURN,WESTSTATEROAD45,0,
DNR LAW ENFORCEMENT,HQ-22-00132,MONROE,BEAN BLOSSOM,BLOOMINGTON,10/31/22,11:00 AM,1,,0,0,0,,FOREST RD,,,,,FOREST RD,SERVICE RD,,,,N,,0,,39.32488321,-86.41887493,COUNTY ROAD,,,,RURAL,N,N,N,,DAYLIGHT,RAIN,WET,,NO JUNCTION INVOLVED,,ASPHALT,OTHER (DRIVER) - EXPLAIN IN NARRATIVE,$10001 TO $25000,RAN OFF ROAD,SERVICERDFORESTRD,0,
BLOOMINGTON PD,B22-43592,MONROE,VAN BUREN,BLOOMINGTON,10/19/22,5:00 PM,2,,0,0,0,,W 3RD ST,,,,,W 3RD ST,S LIBERTY DR,,,,Y,,250,,39.16461769,-86.58069831,LOCAL/CITY ROAD,,,,URBAN,N,N,N,,DAYLIGHT,CLEAR,DRY,,T-INTERSECTION,,ASPHALT,FAILURE TO YIELD RIGHT OF WAY,$2501 TO $5000,RIGHT ANGLE,W3RDSTSLIBERTYDR,0,
BLOOMINGTON PD,B22-48299,MONROE,PERRY,BLOOMINGTON,11/19/22,10:23 PM,2,,0,0,0,,S ROGERS ST,,,,,S ROGERS ST,W PROSPECT ST,,,,Y,,0,,39.16334271,-86.53863761,LOCAL/CITY ROAD,,,,URBAN,N,N,N,,DARK (NOT LIGHTED),CLEAR,DRY,,FOUR-WAY INTERSECTION,,ASPHALT,OTHER (DRIVER) - EXPLAIN IN NARRATIVE,$5001 TO $10000,REAR END,WPROSPECTSTSROGERSST,0,
BLOOMINGTON PD,B22-52607,MONROE,PERRY,BLOOMINGTON,12/19/22,11:00 AM,2,,0,0,0,,2910 W. 3RD ST,,,,,2910 W. 3RD ST,,,,,Y,,0,,0,0,PRIVATE DRIVE,,,,URBAN,N,N,N,,DAYLIGHT,CLOUDY,DRY,,NO JUNCTION INVOLVED,,ASPHALT,UNSAFE BACKING,$1001 TO $2500,BACKING CRASH,2910W.3RDST,0,
MONROE SD,M22A30117,MONROE,PERRY,BLOOMINGTON,12/8/22,8:56 PM,2,,1,0,0,,S ROCKPORT RD,,,,,S ROCKPORT RD,W HENNESSEY ST,,,,Y,,0,,39.12820351,-86.55670481,COUNTY ROAD,,,,URBAN,N,N,N,,DARK (NOT LIGHTED),RAIN,WET,,Y-INTERSECTION,,ASPHALT,SPEED TOO FAST FOR WEATHER CONDITIONS,$10001 TO $25000,OPPOSITE DIRECTION SIDESWIPE,WHENNESSEYSTSROCKPORTRD,0,
BLOOMINGTON PD,B22-47733,MONROE,VAN BUREN,BLOOMINGTON,11/15/22,5:30 PM,2,,0,0,0,350,N GATES DR; LOWES,,,,,N GATES DR; LOWES,,,,,Y,,0,,39.1703152,-86.5746555,PRIVATE DRIVE,,,,URBAN,N,N,N,,DAYLIGHT,CLEAR,DRY,,NO JUNCTION INVOLVED,,ASPHALT,UNSAFE BACKING,$1001 TO $2500,BACKING CRASH,NGATESDR;LOWES,0,
MONROE SD,M22A30534,MONROE,BLOOMINGTON,BLOOMINGTON,12/14/22,1:15 PM,2,,0,0,0,,I-69,,,,,I-69,,,,,Y,,0,,39.22701123,-86.54579553,INTERSTATE,,,,URBAN,N,N,N,,DAYLIGHT,RAIN,WET,,NO JUNCTION INVOLVED,,ASPHALT,IMPROPER LANE USAGE,$2501 TO $5000,SAME DIRECTION SIDESWIPE,I-69,0,
ELLETTSVILLE PD,E22-04697,MONROE,RICHLAND,ELLETTSVILLE,11/12/22,12:50 AM,1,,0,0,1,,W STATE RD 46,,,,,W STATE RD 46,N CAPITOL AVE,,,,Y,,370,,39.22278121,-86.6085003,STATE ROAD,,,,URBAN,N,N,N,,DARK (NOT LIGHTED),CLOUDY,DRY,,NO JUNCTION INVOLVED,,ASPHALT,ANIMAL/OBJECT IN ROADWAY,$10001 TO $25000,COLLISION WITH DEER,WSTATERD46NCAPITOLAVE,0,
BLOOMINGTON PD,B22-45349,MONROE,RICHLAND,BLOOMINGTON,10/30/22,12:23 PM,2,,0,0,0,,W THIRD ST,,,,,W THIRD ST,I-69,,,,Y,,0,,0,0,LOCAL/CITY ROAD,,,,URBAN,N,N,N,,DAYLIGHT,RAIN,WATER (STANDING OR MOVING),,FOUR-WAY INTERSECTION,,ASPHALT,ROADWAY SURFACE CONDITION,$1001 TO $2500,LEFT TURN,WTHIRDSTI-69,0,
MONROE SD,M22A31122,MONROE,BLOOMINGTON,BLOOMINGTON,12/23/22,7:45 AM,1,,0,0,0,,W ARLINGTON RD,,,,,W ARLINGTON RD,HUNTER LN,,,,Y,,0,,39.19514555,-86.55574359,LOCAL/CITY ROAD,,,,URBAN,N,N,N,,DAYLIGHT,SNOW,SNOW/SLUSH,,NO JUNCTION INVOLVED,,ASPHALT,ROADWAY SURFACE CONDITION,$10001 TO $25000,RAN OFF ROAD,WARLINGTONRDHUNTERLN,0,
BLOOMINGTON PD,B22-44963,MONROE,PERRY,BLOOMINGTON,10/28/22,11:00 AM,2,,0,0,0,,S COLLEGE AVE,,,,,S COLLEGE AVE,W 1ST ST,,,,Y,,0,,39.15930317,-86.535011,LOCAL/CITY ROAD,,,,URBAN,N,N,N,,DAYLIGHT,CLEAR,DRY,,FOUR-WAY INTERSECTION,,ASPHALT,FAILURE TO YIELD RIGHT OF WAY,$5001 TO $10000,SAME DIRECTION SIDESWIPE,W1STSTSCOLLEGEAVE,0,
MONROE SD,M22A29092,MONROE,WASHINGTON,BLOOMINGTON,11/28/22,5:48 AM,2,,0,0,0,,N OLD STATE ROAD 37,,,,,N OLD STATE ROAD 37,,,,,N,,0,,39.31286259,-86.48178034,STATE ROAD,,,,RURAL,N,N,N,,DARK (NOT LIGHTED),RAIN,WET,,NO JUNCTION INVOLVED,,ASPHALT,ANIMAL/OBJECT IN ROADWAY,$25001 TO $50000,COLLISION WITH OBJECT IN ROAD,NOLDSTATEROAD37,0,
BLOOMINGTON PD,B22-36634,MONROE,BLOOMINGTON,BLOOMINGTON,9/11/22,4:18 PM,1,,1,0,0,,E KIRKWOOD AVE,,,,,E KIRKWOOD AVE,S WASHINGTON ST,,,,Y,,0,,39.16656005,-86.53228006,LOCAL/CITY ROAD,,,,URBAN,N,N,N,,DAYLIGHT,RAIN,WET,,FOUR-WAY INTERSECTION,,ASPHALT,FOLLOWING TOO CLOSELY,UNDER $1001,REAR END,SWASHINGTONSTEKIRKWOODAVE,1,
MONROE SD,M22A29544,MONROE,CLEAR CREEK,BLOOMINGTON,12/2/22,12:02 PM,1,,0,0,0,,S STATE ROAD 37,,,90,E,S STATE ROAD 37,E MONROE DAM RD RAMP,,,,N,,0,,39.0197988,-86.53637938,STATE ROAD,,,,RURAL,N,Y,N,,DAYLIGHT,CLEAR,DRY,,RAMP,,CONCRETE,UNSAFE SPEED,$10001 TO $25000,RAN OFF ROAD,SSTATEROAD37090EEMONROEDAMRDRAMP,0,
ISP BLOOMINGTON 33,2.022E+11,MONROE,INDIAN CREEK,BLOOMINGTON,11/1/22,8:30 PM,1,,0,0,0,,I69,,,,,I69,,,105.5,,N,,0,,39.05784823,-86.68165467,INTERSTATE,,,,RURAL,N,N,N,,DARK (NOT LIGHTED),CLEAR,DRY,,NO JUNCTION INVOLVED,,CONCRETE,FAILURE TO MAINTAIN LANE,$10001 TO $25000,RAN OFF ROAD,I69105.5,0,
ELLETTSVILLE PD,E22-04636,MONROE,RICHLAND,ELLETTSVILLE,11/9/22,6:57 AM,2,,0,0,0,,SR 46,,,,,SR 46,UNION VALLEY RD,,,,Y,,0,,39.21513175,-86.59268054,STATE ROAD,,,,URBAN,N,N,N,,DAWN/DUSK,CLEAR,DRY,,FOUR-WAY INTERSECTION,,ASPHALT,FOLLOWING TOO CLOSELY,$1001 TO $2500,REAR END,UNIONVALLEYRDSR46,0,
MONROE SD,M22A30273,MONROE,BENTON,BLOOMINGTON,12/10/22,9:11 PM,1,,0,0,0,,STATE RD 45,,,,,STATE RD 45,MARTIN DR,,,,N,,0,,39.20473865,-86.4633027,STATE ROAD,,,,RURAL,N,N,N,,DARK (NOT LIGHTED),RAIN,WET,,T-INTERSECTION,,ASPHALT,SPEED TOO FAST FOR WEATHER CONDITIONS,$2501 TO $5000,RAN OFF ROAD,STATERD45MARTINDR,0,
BLOOMINGTON PD,B22-51894,MONROE,BLOOMINGTON,BLOOMINGTON,12/14/22,2:22 PM,2,,0,0,0,,S OVERHILL DR,,,,,S OVERHILL DR,E 3RD ST,,,,Y,,0,,39.16429094,-86.50160726,LOCAL/CITY ROAD,,,,URBAN,N,N,N,,DAYLIGHT,RAIN,WET,,T-INTERSECTION,,ASPHALT,FOLLOWING TOO CLOSELY,$2501 TO $5000,REAR END,SOVERHILLDRE3RDST,0,
ISP BLOOMINGTON 33,2.02201E+11,MONROE,CLEAR CREEK,BLOOMINGTON,12/19/22,10:30 AM,2,,0,0,1,,SR37,,,,,SR37,INGRAM ROAD,,,,N,,500,,38.99576213,-86.53726676,STATE ROAD,,,,RURAL,N,N,N,,DAYLIGHT,CLOUDY,DRY,,NO JUNCTION INVOLVED,,ASPHALT,ANIMAL/OBJECT IN ROADWAY,$5001 TO $10000,COLLISION WITH DEER,SR37INGRAMROAD,0,
BLOOMINGTON PD,B22-52290,MONROE,BLOOMINGTON,BLOOMINGTON,12/16/22,6:02 PM,2,,0,0,0,,N WALNUT ST,,,,,N WALNUT ST,STATE RD 46,,,,Y,,0,,39.18645691,-86.53456039,LOCAL/CITY ROAD,,,,URBAN,N,N,N,,DARK (LIGHTED),CLEAR,DRY,,FOUR-WAY INTERSECTION,,ASPHALT,FOLLOWING TOO CLOSELY,UNDER $1001,REAR END,STATERD46NWALNUTST,0,
DNR LAW ENFORCEMENT,05-22-02030,MONROE,BLOOMINGTON,BLOOMINGTON,11/7/22,11:00 AM,2,,0,0,0,,W 17TH ST,,,,,W 17TH ST,N JACKSON ST,,,,Y,,0,,39.17900135,-86.53872675,LOCAL/CITY ROAD,,,,URBAN,N,N,N,,DAYLIGHT,CLEAR,DRY,,NO JUNCTION INVOLVED,,ASPHALT,FAILURE TO YIELD RIGHT OF WAY,$2501 TO $5000,HEAD ON BETWEEN TWO MOTOR VEHICLES,W17THSTNJACKSONST,0,
INDIANA UNIV BLOOMINGTON PD,224139,MONROE,BLOOMINGTON,BLOOMINGTON,10/22/22,3:30 PM,2,,0,0,0,,N FEE LN,,,,,N FEE LN,E 17TH ST,,,,Y,,0,,39.17812393,-86.51960529,PRIVATE DRIVE,,,,URBAN,N,N,N,,DAYLIGHT,CLOUDY,DRY,,NO JUNCTION INVOLVED,,ASPHALT,UNSAFE BACKING,$1001 TO $2500,BACKING CRASH,NFEELNE17THST,0,
BLOOMINGTON PD,B22-48857,MONROE,PERRY,BLOOMINGTON,11/23/22,2:44 PM,2,,0,0,0,,S LIBERTY DR,,,,,S LIBERTY DR,W CONSTITUTION AVE,,,,Y,,106,,39.15107305,-86.57683916,LOCAL/CITY ROAD,,,,URBAN,N,N,N,,DAYLIGHT,CLEAR,DRY,,T-INTERSECTION,,ASPHALT,FOLLOWING TOO CLOSELY,$25001 TO $50000,REAR END,WCONSTITUTIONAVESLIBERTYDR,0,
BLOOMINGTON PD,B22-43668,MONROE,BLOOMINGTON,BLOOMINGTON,10/21/22,12:25 AM,2,,0,0,0,1150,S CLARIZ BLVD,,,,,S CLARIZ BLVD,,,,,Y,,0,,39.1526298,-86.49279983,,,,,URBAN,N,N,N,,DARK (LIGHTED),CLEAR,DRY,,NO JUNCTION INVOLVED,,ASPHALT,IMPROPER TURNING,$1001 TO $2500,LEFT TURN,SCLARIZBLVD,0,
BLOOMINGTON PD,B22-50016,MONROE,BLOOMINGTON,BLOOMINGTON,12/2/22,9:22 AM,2,,0,0,0,,E. 10TH ST,,,,,E. 10TH ST,DECKARD DRIVE,,,,Y,,50,,39.173635,-86.482165,LOCAL/CITY ROAD,,,,URBAN,Y,N,N,,DAYLIGHT,CLOUDY,DRY,,FOUR-WAY INTERSECTION,,ASPHALT,FAILURE TO YIELD RIGHT OF WAY,$2501 TO $5000,RIGHT ANGLE,E.10THSTDECKARDDRIVE,0,
MONROE SD,M22A24293,MONROE,VAN BUREN,BLOOMINGTON,10/3/22,2:48 PM,2,,0,0,0,,W STATE RD 45,,,,,W STATE RD 45,W AIRPORT RD,,,,N,,0,,39.13650662,-86.59417338,,,,,RURAL,N,N,N,,DAYLIGHT,CLEAR,DRY,,NO JUNCTION INVOLVED,,CONCRETE,UNSAFE BACKING,$1001 TO $2500,BACKING CRASH,WSTATERD45WAIRPORTRD,0,
INDIANA UNIV BLOOMINGTON PD,224212,MONROE,BLOOMINGTON,BLOOMINGTON,10/30/22,5:53 PM,2,,0,0,0,,E 3RD ST,,,,,E 3RD ST,S HAWTHORNE DR,,,,Y,,0,,39.16424799,-86.52005321,LOCAL/CITY ROAD,,,,URBAN,N,N,N,,DAYLIGHT,CLOUDY,WET,,FOUR-WAY INTERSECTION,,ASPHALT,UNSAFE LANE MOVEMENT,$10001 TO $25000,SAME DIRECTION SIDESWIPE,SHAWTHORNEDRE3RDST,0,
BLOOMINGTON PD,B22-51581,MONROE,BLOOMINGTON,BLOOMINGTON,12/12/22,4:31 PM,2,,0,0,0,,S KIMBLE DR,,,,,S KIMBLE DR,W 3RD ST,,,,Y,,0,,39.16454899,-86.56797344,LOCAL/CITY ROAD,,,,URBAN,N,N,N,,DAYLIGHT,CLEAR,DRY,,FOUR-WAY INTERSECTION,,ASPHALT,DISREGARD SIGNAL/REG SIGN,$5001 TO $10000,RIGHT ANGLE,W3RDSTSKIMBLEDR,0,
BLOOMINGTON PD,B22-50359,MONROE,BLOOMINGTON,BLOOMINGTON,12/4/22,2:51 PM,2,,0,0,0,,W ARLINGTON RD,,,,,W ARLINGTON RD,W 20TH ST,,,,Y,,0,,39.18318849,-86.5500668,LOCAL/CITY ROAD,,,,URBAN,N,N,N,,DAYLIGHT,CLEAR,DRY,,T-INTERSECTION,,ASPHALT,FAILURE TO YIELD RIGHT OF WAY,$5001 TO $10000,RIGHT ANGLE,WARLINGTONRDW20THST,0,
DNR LAW ENFORCEMENT,06-22-03272,MONROE,RICHLAND,ELLETTSVILLE,11/29/22,3:50 PM,1,,0,0,0,,W MAPLE GROVE RD,,,,,W MAPLE GROVE RD,N MATHEWS DR,,,,Y,,0,,39.24538085,-86.62073118,COUNTY ROAD,,,,URBAN,N,N,N,,DAYLIGHT,RAIN,WET,,FOUR-WAY INTERSECTION,,ASPHALT,UNSAFE SPEED,$10001 TO $25000,OTHER - EXPLAIN IN NARRATIVE,WMAPLEGROVERDNMATHEWSDR,0,
BLOOMINGTON PD,B22-48875,MONROE,BLOOMINGTON,BLOOMINGTON,11/23/22,4:47 PM,2,,3,0,0,,S LEONARD SPRINGS RD,,,,,S LEONARD SPRINGS RD,W TAPP RD,,,,Y,,0,,39.13689415,-86.5826186,,,,,URBAN,N,N,N,,DAYLIGHT,CLEAR,DRY,,T-INTERSECTION,,ASPHALT,FAILURE TO YIELD RIGHT OF WAY,$10001 TO $25000,RIGHT ANGLE,WTAPPRDSLEONARDSPRINGSRD,0,
BLOOMINGTON PD,B22-46527,MONROE,PERRY,BLOOMINGTON,11/6/22,1:30 AM,2,,0,0,0,345,S MULLER PKWY LOT 17,,,,,S MULLER PKWY LOT 17,,,,,N,,0,,39.1622098,-86.56264068,PRIVATE DRIVE,,,,URBAN,N,N,N,,DARK (NOT LIGHTED),CLOUDY,DRY,,NO JUNCTION INVOLVED,,ASPHALT,OVERCORRECTING/OVERSTEERING,$2501 TO $5000,SAME DIRECTION SIDESWIPE,SMULLERPKWYLOT17,0,
BLOOMINGTON PD,B22-41264,MONROE,PERRY,BLOOMINGTON,10/7/22,12:20 PM,2,,1,0,0,,E 3RD ST,,,,,E 3RD ST,S PETE ELLIS DR,,,,Y,,0,,39.16422315,-86.4949579,LOCAL/CITY ROAD,,,,URBAN,N,N,N,,DAYLIGHT,CLEAR,DRY,,FOUR-WAY INTERSECTION,,ASPHALT,FAILURE TO YIELD RIGHT OF WAY,$5001 TO $10000,RIGHT ANGLE,SPETEELLISDRE3RDST,0,
ISP BLOOMINGTON 33,2022-00501367,MONROE,WASHINGTON,BLOOMINGTON,11/12/22,10:11 AM,1,,0,0,0,,I-69,,,,,I-69,,,,,N,,0,,39.29016184,-86.51800868,INTERSTATE,,,,RURAL,N,N,N,,DAYLIGHT,SNOW,SNOW/SLUSH,,NO JUNCTION INVOLVED,,ASPHALT,SPEED TOO FAST FOR WEATHER CONDITIONS,$5001 TO $10000,RAN OFF ROAD,I-69,0,
BLOOMINGTON PD,B22-44623,MONROE,PERRY,BLOOMINGTON,10/26/22,3:48 PM,2,,0,0,0,,S WASHINGTON ST,,,,,S WASHINGTON ST,E DODDS ST,,,,Y,,0,,39.15736875,-86.53243352,LOCAL/CITY ROAD,,,,URBAN,N,N,N,,DAYLIGHT,CLEAR,DRY,,FOUR-WAY INTERSECTION,,ASPHALT,FAILURE TO YIELD RIGHT OF WAY,$2501 TO $5000,RIGHT ANGLE,SWASHINGTONSTEDODDSST,0,
ELLETTSVILLE PD,E22-04386,MONROE,RICHLAND,BLOOMINGTON,10/24/22,3:52 PM,2,,0,0,0,,SR,,,,,SR,,,,,N,,0,,39.21212426,-86.58725371,STATE ROAD,,,,URBAN,N,N,N,,DAYLIGHT,CLEAR,DRY,,NO JUNCTION INVOLVED,,CONCRETE,OVERCORRECTING/OVERSTEERING,$2501 TO $5000,SAME DIRECTION SIDESWIPE,SR,0,
BLOOMINGTON PD,B22-51711,MONROE,BLOOMINGTON,BLOOMINGTON,12/13/22,1:39 PM,2,,0,0,0,,N MORTON ST,,,,,N MORTON ST,W 7TH ST,,,,Y,,0,,39.1684344,-86.53614288,LOCAL/CITY ROAD,,,,URBAN,N,N,N,,DAYLIGHT,CLEAR,DRY,,NO JUNCTION INVOLVED,,ASPHALT,UNDER STEERING/UNDER CORRECTING,$1001 TO $2500,OPPOSITE DIRECTION SIDESWIPE,W7THSTNMORTONST,0,
BLOOMINGTON PD,B22-44863,MONROE,PERRY,BLOOMINGTON,10/27/22,6:20 PM,2,,0,0,0,,S OLD STATE ROAD 37,,,,,S OLD STATE ROAD 37,E RHORER RD,,,,Y,,0,,39.1214906,-86.53133627,LOCAL/CITY ROAD,,,,URBAN,N,N,N,,DAYLIGHT,CLEAR,DRY,,FOUR-WAY INTERSECTION,,ASPHALT,FOLLOWING TOO CLOSELY,$2501 TO $5000,REAR END,SOLDSTATEROAD37ERHORERRD,0,
MONROE SD,M22A26290,MONROE,PERRY,BLOOMINGTON,10/26/22,10:32 AM,2,,0,0,0,,S TULIP AVE,,,,,S TULIP AVE,W GLEN ARBOR WAY,,,,N,,0,,39.12855213,-86.54170089,,,,,URBAN,N,N,N,,DAYLIGHT,CLOUDY,WET,,NO JUNCTION INVOLVED,,ASPHALT,UNSAFE BACKING,$2501 TO $5000,REAR END,WGLENARBORWAYSTULIPAVE,0,