Agency,Local Code,County,Township,City,Collision Date,Collision Time,Vehicles Involved,Trailers Involved,Number Injured,Number Dead,Number Deer,House Number,Roadway Name,Roadway Suffix,Roadway Number,Roadway Interchange,Roadway Ramp,Roadway Id,Intersecting Road,Intersecting Road Number,Mile Marker,Interchange,Corporate Limits?,Property Type,Feet From,Direction,Latitude,Longitude,Roadway Class,Traffic Control Devices?,Aggressive Driving?,Hit and Run?,Locality,School Zone?,Rumble Strips?,Construction?,Construction Type,Light Condition,Weather Conditions,Surface Condition,Type of Median,Roadway Junction Type,Road Character,Roadway Surface,Primary Factor,Damage Estimate,Manner of Collision,Unique Location Id,State Property Damage?,Traffic Control
BLOOMINGTON PD,B22-44448,MONROE,PERRY,BLOOMINGTON,10/25/22,4:28 PM,2,,0,0,0,,W TAPP RD,,,,,W TAPP RD,PINEHURST DR,,,,Y,,634,,39.13640624,-86.55137281,LOCAL/CITY ROAD,,,,URBAN,N,N,N,,DAYLIGHT,RAIN,WET,,NO JUNCTION INVOLVED,,ASPHALT,FOLLOWING TOO CLOSELY,$2501 TO $5000,REAR END,WTAPPRDPINEHURSTDR,0,
INDIANA UNIV BLOOMINGTON PD,224565,MONROE,BLOOMINGTON,BLOOMINGTON,11/18/22,3:40 PM,2,,0,0,0,,E 3RD ST,,,,,E 3RD ST,S UNION ST,,,,N,,0,,39.16421911,-86.50933283,LOCAL/CITY ROAD,,,,URBAN,N,N,N,,DAYLIGHT,CLOUDY,DRY,,T-INTERSECTION,,ASPHALT,FOLLOWING TOO CLOSELY,$1001 TO $2500,REAR END,SUNIONSTE3RDST,0,
MONROE SD,M22A30919,MONROE,VAN BUREN,BLOOMINGTON,12/20/22,5:43 AM,1,,0,0,0,,W KOONTZ RD,,,,,W KOONTZ RD,,,,,N,,0,,39.07884266,-86.6004264,COUNTY ROAD,,,,RURAL,N,N,N,,DARK (NOT LIGHTED),CLEAR,DRY,,NO JUNCTION INVOLVED,,ASPHALT,OTHER (DRIVER) - EXPLAIN IN NARRATIVE,$10001 TO $25000,RAN OFF ROAD,WKOONTZRD,0,
BLOOMINGTON PD,B2249521,MONROE,BLOOMINGTON,BLOOMINGTON,11/29/22,10:00 AM,2,,0,0,0,,N JEFFERSON ST,,,,,N JEFFERSON ST,E 7TH ST,,,,Y,,370,,39.16759818,-86.50714822,LOCAL/CITY ROAD,,,,URBAN,N,N,N,,DAYLIGHT,CLEAR,DRY,,NO JUNCTION INVOLVED,,ASPHALT,OTHER (DRIVER) - EXPLAIN IN NARRATIVE,$2501 TO $5000,SAME DIRECTION SIDESWIPE,NJEFFERSONSTE7THST,0,
BLOOMINGTON PD,B22-46992,MONROE,BLOOMINGTON,BLOOMINGTON,11/10/22,10:25 AM,2,,1,0,0,,W. KIRKWOOD AVE.,,,,,W. KIRKWOOD AVE.,WALNUT ST.,,,,Y,,0,,39.1667003,-86.55157971,LOCAL/CITY ROAD,,,,URBAN,N,N,N,,DAYLIGHT,CLEAR,DRY,,FOUR-WAY INTERSECTION,,ASPHALT,UNSAFE BACKING,$1001 TO $2500,BACKING CRASH,WALNUTST.W.KIRKWOODAVE.,0,
BLOOMINGTON PD,B22-51750,MONROE,BLOOMINGTON,BLOOMINGTON,12/13/22,9:07 PM,2,,0,0,0,,E 3RD ST,,,,,E 3RD ST,S BRYAN AVE,,,,Y,,0,,39.16424637,-86.50812927,LOCAL/CITY ROAD,,,,URBAN,N,N,N,,DAWN/DUSK,CLEAR,DRY,,FOUR-WAY INTERSECTION,,ASPHALT,FOLLOWING TOO CLOSELY,$1001 TO $2500,REAR END,SBRYANAVEE3RDST,0,
MONROE SD,M22A31188,MONROE,PERRY,BLOOMINGTON,12/24/22,3:12 PM,2,,1,0,0,,S. STATE ROAD 37,,,,,S. STATE ROAD 37,S VICTOR PIKE,,,,Y,,0,,39.10567763,-86.55127101,STATE ROAD,,,,URBAN,N,Y,N,,DAYLIGHT,CLOUDY,WET,,FOUR-WAY INTERSECTION,,ASPHALT,DRIVER DISTRACTED - EXPLAIN IN NARRATIVE,$25001 TO $50000,RIGHT ANGLE,S.STATEROAD37SVICTORPIKE,0,
ISP BLOOMINGTON 33,2.02201E+11,MONROE,WASHINGTON,BLOOMINGTON,12/1/22,8:55 AM,2,,0,0,0,,I-69,,,,,I-69,,,,,N,,106,,39.22296484,-86.5489449,INTERSTATE,,,,RURAL,N,N,N,,DAYLIGHT,CLEAR,DRY,,NO JUNCTION INVOLVED,,ASPHALT,FAILURE TO YIELD RIGHT OF WAY,UNDER $1001,SAME DIRECTION SIDESWIPE,I-69,0,
BLOOMINGTON PD,B22-53909,MONROE,BLOOMINGTON,BLOOMINGTON,12/30/22,1:09 PM,2,,0,0,0,,W 3RD ST,,,,,W 3RD ST,I-69 SOUTH BOUND ON RAMP,,,,Y,,0,,39.1645121,-86.57383152,LOCAL/CITY ROAD,,,,URBAN,N,N,N,,DAYLIGHT,RAIN,WET,,FOUR-WAY INTERSECTION,,ASPHALT,FAILURE TO YIELD RIGHT OF WAY,$50001 TO $100000,RIGHT ANGLE,W3RDSTI-69SOUTHBOUNDONRAMP,0,
MONROE SD,M22A31225,MONROE,WASHINGTON,BLOOMINGTON,12/25/22,10:49 AM,1,,0,0,0,,N. WAYPORT RD,,,,,N. WAYPORT RD,W. SAMPLE RD,,,,N,,0,,39.26960227,-86.52266675,COUNTY ROAD,,,,RURAL,N,N,N,,DAYLIGHT,CLEAR,ICE,,NO JUNCTION INVOLVED,,ASPHALT,ROADWAY SURFACE CONDITION,$5001 TO $10000,RAN OFF ROAD,W.SAMPLERDN.WAYPORTRD,0,
MONROE SD,M22A27441,MONROE,RICHLAND,BLOOMINGTON,11/8/22,4:38 AM,1,,0,0,1,,N THOMAS RD,,,,,N THOMAS RD,,,,,N,,0,,39.19802747,-86.63020081,COUNTY ROAD,,,,RURAL,N,N,N,,DARK (NOT LIGHTED),CLEAR,DRY,,NO JUNCTION INVOLVED,,ASPHALT,ANIMAL/OBJECT IN ROADWAY,$10001 TO $25000,COLLISION WITH DEER,NTHOMASRD,0,
MONROE SD,M22A28023,MONROE,PERRY,BLOOMINGTON,11/15/22,1:20 AM,1,,0,0,1,,I-69,,,,,I-69,,,,,N,,739,,39.12613694,-86.57258696,INTERSTATE,,,,RURAL,N,N,N,,DARK (LIGHTED),CLEAR,DRY,,NO JUNCTION INVOLVED,,ASPHALT,ANIMAL/OBJECT IN ROADWAY,$2501 TO $5000,COLLISION WITH DEER,I-69,0,
ISP BLOOMINGTON 33,2.02201E+11,MONROE,INDIAN CREEK,BLOOMINGTON,11/12/22,7:35 AM,1,,0,0,0,,S INTERSTATE 69,,,,,S INTERSTATE 69,,,,,N,,211,,39.07376424,-86.599173,INTERSTATE,,,,RURAL,N,Y,N,,DAYLIGHT,SNOW,SNOW/SLUSH,,NO JUNCTION INVOLVED,,ASPHALT,ROADWAY SURFACE CONDITION,$2501 TO $5000,RAN OFF ROAD,SINTERSTATE69,0,
MONROE SD,M22A25876,MONROE,VAN BUREN,BLOOMINGTON,10/21/22,5:10 AM,1,,0,0,0,,N MOUNT GILEAD RD,,,,,N MOUNT GILEAD RD,,,,,N,,0,,39.20243662,-86.43365644,COUNTY ROAD,,,,RURAL,N,N,N,,DAYLIGHT,CLEAR,DRY,,NO JUNCTION INVOLVED,,ASPHALT,OTHER (DRIVER) - EXPLAIN IN NARRATIVE,$25001 TO $50000,RAN OFF ROAD,NMOUNTGILEADRD,0,
BLOOMINGTON PD,B22-44312,MONROE,PERRY,BLOOMINGTON,10/25/22,11:30 PM,2,,0,0,0,,S OLD STATE ROAD 37,,,,,S OLD STATE ROAD 37,E WINSLOW RD,,,,Y,,0,,39.13601354,-86.53105188,LOCAL/CITY ROAD,,,,URBAN,N,N,N,,DARK (LIGHTED),CLEAR,DRY,,FOUR-WAY INTERSECTION,,ASPHALT,FOLLOWING TOO CLOSELY,UNDER $1001,REAR END,SOLDSTATEROAD37EWINSLOWRD,0,
BLOOMINGTON PD,B22-43896,MONROE,BLOOMINGTON,BLOOMINGTON,10/22/22,1:30 PM,2,,0,0,0,,W 16TH ST,,,,,W 16TH ST,N WOODBURN AVE,,,,Y,,0,,39.17773659,-86.53598983,OTHER,,,,URBAN,N,N,N,,UNKNOWN,CLEAR,DRY,,NO JUNCTION INVOLVED,,ASPHALT,DRIVER DISTRACTED - EXPLAIN IN NARRATIVE,UNDER $1001,BACKING CRASH,W16THSTNWOODBURNAVE,0,
MONROE SD,M22A27862,MONROE,PERRY,BLOOMINGTON,11/12/22,10:39 PM,1,,0,0,0,,I-69,,,,,I-69,,,,,N,,1373,,39.10927772,-86.56167446,STATE ROAD,,,,RURAL,N,N,N,,DARK (NOT LIGHTED),SLEET/HAIL/FREEZING RAIN,ICE,,NO JUNCTION INVOLVED,,ASPHALT,ROADWAY SURFACE CONDITION,$5001 TO $10000,RAN OFF ROAD,I-69,0,
BLOOMINGTON PD,B22-45382,MONROE,VAN BUREN,BLOOMINGTON,10/30/22,4:32 PM,2,,0,0,0,,S LEONARD SPRINGS RD,,,,,S LEONARD SPRINGS RD,STATE RD 45,,,,Y,,0,,39.14173484,-86.58261453,LOCAL/CITY ROAD,,,,URBAN,N,N,N,,DAYLIGHT,RAIN,WET,,FOUR-WAY INTERSECTION,,ASPHALT,FAILURE TO YIELD RIGHT OF WAY,$5001 TO $10000,RIGHT ANGLE,STATERD45SLEONARDSPRINGSRD,0,
BLOOMINGTON PD,B22-51118,MONROE,BLOOMINGTON,BLOOMINGTON,12/9/22,12:00 AM,2,,0,0,0,,W 2ND ST,,,,,W 2ND ST,S ROGERS ST,,,,Y,,0,,39.16143249,-86.53902644,PRIVATE DRIVE,,,,URBAN,N,N,N,,DARK (LIGHTED),RAIN,WET,,NO JUNCTION INVOLVED,,ASPHALT,OTHER (DRIVER) - EXPLAIN IN NARRATIVE,UNDER $1001,BACKING CRASH,W2NDSTSROGERSST,0,
BLOOMINGTON PD,B22-44882,MONROE,BLOOMINGTON,BLOOMINGTON,10/27/22,8:42 PM,2,,0,0,0,,N WALNUT ST,,,,,N WALNUT ST,E 17TH ST,,,,Y,,0,,39.17897193,-86.53349152,LOCAL/CITY ROAD,,,,URBAN,N,N,N,,DARK (LIGHTED),CLEAR,DRY,,FOUR-WAY INTERSECTION,,ASPHALT,DISREGARD SIGNAL/REG SIGN,$50001 TO $100000,RIGHT ANGLE,NWALNUTSTE17THST,0,
INDIANA UNIV BLOOMINGTON PD,224355,MONROE,BLOOMINGTON,BLOOMINGTON,11/7/22,12:45 PM,3,,0,0,0,,STATE RD 45,,,,,STATE RD 45,E 10TH ST,,,,Y,,0,,39.1720933,-86.502621,STATE ROAD,,,,URBAN,N,N,N,,DAYLIGHT,CLEAR,DRY,,FOUR-WAY INTERSECTION,,ASPHALT,DRIVER DISTRACTED - EXPLAIN IN NARRATIVE,$2501 TO $5000,REAR END,STATERD45E10THST,0,
MONROE SD,M22A26219,MONROE,VAN BUREN,BLOOMINGTON,10/25/22,3:30 PM,1,,1,0,0,,ISON RD,,,,,ISON RD,S HARMONY RD,,,,Y,,0,,39.10810029,-86.63735919,LOCAL/CITY ROAD,,,,RURAL,N,N,N,,DAYLIGHT,CLOUDY,WET,,NO JUNCTION INVOLVED,,ASPHALT,UNSAFE SPEED,$10001 TO $25000,RAN OFF ROAD,SHARMONYRDISONRD,0,
ISP VERSAILLES 42,2.02201E+11,MONROE,BLOOMINGTON,BLOOMINGTON,12/20/22,9:10 PM,3,,1,0,0,,STATE RD 45,,,,,STATE RD 45,E MATLOCK RD,,,,Y,,0,,39.18599112,-86.51958018,LOCAL/CITY ROAD,,,,URBAN,N,N,N,,DARK (NOT LIGHTED),CLEAR,DRY,,FOUR-WAY INTERSECTION,,ASPHALT,FOLLOWING TOO CLOSELY,UNDER $1001,REAR END,STATERD45EMATLOCKRD,0,
BLOOMINGTON PD,B22-52095,MONROE,PERRY,BLOOMINGTON,12/15/22,3:56 PM,2,,0,0,0,,S FAIRVIEW ST,,,,,S FAIRVIEW ST,S PATTERSON DR,,,,Y,,0,,39.1538654,-86.54114257,PRIVATE DRIVE,,,,URBAN,N,N,N,,DAYLIGHT,CLOUDY,DRY,,FOUR-WAY INTERSECTION,,ASPHALT,IMPROPER TURNING,$2501 TO $5000,OPPOSITE DIRECTION SIDESWIPE,SPATTERSONDRSFAIRVIEWST,0,
INDIANA UNIV BLOOMINGTON PD,225006,MONROE,BLOOMINGTON,BLOOMINGTON,12/26/22,2:23 PM,2,,0,0,0,,E 10TH ST,,,,,E 10TH ST,STATE RD 46,,,,N,,0,,39.17156591,-86.50207893,STATE ROAD,,,,URBAN,N,N,N,,DAYLIGHT,CLOUDY,WET,,FOUR-WAY INTERSECTION,,ASPHALT,UNSAFE LANE MOVEMENT,$2501 TO $5000,SAME DIRECTION SIDESWIPE,STATERD46E10THST,0,
MONROE SD,M22A30969,MONROE,BLOOMINGTON,BLOOMINGTON,12/20/22,6:08 PM,1,,0,0,1,,N OLD STATE ROAD 37,,,,,N OLD STATE ROAD 37,E OLD MYERS RD,,,,N,,0,,39.23188992,-86.50632791,STATE ROAD,,,,RURAL,N,N,N,,DARK (NOT LIGHTED),CLEAR,DRY,,NO JUNCTION INVOLVED,,ASPHALT,ANIMAL/OBJECT IN ROADWAY,$2501 TO $5000,COLLISION WITH DEER,NOLDSTATEROAD37EOLDMYERSRD,0,
BLOOMINGTON PD,B22-43529,MONROE,PERRY,BLOOMINGTON,10/20/22,1:21 PM,3,,0,0,0,,S. COLLEGE MALL RD,,,,,S. COLLEGE MALL RD,E. BUICK CADILLAC BLVD,,,,Y,,300,,39.1581732,-86.4977961,LOCAL/CITY ROAD,,,,URBAN,N,N,N,,DAYLIGHT,CLEAR,DRY,,NO JUNCTION INVOLVED,,ASPHALT,FOLLOWING TOO CLOSELY,$5001 TO $10000,REAR END,S.COLLEGEMALLRDE.BUICKCADILLACBLVD,0,
MONROE SD,M22A29070,MONROE,CLEAR CREEK,,11/27/22,7:40 PM,1,,0,0,1,,S OLD STATE ROAD 37,,,,,S OLD STATE ROAD 37,,,,,N,,0,,39.0603229,-86.54089622,STATE ROAD,,,,RURAL,N,N,N,,DARK (NOT LIGHTED),RAIN,WET,,NO JUNCTION INVOLVED,,ASPHALT,ANIMAL/OBJECT IN ROADWAY,$1001 TO $2500,COLLISION WITH DEER,SOLDSTATEROAD37,0,
BLOOMINGTON PD,B22-44885,MONROE,BLOOMINGTON,BLOOMINGTON,10/27/22,8:48 PM,2,,0,0,0,529,N COLLEGE AVE,,,,,N COLLEGE AVE,,,,,Y,,0,,39.17284289,-86.53544009,LOCAL/CITY ROAD,,,,URBAN,N,N,N,,DARK (NOT LIGHTED),CLEAR,DRY,,NO JUNCTION INVOLVED,,CONCRETE,VIEW OBSTRUCTED,$5001 TO $10000,RIGHT ANGLE,NCOLLEGEAVE,0,
BLOOMINGTON PD,B2241574,MONROE,BLOOMINGTON,BLOOMINGTON,10/8/22,10:16 PM,2,0,0,0,0,,WALNUT,ST,,,,WALNUT,12TH,,,,Y,,100,S,39.17407736,-86.53347598,LOCAL/CITY ROAD,,N,N,URBAN,N,N,N,,DARK (LIGHTED),CLEAR,DRY,,NO JUNCTION INVOLVED,STRAIGHT/GRADE,ASPHALT,OVERCORRECTING/OVERSTEERING,$10001 TO $25000,SAME DIRECTION SIDESWIPE,12THSTWALNUTST,0,LANE CONTROL
ISP BLOOMINGTON 33,2.022E+11,MONROE,WASHINGTON,BLOOMINGTON,10/29/22,10:35 AM,1,,0,0,1,,I-69,,,,,I-69,,,130,,N,,0,,39.33216213,-86.51403976,INTERSTATE,,,,RURAL,N,N,N,,DAYLIGHT,CLEAR,DRY,,NO JUNCTION INVOLVED,,ASPHALT,ANIMAL/OBJECT IN ROADWAY,$5001 TO $10000,COLLISION WITH DEER,I-69130,0,
INDIANA UNIV BLOOMINGTON PD,224396,MONROE,BLOOMINGTON,BLOOMINGTON,11/8/22,4:15 PM,2,,0,0,0,,E 10TH ST,,,,,E 10TH ST,STATE RD 45,,,,Y,,0,,39.17154084,-86.50237746,STATE ROAD,,,,URBAN,N,N,N,,DAYLIGHT,CLEAR,DRY,,NO JUNCTION INVOLVED,,ASPHALT,FAILURE TO YIELD RIGHT OF WAY,$2501 TO $5000,REAR END,STATERD45E10THST,0,
BLOOMINGTON PD,B22-50866,MONROE,PERRY,BLOOMINGTON,12/7/22,10:26 PM,2,,0,0,0,,S WALNUT ST,,,,,S WALNUT ST,E 2ND ST,,,,Y,,0,,39.16133287,-86.53362004,LOCAL/CITY ROAD,,,,URBAN,N,N,N,,DARK (LIGHTED),CLOUDY,DRY,,FOUR-WAY INTERSECTION,,ASPHALT,WRONG WAY ON ONE WAY,$5001 TO $10000,LEFT TURN,SWALNUTSTE2NDST,0,
BLOOMINGTON PD,B22-47592,MONROE,PERRY,BLOOMINGTON,11/14/22,6:45 PM,2,,0,0,0,,528 S COLLEGE AVE,,,,,528 S COLLEGE AVE,,,,,Y,,0,,39.16080197,-86.5353883,PRIVATE DRIVE,,,,URBAN,N,N,N,,DARK (LIGHTED),CLEAR,DRY,,NO JUNCTION INVOLVED,,ASPHALT,FAILURE TO YIELD RIGHT OF WAY,$2501 TO $5000,RIGHT ANGLE,528SCOLLEGEAVE,0,
INDIANA UNIV BLOOMINGTON PD,224551,MONROE,BLOOMINGTON,BLOOMINGTON,11/17/22,10:20 PM,2,,0,0,0,,N CAMPBELL ST,,,,,N CAMPBELL ST,E 7TH ST,,,,Y,,422,,39.1694822,-86.51393241,LOCAL/CITY ROAD,,,,RURAL,N,N,N,,DARK (LIGHTED),CLEAR,DRY,,NO JUNCTION INVOLVED,,ASPHALT,IMPROPER PASSING,$5001 TO $10000,SAME DIRECTION SIDESWIPE,NCAMPBELLSTE7THST,0,
INDIANA UNIV BLOOMINGTON PD,224236,MONROE,BLOOMINGTON,BLOOMINGTON,11/1/22,2:13 PM,2,,0,0,0,,N INDIANA AVE,,,,,N INDIANA AVE,E KIRKWOOD AVE,,,,Y,,0,,39.16699823,-86.52695856,LOCAL/CITY ROAD,,,,URBAN,N,N,N,,DAYLIGHT,CLEAR,DRY,,NO JUNCTION INVOLVED,,ASPHALT,UNSAFE LANE MOVEMENT,$2501 TO $5000,SAME DIRECTION SIDESWIPE,NINDIANAAVEEKIRKWOODAVE,0,
BLOOMINGTON PD,B22-46391,MONROE,VAN BUREN,BLOOMINGTON,11/5/22,5:20 PM,2,,0,0,0,,W 3RD ST,,,,,W 3RD ST,I-69,,,,Y,,0,,39.16459467,-86.5740293,INTERSTATE,,,,URBAN,N,N,N,,DAYLIGHT,CLOUDY,DRY,,INTERCHANGE,,ASPHALT,DISREGARD SIGNAL/REG SIGN,$2501 TO $5000,RIGHT ANGLE,W3RDSTI-69,0,
MONROE SD,M22A27162,MONROE,WASHINGTON,BLOOMINGTON,11/5/22,6:09 AM,1,,0,0,0,,I-69,,,,,I-69,,,,,N,,158,,39.25059593,-86.52980214,INTERSTATE,,,,RURAL,N,N,N,,DARK (NOT LIGHTED),RAIN,WET,,NO JUNCTION INVOLVED,,ASPHALT,DRIVER ASLEEP OR FATIGUED,$5001 TO $10000,SAME DIRECTION SIDESWIPE,I-69,0,
ISP BLOOMINGTON 33,2.022E+11,MONROE,RICHLAND,BLOOMINGTON,11/9/22,9:19 AM,1,,0,0,1,,STATE RD 46,,,,,STATE RD 46,W ARLINGTON RD,,,,N,,0,,39.20726115,-86.57966668,STATE ROAD,,,,RURAL,N,N,N,,DARK (NOT LIGHTED),CLEAR,DRY,,NO JUNCTION INVOLVED,,ASPHALT,ANIMAL/OBJECT IN ROADWAY,$2501 TO $5000,COLLISION WITH DEER,WARLINGTONRDSTATERD46,0,
ISP BLOOMINGTON 33,2.02201E+11,MONROE,BLOOMINGTON,BLOOMINGTON,11/27/22,6:30 AM,2,,0,0,0,,I69,,,,,I69,,,119,,Y,,0,,39.1746449,-86.56484074,INTERSTATE,,,,URBAN,N,N,N,,DARK (NOT LIGHTED),RAIN,WET,,NO JUNCTION INVOLVED,,ASPHALT,SPEED TOO FAST FOR WEATHER CONDITIONS,$5001 TO $10000,REAR END,I69119,0,
INDIANA UNIV BLOOMINGTON PD,224127,MONROE,BLOOMINGTON,BLOOMINGTON,10/26/22,9:25 AM,2,,0,0,0,,E 3RD ST,,,,,E 3RD ST,S WOODLAWN AVE,,,,Y,,0,,39.16426255,-86.52198441,LOCAL/CITY ROAD,,,,URBAN,N,N,N,,DAYLIGHT,RAIN,WET,,T-INTERSECTION,,ASPHALT,UNSAFE LANE MOVEMENT,$10001 TO $25000,SAME DIRECTION SIDESWIPE,SWOODLAWNAVEE3RDST,0,
MONROE SD,M22A29646,MONROE,BLOOMINGTON,BLOOMINGTON,12/3/22,4:37 PM,2,,0,0,0,,W TAPP RD,,,117,,W TAPP RD,,,,,N,,0,,39.13688433,-86.57413486,LOCAL/CITY ROAD,,,,RURAL,N,N,N,,DAYLIGHT,CLEAR,DRY,,TRAFFIC CIRCLE/ROUNDABOUT,,ASPHALT,FAILURE TO YIELD RIGHT OF WAY,$2501 TO $5000,SAME DIRECTION SIDESWIPE,WTAPPRD117,0,
INDIANA UNIV BLOOMINGTON PD,224814,MONROE,BLOOMINGTON,BLOOMINGTON,12/8/22,10:37 AM,2,,0,0,0,,STATE RD 45,,,,,STATE RD 45,E 10TH ST,,,,Y,,0,,39.17253895,-86.50286026,STATE ROAD,,,,RURAL,N,N,N,,DAYLIGHT,CLOUDY,WET,,FOUR-WAY INTERSECTION,,ASPHALT,FOLLOWING TOO CLOSELY,$2501 TO $5000,REAR END,STATERD45E10THST,0,
BLOOMINGTON PD,B22-53528,MONROE,BLOOMINGTON,BLOOMINGTON,12/27/22,2:01 PM,2,,0,0,0,,W 3RD ST,,,,,W 3RD ST,I-69 SB OFF RAMP,,,,Y,,0,,39.16465698,-86.57429463,LOCAL/CITY ROAD,,,,URBAN,N,N,N,,DAYLIGHT,CLOUDY,SNOW/SLUSH,,FOUR-WAY INTERSECTION,,ASPHALT,FAILURE TO YIELD RIGHT OF WAY,$2501 TO $5000,SAME DIRECTION SIDESWIPE,W3RDSTI-69SBOFFRAMP,0,
BLOOMINGTON PD,B22-45772,MONROE,BLOOMINGTON,BLOOMINGTON,11/2/22,1:40 AM,2,,0,0,0,,2300 N WALNUT,,,,,2300 N WALNUT,,,,,Y,,0,,39.18704034,-86.53367816,PRIVATE DRIVE,,,,URBAN,N,N,N,,DARK (LIGHTED),CLEAR,DRY,,NO JUNCTION INVOLVED,,ASPHALT,IMPROPER TURNING,$2501 TO $5000,OPPOSITE DIRECTION SIDESWIPE,2300NWALNUT,0,
INDIANA UNIV BLOOMINGTON PD,224461,MONROE,BLOOMINGTON,BLOOMINGTON,11/12/22,12:30 PM,2,,0,0,0,,E 10TH ST,,,,,E 10TH ST,N CAMPBELL ST,,,,Y,,0,,39.17156579,-86.51360518,LOCAL/CITY ROAD,,,,URBAN,N,Y,N,,DAYLIGHT,SNOW,WET,,T-INTERSECTION,,ASPHALT,FOLLOWING TOO CLOSELY,$1001 TO $2500,REAR END,NCAMPBELLSTE10THST,0,
BLOOMINGTON PD,B22-48343,MONROE,BLOOMINGTON,BLOOMINGTON,11/20/22,3:02 PM,2,,0,0,0,,E VARSITY LN,,,,,E VARSITY LN,N DUNN ST,,,,Y,,0,,39.18308067,-86.52924265,PRIVATE DRIVE,,,,URBAN,N,N,N,,DAYLIGHT,CLEAR,ICE,,T-INTERSECTION,,ASPHALT,OTHER (DRIVER) - EXPLAIN IN NARRATIVE,$2501 TO $5000,RIGHT ANGLE,NDUNNSTEVARSITYLN,0,
MONROE SD,M22A28892,MONROE,RICHLAND,ELLETTSVILLE,11/25/22,4:23 PM,2,,0,0,0,,STATE RD 46,,,,,STATE RD 46,W RAINTREE LN,,,,Y,,0,,39.21134757,-86.58512049,STATE ROAD,,,,URBAN,N,N,N,,DAYLIGHT,CLEAR,DRY,,NO JUNCTION INVOLVED,,ASPHALT,FAILURE TO MAINTAIN LANE,$1001 TO $2500,SAME DIRECTION SIDESWIPE,WRAINTREELNSTATERD46,0,
MONROE SD,M22A27178,MONROE,RICHLAND,BLOOMINGTON,11/5/22,9:19 AM,2,,0,0,0,,N CURRY PIKE,,,,,N CURRY PIKE,W VERNAL PIKE,,,,N,,0,,39.17912619,-86.58309819,LOCAL/CITY ROAD,,,,URBAN,N,N,N,,DAYLIGHT,CLEAR,DRY,,FOUR-WAY INTERSECTION,,ASPHALT,INSECURE/LEAKY LOAD,$5001 TO $10000,RIGHT ANGLE,WVERNALPIKENCURRYPIKE,0,
BLOOMINGTON PD,B22-48242,MONROE,,BLOOMINGTON,11/19/22,12:49 PM,3,,0,0,0,,WASHINGTON ST,,,,,WASHINGTON ST,WILSON ST,,,,Y,,0,,39.151482,-86.532523,LOCAL/CITY ROAD,,,,URBAN,N,N,N,,DAYLIGHT,CLEAR,DRY,,FOUR-WAY INTERSECTION,,ASPHALT,FAILURE TO YIELD RIGHT OF WAY,$10001 TO $25000,RIGHT ANGLE,WILSONSTWASHINGTONST,0,
BLOOMINGTON PD,B22-54050,MONROE,BLOOMINGTON,BLOOMINGTON,12/31/22,4:09 PM,2,,0,0,0,,N KINSER PIKE,,,,,N KINSER PIKE,W GOURLEY PIKE,,,,Y,,0,,39.18507231,-86.53775401,LOCAL/CITY ROAD,,,,URBAN,N,N,N,,DAYLIGHT,CLEAR,DRY,,FOUR-WAY INTERSECTION,,ASPHALT,DISREGARD SIGNAL/REG SIGN,$1001 TO $2500,RIGHT ANGLE,WGOURLEYPIKENKINSERPIKE,0,
MONROE SD,M22A31472,MONROE,RICHLAND,BLOOMINGTON,12/28/22,6:44 PM,3,,0,0,0,,W 3RD ST,,,,,W 3RD ST,S PARK SQUARE DR,,,,N,,0,,39.16471806,-86.59256221,COUNTY ROAD,,,,RURAL,N,N,N,,DARK (NOT LIGHTED),CLOUDY,DRY,,FOUR-WAY INTERSECTION,,ASPHALT,FOLLOWING TOO CLOSELY,$10001 TO $25000,REAR END,W3RDSTSPARKSQUAREDR,0,
BLOOMINGTON PD,B22-52622,MONROE,BLOOMINGTON,BLOOMINGTON,12/19/22,1:27 PM,1,,1,0,0,,2813 E 3RD ST,,,,,2813 E 3RD ST,,,,,Y,,0,,39.16556576,-86.49597592,PRIVATE DRIVE,,,,URBAN,N,N,N,,DAYLIGHT,CLOUDY,DRY,,NO JUNCTION INVOLVED,,ASPHALT,VIEW OBSTRUCTED,UNDER $1001,LEFT TURN,2813E3RDST,1,
ISP BLOOMINGTON 33,2.02201E+11,MONROE,SALT CREEK,BLOOMINGTON,12/26/22,10:30 AM,1,,1,0,0,,SR46,,,,,SR46,CONARD DR,,,,N,,1000,,39.15275039,-86.37809326,STATE ROAD,,,,RURAL,N,N,N,,DAYLIGHT,SNOW,SNOW/SLUSH,,NO JUNCTION INVOLVED,,ASPHALT,FAILURE TO MAINTAIN LANE,UNDER $1001,RAN OFF ROAD,SR46CONARDDR,0,