Agency,Local Code,County,Township,City,Collision Date,Collision Time,Vehicles Involved,Trailers Involved,Number Injured,Number Dead,Number Deer,House Number,Roadway Name,Roadway Suffix,Roadway Number,Roadway Interchange,Roadway Ramp,Roadway Id,Intersecting Road,Intersecting Road Number,Mile Marker,Interchange,Corporate Limits?,Property Type,Feet From,Direction,Latitude,Longitude,Roadway Class,Traffic Control Devices?,Aggressive Driving?,Hit and Run?,Locality,School Zone?,Rumble Strips?,Construction?,Construction Type,Light Condition,Weather Conditions,Surface Condition,Type of Median,Roadway Junction Type,Road Character,Roadway Surface,Primary Factor,Damage Estimate,Manner of Collision,Unique Location Id,State Property Damage?,Traffic Control
ELLETTSVILLE PD,E22-05238,MONROE,RICHLAND,ELLETTSVILLE,12/15/22,7:21 AM,2,,0,0,0,,STATE ROAD 46,,,,,STATE ROAD 46,UNION VALLEY ROAD,,,,Y,,0,,39.21512919,-86.59267593,STATE ROAD,,,,URBAN,N,N,N,,DARK (NOT LIGHTED),CLOUDY,WET,,FOUR-WAY INTERSECTION,,ASPHALT,FOLLOWING TOO CLOSELY,$1001 TO $2500,REAR TO REAR,UNIONVALLEYROADSTATEROAD46,0,
BLOOMINGTON PD,B22-48142,MONROE,PERRY,BLOOMINGTON,11/18/22,6:44 PM,2,,3,0,0,,S OLD STATE ROAD 37,,,,,S OLD STATE ROAD 37,E BURKS DR,,,,Y,,0,,39.12675428,-86.53133577,LOCAL/CITY ROAD,,,,URBAN,N,N,N,,DAYLIGHT,CLEAR,DRY,,T-INTERSECTION,,ASPHALT,FOLLOWING TOO CLOSELY,$10001 TO $25000,REAR END,SOLDSTATEROAD37EBURKSDR,0,
BLOOMINGTON PD,B22-45503,MONROE,PERRY,BLOOMINGTON,10/31/22,3:14 PM,2,,0,0,0,,S COLLEGE MALL RD,,,,,S COLLEGE MALL RD,E 2ND ST,,,,Y,,317,,39.16146553,-86.49777413,LOCAL/CITY ROAD,,,,URBAN,N,N,N,,DAYLIGHT,CLOUDY,WET,,FOUR-WAY INTERSECTION,,ASPHALT,FOLLOWING TOO CLOSELY,$2501 TO $5000,REAR END,SCOLLEGEMALLRDE2NDST,0,
ISP BLOOMINGTON 33,2.02201E+11,MONROE,BLOOMINGTON,BLOOMINGTON,12/24/22,5:55 PM,1,,0,0,0,,I-69,,,,,I-69,,,,,Y,,0,,39.11313682,-86.56238725,INTERSTATE,,,,URBAN,N,N,N,,DARK (LIGHTED),CLEAR,WET,,INTERCHANGE,,ASPHALT,FAILURE TO MAINTAIN LANE,$5001 TO $10000,SAME DIRECTION SIDESWIPE,I-69,0,
BLOOMINGTON PD,B22-50788,MONROE,PERRY,BLOOMINGTON,12/7/22,12:25 PM,2,,0,0,0,,S. ROGERS ST,,,,,S. ROGERS ST,COUNTRY CLUB DR,,,,Y,,500,,39.136014,-86.538267,LOCAL/CITY ROAD,,,,URBAN,N,N,N,,DAYLIGHT,CLOUDY,WET,,FOUR-WAY INTERSECTION,,ASPHALT,FOLLOWING TOO CLOSELY,$1001 TO $2500,REAR END,S.ROGERSSTCOUNTRYCLUBDR,0,
BLOOMINGTON PD,B22-53100,MONROE,PERRY,BLOOMINGTON,12/22/22,10:45 AM,2,,0,0,0,,2900 W. 3RD ST,,,,,2900 W. 3RD ST,I 69 RAMP,,,,Y,,0,,39.16467656,-86.57174328,LOCAL/CITY ROAD,,,,URBAN,N,N,N,,DAYLIGHT,RAIN,WET,,FOUR-WAY INTERSECTION,,CONCRETE,FOLLOWING TOO CLOSELY,$1001 TO $2500,REAR END,I69RAMP2900W.3RDST,0,
BLOOMINGTON PD,B22-52603,MONROE,VAN BUREN,BLOOMINGTON,12/19/22,10:50 AM,3,,2,0,0,,S CURRY PIKE,,,,,S CURRY PIKE,W STATE RD 45,,,,Y,,0,,39.1420376,-86.5796966,LOCAL/CITY ROAD,,,,URBAN,N,N,N,,DAYLIGHT,CLOUDY,DRY,,FOUR-WAY INTERSECTION,,ASPHALT,DRIVER DISTRACTED - EXPLAIN IN NARRATIVE,$10001 TO $25000,REAR END,WSTATERD45SCURRYPIKE,0,
BLOOMINGTON PD,B22-45689,MONROE,PERRY,BLOOMINGTON,11/1/22,3:20 PM,2,,0,0,0,,S JORDAN AVE,,,,,S JORDAN AVE,E ATWATER AVE,,,,Y,,0,,39.16308385,-86.51641583,LOCAL/CITY ROAD,,,,URBAN,N,N,N,,DAYLIGHT,CLEAR,DRY,,FOUR-WAY INTERSECTION,,ASPHALT,FOLLOWING TOO CLOSELY,$2501 TO $5000,REAR END,SJORDANAVEEATWATERAVE,0,
MONROE SD,M22A26984,MONROE,PERRY,BLOOMINGTON,11/3/22,5:41 AM,1,,0,0,1,,STATE RD 446,,,,,STATE RD 446,,,,,N,,0,,39.10864531,-86.43084812,STATE ROAD,,,,RURAL,N,N,N,,DARK (NOT LIGHTED),CLEAR,DRY,,NO JUNCTION INVOLVED,,CONCRETE,ANIMAL/OBJECT IN ROADWAY,$1001 TO $2500,COLLISION WITH DEER,STATERD446,0,
ISP BLOOMINGTON 33,2.02201E+11,MONROE,VAN BUREN,BLOOMINGTON,12/9/22,11:50 AM,4,,1,0,0,,W STATE RD 45,,,,,W STATE RD 45,INDUSTRIAL BLVD,,,,Y,,0,,39.14360805,-86.58031602,STATE ROAD,,,,URBAN,N,N,N,,DAYLIGHT,CLOUDY,DRY,,FOUR-WAY INTERSECTION,,ASPHALT,DISREGARD SIGNAL/REG SIGN,$25001 TO $50000,RIGHT ANGLE,WSTATERD45INDUSTRIALBLVD,0,
BLOOMINGTON PD,B22-51151,MONROE,VAN BUREN,BLOOMINGTON,12/9/22,4:13 PM,2,,0,0,0,,W 3RD ST,,,,,W 3RD ST,S LIBERTY DR,,,,Y,,200,,39.16458941,-86.57918619,LOCAL/CITY ROAD,,,,URBAN,N,N,N,,DAYLIGHT,CLOUDY,WET,,NO JUNCTION INVOLVED,,ASPHALT,FOLLOWING TOO CLOSELY,$1001 TO $2500,REAR END,W3RDSTSLIBERTYDR,0,
BLOOMINGTON PD,B22-51130,MONROE,VAN BUREN,BLOOMINGTON,12/9/22,2:27 PM,2,,0,0,0,,W CEDAR CHASE RD,,,,,W CEDAR CHASE RD,S LEONARD SPRINGS DR,,,,Y,,0,,39.13042923,-86.58259209,LOCAL/CITY ROAD,,,,URBAN,N,N,N,,DAYLIGHT,CLEAR,DRY,,T-INTERSECTION,,ASPHALT,FAILURE TO YIELD RIGHT OF WAY,$5001 TO $10000,RIGHT ANGLE,WCEDARCHASERDSLEONARDSPRINGSDR,0,
MONROE SD,M22A28479,MONROE,PERRY,BLOOMINGTON,11/20/22,3:20 PM,2,,0,0,0,,S OLD STATE ROAD 37,,,,,S OLD STATE ROAD 37,S OLD STATE ROAD 37,,,,Y,,0,,39.12038709,-86.53049998,PRIVATE DRIVE,,,,URBAN,N,N,N,,DAYLIGHT,CLOUDY,DRY,,NO JUNCTION INVOLVED,,ASPHALT,FAILURE TO YIELD RIGHT OF WAY,$1001 TO $2500,BACKING CRASH,SOLDSTATEROAD37SOLDSTATEROAD37,0,
BLOOMINGTON PD,B22-47943,MONROE,PERRY,BLOOMINGTON,11/17/22,12:43 PM,2,,0,0,0,,S WALNUT ST,,,,,S WALNUT ST,S MONON DR,,,,Y,,0,,39.15213803,-86.53369529,LOCAL/CITY ROAD,,,,URBAN,N,N,N,,DAYLIGHT,CLOUDY,DRY,,NO JUNCTION INVOLVED,,ASPHALT,UNSAFE LANE MOVEMENT,$2501 TO $5000,SAME DIRECTION SIDESWIPE,SWALNUTSTSMONONDR,0,
BLOOMINGTON PD,B22-51541,MONROE,PERRY,BLOOMINGTON,12/10/22,10:00 AM,2,,0,0,0,,S HIGH ST,,,,,S HIGH ST,E 2ND ST,,,,Y,,0,,39.16096003,-86.50847858,LOCAL/CITY ROAD,,,,URBAN,N,N,N,,DAYLIGHT,CLOUDY,DRY,,FOUR-WAY INTERSECTION,,ASPHALT,OTHER (DRIVER) - EXPLAIN IN NARRATIVE,UNDER $1001,SAME DIRECTION SIDESWIPE,SHIGHSTE2NDST,0,
MONROE SD,M22A29510,MONROE,RICHLAND,BLOOMINGTON,12/2/22,6:57 AM,1,,0,0,1,,W MALLORY RD,,,,,W MALLORY RD,N STARNES RD,,,,N,,0,,39.20511261,-86.67958789,LOCAL/CITY ROAD,,,,RURAL,N,N,N,,DARK (NOT LIGHTED),CLEAR,DRY,,NO JUNCTION INVOLVED,,GRAVEL,ANIMAL/OBJECT IN ROADWAY,$1001 TO $2500,COLLISION WITH DEER,WMALLORYRDNSTARNESRD,0,
BLOOMINGTON PD,B22-53106,MONROE,VAN BUREN,BLOOMINGTON,12/22/22,12:36 PM,2,,0,0,0,,3702 W. 3RD ST,,,,,3702 W. 3RD ST,,,,,Y,,0,,0,0,PRIVATE DRIVE,,,,URBAN,N,N,N,,DAYLIGHT,RAIN,WET,,NO JUNCTION INVOLVED,,ASPHALT,UNSAFE BACKING,$2501 TO $5000,BACKING CRASH,3702W.3RDST,0,
BLOOMINGTON PD,B22-50931,MONROE,PERRY,BLOOMINGTON,12/8/22,10:57 AM,1,,0,0,0,120,E MILLER DR,,,,,E MILLER DR,,,,,Y,,0,,39.14691053,-86.53006173,PRIVATE DRIVE,,,,URBAN,N,N,N,,DAYLIGHT,RAIN,WET,,NO JUNCTION INVOLVED,,ASPHALT,UNSAFE BACKING,$2501 TO $5000,BACKING CRASH,EMILLERDR,0,
MONROE SD,M22A29740,MONROE,BLOOMINGTON,BLOOMINGTON,12/5/22,7:20 AM,2,,0,0,0,,W WALKER LN,,,,,W WALKER LN,N MT TABOR RD,,,,N,,0,,39.29355868,-86.62639764,COUNTY ROAD,,,,RURAL,N,N,N,,DARK (NOT LIGHTED),CLEAR,DRY,,T-INTERSECTION,,ASPHALT,IMPROPER TURNING,$2501 TO $5000,RIGHT ANGLE,WWALKERLNNMTTABORRD,0,
BLOOMINGTON PD,B22-33799,MONROE,PERRY,BLOOMINGTON,8/26/22,5:03 PM,2,,1,0,0,,W BLOOMFIELD RD,,,,,W BLOOMFIELD RD,S PATTERSON DR,,,,Y,,0,,39.16074374,-86.54842562,LOCAL/CITY ROAD,,,,URBAN,N,N,N,,DAYLIGHT,CLEAR,DRY,,FOUR-WAY INTERSECTION,,ASPHALT,FOLLOWING TOO CLOSELY,$10001 TO $25000,REAR END,WBLOOMFIELDRDSPATTERSONDR,0,
ISP BLOOMINGTON 33,2.022E+11,MONROE,BLOOMINGTON,BLOOMINGTON,1/16/22,5:50 AM,1,,0,0,0,,I-69,,,,,I-69,,,120,,Y,,898,,39.20444874,-86.55398315,INTERSTATE,,,,URBAN,N,N,N,,DARK (NOT LIGHTED),CLEAR,DRY,,NO JUNCTION INVOLVED,,ASPHALT,,$10001 TO $25000,,I-69120,0,
MONROE SD,M22A1094,MONROE,PERRY,BLOOMINGTON,1/15/22,3:51 AM,1,,0,0,0,,S FAIRFAX RD,,,,,S FAIRFAX RD,,,,,N,,0,,39.07866551,-86.51229913,COUNTY ROAD,,,,RURAL,N,N,N,,DARK (NOT LIGHTED),SNOW,DRY,,NO JUNCTION INVOLVED,,ASPHALT,DRIVER DISTRACTED - EXPLAIN IN NARRATIVE,$25001 TO $50000,RAN OFF ROAD,SFAIRFAXRD,0,
BLOOMINGTON PD,B22-00692,MONROE,PERRY,BLOOMINGTON,1/7/22,11:36 AM,1,,0,0,0,,1300 S. PATTERSON DR,,,,,1300 S. PATTERSON DR,,,,,Y,,0,,0,0,LOCAL/CITY ROAD,,,,URBAN,N,N,N,,DAYLIGHT,CLEAR,DRY,,NO JUNCTION INVOLVED,,ASPHALT,OVERCORRECTING/OVERSTEERING,$2501 TO $5000,RAN OFF ROAD,1300S.PATTERSONDR,0,
BLOOMINGTON PD,B22-01643,MONROE,BLOOMINGTON,BLOOMINGTON,1/15/22,11:30 PM,1,,0,0,0,,E GLENDORA DR,,,,,E GLENDORA DR,N WALNUT ST,,,,Y,,0,,39.19030289,-86.53309948,LOCAL/CITY ROAD,,,,URBAN,N,N,N,,DARK (LIGHTED),CLEAR,DRY,,T-INTERSECTION,,ASPHALT,UNSAFE SPEED,$2501 TO $5000,RAN OFF ROAD,NWALNUTSTEGLENDORADR,0,
INDIANA UNIV BLOOMINGTON PD,220039,MONROE,BLOOMINGTON,BLOOMINGTON,1/7/22,2:00 PM,2,,0,0,0,,N UNION ST,,,,,N UNION ST,,,,,Y,,0,,39.17009406,-86.50927549,,,,,URBAN,N,N,N,,DAYLIGHT,CLEAR,DRY,,NO JUNCTION INVOLVED,,ASPHALT,UNSAFE SPEED,$5001 TO $10000,RIGHT ANGLE,NUNIONST,0,
BLOOMINGTON PD,B22-01133,MONROE,BLOOMINGTON,BLOOMINGTON,1/11/22,12:31 PM,2,,0,0,0,,W. 17TH ST,,,,,W. 17TH ST,N. MONROE ST,,,,Y,,0,,39.1789559,-86.5472088,LOCAL/CITY ROAD,,,,URBAN,Y,N,N,,DAYLIGHT,CLEAR,DRY,,TRAFFIC CIRCLE/ROUNDABOUT,,ASPHALT,FAILURE TO YIELD RIGHT OF WAY,$2501 TO $5000,RIGHT ANGLE,W.17THSTN.MONROEST,0,
BLOOMINGTON PD,B22-02129,MONROE,PERRY,BLOOMINGTON,1/20/22,10:00 AM,2,,0,0,0,,S COLLEGE MALL RD,,,,,S COLLEGE MALL RD,E MOORES PIKE,,,,Y,,0,,39.15112089,-86.49778552,LOCAL/CITY ROAD,,,,URBAN,N,N,N,,DAYLIGHT,CLOUDY,DRY,,FOUR-WAY INTERSECTION,,ASPHALT,FOLLOWING TOO CLOSELY,$1001 TO $2500,REAR END,SCOLLEGEMALLRDEMOORESPIKE,0,
BLOOMINGTON PD,B22-02030,MONROE,PERRY,BLOOMINGTON,1/19/22,1:37 PM,2,,0,0,0,,S PETE ELLIS DR,,,,,S PETE ELLIS DR,E 3RD ST,,,,N,,0,,39.16433814,-86.49492436,LOCAL/CITY ROAD,,,,URBAN,N,N,N,,DAYLIGHT,CLOUDY,DRY,,FOUR-WAY INTERSECTION,,ASPHALT,DISREGARD SIGNAL/REG SIGN,$2501 TO $5000,RIGHT ANGLE,SPETEELLISDRE3RDST,0,
BLOOMINGTON PD,B22-00390,MONROE,BLOOMINGTON,BLOOMINGTON,1/5/22,7:10 AM,2,,0,0,0,,W 3RD ST,,,,,W 3RD ST,S WALNUT ST,,,,Y,,0,,39.16459528,-86.53377003,LOCAL/CITY ROAD,,,,URBAN,N,N,N,,DARK (LIGHTED),CLOUDY,DRY,,FOUR-WAY INTERSECTION,,ASPHALT,OTHER (DRIVER) - EXPLAIN IN NARRATIVE,$5001 TO $10000,RIGHT ANGLE,W3RDSTSWALNUTST,0,
MONROE SD,M22A1226,MONROE,,BLOOMINGTON,1/17/22,7:08 AM,2,,0,0,0,,S STRAIN RIDGE RD,,,,,S STRAIN RIDGE RD,E MONROE DAM RD,,,,N,,100,,39.0185377,-86.5229058,LOCAL/CITY ROAD,,,,RURAL,N,N,N,,DAWN/DUSK,CLOUDY,ICE,,NO JUNCTION INVOLVED,,ASPHALT,ROADWAY SURFACE CONDITION,$5001 TO $10000,RIGHT ANGLE,SSTRAINRIDGERDEMONROEDAMRD,0,
BLOOMINGTON PD,B2200071,MONROE,BLOOMINGTON,BLOOMINGTON,1/1/22,6:38 PM,1,0,0,0,0,,,,SR46W,,,SR46W,KINSER PIKE,,,,Y,,,,39.186544,-86.537888,STATE ROAD,,N,N,URBAN,N,N,N,,DARK (NOT LIGHTED),RAIN,WET,,FOUR-WAY INTERSECTION,STRAIGHT/LEVEL,ASPHALT,PEDESTRIAN ACTION,UNDER $1001,OTHER - EXPLAIN IN NARRATIVE,KINSERPIKERDSR46W,1,NONE
MONROE SD,M22A587,MONROE,INDIAN CREEK,BLOOMINGTON,1/8/22,4:56 PM,1,0,0,0,0,,S HARMONY,RD,,,,S HARMONY,S MOUNT ZION,,,,N,,500,N,39.068352,-86.626,COUNTY ROAD,,N,N,RURAL,N,N,N,,DAYLIGHT,RAIN,ICE,,NO JUNCTION INVOLVED,STRAIGHT/LEVEL,ASPHALT,SPEED TOO FAST FOR WEATHER CONDITIONS,$5001 TO $10000,RAN OFF ROAD,SHARMONYRDSMOUNTZIONRD,0,NONE
MONROE SD,M22A729,MONROE,BLOOMINGTON,BLOOMINGTON,1/10/22,3:15 PM,2,0,0,0,0,,WEST 11TH,ST,,,,WEST 11TH,NORTH MAPLE,,,,Y,,,,39.173408,-86.542,LOCAL/CITY ROAD,,N,N,URBAN,N,N,N,,DAYLIGHT,CLEAR,DRY,,FOUR-WAY INTERSECTION,STRAIGHT/GRADE,ASPHALT,FAILURE TO YIELD RIGHT OF WAY,$1001 TO $2500,RIGHT ANGLE,NORTHMAPLESTWEST11THST,0,STOP SIGN
MONROE SD,M22A41,MONROE,PERRY,BLOOMINGTON,1/1/22,4:04 PM,1,0,0,0,0,,E ROGERS,RD,,,,E ROGERS,S SNODDY,,,,Y,PRIVATE,,,39.13576,-86.489488,OTHER,,N,N,URBAN,N,N,N,,DAYLIGHT,RAIN,WET,,T-INTERSECTION,STRAIGHT/GRADE,ASPHALT,DRIVER DISTRACTED - EXPLAIN IN NARRATIVE,$1001 TO $2500,RAN OFF ROAD,EROGERSRDSSNODDYRD,0,STOP SIGN
BLOOMINGTON PD,B22-00958,MONROE,BLOOMINGTON,BLOOMINGTON,1/9/22,5:00 PM,1,,0,0,0,,N MAPLE ST,,,,,N MAPLE ST,W 13TH ST,,,,Y,,0,,39.17524411,-86.54206875,,,,,URBAN,N,N,N,,DAYLIGHT,CLEAR,DRY,,FOUR-WAY INTERSECTION,,ASPHALT,UNSAFE SPEED,$1001 TO $2500,OTHER - EXPLAIN IN NARRATIVE,W13THSTNMAPLEST,0,
BLOOMINGTON PD,B22-01927,MONROE,VAN BUREN,BLOOMINGTON,1/18/22,2:27 PM,2,,0,0,0,,S LIBERTY DR,,,,,S LIBERTY DR,W 3RD ST,,,,N,,0,,39.16306122,-86.57912827,LOCAL/CITY ROAD,,,,URBAN,N,N,N,,DAYLIGHT,CLEAR,DRY,,T-INTERSECTION,,ASPHALT,FAILURE TO YIELD RIGHT OF WAY,$1001 TO $2500,SAME DIRECTION SIDESWIPE,W3RDSTSLIBERTYDR,0,
ELLETTSVILLE PD,E22-04611,MONROE,RICHLAND,ELLETTSVILLE,11/7/22,4:45 PM,2,,0,0,0,,W STATE RD 46,,,,,W STATE RD 46,OUTBACK RD,,,,Y,,0,,39.21448876,-86.59190615,STATE ROAD,,,,URBAN,N,N,N,,DAYLIGHT,CLEAR,DRY,,FOUR-WAY INTERSECTION,,ASPHALT,DRIVER DISTRACTED - EXPLAIN IN NARRATIVE,$2501 TO $5000,REAR END,WSTATERD46OUTBACKRD,0,
INDIANA UNIV BLOOMINGTON PD,220228,MONROE,BLOOMINGTON,BLOOMINGTON,1/23/22,9:30 AM,2,,0,0,0,2651,E. DISCOVERTY PRKWY,,,,,E. DISCOVERTY PRKWY,,,,,Y,,0,,39.17852729,-86.5001244,LOCAL/CITY ROAD,,,,URBAN,N,N,N,,DAYLIGHT,SNOW,SNOW/SLUSH,,NO JUNCTION INVOLVED,,ASPHALT,FAILURE TO MAINTAIN LANE,$2501 TO $5000,OPPOSITE DIRECTION SIDESWIPE,E.DISCOVERTYPRKWY,0,
BLOOMINGTON PD,B22-00234,MONROE,PERRY,BLOOMINGTON,1/3/22,5:10 PM,2,,0,0,0,,W BLOOMFIELD RD,,,,,W BLOOMFIELD RD,S RANSOM LN,,,,Y,,0,,39.15911417,-86.55553915,LOCAL/CITY ROAD,,,,URBAN,N,N,N,,DAYLIGHT,CLEAR,DRY,,NO JUNCTION INVOLVED,,ASPHALT,FOLLOWING TOO CLOSELY,$10001 TO $25000,REAR END,WBLOOMFIELDRDSRANSOMLN,0,
BLOOMINGTON PD,B22-00824,MONROE,PERRY,BLOOMINGTON,1/8/22,11:07 AM,2,,0,0,0,,3100 BLK W. SR45,,,,,3100 BLK W. SR45,I69/37 OVERPASS,,,,Y,,200,,0,0,STATE ROAD,,,,URBAN,N,N,N,,DAYLIGHT,CLOUDY,DRY,,NO JUNCTION INVOLVED,,CONCRETE,UNSAFE LANE MOVEMENT,$2501 TO $5000,SAME DIRECTION SIDESWIPE,I69/37OVERPASS3100BLKW.SR45,0,
BLOOMINGTON PD,B22-02013,MONROE,BLOOMINGTON,BLOOMINGTON,1/19/22,10:59 AM,2,,1,0,0,,W. 17TH ST,,,,,W. 17TH ST,N. COLLEGE AVE,,,,Y,,0,,39.179002,-86.534699,LOCAL/CITY ROAD,,,,URBAN,N,N,N,,DAYLIGHT,CLOUDY,DRY,,FOUR-WAY INTERSECTION,,ASPHALT,DISREGARD SIGNAL/REG SIGN,$5001 TO $10000,RIGHT ANGLE,W.17THSTN.COLLEGEAVE,0,
MONROE SD,M22A1091,MONROE,RICHLAND,BLOOMINGTON,1/15/22,1:44 AM,1,,0,0,1,,N HARTSTRAIT RD,,,,,N HARTSTRAIT RD,W WALCOTT LN,,,,N,,634,,39.20021988,-86.61130974,COUNTY ROAD,,,,RURAL,N,N,N,,DARK (NOT LIGHTED),CLEAR,DRY,,NO JUNCTION INVOLVED,,ASPHALT,ANIMAL/OBJECT IN ROADWAY,$5001 TO $10000,COLLISION WITH DEER,WWALCOTTLNNHARTSTRAITRD,0,
ELLETTSVILLE PD,E2200103,MONROE,RICHLAND,ELLETTSVILLE,1/8/22,5:50 PM,1,0,0,0,0,,MCNEELY,ST,,,,MCNEELY,MATTHEWS,,,,Y,,300,E,39.2382122,-86.62391288,LOCAL/CITY ROAD,,N,N,RURAL,N,N,N,,DARK (NOT LIGHTED),SLEET/HAIL/FREEZING RAIN,ICE,,T-INTERSECTION,STRAIGHT/GRADE,ASPHALT,ROADWAY SURFACE CONDITION,UNDER $1001,RAN OFF ROAD,MATTHEWSDRMCNEELYST,0,LANE CONTROL
BLOOMINGTON PD,B2200144,MONROE,RICHLAND,BLOOMINGTON,1/2/22,4:00 PM,2,0,0,0,0,,,,SR46W,,,SR46W,N KINSER,,,,Y,,,,39.186437,-86.537723,STATE ROAD,Y,N,N,URBAN,N,N,N,,DAYLIGHT,CLOUDY,DRY,,FOUR-WAY INTERSECTION,STRAIGHT/LEVEL,ASPHALT,IMPROPER TURNING,$5001 TO $10000,LEFT TURN,NKINSERPIKESR46W,0,TRAFFIC CONTROL SIGNAL
ISP BLOOMINGTON 33,2.022E+11,MONROE,PERRY,BLOOMINGTON,1/8/22,2:35 PM,1,,0,0,0,,I-69,,,,,I-69,,,105.5,,N,,0,,39.05784751,-86.6813022,INTERSTATE,,,,RURAL,N,N,N,,DAYLIGHT,SLEET/HAIL/FREEZING RAIN,ICE,,NO JUNCTION INVOLVED,,CONCRETE,,$2501 TO $5000,RAN OFF ROAD,I-69105.5,0,
MONROE SD,M22A8611,MONROE,VAN BUREN,BLOOMINGTON,4/17/22,8:13 AM,2,,0,0,0,,W STATE RD 45,,,,,W STATE RD 45,S LEONARD SPRINGS RD,,,,N,,475,,39.14148863,-86.58358077,STATE ROAD,,,,URBAN,N,N,N,,DAYLIGHT,CLEAR,DRY,,T-INTERSECTION,,ASPHALT,UNSAFE LANE MOVEMENT,$5001 TO $10000,SAME DIRECTION SIDESWIPE,WSTATERD45SLEONARDSPRINGSRD,0,
BLOOMINGTON PD,B22-33970,MONROE,PERRY,BLOOMINGTON,8/27/22,4:39 AM,2,,1,0,0,,S WALNUT ST,,,,,S WALNUT ST,E 1ST ST,,,,Y,,0,,39.1593517,-86.53365559,LOCAL/CITY ROAD,,,,URBAN,N,N,N,,DAYLIGHT,CLEAR,DRY,,FOUR-WAY INTERSECTION,,ASPHALT,FOLLOWING TOO CLOSELY,UNDER $1001,REAR END,SWALNUTSTE1STST,0,
BLOOMINGTON PD,B22-16158,MONROE,BLOOMINGTON,BLOOMINGTON,5/4/22,1:20 PM,2,,0,0,0,,E 10TH ST,,,,,E 10TH ST,N GRANT ST,,,,Y,,0,,39.17166589,-86.52978034,LOCAL/CITY ROAD,,,,URBAN,N,N,N,,DAYLIGHT,CLOUDY,DRY,,FOUR-WAY INTERSECTION,,ASPHALT,FAILURE TO YIELD RIGHT OF WAY,$1001 TO $2500,RIGHT ANGLE,NGRANTSTE10THST,0,
MONROE SD,M22A18098,MONROE,PERRY,BLOOMINGTON,7/26/22,3:08 PM,1,,1,0,0,,S VICTOR PIKE,,,,,S VICTOR PIKE,,,,,N,,0,,39.0816282,-86.56799502,LOCAL/CITY ROAD,,,,RURAL,N,N,N,,DAYLIGHT,CLEAR,DRY,,NO JUNCTION INVOLVED,,ASPHALT,FAILURE TO MAINTAIN LANE,$5001 TO $10000,RAN OFF ROAD,SVICTORPIKE,0,
BLOOMINGTON PD,B22-13181,MONROE,,BLOOMINGTON,4/15/22,10:58 AM,2,,1,0,0,,EAST 3RD ST,,,,,EAST 3RD ST,WASHINGTON ST,,,,Y,,0,,39.164585,-86.532368,LOCAL/CITY ROAD,,,,URBAN,N,N,N,,DAYLIGHT,CLEAR,DRY,,FOUR-WAY INTERSECTION,,ASPHALT,DISREGARD SIGNAL/REG SIGN,$5001 TO $10000,RIGHT ANGLE,WASHINGTONSTEAST3RDST,0,
BLOOMINGTON PD,B22-28609,MONROE,RICHLAND,BLOOMINGTON,7/26/22,12:55 PM,2,,0,0,0,,W 3RD ST,,,,,W 3RD ST,W LIBERTY DR,,,,Y,,500,,39.16460794,-86.57784055,LOCAL/CITY ROAD,,,,URBAN,N,N,N,,DAYLIGHT,CLOUDY,WET,,T-INTERSECTION,,ASPHALT,FAILURE TO YIELD RIGHT OF WAY,$5001 TO $10000,RIGHT ANGLE,WLIBERTYDRW3RDST,0,
INDIANA UNIV BLOOMINGTON PD,220846,MONROE,BLOOMINGTON,BLOOMINGTON,3/4/22,3:00 PM,1,,0,0,0,541,N. WOODLAWN AVENUE,,,,,N. WOODLAWN AVENUE,,,,,Y,,0,,39.17074234,-86.52456469,PRIVATE DRIVE,,,,URBAN,N,N,N,,DAYLIGHT,CLOUDY,DRY,,NO JUNCTION INVOLVED,,CONCRETE,UNSAFE BACKING,$1001 TO $2500,BACKING CRASH,N.WOODLAWNAVENUE,0,
BLOOMINGTON PD,B22-09825,MONROE,BLOOMINGTON,BLOOMINGTON,3/23/22,11:30 AM,4,,1,0,0,,SR 46,,,,,SR 46,,,,,Y,,0,,39.18653591,-86.53777189,STATE ROAD,,,,URBAN,N,N,N,,DAYLIGHT,RAIN,WET,,NO JUNCTION INVOLVED,,ASPHALT,DRIVER DISTRACTED - EXPLAIN IN NARRATIVE,$10001 TO $25000,REAR END,SR46,0,
BLOOMINGTON PD,B22-36269,MONROE,BLOOMINGTON,BLOOMINGTON,9/9/22,2:50 PM,1,,0,0,0,,S WALNUT ST,,,,,S WALNUT ST,E 4TH ST,,,,Y,,0,,39.16575584,-86.53360691,LOCAL/CITY ROAD,,,,URBAN,N,N,N,,DAYLIGHT,CLEAR,DRY,,T-INTERSECTION,,ASPHALT,OTHER (DRIVER) - EXPLAIN IN NARRATIVE,$5001 TO $10000,COLLISION WITH OBJECT IN ROAD,SWALNUTSTE4THST,0,
MONROE SD,M22A15886,MONROE,BENTON,BLOOMINGTON,7/3/22,10:42 PM,1,,1,0,0,,N TUNNEL RD,,,,,N TUNNEL RD,,,,,N,,0,,39.2562861,-86.4145865,LOCAL/CITY ROAD,,,,RURAL,N,N,N,,DARK (NOT LIGHTED),CLEAR,DRY,,NO JUNCTION INVOLVED,,ASPHALT,OTHER (DRIVER) - EXPLAIN IN NARRATIVE,UNDER $1001,NON-COLLISION,NTUNNELRD,1,
MONROE SD,M22A6855,MONROE,CLEAR CREEK,BLOOMINGTON,3/25/22,8:02 PM,1,,0,0,0,,E POINTE RD,,,,,E POINTE RD,,,,,N,,0,,39.03329762,-86.51317585,PRIVATE DRIVE,,,,RURAL,N,N,N,,DARK (LIGHTED),RAIN,WET,,NO JUNCTION INVOLVED,,ASPHALT,SPEED TOO FAST FOR WEATHER CONDITIONS,$10001 TO $25000,RAN OFF ROAD,EPOINTERD,0,