Agency,Local Code,County,Township,City,Collision Date,Collision Time,Vehicles Involved,Trailers Involved,Number Injured,Number Dead,Number Deer,House Number,Roadway Name,Roadway Suffix,Roadway Number,Roadway Interchange,Roadway Ramp,Roadway Id,Intersecting Road,Intersecting Road Number,Mile Marker,Interchange,Corporate Limits?,Property Type,Feet From,Direction,Latitude,Longitude,Roadway Class,Traffic Control Devices?,Aggressive Driving?,Hit and Run?,Locality,School Zone?,Rumble Strips?,Construction?,Construction Type,Light Condition,Weather Conditions,Surface Condition,Type of Median,Roadway Junction Type,Road Character,Roadway Surface,Primary Factor,Damage Estimate,Manner of Collision,Unique Location Id,State Property Damage?,Traffic Control
BLOOMINGTON PD,B22-12909,MONROE,PERRY,BLOOMINGTON,4/13/22,4:09 PM,2,,0,0,0,,E MILLER DR,,,,,E MILLER DR,S WALNUT ST,,,,Y,,0,,39.1469247,-86.53261132,LOCAL/CITY ROAD,,,,URBAN,N,N,N,,DAYLIGHT,RAIN,WET,,T-INTERSECTION,,ASPHALT,DISREGARD SIGNAL/REG SIGN,$10001 TO $25000,RIGHT ANGLE,SWALNUTSTEMILLERDR,0,
BLOOMINGTON PD,B22-08022,MONROE,PERRY,BLOOMINGTON,3/10/22,5:19 PM,2,,0,0,0,,W DRISCOLL ST,,,,,W DRISCOLL ST,S ROGERS ST,,,,Y,,0,,39.15253234,-86.53871405,LOCAL/CITY ROAD,,,,URBAN,N,N,N,,DAYLIGHT,CLEAR,DRY,,T-INTERSECTION,,ASPHALT,FOLLOWING TOO CLOSELY,$2501 TO $5000,REAR END,WDRISCOLLSTSROGERSST,0,
ELLETTSVILLE PD,E2202041,MONROE,RICHLAND,ELLETTSVILLE,6/2/22,9:22 AM,2,0,0,0,0,,SALE,ST,,,,SALE,,,,,,,,,39.23384,-86.624704,LOCAL/CITY ROAD,Y,Y,Y,,N,N,N,,DAYLIGHT,CLEAR,DRY,,T-INTERSECTION,STRAIGHT/GRADE,ASPHALT,FOLLOWING TOO CLOSELY,UNDER $1001,REAR END,SALESTSR46W,0,TRAFFIC CONTROL SIGNAL
MONROE SD,M22A13371,MONROE,CLEAR CREEK,BLOOMINGTON,6/7/22,4:34 PM,2,,1,0,0,,S ROGERS ST,,,,,S ROGERS ST,BAYWOOD DR,,,,N,,0,,39.117926,-86.53949,LOCAL/CITY ROAD,,,,RURAL,N,N,N,,DAYLIGHT,CLEAR,DRY,,NO JUNCTION INVOLVED,,ASPHALT,LEFT OF CENTER,$10001 TO $25000,OPPOSITE DIRECTION SIDESWIPE,SROGERSSTBAYWOODDR,0,
BLOOMINGTON PD,B22-41074,MONROE,PERRY,BLOOMINGTON,10/6/22,2:50 PM,2,,0,0,0,1965,S WALNUT ST,,,,,S WALNUT ST,,,,,Y,,0,,39.14234599,-86.52973444,PRIVATE DRIVE,,,,URBAN,Y,N,N,,DAYLIGHT,CLEAR,DRY,,NO JUNCTION INVOLVED,,ASPHALT,DRIVER ILLNESS,$1001 TO $2500,REAR END,SWALNUTST,0,
ELLETTSVILLE PD,E22-00804,MONROE,RICHLAND,ELLETTSVILLE,3/4/22,2:49 PM,1,,0,0,0,601,E TEMPERANCE ST,,,,,E TEMPERANCE ST,,,,,Y,,0,,39.22797344,-86.6164115,PRIVATE DRIVE,,,,RURAL,N,N,N,,DAYLIGHT,CLEAR,DRY,,NO JUNCTION INVOLVED,,ASPHALT,OTHER (DRIVER) - EXPLAIN IN NARRATIVE,$5001 TO $10000,OTHER - EXPLAIN IN NARRATIVE,ETEMPERANCEST,0,
MONROE SD,M22A2942,MONROE,RICHLAND,BLOOMINGTON,2/7/22,9:27 PM,1,,0,0,0,,W WOODYARD RD,,,,,W WOODYARD RD,N LOESCH RD,,,,N,,200,,39.19314557,-86.58920263,LOCAL/CITY ROAD,,,,RURAL,N,N,N,,DARK (NOT LIGHTED),CLEAR,SNOW/SLUSH,,T-INTERSECTION,,ASPHALT,FAILURE TO MAINTAIN LANE,$5001 TO $10000,RAN OFF ROAD,WWOODYARDRDNLOESCHRD,0,
BLOOMINGTON PD,B22-30452,MONROE,PERRY,BLOOMINGTON,8/7/22,5:08 AM,1,,1,0,0,,SARE RD,,,,,SARE RD,WINSLOW RD,,,,Y,,0,,,,LOCAL/CITY ROAD,,,,URBAN,N,N,N,,DARK (LIGHTED),CLOUDY,DRY,,TRAFFIC CIRCLE/ROUNDABOUT,,ASPHALT,FAILURE TO MAINTAIN LANE,$10001 TO $25000,RAN OFF ROAD,WINSLOWRDSARERD,0,
BLOOMINGTON PD,B2242323,MONROE,BLOOMINGTON,BLOOMINGTON,10/13/22,11:30 AM,1,,1,0,0,,E 3RD ST,,,,,E 3RD ST,S SMITH RD,,,,Y,,0,,39.16421263,-86.4812488,LOCAL/CITY ROAD,,,,URBAN,N,N,N,,DAYLIGHT,CLEAR,DRY,,FOUR-WAY INTERSECTION,,ASPHALT,PEDESTRIAN ACTION,UNDER $1001,LEFT TURN,SSMITHRDE3RDST,1,
BLOOMINGTON PD,B22-03881,MONROE,PERRY,BLOOMINGTON,2/4/22,4:10 PM,1,,3,0,0,,I-69,,,,,I-69,,,,,Y,,158,,39.16426809,-86.57329506,INTERSTATE,,,,URBAN,N,N,N,,DAYLIGHT,SNOW,SNOW/SLUSH,,NO JUNCTION INVOLVED,,CONCRETE,SPEED TOO FAST FOR WEATHER CONDITIONS,$2501 TO $5000,RIGHT ANGLE,I-69,0,
MONROE SD,M22A3033,MONROE,PERRY,BLOOMINGTON,2/8/22,3:30 PM,2,,0,0,0,,W THAT RD,,,,,W THAT RD,,,,,N,,0,,39.11405622,-86.54519958,OTHER,,,,RURAL,Y,N,N,,DAYLIGHT,CLEAR,WET,,NO JUNCTION INVOLVED,,ASPHALT,UNSAFE BACKING,UNDER $1001,BACKING CRASH,WTHATRD,0,
ELLETTSVILLE PD,E2201141,MONROE,RICHLAND,ELLETTSVILLE,3/31/22,7:49 AM,2,0,0,0,0,,,,SR46W,,,SR46W,DEER PARK,,,,Y,,175,W,39.21223257,-86.58777047,STATE ROAD,Y,N,N,URBAN,N,N,N,,DAYLIGHT,CLEAR,DRY,,NO JUNCTION INVOLVED,STRAIGHT/LEVEL,ASPHALT,FOLLOWING TOO CLOSELY,$1001 TO $2500,REAR END,DEERPARKDRSR46W,0,TRAFFIC CONTROL SIGNAL
BLOOMINGTON PD,B22-12152,MONROE,PERRY,BLOOMINGTON,4/8/22,12:33 PM,2,,0,0,0,,W 3RD ST,,,,,W 3RD ST,CORY LN,,,,Y,,0,,39.1644621,-86.5601338,LOCAL/CITY ROAD,,,,URBAN,N,N,N,,DAYLIGHT,CLEAR,DRY,,FOUR-WAY INTERSECTION,,ASPHALT,FAILURE TO YIELD RIGHT OF WAY,$2501 TO $5000,REAR END,W3RDSTCORYLN,0,
BLOOMINGTON PD,B22-26535,MONROE,PERRY,BLOOMINGTON,7/12/22,10:05 AM,1,,0,0,0,,E DANIEL ST,,,,,E DANIEL ST,E BROOKSTONE CT,,,,Y,,0,,39.13853884,-86.4886547,LOCAL/CITY ROAD,,,,URBAN,N,N,N,,DAYLIGHT,CLEAR,DRY,,NO JUNCTION INVOLVED,,ASPHALT,DRIVER ILLNESS,$2501 TO $5000,OTHER - EXPLAIN IN NARRATIVE,EDANIELSTEBROOKSTONECT,0,
BLOOMINGTON PD,B22-41511,MONROE,,,10/8/22,4:20 PM,2,,0,0,0,,E 17TH ST,,,,,E 17TH ST,N LINCOLN ST,,,,Y,,0,,39.17893073,-86.53103713,LOCAL/CITY ROAD,,,,URBAN,N,N,N,,DAYLIGHT,CLEAR,DRY,,FOUR-WAY INTERSECTION,,ASPHALT,FAILURE TO YIELD RIGHT OF WAY,$10001 TO $25000,RIGHT ANGLE,NLINCOLNSTE17THST,0,
MONROE SD,M22A7619,MONROE,BLOOMINGTON,BLOOMINGTON,4/4/22,9:59 AM,1,,0,0,1,,W ARLINGTON RD,,,,,W ARLINGTON RD,S STONNY BROOK,,,,N,,0,,,,,,,,RURAL,N,N,N,,DAYLIGHT,CLOUDY,DRY,,NO JUNCTION INVOLVED,,ASPHALT,ANIMAL/OBJECT IN ROADWAY,$2501 TO $5000,COLLISION WITH DEER,WARLINGTONRDSSTONNYBROOK,0,
BLOOMINGTON PD,B22-26944,MONROE,BLOOMINGTON,BLOOMINGTON,7/14/22,7:17 PM,2,,0,0,0,,WEST BLOOMFIELD RD,,,,,WEST BLOOMFIELD RD,PRIVATE DRIVE TO SAMS CLUB/RUR,,,,Y,,0,,39.14751268,-86.57293744,PRIVATE DRIVE,,,,URBAN,N,N,N,,DAYLIGHT,CLEAR,DRY,,FOUR-WAY INTERSECTION,,CONCRETE,FOLLOWING TOO CLOSELY,$2501 TO $5000,REAR END,WESTBLOOMFIELDRDPRIVATEDRIVETOSAMSCLUB/RURALKING,0,
BLOOMINGTON PD,B22-18953,MONROE,,BLOOMINGTON,5/23/22,12:25 PM,2,,0,0,0,,SR 45/46 BYPASS,,,,,SR 45/46 BYPASS,KINSER PIKE,,,,Y,,0,,0,0,STATE ROAD,,,,URBAN,N,N,N,,DAYLIGHT,CLEAR,DRY,,FOUR-WAY INTERSECTION,,ASPHALT,FAILURE TO YIELD RIGHT OF WAY,$25001 TO $50000,RIGHT ANGLE,SR45/46BYPASSKINSERPIKE,0,
BLOOMINGTON PD,B22-18660,MONROE,PERRY,BLOOMINGTON,5/21/22,9:37 AM,2,,0,0,0,,BLOOMFIELD RD,,,,,BLOOMFIELD RD,I69 SB RAMP,,,,Y,,0,,39.14973698,-86.57164283,STATE ROAD,,,,URBAN,N,N,N,,DAYLIGHT,CLOUDY,DRY,,FOUR-WAY INTERSECTION,,ASPHALT,FAILURE TO YIELD RIGHT OF WAY,$10001 TO $25000,RIGHT ANGLE,I69SBRAMPBLOOMFIELDRD,0,
INDIANA UNIV BLOOMINGTON PD,223636,MONROE,BLOOMINGTON,BLOOMINGTON,9/28/22,5:20 PM,2,,0,0,0,,E 3RD ST,,,,,E 3RD ST,S HIGHLAND AVE,,,,Y,,0,,39.16426255,-86.51765532,LOCAL/CITY ROAD,,,,URBAN,N,N,N,,DAYLIGHT,CLEAR,DRY,,T-INTERSECTION,,ASPHALT,IMPROPER LANE USAGE,$1001 TO $2500,SAME DIRECTION SIDESWIPE,SHIGHLANDAVEE3RDST,0,
INDIANA UNIV BLOOMINGTON PD,222044,MONROE,BLOOMINGTON,BLOOMINGTON,6/3/22,9:40 PM,2,,0,0,0,,N JORDAN AVE,,,,,N JORDAN AVE,N FEE LN,,,,Y,,106,,39.18376876,-86.51900581,LOCAL/CITY ROAD,,,,URBAN,N,N,N,,DARK (NOT LIGHTED),CLEAR,DRY,,NO JUNCTION INVOLVED,,ASPHALT,UNSAFE BACKING,UNDER $1001,BACKING CRASH,NJORDANAVENFEELN,0,
INDIANA UNIV BLOOMINGTON PD,220716,MONROE,BLOOMINGTON,BLOOMINGTON,2/24/22,3:30 PM,1,,0,0,0,2901,E. DISCOVERY PKWY,,,,,E. DISCOVERY PKWY,,,,,Y,,0,,39.17727456,-86.49378366,PRIVATE DRIVE,,,,URBAN,N,N,N,,DAYLIGHT,RAIN,WET,,NO JUNCTION INVOLVED,,ASPHALT,IMPROPER TURNING,$1001 TO $2500,LEFT TURN,E.DISCOVERYPKWY,0,
MONROE SD,M22A9303,MONROE,WASHINGTON,BLOOMINGTON,4/24/22,2:30 AM,1,,0,0,0,,I-69,,,,,I-69,,,130,,N,,0,,39.33153076,-86.51450104,STATE ROAD,,,,URBAN,N,Y,N,,DARK (NOT LIGHTED),CLEAR,DRY,,NO JUNCTION INVOLVED,,ASPHALT,UNSAFE SPEED,$5001 TO $10000,RAN OFF ROAD,I-69130,0,
MONROE SD,M22A13029,MONROE,BEAN BLOSSOM,BLOOMINGTON,6/4/22,12:03 PM,4,,0,0,0,,N MATHEWS DR,,,,,N MATHEWS DR,,,,,N,,0,,39.24965714,-86.62163418,LOCAL/CITY ROAD,,,,RURAL,N,N,N,,DARK (NOT LIGHTED),CLEAR,DRY,,NO JUNCTION INVOLVED,,ASPHALT,FAILURE TO MAINTAIN LANE,$5001 TO $10000,RAN OFF ROAD,NMATHEWSDR,0,
MONROE SD,M22A19716,MONROE,RICHLAND,BLOOMINGTON,8/12/22,5:03 PM,2,,0,0,0,,W STATE RD 46,,,,,W STATE RD 46,W ARLINGTON RD,,,,N,,0,,39.20865412,-86.58099955,STATE ROAD,,,,URBAN,N,N,N,,DAYLIGHT,CLEAR,DRY,,NO JUNCTION INVOLVED,,ASPHALT,FOLLOWING TOO CLOSELY,$1001 TO $2500,REAR END,WSTATERD46WARLINGTONRD,0,
MONROE SD,M22A9984,MONROE,BLOOMINGTON,BLOOMINGTON,5/2/22,2:17 PM,1,,0,0,0,,E BETHEL LN,,,,,E BETHEL LN,N ROBBS LN,,,,N,,106,,39.2148706,-86.46817393,,,,,RURAL,N,N,N,,DAYLIGHT,CLEAR,DRY,,NO JUNCTION INVOLVED,,ASPHALT,UNSAFE LANE MOVEMENT,$2501 TO $5000,RAN OFF ROAD,NROBBSLNEBETHELLN,0,
BLOOMINGTON PD,B22-26908,MONROE,BLOOMINGTON,BLOOMINGTON,7/14/22,3:30 PM,2,,2,0,0,,S WALNUT ST,,,,,S WALNUT ST,E SOUTH DR,,,,Y,,0,,39.14240981,-86.53131755,,,,,URBAN,N,N,N,,DAYLIGHT,CLEAR,DRY,,NO JUNCTION INVOLVED,,ASPHALT,UNSAFE SPEED,$1001 TO $2500,REAR END,SWALNUTSTESOUTHDR,0,
INDIANA UNIV BLOOMINGTON PD,222784,MONROE,BLOOMINGTON,BLOOMINGTON,8/23/22,5:05 PM,2,,0,0,0,,N UNION ST,,,,,N UNION ST,E 10TH ST,,,,Y,,0,,39.17027239,-86.50884426,PRIVATE DRIVE,,,,URBAN,N,N,N,,DAYLIGHT,CLEAR,DRY,,NO JUNCTION INVOLVED,,ASPHALT,UNSAFE BACKING,$1001 TO $2500,BACKING CRASH,NUNIONSTE10THST,0,
BLOOMINGTON PD,B22-09777,MONROE,BLOOMINGTON,BLOOMINGTON,3/23/22,7:15 AM,2,,1,0,0,,W 3RD ST,,,,,W 3RD ST,S WALNUT ST,,,,Y,,0,,39.16459528,-86.53363056,LOCAL/CITY ROAD,,,,URBAN,N,N,N,,DARK (LIGHTED),RAIN,WET,,FOUR-WAY INTERSECTION,,ASPHALT,DISREGARD SIGNAL/REG SIGN,$5001 TO $10000,RIGHT ANGLE,W3RDSTSWALNUTST,0,
BLOOMINGTON PD,B22-40623,MONROE,BLOOMINGTON,BLOOMINGTON,10/4/22,9:43 AM,1,,0,0,0,,N OLD STATE ROAD 37,,,,,N OLD STATE ROAD 37,W GOURLEY PK,,,,Y,,2000,,39.18969963,-86.53404386,LOCAL/CITY ROAD,,,,URBAN,N,N,N,,DAYLIGHT,CLEAR,DRY,,NO JUNCTION INVOLVED,,ASPHALT,OVERCORRECTING/OVERSTEERING,$2501 TO $5000,RAN OFF ROAD,WGOURLEYPKNOLDSTATEROAD37,0,
MONROE SD,M22A19146,MONROE,CLEAR CREEK,BLOOMINGTON,8/6/22,10:36 AM,2,,0,0,0,,S ROGERS ST,,,,,S ROGERS ST,W THAT RD,,,,N,,0,,39.1139656,-86.53985328,COUNTY ROAD,,,,RURAL,N,N,N,,DAYLIGHT,CLEAR,DRY,,NO JUNCTION INVOLVED,,ASPHALT,UNSAFE BACKING,$2501 TO $5000,BACKING CRASH,WTHATRDSROGERSST,0,
BLOOMINGTON PD,B22-28196,MONROE,,BLOOMINGTON,7/22/22,7:23 PM,2,,0,0,0,,SOUTH COLLEGE AVE,,,,,SOUTH COLLEGE AVE,WEST 3RD STREET,,,,Y,,0,,,,,,,,URBAN,N,N,N,,DAYLIGHT,CLEAR,DRY,,T-INTERSECTION,,ASPHALT,FOLLOWING TOO CLOSELY,$2501 TO $5000,REAR END,WEST3RDSTREETSOUTHCOLLEGEAVE,0,
BLOOMINGTON PD,B22-33821,MONROE,VAN BUREN,BLOOMINGTON,8/26/22,7:29 PM,2,,1,0,0,,W 3RD ST,,,,,W 3RD ST,STATE RD 37,,,,Y,,0,,39.16466989,-86.57407598,LOCAL/CITY ROAD,,,,URBAN,N,N,N,,DAYLIGHT,CLEAR,DRY,,RAMP,,CONCRETE,FAILURE TO YIELD RIGHT OF WAY,$5001 TO $10000,SAME DIRECTION SIDESWIPE,W3RDSTSTATERD37,0,
DNR LAW ENFORCEMENT,06-22-00765,MONROE,CLEAR CREEK,BLOOMINGTON,4/9/22,3:30 PM,1,,0,0,0,,S SMITH RD,,,,,S SMITH RD,E MOORES PIKE,,,,Y,,0,,39.15015299,-86.48046917,COUNTY ROAD,,,,URBAN,N,N,N,,DAYLIGHT,CLEAR,DRY,,FOUR-WAY INTERSECTION,,ASPHALT,OTHER (VEHICLE) - EXPLAIN IN NARRATIVE,UNDER $1001,NON-COLLISION,SSMITHRDEMOORESPIKE,0,
BLOOMINGTON PD,B22-37421,MONROE,BLOOMINGTON,BLOOMINGTON,9/16/22,9:00 AM,1,,0,0,0,,W 7TH ST,,,,,W 7TH ST,B-LINE TRL,,,,Y,,0,,39.16861124,-86.5366688,LOCAL/CITY ROAD,,,,URBAN,N,N,N,,DAYLIGHT,CLEAR,DRY,,FOUR-WAY INTERSECTION,,ASPHALT,FAILURE TO YIELD RIGHT OF WAY,UNDER $1001,RIGHT ANGLE,W7THSTB-LINETRL,0,
BLOOMINGTON PD,B22-38391,MONROE,PERRY,BLOOMINGTON,9/22/22,12:59 PM,2,,0,0,0,,S EAGLESON AVE,,,,,S EAGLESON AVE,E ATWATER AVE,,,,Y,,0,,39.16309791,-86.51639461,LOCAL/CITY ROAD,,,,URBAN,N,N,N,,DAYLIGHT,CLEAR,DRY,,FOUR-WAY INTERSECTION,,ASPHALT,FOLLOWING TOO CLOSELY,$2501 TO $5000,REAR END,SEAGLESONAVEEATWATERAVE,0,
BLOOMINGTON PD,B22-38395,MONROE,BLOOMINGTON,BLOOMINGTON,9/22/22,1:22 PM,2,,2,0,0,,N GRANT ST,,,,,N GRANT ST,E 8TH ST,,,,Y,,264,,39.16900407,-86.52979945,LOCAL/CITY ROAD,,,,URBAN,N,N,N,,DAYLIGHT,CLEAR,DRY,,NO JUNCTION INVOLVED,,ASPHALT,FAILURE TO YIELD RIGHT OF WAY,$5001 TO $10000,RIGHT ANGLE,NGRANTSTE8THST,0,
BLOOMINGTON PD,B22-34618,MONROE,PERRY,BLOOMINGTON,8/31/22,10:48 AM,2,,0,0,0,,S ROGERS ST,,,,,S ROGERS ST,W 3RD ST,,,,Y,,211,,39.16424063,-86.53870985,LOCAL/CITY ROAD,,,,URBAN,N,N,N,,DAYLIGHT,CLEAR,DRY,,T-INTERSECTION,,ASPHALT,FAILURE TO YIELD RIGHT OF WAY,$5001 TO $10000,RIGHT ANGLE,W3RDSTSROGERSST,0,
MONROE SD,M22A24112,MONROE,BLOOMINGTON,BLOOMINGTON,10/1/22,5:15 AM,1,,0,0,0,,,,69,,,69,,,123,,N,,0,,0,0,INTERSTATE,,,,RURAL,N,N,N,,DARK (NOT LIGHTED),CLEAR,DRY,,NO JUNCTION INVOLVED,,ASPHALT,DRIVER ASLEEP OR FATIGUED,$5001 TO $10000,RAN OFF ROAD,69123,0,
BLOOMINGTON PD,B22-40546,MONROE,PERRY,BLOOMINGTON,10/3/22,9:10 AM,2,,0,0,0,,E HILLSIDE DR,,,,,E HILLSIDE DR,S HENDERSON ST,,,,Y,,0,,39.15055235,-86.52696795,LOCAL/CITY ROAD,,,,URBAN,N,N,N,,DARK (LIGHTED),CLEAR,DRY,,FOUR-WAY INTERSECTION,,ASPHALT,FAILURE TO YIELD RIGHT OF WAY,$5001 TO $10000,LEFT TURN,SHENDERSONSTEHILLSIDEDR,0,
DNR LAW ENFORCEMENT,06-22-01931,MONROE,POLK,BLOOMINGTON,7/14/22,12:10 PM,2,,1,0,0,,STATE RD 446,,,,,STATE RD 446,,,,,N,,0,,39.06446993,-86.41444392,STATE ROAD,,,,RURAL,N,N,N,,DAYLIGHT,CLEAR,DRY,,NO JUNCTION INVOLVED,,ASPHALT,FOLLOWING TOO CLOSELY,$5001 TO $10000,REAR END,STATERD446,0,
MONROE SD,M22A4181,MONROE,RICHLAND,BLOOMINGTON,2/21/22,6:28 PM,1,,0,0,1,,W WOODYARD RD,,,,,W WOODYARD RD,N HARTSTRAIT RD,,,,N,,0,,39.2085712,-86.61131136,COUNTY ROAD,,,,RURAL,N,N,N,,DAWN/DUSK,CLOUDY,DRY,,NO JUNCTION INVOLVED,,ASPHALT,ANIMAL/OBJECT IN ROADWAY,$1001 TO $2500,COLLISION WITH DEER,WWOODYARDRDNHARTSTRAITRD,0,
MONROE SD,M22A19850,MONROE,CLEAR CREEK,BLOOMINGTON,8/14/22,4:38 PM,2,,0,0,0,,I-69,,,,,I-69,,,,,Y,,475,,39.11468284,-86.56421518,INTERSTATE,,,,RURAL,N,Y,N,,DAYLIGHT,CLEAR,DRY,,NO JUNCTION INVOLVED,,ASPHALT,UNSAFE LANE MOVEMENT,$10001 TO $25000,SAME DIRECTION SIDESWIPE,I-69,0,
BLOOMINGTON PD,B22-11309,MONROE,PERRY,BLOOMINGTON,4/2/22,3:06 PM,2,,0,0,0,2966,E 3RD ST; TARGET,,,,,E 3RD ST; TARGET,,,,,Y,,0,,39.16315621,-86.49275216,PRIVATE DRIVE,,,,URBAN,N,N,N,,DAYLIGHT,CLEAR,DRY,,NO JUNCTION INVOLVED,,ASPHALT,FAILURE TO YIELD RIGHT OF WAY,$2501 TO $5000,BACKING CRASH,E3RDST;TARGET,0,
MONROE SD,M22A8892,MONROE,BLOOMINGTON,BLOOMINGTON,4/20/22,2:43 PM,1,,1,0,0,,W ARLINGTON RD,,,,,W ARLINGTON RD,W STOUTES CREEK RD,,,,N,,0,,39.20425786,-86.56873799,LOCAL/CITY ROAD,,,,RURAL,N,Y,N,,DAYLIGHT,CLEAR,DRY,,NO JUNCTION INVOLVED,,ASPHALT,LEFT OF CENTER,$25001 TO $50000,RAN OFF ROAD,WSTOUTESCREEKRDWARLINGTONRD,1,
MONROE SD,M22A16717,MONROE,CLEAR CREEK,BLOOMINGTON,7/12/22,5:09 PM,2,,0,0,0,5100,S VICTOR PIKE,,,,,S VICTOR PIKE,,,,,N,,0,,39.10718919,-86.55128424,PRIVATE DRIVE,,,,RURAL,N,N,N,,DAYLIGHT,CLEAR,DRY,,NO JUNCTION INVOLVED,,ASPHALT,OTHER (DRIVER) - EXPLAIN IN NARRATIVE,$2501 TO $5000,SAME DIRECTION SIDESWIPE,SVICTORPIKE,0,
INDIANA UNIV BLOOMINGTON PD,220445,MONROE,BLOOMINGTON,BLOOMINGTON,2/6/22,3:35 PM,3,,0,0,0,,E 10TH ST,,,,,E 10TH ST,N CAMPBELL ST,,,,Y,,100,,39.17157827,-86.51353545,LOCAL/CITY ROAD,,,,URBAN,N,N,N,,DAYLIGHT,CLEAR,SNOW/SLUSH,,NO JUNCTION INVOLVED,,ASPHALT,FOLLOWING TOO CLOSELY,$5001 TO $10000,REAR END,NCAMPBELLSTE10THST,0,
MONROE SD,M22A12724,MONROE,BLOOMINGTON,BLOOMINGTON,6/1/22,9:39 AM,2,,2,0,0,,STATE RD 45,,,,,STATE RD 45,N PRAIRIE GREEN CT,,,,N,,792,,39.18027172,-86.47329695,STATE ROAD,,,,RURAL,N,N,N,,DAYLIGHT,CLEAR,DRY,,NO JUNCTION INVOLVED,,ASPHALT,DRIVER ASLEEP OR FATIGUED,$25001 TO $50000,OPPOSITE DIRECTION SIDESWIPE,STATERD45NPRAIRIEGREENCT,0,
BLOOMINGTON PD,B22-04442,MONROE,PERRY,BLOOMINGTON,2/9/22,10:07 AM,2,,0,0,0,,1800 BLK. S.OLIVE ST,,,,,1800 BLK. S.OLIVE ST,E. MILLER DR,,,,Y,,400,,39.14667737,-86.51884505,LOCAL/CITY ROAD,,,,URBAN,N,N,N,,DAYLIGHT,CLEAR,WET,,NO JUNCTION INVOLVED,,ASPHALT,UNSAFE BACKING,$1001 TO $2500,BACKING CRASH,E.MILLERDR1800BLK.S.OLIVEST,0,
MONROE SD,M22A1874,MONROE,BENTON,BLOOMINGTON,1/25/22,6:47 AM,2,,3,0,0,,STATE RD 45 E,,,,,STATE RD 45 E,N TUNNEL RD,,,,N,,264,,39.22905591,-86.43265354,STATE ROAD,,,,RURAL,N,N,N,,DARK (NOT LIGHTED),CLEAR,DRY,,NO JUNCTION INVOLVED,,ASPHALT,OTHER (VEHICLE) - EXPLAIN IN NARRATIVE,$25001 TO $50000,REAR END,STATERD45ENTUNNELRD,0,
BLOOMINGTON PD,B22-07743,MONROE,PERRY,BLOOMINGTON,3/8/22,4:29 PM,2,,0,0,0,500,S LIBERTY DR; KROGER,,,,,S LIBERTY DR; KROGER,,,,,Y,,0,,39.16323261,-86.58074635,PRIVATE DRIVE,,,,URBAN,N,N,N,,DAYLIGHT,CLOUDY,DRY,,NO JUNCTION INVOLVED,,ASPHALT,UNSAFE BACKING,$1001 TO $2500,REAR END,SLIBERTYDR;KROGER,0,
BLOOMINGTON PD,B22-19961,MONROE,PERRY,BLOOMINGTON,5/30/22,3:40 AM,3,,0,0,0,503,S MULLER PKWY,,,,,S MULLER PKWY,,,,,Y,,0,,39.16104548,-86.56771006,PRIVATE DRIVE,,,,URBAN,N,N,N,,DAYLIGHT,CLEAR,DRY,,NO JUNCTION INVOLVED,,ASPHALT,DRIVER ASLEEP OR FATIGUED,$10001 TO $25000,RIGHT ANGLE,SMULLERPKWY,0,
BLOOMINGTON PD,B22-35208,MONROE,PERRY,BLOOMINGTON,9/3/22,11:20 AM,2,,0,0,0,,I 69 SOUTH,,,,,I 69 SOUTH,W 3RD ST,,,,Y,,0,,39.16442772,-86.57236526,INTERSTATE,,,,URBAN,N,N,N,,DAYLIGHT,CLOUDY,WET,,FOUR-WAY INTERSECTION,,ASPHALT,FOLLOWING TOO CLOSELY,$2501 TO $5000,REAR END,W3RDSTI69SOUTH,0,
BLOOMINGTON PD,B22-12313,MONROE,BLOOMINGTON,BLOOMINGTON,4/9/22,12:31 PM,2,,0,0,0,,7TH,,,,,7TH,DUNN,,,,Y,,0,,0,0,LOCAL/CITY ROAD,,,,URBAN,N,N,N,,DAYLIGHT,CLOUDY,DRY,,FOUR-WAY INTERSECTION,,ASPHALT,FAILURE TO YIELD RIGHT OF WAY,$2501 TO $5000,RIGHT ANGLE,DUNN7TH,0,
MONROE SD,M22A20413,MONROE,BLOOMINGTON,BLOOMINGTON,8/21/22,2:40 AM,1,,0,0,1,,E BETHEL LN,,,,,E BETHEL LN,N MYERS RD,,,,N,,0,,39.21199206,-86.49558701,COUNTY ROAD,,,,RURAL,N,N,N,,DARK (NOT LIGHTED),CLOUDY,DRY,,NO JUNCTION INVOLVED,,ASPHALT,ANIMAL/OBJECT IN ROADWAY,$1001 TO $2500,COLLISION WITH DEER,NMYERSRDEBETHELLN,0,
MONROE SD,M22A15005,MONROE,BLOOMINGTON,BLOOMINGTON,6/24/22,6:38 PM,2,,1,0,0,,S CURRY PIKE,,,,,S CURRY PIKE,W ROLL AVE,,,,N,,150,,39.14787947,-86.58259965,LOCAL/CITY ROAD,,,,RURAL,N,N,N,,DAYLIGHT,CLEAR,DRY,,NO JUNCTION INVOLVED,,ASPHALT,FAILURE TO YIELD RIGHT OF WAY,$5001 TO $10000,LEFT/RIGHT TURN,WROLLAVESCURRYPIKE,0,