Agency,Local Code,County,Township,City,Collision Date,Collision Time,Vehicles Involved,Trailers Involved,Number Injured,Number Dead,Number Deer,House Number,Roadway Name,Roadway Suffix,Roadway Number,Roadway Interchange,Roadway Ramp,Roadway Id,Intersecting Road,Intersecting Road Number,Mile Marker,Interchange,Corporate Limits?,Property Type,Feet From,Direction,Latitude,Longitude,Roadway Class,Traffic Control Devices?,Aggressive Driving?,Hit and Run?,Locality,School Zone?,Rumble Strips?,Construction?,Construction Type,Light Condition,Weather Conditions,Surface Condition,Type of Median,Roadway Junction Type,Road Character,Roadway Surface,Primary Factor,Damage Estimate,Manner of Collision,Unique Location Id,State Property Damage?,Traffic Control
MONROE SD,M22A24431,MONROE,INDIAN CREEK,BLOOMINGTON,10/5/22,6:45 AM,1,,0,0,1,,S VICTOR PIKE,,,,,S VICTOR PIKE,W MILTON LANE,,,,N,,1500,,39.05466133,-86.58717497,COUNTY ROAD,,,,RURAL,N,N,N,,DAWN/DUSK,CLEAR,DRY,,NO JUNCTION INVOLVED,,ASPHALT,ANIMAL/OBJECT IN ROADWAY,$1001 TO $2500,RAN OFF ROAD,WMILTONLANESVICTORPIKE,0,
ISP BLOOMINGTON 33,2022-00210623,MONROE,CLEAR CREEK,SMITHVILLE(MONROE),5/11/22,11:10 AM,1,,0,0,0,,S WISLEY LN,,,,,S WISLEY LN,S FAIRFAX RD,,,,N,,0,,39.05459253,-86.49838712,COUNTY ROAD,,,,RURAL,N,N,N,,DAYLIGHT,CLEAR,DRY,,Y-INTERSECTION,,ASPHALT,,$2501 TO $5000,RAN OFF ROAD,SWISLEYLNSFAIRFAXRD,0,
MONROE SD,M22A24489,MONROE,BEAN BLOSSOM,BLOOMINGTON,10/5/22,6:29 PM,1,,0,0,0,,N STINESVILLE RD,,,,,N STINESVILLE RD,W HEDRICK RD,,,,N,,2900,,39.28976926,-86.66320389,LOCAL/CITY ROAD,,,,RURAL,N,N,N,,DAYLIGHT,CLEAR,DRY,,NO JUNCTION INVOLVED,,ASPHALT,DRIVER ASLEEP OR FATIGUED,$2501 TO $5000,RAN OFF ROAD,WHEDRICKRDNSTINESVILLERD,0,
INDIANA UNIV BLOOMINGTON PD,222851,MONROE,BLOOMINGTON,BLOOMINGTON,8/25/22,6:30 PM,2,,0,0,0,,S BALLANTINE RD,,,,,S BALLANTINE RD,,,,,Y,,0,,39.16362618,-86.51877917,PRIVATE DRIVE,,,,URBAN,N,N,N,,DAYLIGHT,CLEAR,DRY,,NO JUNCTION INVOLVED,,ASPHALT,UNSAFE BACKING,$2501 TO $5000,BACKING CRASH,SBALLANTINERD,0,
BLOOMINGTON PD,B22-37899,MONROE,BLOOMINGTON,BLOOMINGTON,9/19/22,9:40 AM,2,,1,0,0,,W 3RD ST,,,,,W 3RD ST,W 3RD ST,,,,Y,,0,,39.16452873,-86.57331652,LOCAL/CITY ROAD,,,,URBAN,N,N,N,,DAYLIGHT,CLEAR,DRY,,FOUR-WAY INTERSECTION,,ASPHALT,FAILURE TO YIELD RIGHT OF WAY,$25001 TO $50000,RIGHT ANGLE,W3RDSTW3RDST,0,
INDIANA UNIV BLOOMINGTON PD,223844,MONROE,BLOOMINGTON,BLOOMINGTON,10/10/22,2:50 PM,2,,0,0,0,,E 3RD ST,,,,,E 3RD ST,S FACULTY AVE,,,,Y,,0,,39.16425423,-86.52120656,LOCAL/CITY ROAD,,,,URBAN,N,N,N,,DAYLIGHT,CLEAR,DRY,,NO JUNCTION INVOLVED,,ASPHALT,DRIVER DISTRACTED - EXPLAIN IN NARRATIVE,$2501 TO $5000,REAR END,SFACULTYAVEE3RDST,0,
ISP BLOOMINGTON 33,2.022E+11,MONROE,PERRY,BLOOMINGTON,4/7/22,4:30 PM,3,,1,0,0,,SR37,,,,,SR37,DILLMAN RD,,,,N,,0,,39.09290205,-86.54604381,STATE ROAD,,,,RURAL,N,N,N,,DAYLIGHT,CLOUDY,DRY,,FOUR-WAY INTERSECTION,,ASPHALT,FAILURE TO YIELD RIGHT OF WAY,$10001 TO $25000,RIGHT ANGLE,SR37DILLMANRD,0,
MONROE SD,M22A20255,MONROE,VAN BUREN,BLOOMINGTON,8/18/22,10:10 PM,2,,1,0,0,,S HARMONY RD,,,,,S HARMONY RD,WEST MAY RD,,,,N,,1700,,39.09842427,-86.63839764,LOCAL/CITY ROAD,,,,URBAN,N,N,N,,DARK (NOT LIGHTED),CLEAR,DRY,,NO JUNCTION INVOLVED,,ASPHALT,OTHER (VEHICLE) - EXPLAIN IN NARRATIVE,UNDER $1001,OTHER - EXPLAIN IN NARRATIVE,WESTMAYRDSHARMONYRD,1,
BLOOMINGTON PD,B22-32449,MONROE,BLOOMINGTON,BLOOMINGTON,8/19/22,11:07 AM,3,,1,0,0,,STATE RD 45/46 BYPASS,,,,,STATE RD 45/46 BYPASS,E. 3RD ST,,,,Y,,300,,0,0,STATE ROAD,,,,URBAN,N,N,N,,DAYLIGHT,CLEAR,DRY,,FOUR-WAY INTERSECTION,,ASPHALT,FOLLOWING TOO CLOSELY,$10001 TO $25000,REAR END,STATERD45/46BYPASSE.3RDST,0,
BLOOMINGTON PD,B22-21679,MONROE,BLOOMINGTON,BLOOMINGTON,6/10/22,1:51 PM,2,,0,0,0,,S COLLEGE MALL RD,,,,,S COLLEGE MALL RD,E BUICK CADILLAC BLVD,,,,Y,,0,,39.15812185,-86.49788207,LOCAL/CITY ROAD,,,,URBAN,N,N,N,,DAYLIGHT,RAIN,WET,,T-INTERSECTION,,ASPHALT,FAILURE TO YIELD RIGHT OF WAY,$10001 TO $25000,RIGHT ANGLE,SCOLLEGEMALLRDEBUICKCADILLACBLVD,0,
MONROE SD,M22A24019,MONROE,BLOOMINGTON,BLOOMINGTON,9/29/22,10:46 PM,1,,0,0,0,,I-69,,,,,I-69,,,,,N,,0,,39.21878354,-86.55173264,STATE ROAD,,,,RURAL,N,N,N,,DARK (NOT LIGHTED),CLEAR,DRY,,NO JUNCTION INVOLVED,,ASPHALT,DRIVER ASLEEP OR FATIGUED,$2501 TO $5000,RAN OFF ROAD,I-69,0,
MONROE SD,M22A25356,MONROE,VAN BUREN,BLOOMINGTON,10/15/22,5:22 PM,2,,0,0,0,,W 3RD ST,,,,,W 3RD ST,W VERNAL PIKE,,,,N,,0,,39.16838007,-86.66112132,STATE ROAD,,,,RURAL,N,N,N,,DAYLIGHT,CLEAR,DRY,,Y-INTERSECTION,,ASPHALT,FOLLOWING TOO CLOSELY,$5001 TO $10000,REAR END,WVERNALPIKEW3RDST,0,
MONROE SD,M22A18744,MONROE,BLOOMINGTON,BLOOMINGTON,8/2/22,4:08 PM,2,,0,0,0,,E BETHEL LN,,,,,E BETHEL LN,N OLD STATE ROAD 37,,,,N,,0,,39.21536674,-86.52158326,STATE ROAD,,,,URBAN,N,N,N,,DAYLIGHT,CLEAR,DRY,,T-INTERSECTION,,ASPHALT,FAILURE TO YIELD RIGHT OF WAY,$2501 TO $5000,RIGHT ANGLE,NOLDSTATEROAD37EBETHELLN,0,
INDIANA UNIV BLOOMINGTON PD,223680,MONROE,BLOOMINGTON,BLOOMINGTON,9/30/22,6:50 PM,2,,0,0,0,,E 4TH ST,,,,,E 4TH ST,S INDIANA AVE,,,,Y,,75,,39.16551863,-86.52725763,LOCAL/CITY ROAD,,,,URBAN,N,N,N,,DAYLIGHT,CLEAR,DRY,,NO JUNCTION INVOLVED,,ASPHALT,IMPROPER PASSING,$1001 TO $2500,SAME DIRECTION SIDESWIPE,SINDIANAAVEE4THST,0,
BLOOMINGTON PD,B22-16232,MONROE,RICHLAND,BLOOMINGTON,5/4/22,7:50 PM,2,,0,0,0,309,N WALNUT STREET,,,,,N WALNUT STREET,,,,,Y,,0,,39.16890528,-86.53400529,PRIVATE DRIVE,,,,URBAN,N,N,N,,DAYLIGHT,CLEAR,DRY,,NO JUNCTION INVOLVED,,ASPHALT,UNSAFE BACKING,$1001 TO $2500,BACKING CRASH,NWALNUTSTREET,0,
BLOOMINGTON PD,B2217045,MONROE,BLOOMINGTON,BLOOMINGTON,5/10/22,12:26 PM,2,,0,0,0,,10TH ST,,,,,10TH ST,SMITH RD,,,,Y,,0,,39.17261,-86.482658,,,,,URBAN,N,N,Y,INTERMITTENT OR MOVING WORK,DAYLIGHT,CLEAR,DRY,,T-INTERSECTION,,ASPHALT,FOLLOWING TOO CLOSELY,$2501 TO $5000,REAR END,SMITHRD10THST,0,
MONROE SD,M22A19441,MONROE,RICHLAND,BLOOMINGTON,8/9/22,6:06 PM,1,,0,0,0,,W 3RD ST,,,,,W 3RD ST,,,,,N,,0,,39.16963124,-86.67307679,STATE ROAD,,,,RURAL,N,N,N,,DAYLIGHT,RAIN,WET,,NO JUNCTION INVOLVED,,ASPHALT,SPEED TOO FAST FOR WEATHER CONDITIONS,$5001 TO $10000,RAN OFF ROAD,W3RDST,0,
BLOOMINGTON PD,B22-42506,MONROE,PERRY,BLOOMINGTON,10/14/22,2:40 AM,2,,0,0,0,,S WALNUT ST,,,,,S WALNUT ST,W GRIMES LN,,,,Y,,0,,39.15334231,-86.53373427,LOCAL/CITY ROAD,,,,URBAN,N,N,N,,DAYLIGHT,CLEAR,DRY,,FOUR-WAY INTERSECTION,,ASPHALT,IMPROPER TURNING,$1001 TO $2500,RIGHT TURN,WGRIMESLNSWALNUTST,0,
BLOOMINGTON PD,B22-14980,MONROE,PERRY,BLOOMINGTON,4/26/22,11:46 AM,2,,0,0,0,,COLLEGE MALL ROAD,,,,,COLLEGE MALL ROAD,,,,,Y,,0,,0,0,LOCAL/CITY ROAD,,,,URBAN,N,N,N,,DAYLIGHT,CLEAR,DRY,,NO JUNCTION INVOLVED,,ASPHALT,IMPROPER PASSING,$2501 TO $5000,SAME DIRECTION SIDESWIPE,COLLEGEMALLROAD,0,
MONROE SD,M22A14801,MONROE,SALT CREEK,BLOOMINGTON,6/22/22,11:11 PM,1,,0,0,1,,STATE RD 46,,,,,STATE RD 46,,,,,N,,0,,39.15159414,-86.40329119,STATE ROAD,,,,RURAL,N,N,N,,DARK (NOT LIGHTED),CLEAR,DRY,,NO JUNCTION INVOLVED,,ASPHALT,ANIMAL/OBJECT IN ROADWAY,$2501 TO $5000,COLLISION WITH DEER,STATERD46,0,
BLOOMINGTON PD,B22-40651,MONROE,PERRY,BLOOMINGTON,10/4/22,1:11 PM,2,,0,0,0,1175,S COLLEGE MALL RD; KROGER JACK,,,,,S COLLEGE MALL RD; KROGER JACKSON CREEK,,,,,Y,,0,,39.15392702,-86.49587976,PRIVATE DRIVE,,,,URBAN,N,N,N,,DAYLIGHT,CLEAR,DRY,,NO JUNCTION INVOLVED,,ASPHALT,FAILURE TO MAINTAIN LANE,$1001 TO $2500,HEAD ON BETWEEN TWO MOTOR VEHICLES,SCOLLEGEMALLRD;KROGERJACKSONCREEK,0,
BLOOMINGTON PD,B22-06341,MONROE,BLOOMINGTON,BLOOMINGTON,2/25/22,5:16 PM,2,,0,0,0,,E 17TH ST,,,,,E 17TH ST,N GRANT ST,,,,Y,,0,,39.17890814,-86.53028489,LOCAL/CITY ROAD,,,,URBAN,N,N,N,,DAYLIGHT,CLEAR,DRY,,T-INTERSECTION,,ASPHALT,FAILURE TO YIELD RIGHT OF WAY,$5001 TO $10000,RIGHT ANGLE,NGRANTSTE17THST,0,
BLOOMINGTON PD,B22-10520,MONROE,,BLOOMINGTON,3/28/22,8:12 AM,2,,0,0,0,,E. BURKS DR,,,,,E. BURKS DR,S.ODELL DR,,,,Y,,75,,39.126512,-86.528725,LOCAL/CITY ROAD,,,,URBAN,N,N,N,,DAYLIGHT,CLEAR,DRY,,NO JUNCTION INVOLVED,,ASPHALT,FAILURE TO YIELD RIGHT OF WAY,$2501 TO $5000,RIGHT ANGLE,S.ODELLDRE.BURKSDR,0,
BLOOMINGTON PD,B22-32983,MONROE,PERRY,BLOOMINGTON,8/22/22,11:12 AM,2,,0,0,0,,S. STULL AVE,,,,,S. STULL AVE,E. 1ST ST,,,,Y,,200,,39.15932,-86.52484,LOCAL/CITY ROAD,,,,URBAN,N,N,N,,DAYLIGHT,CLEAR,DRY,,NO JUNCTION INVOLVED,,ASPHALT,OTHER (DRIVER) - EXPLAIN IN NARRATIVE,$5001 TO $10000,SAME DIRECTION SIDESWIPE,S.STULLAVEE.1STST,0,
BLOOMINGTON PD,B22-05071,MONROE,BLOOMINGTON,BLOOMINGTON,2/14/22,11:20 PM,2,,0,0,0,,N WALNUT ST,,,,,N WALNUT ST,W 17TH ST,,,,Y,,0,,39.17895619,-86.53350983,LOCAL/CITY ROAD,,,,URBAN,N,N,N,,DARK (LIGHTED),CLEAR,DRY,,FOUR-WAY INTERSECTION,,ASPHALT,FOLLOWING TOO CLOSELY,$2501 TO $5000,REAR END,W17THSTNWALNUTST,0,
MONROE SD,M22A9980,MONROE,VAN BUREN,,5/2/22,1:00 PM,2,,0,0,0,,W BELLE AVE,,,,,W BELLE AVE,S HICKORY DR,,,,N,,0,,39.16329606,-86.5858555,COUNTY ROAD,,,,RURAL,N,N,N,,DAYLIGHT,CLEAR,DRY,,FOUR-WAY INTERSECTION,,ASPHALT,FAILURE TO YIELD RIGHT OF WAY,$5001 TO $10000,HEAD ON BETWEEN TWO MOTOR VEHICLES,WBELLEAVESHICKORYDR,0,
BLOOMINGTON PD,B22-37125,MONROE,PERRY,BLOOMINGTON,9/14/22,3:24 PM,2,,1,0,0,,W ALLEN ST,,,,,W ALLEN ST,S ADAMS ST,,,,Y,,0,,39.15582667,-86.55053782,LOCAL/CITY ROAD,,,,URBAN,N,N,N,,DAYLIGHT,CLEAR,DRY,,FOUR-WAY INTERSECTION,,ASPHALT,DISREGARD SIGNAL/REG SIGN,$5001 TO $10000,RIGHT ANGLE,WALLENSTSADAMSST,0,
INDIANA UNIV BLOOMINGTON PD,220864,MONROE,BLOOMINGTON,BLOOMINGTON,3/6/22,12:40 PM,2,,0,0,0,,E 3RD ST,,,,,E 3RD ST,S JORDAN AVE,,,,Y,,264,,39.16422927,-86.51695795,LOCAL/CITY ROAD,,,,URBAN,N,N,N,,DAYLIGHT,CLOUDY,DRY,,NO JUNCTION INVOLVED,,ASPHALT,IMPROPER TURNING,$2501 TO $5000,LEFT TURN,SJORDANAVEE3RDST,0,
BLOOMINGTON PD,B22-02971,MONROE,BLOOMINGTON,BLOOMINGTON,1/27/22,12:03 PM,2,,1,0,0,,N. DUNN ST,,,,,N. DUNN ST,E SR45/46 BYPASS,,,,Y,,0,,0,0,LOCAL/CITY ROAD,,,,URBAN,N,N,N,,DAYLIGHT,CLOUDY,WET,,FOUR-WAY INTERSECTION,,ASPHALT,FOLLOWING TOO CLOSELY,$1001 TO $2500,REAR END,N.DUNNSTESR45/46BYPASS,0,
MONROE SD,M22A2581,MONROE,BLOOMINGTON,BLOOMINGTON,2/2/22,6:49 AM,1,,0,0,0,,N STATE ROAD 37 BUSINESS,,,,,N STATE ROAD 37 BUSINESS,N OLD STATE ROAD 37,,,,N,,0,,39.20912831,-86.53505325,LOCAL/CITY ROAD,,,,RURAL,N,N,N,,DARK (NOT LIGHTED),RAIN,WET,,NO JUNCTION INVOLVED,,ASPHALT,ANIMAL/OBJECT IN ROADWAY,$1001 TO $2500,COLLISION WITH OBJECT IN ROAD,NSTATEROAD37BUSINESSNOLDSTATEROAD37,0,
INDIANA UNIV BLOOMINGTON PD,222605,MONROE,BLOOMINGTON,BLOOMINGTON,8/11/22,9:55 PM,2,,1,0,0,,E 10TH ST,,,,,E 10TH ST,,,,,Y,,0,,39.17102099,-86.50094516,PRIVATE DRIVE,,,,URBAN,N,N,N,,DARK (LIGHTED),CLEAR,DRY,,NO JUNCTION INVOLVED,,ASPHALT,UNSAFE BACKING,$1001 TO $2500,BACKING CRASH,E10THST,0,
INDIANA UNIV BLOOMINGTON PD,221201,MONROE,BLOOMINGTON,BLOOMINGTON,3/31/22,6:30 PM,1,,0,0,0,,N WOODLAWN AVE,,,,,N WOODLAWN AVE,E 8TH ST,,,,Y,,0,,39.16943853,-86.52350388,LOCAL/CITY ROAD,,,,URBAN,N,N,N,,DAYLIGHT,RAIN,WET,,T-INTERSECTION,,ASPHALT,UNSAFE LANE MOVEMENT,$5001 TO $10000,RAN OFF ROAD,NWOODLAWNAVEE8THST,0,
ELLETTSVILLE PD,E22-04069,MONROE,RICHLAND,ELLETTSVILLE,10/6/22,5:00 PM,2,,0,0,0,,MAIN ST.,,,,,MAIN ST.,CHANDLER DR.,,,,Y,,0,,39.23407638,-86.62215793,LOCAL/CITY ROAD,,,,URBAN,N,N,N,,DAYLIGHT,CLEAR,DRY,,T-INTERSECTION,,CONCRETE,VIEW OBSTRUCTED,$10001 TO $25000,LEFT/RIGHT TURN,MAINST.CHANDLERDR.,0,
MONROE SD,M22A10227,MONROE,PERRY,BLOOMINGTON,5/5/22,9:23 AM,2,,0,0,0,,W HENNESSEY ST,,,,,W HENNESSEY ST,S ROCKPORT RD,,,,N,,0,,39.12812067,-86.55658484,LOCAL/CITY ROAD,,,,URBAN,N,N,N,,DAYLIGHT,CLOUDY,DRY,,T-INTERSECTION,,ASPHALT,FAILURE TO YIELD RIGHT OF WAY,$5001 TO $10000,REAR END,WHENNESSEYSTSROCKPORTRD,0,
BLOOMINGTON PD,B22-40184,MONROE,BLOOMINGTON,BLOOMINGTON,9/30/22,4:00 AM,2,,0,0,0,125,S UNION ST,,,,,S UNION ST,,,,,Y,,0,,39.16591504,-86.50942544,LOCAL/CITY ROAD,,,,URBAN,N,N,N,,DARK (LIGHTED),CLEAR,DRY,,NO JUNCTION INVOLVED,,ASPHALT,FAILURE TO MAINTAIN LANE,$1001 TO $2500,BACKING CRASH,SUNIONST,0,
MONROE SD,M22A5941,MONROE,PERRY,BLOOMINGTON,3/15/22,12:22 PM,2,,0,0,0,,E GARDEN PATH,,,,,E GARDEN PATH,E ROCKWELD DRIVE,,,,N,,1000,,39.1315144,-86.4973015,LOCAL/CITY ROAD,,,,URBAN,N,N,N,,DARK (LIGHTED),CLEAR,DRY,,NO JUNCTION INVOLVED,,ASPHALT,DRIVER DISTRACTED - EXPLAIN IN NARRATIVE,$10001 TO $25000,SAME DIRECTION SIDESWIPE,EROCKWELDDRIVEEGARDENPATH,0,
MONROE SD,M22A2793,MONROE,RICHLAND,BLOOMINGTON,2/5/22,2:20 AM,2,,0,0,0,,N SHELLY DR,,,,,N SHELLY DR,W MCNEELEY ST,,,,N,,0,,39.23767637,-86.60320706,LOCAL/CITY ROAD,,,,RURAL,N,N,N,,DAYLIGHT,CLEAR,ICE,,NO JUNCTION INVOLVED,,ASPHALT,FOLLOWING TOO CLOSELY,$5001 TO $10000,RIGHT ANGLE,WMCNEELEYSTNSHELLYDR,0,
ELLETTSVILLE PD,E22-04041,MONROE,RICHLAND,ELLETTSVILLE,10/5/22,5:06 PM,2,,0,0,0,,MAIN ST.,,,,,MAIN ST.,MATTHEWS DR.,,,,Y,,0,,39.23588244,-86.62485445,LOCAL/CITY ROAD,,,,URBAN,N,N,N,,DAYLIGHT,CLEAR,DRY,,FOUR-WAY INTERSECTION,,CONCRETE,DRIVER DISTRACTED - EXPLAIN IN NARRATIVE,$2501 TO $5000,REAR END,MATTHEWSDR.MAINST.,0,
BLOOMINGTON PD,B22-04733,MONROE,PERRY,BLOOMINGTON,2/11/22,1:31 PM,2,,0,0,0,,S. WALNUT ST,,,,,S. WALNUT ST,PINEWOOD DR,,,,Y,,0,,39.131495,-86.531432,,,,,URBAN,N,N,N,,DAYLIGHT,CLOUDY,DRY,,NO JUNCTION INVOLVED,,ASPHALT,FOLLOWING TOO CLOSELY,$2501 TO $5000,REAR END,S.WALNUTSTPINEWOODDR,0,
ELLETTSVILLE PD,E22-04034,MONROE,RICHLAND,ELLETTSVILLE,10/5/22,2:34 PM,2,,0,0,0,,W TEMPERANCE ST,,,,,W TEMPERANCE ST,RIDGE SPRINGS LN,,,,N,,0,,39.24101806,-86.63201276,LOCAL/CITY ROAD,,,,URBAN,N,N,N,,DAYLIGHT,CLEAR,DRY,,T-INTERSECTION,,ASPHALT,FAILURE TO YIELD RIGHT OF WAY,$1001 TO $2500,SAME DIRECTION SIDESWIPE,WTEMPERANCESTRIDGESPRINGSLN,0,
INDIANA UNIV BLOOMINGTON PD,222768,MONROE,BLOOMINGTON,BLOOMINGTON,8/23/22,6:35 AM,2,,0,0,0,900,E 7TH ST,,,,,E 7TH ST,,,,,Y,,0,,39.16797249,-86.52309752,PRIVATE DRIVE,,,,URBAN,N,N,N,,DAWN/DUSK,CLEAR,DRY,,NO JUNCTION INVOLVED,,ASPHALT,UNSAFE BACKING,UNDER $1001,BACKING CRASH,E7THST,0,
BLOOMINGTON PD,B22-19171,MONROE,PERRY,BLOOMINGTON,5/24/22,8:45 PM,2,,0,0,0,,I69 117.5,,,117,N,I69 117.5,,,,,Y,,0,,0,0,INTERSTATE,,,,URBAN,N,N,N,,DAWN/DUSK,CLEAR,DRY,,RAMP,,ASPHALT,OBSTRUCTION NOT MARKED,$5001 TO $10000,COLLISION WITH OBJECT IN ROAD,I69117.5117NB,0,
BLOOMINGTON PD,B22-35246,MONROE,RICHLAND,BLOOMINGTON,9/3/22,4:02 PM,2,,0,0,0,160,N GATES DR,,,,,N GATES DR,W RUNKLE WAY,,,,Y,,0,,39.1672398,-86.57473736,PRIVATE DRIVE,,,,URBAN,N,N,N,,DAYLIGHT,CLOUDY,DRY,,NO JUNCTION INVOLVED,,ASPHALT,UNSAFE BACKING,$1001 TO $2500,RIGHT ANGLE,WRUNKLEWAYNGATESDR,0,
MONROE SD,M22A25299,MONROE,BLOOMINGTON,BLOOMINGTON,10/15/22,3:37 AM,1,,0,0,0,,W ILLINOIS CT,,,,,W ILLINOIS CT,N ILLINOIS ST,,,,Y,,0,,39.17570368,-86.55133582,LOCAL/CITY ROAD,,,,URBAN,N,N,N,,DARK (LIGHTED),CLEAR,DRY,,NO JUNCTION INVOLVED,,ASPHALT,UNSAFE SPEED,UNDER $1001,SAME DIRECTION SIDESWIPE,WILLINOISCTNILLINOISST,0,
BLOOMINGTON PD,B22-37099,MONROE,VAN BUREN,BLOOMINGTON,9/14/22,12:49 PM,2,,0,0,0,,W 3RD ST,,,,,W 3RD ST,S LIBERTY DR,,,,N,,0,,39.16462694,-86.57910918,LOCAL/CITY ROAD,,,,URBAN,N,N,N,,DAYLIGHT,CLEAR,DRY,,FOUR-WAY INTERSECTION,,ASPHALT,FOLLOWING TOO CLOSELY,$2501 TO $5000,REAR END,W3RDSTSLIBERTYDR,0,
INDIANA UNIV BLOOMINGTON PD,222163,MONROE,PERRY,BLOOMINGTON,6/16/22,5:00 PM,2,,0,0,0,800,E ATWATER AVE,,,,,E ATWATER AVE,,,,,N,,0,,39.16339065,-86.52342862,PRIVATE DRIVE,,,,URBAN,N,N,N,,DAYLIGHT,CLEAR,DRY,,NO JUNCTION INVOLVED,,ASPHALT,IMPROPER TURNING,$1001 TO $2500,LEFT/RIGHT TURN,EATWATERAVE,0,
BLOOMINGTON PD,B22-30543,MONROE,BLOOMINGTON,BLOOMINGTON,8/7/22,10:02 PM,1,,0,0,0,,W MARLENE DR,,,,,W MARLENE DR,,,,,Y,,0,,,,,,,,URBAN,N,N,N,,UNKNOWN,CLEAR,DRY,,NO JUNCTION INVOLVED,,ASPHALT,OTHER (DRIVER) - EXPLAIN IN NARRATIVE,$1001 TO $2500,OTHER - EXPLAIN IN NARRATIVE,WMARLENEDR,0,
BLOOMINGTON PD,B22-30651,MONROE,VAN BUREN,BLOOMINGTON,8/8/22,3:42 PM,2,,2,0,0,,W BLOOMFIELD RD,,,,,W BLOOMFIELD RD,S BASSWOOD DR,,,,Y,,0,,39.14877352,-86.57067447,LOCAL/CITY ROAD,,,,URBAN,N,N,N,,DAYLIGHT,CLEAR,DRY,,T-INTERSECTION,,ASPHALT,OTHER (DRIVER) - EXPLAIN IN NARRATIVE,$1001 TO $2500,REAR END,WBLOOMFIELDRDSBASSWOODDR,0,
MONROE SD,M22A19461,MONROE,BLOOMINGTON,BLOOMINGTON,8/10/22,4:03 AM,2,,0,0,0,,I-69,,,,,I-69,,,,,N,,634,,39.23752458,-86.53911515,INTERSTATE,,,,RURAL,N,N,N,,DARK (LIGHTED),CLEAR,DRY,,NO JUNCTION INVOLVED,,ASPHALT,FOLLOWING TOO CLOSELY,$5001 TO $10000,REAR END,I-69,0,
BLOOMINGTON PD,B22-34351,MONROE,PERRY,BLOOMINGTON,8/29/22,7:05 PM,2,,0,0,0,,W 3RD ST,,,,,W 3RD ST,S WYNNDALE DR,,,,Y,,0,,39.1645103,-86.57032201,,,,,URBAN,N,N,N,,DAYLIGHT,CLEAR,WET,,FOUR-WAY INTERSECTION,,ASPHALT,FOLLOWING TOO CLOSELY,$2501 TO $5000,REAR END,W3RDSTSWYNNDALEDR,0,
BLOOMINGTON PD,B22-05913,MONROE,PERRY,BLOOMINGTON,2/22/22,8:15 AM,1,,0,0,0,800,E MILLER DR,,,,,E MILLER DR,,,,,Y,,0,,39.14623867,-86.52480507,LOCAL/CITY ROAD,,,,URBAN,N,N,N,,DAWN/DUSK,RAIN,WET,,NO JUNCTION INVOLVED,,ASPHALT,UNSAFE BACKING,$1001 TO $2500,BACKING CRASH,EMILLERDR,0,
BLOOMINGTON PD,B22-41056,MONROE,BLOOMINGTON,BLOOMINGTON,10/5/22,5:45 PM,2,,0,0,0,,W 8TH ST,,,,,W 8TH ST,N WALNUT ST,,,,Y,,0,,39.16947721,-86.5336152,LOCAL/CITY ROAD,,,,URBAN,N,N,N,,DAYLIGHT,CLEAR,DRY,,FOUR-WAY INTERSECTION,,ASPHALT,DISREGARD SIGNAL/REG SIGN,$5001 TO $10000,LEFT TURN,W8THSTNWALNUTST,0,
BLOOMINGTON PD,B22-10108,MONROE,BLOOMINGTON,BLOOMINGTON,3/24/22,11:03 PM,1,,0,0,0,,W 10TH ST,,,,,W 10TH ST,N COLLEGE AVE,,,,Y,,0,,39.17168224,-86.53482146,LOCAL/CITY ROAD,,,,URBAN,N,N,N,,DARK (LIGHTED),CLEAR,DRY,,INTERCHANGE,,ASPHALT,FAILURE TO YIELD RIGHT OF WAY,$2501 TO $5000,LEFT TURN,W10THSTNCOLLEGEAVE,0,
ELLETTSVILLE PD,E22-01600,MONROE,RICHLAND,ELLETTSVILLE,4/29/22,5:32 PM,1,,0,0,0,,W STATE RD 46,,,,,W STATE RD 46,N LAKEVIEW DR,,,,Y,,158,,39.22121862,-86.60570008,STATE ROAD,,,,RURAL,N,N,N,,DAYLIGHT,CLEAR,DRY,,NO JUNCTION INVOLVED,,ASPHALT,OTHER (DRIVER) - EXPLAIN IN NARRATIVE,$1001 TO $2500,RAN OFF ROAD,WSTATERD46NLAKEVIEWDR,0,
MONROE SD,M22A7014,MONROE,BLOOMINGTON,BLOOMINGTON,3/27/22,7:10 AM,1,,1,0,0,,E ROBINSON RD,,,,,E ROBINSON RD,E CLETUS SAMPLE RD,,,,N,,0,,39.24222791,-86.49644441,LOCAL/CITY ROAD,,,,RURAL,N,N,N,,DAYLIGHT,CLOUDY,DRY,,NO JUNCTION INVOLVED,,ASPHALT,DRIVER DISTRACTED - EXPLAIN IN NARRATIVE,$10001 TO $25000,RAN OFF ROAD,EROBINSONRDECLETUSSAMPLERD,0,
BLOOMINGTON PD,B22-23930,MONROE,BLOOMINGTON,BLOOMINGTON,6/25/22,7:44 PM,2,,0,0,0,,N KINSER PIKE,,,,,N KINSER PIKE,W 17TH ST,,,,Y,,0,,39.17908642,-86.53775596,LOCAL/CITY ROAD,,,,URBAN,N,N,N,,DAYLIGHT,CLEAR,DRY,,FOUR-WAY INTERSECTION,,ASPHALT,FAILURE TO YIELD RIGHT OF WAY,$5001 TO $10000,RIGHT ANGLE,W17THSTNKINSERPIKE,0,