Agency,Local Code,County,Township,City,Collision Date,Collision Time,Vehicles Involved,Trailers Involved,Number Injured,Number Dead,Number Deer,House Number,Roadway Name,Roadway Suffix,Roadway Number,Roadway Interchange,Roadway Ramp,Roadway Id,Intersecting Road,Intersecting Road Number,Mile Marker,Interchange,Corporate Limits?,Property Type,Feet From,Direction,Latitude,Longitude,Roadway Class,Traffic Control Devices?,Aggressive Driving?,Hit and Run?,Locality,School Zone?,Rumble Strips?,Construction?,Construction Type,Light Condition,Weather Conditions,Surface Condition,Type of Median,Roadway Junction Type,Road Character,Roadway Surface,Primary Factor,Damage Estimate,Manner of Collision,Unique Location Id,State Property Damage?,Traffic Control
INDIANA UNIV BLOOMINGTON PD,222181,MONROE,BLOOMINGTON,BLOOMINGTON,6/19/22,10:20 PM,3,,3,0,0,,STATE RD 45,,,,,STATE RD 45,N JORDAN AVE,,,,Y,,898,,39.18492262,-86.51561684,STATE ROAD,,,,URBAN,N,N,N,,DARK (NOT LIGHTED),CLEAR,DRY,,NO JUNCTION INVOLVED,,ASPHALT,OTHER (VEHICLE) - EXPLAIN IN NARRATIVE,$25001 TO $50000,REAR END,STATERD45NJORDANAVE,0,
BLOOMINGTON PD,B22-15140,MONROE,PERRY,BLOOMINGTON,4/27/22,1:47 PM,1,,0,0,0,,I-69,,,,1,I-69,,,,,Y,,0,,39.14936349,-86.57281957,STATE ROAD,,,,URBAN,N,N,N,,DAYLIGHT,CLEAR,DRY,,RAMP,,ASPHALT,OVERCORRECTING/OVERSTEERING,$5001 TO $10000,OTHER - EXPLAIN IN NARRATIVE,I-69117,0,
BLOOMINGTON PD,B22-38836,MONROE,BLOOMINGTON,BLOOMINGTON,9/24/22,11:25 PM,2,,0,0,0,,S PETE ELLIS DR,,,,,S PETE ELLIS DR,S PETE ELLIS DR,,,,Y,,0,,39.16689222,-86.49496576,LOCAL/CITY ROAD,,,,URBAN,N,N,N,,DARK (LIGHTED),CLEAR,DRY,,FOUR-WAY INTERSECTION,,ASPHALT,FAILURE TO YIELD RIGHT OF WAY,$2501 TO $5000,RIGHT ANGLE,SPETEELLISDRSPETEELLISDR,0,
MONROE SD,M22A11936,MONROE,VAN BUREN,BLOOMINGTON,5/23/22,12:58 PM,1,,0,0,1,,WEST STATE RD 45,,,,,WEST STATE RD 45,WEST ELLER ROAD,,,,N,,0,,39.122404,-86.614233,STATE ROAD,,,,RURAL,N,N,N,,DAYLIGHT,CLOUDY,DRY,,NO JUNCTION INVOLVED,,ASPHALT,ANIMAL/OBJECT IN ROADWAY,$1001 TO $2500,COLLISION WITH DEER,WESTSTATERD45WESTELLERROAD,0,
BLOOMINGTON PD,B22-22426,MONROE,PERRY,BLOOMINGTON,6/15/22,3:41 PM,2,,0,0,0,,S PARK AVE,,,,,S PARK AVE,E MILLER DR,,,,Y,,0,,39.14697703,-86.52429139,LOCAL/CITY ROAD,,,,URBAN,N,N,N,,DAYLIGHT,CLEAR,DRY,,FOUR-WAY INTERSECTION,,ASPHALT,FAILURE TO YIELD RIGHT OF WAY,$1001 TO $2500,SAME DIRECTION SIDESWIPE,SPARKAVEEMILLERDR,0,
INDIANA UNIV BLOOMINGTON PD,223800,MONROE,BLOOMINGTON,BLOOMINGTON,10/7/22,4:00 PM,2,,0,0,0,,N FEE LN,,,,,N FEE LN,E 13TH ST,,,,Y,,0,,39.17541414,-86.51904336,LOCAL/CITY ROAD,,,,URBAN,N,N,N,,DAYLIGHT,CLEAR,DRY,,T-INTERSECTION,,ASPHALT,FAILURE TO YIELD RIGHT OF WAY,$2501 TO $5000,RIGHT ANGLE,NFEELNE13THST,0,
MONROE SD,M22A23060,MONROE,VAN BUREN,BLOOMINGTON,9/19/22,2:49 AM,2,,0,0,0,,W FULLERTON PIKE,,,,,W FULLERTON PIKE,JUDD AVE,,,,N,,0,,39.12146432,-86.57391236,,,,,URBAN,N,N,N,,DAYLIGHT,CLEAR,DRY,,NO JUNCTION INVOLVED,,ASPHALT,BRAKE FAILURE OR DEFECTIVE,$1001 TO $2500,OTHER - EXPLAIN IN NARRATIVE,WFULLERTONPIKEJUDDAVE,0,
BLOOMINGTON PD,B22-23447,MONROE,BLOOMINGTON,BLOOMINGTON,6/22/22,4:27 PM,2,,0,0,0,,STATE RD 46,,,,,STATE RD 46,EASTGATE LN,,,,Y,,0,,39.17027832,-86.5015619,STATE ROAD,,,,URBAN,N,N,N,,DAYLIGHT,CLEAR,DRY,,NO JUNCTION INVOLVED,,ASPHALT,FOLLOWING TOO CLOSELY,$1001 TO $2500,REAR END,STATERD46EASTGATELN,0,
BLOOMINGTON PD,B22-31102,MONROE,PERRY,BLOOMINGTON,8/11/22,1:43 PM,1,,0,0,0,1300,E HILLSIDE DR,,,,,E HILLSIDE DR,,,,,Y,,0,,39.15054556,-86.51743839,PRIVATE DRIVE,,,,URBAN,N,N,N,,DAYLIGHT,CLEAR,DRY,,NO JUNCTION INVOLVED,,ASPHALT,OTHER (DRIVER) - EXPLAIN IN NARRATIVE,$1001 TO $2500,OTHER - EXPLAIN IN NARRATIVE,EHILLSIDEDR,0,
BLOOMINGTON PD,B22-31146,MONROE,BLOOMINGTON,BLOOMINGTON,8/11/22,6:10 PM,4,,0,0,0,,N KINSER PIKE,,,,,N KINSER PIKE,E SR 45/46,,,,Y,,0,,39.18645771,-86.53781329,LOCAL/CITY ROAD,,,,URBAN,N,N,N,,DAYLIGHT,RAIN,WET,,FOUR-WAY INTERSECTION,,ASPHALT,FAILURE TO YIELD RIGHT OF WAY,$25001 TO $50000,RIGHT ANGLE,NKINSERPIKEESR45/46,0,
INDIANA UNIV BLOOMINGTON PD,220350,MONROE,BLOOMINGTON,BLOOMINGTON,1/31/22,2:35 PM,2,,0,0,0,,E COTTAGE GROVE AVE,,,,,E COTTAGE GROVE AVE,N FORREST AVE,,,,Y,,0,,39.17255142,-86.52285746,LOCAL/CITY ROAD,,,,URBAN,N,N,N,,DAYLIGHT,CLEAR,DRY,,NO JUNCTION INVOLVED,,ASPHALT,UNSAFE BACKING,UNDER $1001,BACKING CRASH,NFORRESTAVEECOTTAGEGROVEAVE,0,
BLOOMINGTON PD,B22-27368,MONROE,BLOOMINGTON,BLOOMINGTON,7/17/22,3:07 PM,2,,0,0,0,,W. 3RD ST,,,,,W. 3RD ST,S KIMBLE DR,,,,Y,,0,,,,LOCAL/CITY ROAD,,,,URBAN,N,N,N,,DAYLIGHT,RAIN,WET,,FOUR-WAY INTERSECTION,,CONCRETE,BRAKE FAILURE OR DEFECTIVE,$5001 TO $10000,REAR END,W.3RDSTSKIMBLEDR,0,
BLOOMINGTON PD,B22-17720,MONROE,BLOOMINGTON,BLOOMINGTON,5/14/22,1:04 PM,2,,0,0,0,,N WALNUT ST,,,,,N WALNUT ST,W 10TH ST,,,,Y,,0,,39.17159842,-86.53357217,LOCAL/CITY ROAD,,,,URBAN,N,N,B,,DAYLIGHT,RAIN,WET,,FOUR-WAY INTERSECTION,,ASPHALT,FOLLOWING TOO CLOSELY,$2501 TO $5000,REAR END,W10THSTNWALNUTST,0,
BLOOMINGTON PD,B22-13427,MONROE,PERRY,BLOOMINGTON,4/17/22,10:34 AM,1,,0,0,0,2655,S ADAMS ST,,,,,S ADAMS ST,,,,,Y,,0,,39.13920611,-86.55548219,PRIVATE DRIVE,,,,URBAN,N,N,N,,DAYLIGHT,CLEAR,DRY,,NO JUNCTION INVOLVED,,ASPHALT,OTHER (DRIVER) - EXPLAIN IN NARRATIVE,$2501 TO $5000,RAN OFF ROAD,SADAMSST,0,
MONROE SD,M22A21855,MONROE,PERRY,BLOOMINGTON,9/6/22,7:57 AM,1,,0,0,1,,S OLD STATE ROAD 37,,,,,S OLD STATE ROAD 37,S ORCHARD LN,,,,N,,0,,39.11873466,-86.53126139,COUNTY ROAD,,,,URBAN,N,N,N,,DAYLIGHT,CLEAR,DRY,,NO JUNCTION INVOLVED,,ASPHALT,ANIMAL/OBJECT IN ROADWAY,$5001 TO $10000,COLLISION WITH DEER,SORCHARDLNSOLDSTATEROAD37,0,
ISP BLOOMINGTON 33,2.022E+11,MONROE,PERRY,BLOOMINGTON,7/13/22,5:04 PM,2,,0,0,0,,CHURCH LN,,,,,CHURCH LN,OLD SR 37,,,,Y,,0,,39.1072374,-86.53183925,PRIVATE DRIVE,,,,URBAN,N,N,N,,DAYLIGHT,CLEAR,DRY,,NO JUNCTION INVOLVED,,ASPHALT,UNSAFE BACKING,$1001 TO $2500,BACKING CRASH,OLDSR37CHURCHLN,0,
MONROE SD,M22A16435,MONROE,BLOOMINGTON,BLOOMINGTON,7/9/22,10:18 AM,2,,0,0,0,,STATE RD 46,,,,,STATE RD 46,E 7TH ST,,,,N,,0,,39.16677302,-86.49960861,STATE ROAD,,,,URBAN,N,N,B,,DAYLIGHT,RAIN,WET,,FOUR-WAY INTERSECTION,,ASPHALT,OTHER (DRIVER) - EXPLAIN IN NARRATIVE,$1001 TO $2500,REAR END,STATERD46E7THST,0,
ISP BLOOMINGTON 33,2.022E+11,MONROE,BLOOMINGTON,BLOOMINGTON,1/28/22,3:40 PM,1,,0,0,0,,STATE RD 37,,,,,STATE RD 37,,,,,N,,0,,39.10878119,-86.56120287,INTERSTATE,,,,RURAL,N,Y,N,,DAYLIGHT,SNOW,SNOW/SLUSH,,RAMP,,CONCRETE,ROADWAY SURFACE CONDITION,$5001 TO $10000,,STATERD37,0,
MONROE SD,M22A13602,MONROE,BENTON,BLOOMINGTON,6/9/22,10:09 PM,1,,0,0,1,,E. MAIN FORREST ROAD,,,,,E. MAIN FORREST ROAD,SERVICE ROAD,,,,N,,0,,39.32379778,-86.41638341,LOCAL/CITY ROAD,,,,RURAL,N,N,N,,DARK (NOT LIGHTED),CLEAR,DRY,,NO JUNCTION INVOLVED,,ASPHALT,ANIMAL/OBJECT IN ROADWAY,$10001 TO $25000,OTHER - EXPLAIN IN NARRATIVE,SERVICEROADE.MAINFORRESTROAD,0,
MONROE SD,M22A24045,MONROE,PERRY,BLOOMINGTON,9/30/22,9:39 AM,2,,1,0,0,,STATE RD 37,,,,,STATE RD 37,STATE RD 37,,,,N,,0,,39.08546498,-86.54256425,STATE ROAD,,,,RURAL,N,N,N,,DAYLIGHT,CLEAR,DRY,,FOUR-WAY INTERSECTION,,ASPHALT,FOLLOWING TOO CLOSELY,$5001 TO $10000,REAR END,STATERD37STATERD37,0,
MONROE SD,M22A13795,MONROE,BENTON,BLOOMINGTON,6/12/22,12:15 PM,1,,0,0,0,,STATE RD 45,,,,,STATE RD 45,N RICHARDSON RD,,,,N,,0,,39.23604763,-86.38970322,,,,,RURAL,N,N,N,,DAYLIGHT,CLOUDY,DRY,,NO JUNCTION INVOLVED,,ASPHALT,OTHER (DRIVER) - EXPLAIN IN NARRATIVE,$2501 TO $5000,RAN OFF ROAD,STATERD45NRICHARDSONRD,0,
MONROE SD,M22A8006,MONROE,VAN BUREN,BLOOMINGTON,4/8/22,2:08 AM,2,,0,0,0,,W STATE RD 45,,,,,W STATE RD 45,,,,,N,,0,,39.14355985,-86.57922952,,,,,RURAL,N,N,N,,DAYLIGHT,CLEAR,DRY,,NO JUNCTION INVOLVED,,ASPHALT,FAILURE TO YIELD RIGHT OF WAY,$1001 TO $2500,REAR END,WSTATERD45,0,
BLOOMINGTON PD,B22-17436,MONROE,PERRY,BLOOMINGTON,5/12/22,5:21 PM,2,,0,0,0,,E HILLSIDE DR,,,,,E HILLSIDE DR,S LONGWOOD DR,,,,Y,,422,,39.15050244,-86.51352114,LOCAL/CITY ROAD,,,,URBAN,N,N,N,,DAYLIGHT,CLEAR,DRY,,NO JUNCTION INVOLVED,,ASPHALT,FOLLOWING TOO CLOSELY,$2501 TO $5000,REAR END,SLONGWOODDREHILLSIDEDR,0,
BLOOMINGTON PD,B22-12051,MONROE,BLOOMINGTON,BLOOMINGTON,4/7/22,4:26 PM,2,,1,0,0,,STATE RD 46,,,,,STATE RD 46,EASTGATE LN,,,,Y,,0,,39.17019362,-86.50146695,LOCAL/CITY ROAD,,,,URBAN,N,N,N,,DAYLIGHT,RAIN,WET,,FOUR-WAY INTERSECTION,,ASPHALT,FOLLOWING TOO CLOSELY,$2501 TO $5000,REAR END,STATERD46EASTGATELN,0,
BLOOMINGTON PD,B22-15295,MONROE,VAN BUREN,BLOOMINGTON,4/28/22,12:10 PM,2,,0,0,0,,S. LIBERTY DR,,,,,S. LIBERTY DR,W. 3RD ST,,,,Y,,0,,39.164606,-86.579131,LOCAL/CITY ROAD,,,,URBAN,N,N,N,,DAYLIGHT,CLEAR,DRY,,FOUR-WAY INTERSECTION,,ASPHALT,FOLLOWING TOO CLOSELY,$2501 TO $5000,REAR END,W.3RDSTS.LIBERTYDR,0,
MONROE SD,M22A12686,MONROE,SALT CREEK,BLOOMINGTON,5/31/22,9:11 PM,1,,0,0,1,,STATE RD 46,,,,,STATE RD 46,N GETTYS CREEK RD,,,,N,,422,,39.16319409,-86.41544132,STATE ROAD,,,,RURAL,N,N,N,,DAWN/DUSK,CLEAR,DRY,,NO JUNCTION INVOLVED,,ASPHALT,ANIMAL/OBJECT IN ROADWAY,$5001 TO $10000,COLLISION WITH DEER,STATERD46NGETTYSCREEKRD,0,
BLOOMINGTON PD,B2213977,MONROE,BLOOMINGTON,BLOOMINGTON,4/21/22,8:19 AM,2,,0,0,0,,S WALNUT ST,,,,,S WALNUT ST,E 1ST ST,,,,Y,,0,,39.159361,-86.533661,,,,,URBAN,N,N,N,,DAYLIGHT,RAIN,WET,,NO JUNCTION INVOLVED,,ASPHALT,UNSAFE BACKING,$1001 TO $2500,BACKING CRASH,SWALNUTSTE1STST,0,
BLOOMINGTON PD,B22-28099,MONROE,PERRY,BLOOMINGTON,7/22/22,8:27 AM,1,,0,0,0,,S WASHINGTON ST,,,,,S WASHINGTON ST,E 3RD ST,,,,Y,,0,,39.16408346,-86.53242187,PRIVATE DRIVE,,,,URBAN,N,N,N,,DAYLIGHT,CLEAR,DRY,,NO JUNCTION INVOLVED,,CONCRETE,DRIVER DISTRACTED - EXPLAIN IN NARRATIVE,$25001 TO $50000,COLLISION WITH OBJECT IN ROAD,SWASHINGTONSTE3RDST,0,
BLOOMINGTON PD,B22-11608,MONROE,PERRY,BLOOMINGTON,4/4/22,4:32 PM,3,,2,0,0,,W COUNTRY CLUB DR,,,,,W COUNTRY CLUB DR,S BANTA AVE,,,,Y,,950,,39.13618346,-86.542759,LOCAL/CITY ROAD,,,,URBAN,N,N,N,,DAYLIGHT,CLEAR,DRY,,NO JUNCTION INVOLVED,,ASPHALT,FOLLOWING TOO CLOSELY,$25001 TO $50000,REAR END,WCOUNTRYCLUBDRSBANTAAVE,0,
INDIANA UNIV BLOOMINGTON PD,220923,MONROE,BLOOMINGTON,BLOOMINGTON,3/9/22,6:23 PM,2,,0,0,0,,E 3RD ST,,,,,E 3RD ST,S HAWTHORNE DR,,,,Y,,106,,39.16422303,-86.51988625,LOCAL/CITY ROAD,,,,URBAN,N,N,N,,DAYLIGHT,CLEAR,DRY,,NO JUNCTION INVOLVED,,ASPHALT,UNSAFE LANE MOVEMENT,$25001 TO $50000,SAME DIRECTION SIDESWIPE,SHAWTHORNEDRE3RDST,0,
BLOOMINGTON PD,B22-38196,MONROE,PERRY,BLOOMINGTON,9/21/22,11:00 AM,2,,0,0,0,,S RENWICK BLVD,,,,,S RENWICK BLVD,E CATHCART ST,,,,Y,,0,,39.14944018,-86.50133011,LOCAL/CITY ROAD,,,,URBAN,N,N,N,,DAYLIGHT,CLEAR,DRY,,FOUR-WAY INTERSECTION,,ASPHALT,FAILURE TO YIELD RIGHT OF WAY,$5001 TO $10000,LEFT TURN,SRENWICKBLVDECATHCARTST,0,
BLOOMINGTON PD,B22-17966,MONROE,BLOOMINGTON,BLOOMINGTON,5/16/22,3:35 PM,2,,0,0,0,,N LINCOLN ST,,,,,N LINCOLN ST,E 17TH ST,,,,Y,,0,,39.17890571,-86.53096981,LOCAL/CITY ROAD,,,,URBAN,N,N,N,,DAYLIGHT,CLEAR,DRY,,NO JUNCTION INVOLVED,,ASPHALT,IMPROPER PASSING,$5001 TO $10000,SAME DIRECTION SIDESWIPE,NLINCOLNSTE17THST,0,
ELLETTSVILLE PD,E22-01238,MONROE,RICHLAND,ELLETTSVILLE,4/6/22,3:42 AM,2,,0,0,0,,BEECHWOOD DR,,,,,BEECHWOOD DR,RIDGE SPRINGS LN,,,,Y,,0,,39.23930679,-86.63560134,COUNTY ROAD,,,,RURAL,N,N,N,,DAYLIGHT,CLEAR,DRY,,T-INTERSECTION,,ASPHALT,UNSAFE BACKING,$1001 TO $2500,BACKING CRASH,RIDGESPRINGSLNBEECHWOODDR,0,
BLOOMINGTON PD,B22-41050,MONROE,BLOOMINGTON,BLOOMINGTON,10/6/22,12:46 PM,1,,0,0,0,,W SR 45/46 BYPASS,,,,,W SR 45/46 BYPASS,N. MONROE ST,,,,Y,,0,,39.186823,-86.54668,STATE ROAD,,,,URBAN,N,N,N,,DAYLIGHT,CLOUDY,DRY,,T-INTERSECTION,,ASPHALT,LEFT OF CENTER,$2501 TO $5000,OTHER - EXPLAIN IN NARRATIVE,WSR45/46BYPASSN.MONROEST,0,
ELLETTSVILLE PD,E2201837,MONROE,,,5/16/22,5:35 PM,2,,0,0,0,,STATE ROAD 46 W,,,,,STATE ROAD 46 W,RED HILL ROAD,,,,Y,,0,,39.245757,-86.636716,STATE ROAD,,,,URBAN,N,N,N,,DAYLIGHT,CLEAR,DRY,,FOUR-WAY INTERSECTION,,ASPHALT,FAILURE TO YIELD RIGHT OF WAY,$2501 TO $5000,RIGHT ANGLE,STATEROAD46WREDHILLROAD,0,
BLOOMINGTON PD,B22-30026,MONROE,PERRY,BLOOMINGTON,7/23/22,10:00 PM,2,,0,0,0,,E 2ND ST,,,,,E 2ND ST,S WALNUT ST,,,,Y,,0,,39.16138331,-86.53361583,LOCAL/CITY ROAD,,,,URBAN,N,N,N,,DAYLIGHT,CLEAR,DRY,,FOUR-WAY INTERSECTION,,ASPHALT,DISREGARD SIGNAL/REG SIGN,$1001 TO $2500,RIGHT ANGLE,SWALNUTSTE2NDST,0,
BLOOMINGTON PD,B22-29668,MONROE,BLOOMINGTON,BLOOMINGTON,8/2/22,12:53 PM,1,,1,0,0,,W CHEROKEE DR,,,,,W CHEROKEE DR,S ROGERS ST,,,,Y,,0,,39.14696886,-86.53906801,,,,,URBAN,N,N,N,,DAYLIGHT,CLOUDY,DRY,,NO JUNCTION INVOLVED,,ASPHALT,OVERCORRECTING/OVERSTEERING,$1001 TO $2500,RAN OFF ROAD,WCHEROKEEDRSROGERSST,0,
BLOOMINGTON PD,B22-33562,MONROE,BLOOMINGTON,BLOOMINGTON,8/25/22,11:11 AM,2,,0,0,0,,E 10TH ST,,,,,E 10TH ST,N WOODLAWN AVE,,,,Y,,0,,39.17161459,-86.52344743,LOCAL/CITY ROAD,,,,URBAN,N,N,N,,DAYLIGHT,CLEAR,DRY,,FOUR-WAY INTERSECTION,,ASPHALT,UNSAFE LANE MOVEMENT,$2501 TO $5000,SAME DIRECTION SIDESWIPE,NWOODLAWNAVEE10THST,0,
BLOOMINGTON PD,B22-35890,MONROE,BLOOMINGTON,BLOOMINGTON,9/7/22,1:20 PM,1,,2,0,0,211,S KIMBLE DR,,,,,S KIMBLE DR,,,,,Y,,0,,39.16467173,-86.56794569,PRIVATE DRIVE,,,,URBAN,N,N,N,,DAYLIGHT,CLEAR,DRY,,NO JUNCTION INVOLVED,,ASPHALT,OTHER (DRIVER) - EXPLAIN IN NARRATIVE,$2501 TO $5000,RAN OFF ROAD,SKIMBLEDR,0,
BLOOMINGTON PD,B22-23922,MONROE,BLOOMINGTON,BLOOMINGTON,6/25/22,6:40 PM,2,,1,0,0,,N KINSER PIKE,,,,,N KINSER PIKE,STATE RD 46,,,,Y,,0,,39.18648047,-86.5377397,STATE ROAD,,,,URBAN,N,N,N,,DAYLIGHT,CLEAR,DRY,,FOUR-WAY INTERSECTION,,ASPHALT,FAILURE TO YIELD RIGHT OF WAY,$10001 TO $25000,HEAD ON BETWEEN TWO MOTOR VEHICLES,STATERD46NKINSERPIKE,0,
BLOOMINGTON PD,B22-28809,MONROE,BLOOMINGTON,BLOOMINGTON,7/27/22,6:14 PM,1,,0,0,0,,CLEAR CREEK TRAILHEAD NORTH,,,,,CLEAR CREEK TRAILHEAD NORTH,,,,,Y,,0,,39.13637658,-86.56078035,LOCAL/CITY ROAD,,,,URBAN,N,N,N,,DAYLIGHT,CLEAR,DRY,,T-INTERSECTION,,ASPHALT,FOLLOWING TOO CLOSELY,$2501 TO $5000,RAN OFF ROAD,CLEARCREEKTRAILHEADNORTH,0,
MONROE SD,M22A7241,MONROE,SALT CREEK,BLOOMINGTON,3/30/22,12:00 AM,1,,0,0,0,,S DEER TRCE,,,,,S DEER TRCE,E LAMPKINS RIDGE RD,,,,N,,1162,,39.1512762,-86.42405695,LOCAL/CITY ROAD,,,,RURAL,N,N,N,,DAYLIGHT,CLEAR,DRY,,NO JUNCTION INVOLVED,,ASPHALT,OVERCORRECTING/OVERSTEERING,$5001 TO $10000,RAN OFF ROAD,SDEERTRCEELAMPKINSRIDGERD,0,
MONROE SD,M22A5148,MONROE,WASHINGTON,BLOOMINGTON,3/4/22,2:03 PM,1,,1,0,0,751,E SAMPLE RD,,,,,E SAMPLE RD,,,,,N,,0,,39.26116893,-86.51415266,COUNTY ROAD,,,,RURAL,N,N,N,,DAYLIGHT,CLEAR,DRY,,NO JUNCTION INVOLVED,,ASPHALT,OVERCORRECTING/OVERSTEERING,UNDER $1001,RAN OFF ROAD,ESAMPLERD,0,
BLOOMINGTON PD,B22-12955,MONROE,BLOOMINGTON,BLOOMINGTON,4/13/22,9:45 PM,1,,0,0,0,,S COLLEGE MALL RD,,,,,S COLLEGE MALL RD,E COVENANTER DR,,,,Y,,528,,39.15610996,-86.49780697,LOCAL/CITY ROAD,,,,URBAN,N,N,N,,DARK (NOT LIGHTED),RAIN,WET,,NO JUNCTION INVOLVED,,ASPHALT,OTHER (DRIVER) - EXPLAIN IN NARRATIVE,UNDER $1001,OTHER - EXPLAIN IN NARRATIVE,SCOLLEGEMALLRDECOVENANTERDR,0,
BLOOMINGTON PD,B22-18643,MONROE,BLOOMINGTON,BLOOMINGTON,5/21/22,2:00 AM,1,,0,0,0,,N WALNUT ST,,,,,N WALNUT ST,W 17TH ST,,,,Y,,0,,39.17894313,-86.53351254,LOCAL/CITY ROAD,,,,URBAN,N,N,N,,DARK (LIGHTED),CLEAR,DRY,,FOUR-WAY INTERSECTION,,ASPHALT,DRIVER DISTRACTED - EXPLAIN IN NARRATIVE,$2501 TO $5000,RAN OFF ROAD,W17THSTNWALNUTST,0,
DNR LAW ENFORCEMENT,06-22-01427,MONROE,SALT CREEK,BLOOMINGTON,6/5/22,7:45 AM,1,,0,0,1,,STATE RD 446,,,,,STATE RD 446,,,,,N,,0,,39.12788955,-86.44354277,STATE ROAD,,,,RURAL,N,N,N,,DAYLIGHT,CLOUDY,DRY,,NO JUNCTION INVOLVED,,ASPHALT,ANIMAL/OBJECT IN ROADWAY,$2501 TO $5000,RIGHT ANGLE,STATERD446,0,
BLOOMINGTON PD,B22-34642,MONROE,RICHLAND,BLOOMINGTON,8/31/22,1:05 PM,2,,0,0,0,,W 3RD ST,,,,,W 3RD ST,N JACOBS DR,,,,Y,,300,,39.16466819,-86.57688838,STATE ROAD,,,,URBAN,N,N,N,,DAYLIGHT,CLEAR,DRY,,NO JUNCTION INVOLVED,,ASPHALT,FAILURE TO YIELD RIGHT OF WAY,$5001 TO $10000,RIGHT ANGLE,W3RDSTNJACOBSDR,0,
BLOOMINGTON PD,B22-32101,MONROE,PERRY,BLOOMINGTON,8/17/22,5:29 PM,2,,0,0,0,,S WALNUT SPRINGS DR,,,,,S WALNUT SPRINGS DR,,,,,Y,,0,,39.12782787,-86.52849609,PRIVATE DRIVE,,,,URBAN,N,N,N,,DAYLIGHT,CLOUDY,DRY,,NO JUNCTION INVOLVED,,ASPHALT,OTHER (DRIVER) - EXPLAIN IN NARRATIVE,$5001 TO $10000,LEFT TURN,SWALNUTSPRINGSDR,0,
BLOOMINGTON PD,B22-28817,MONROE,BLOOMINGTON,BLOOMINGTON,7/27/22,7:51 PM,2,,0,0,0,,N ARLINGTON PARK DR,,,,,N ARLINGTON PARK DR,,,,,Y,,0,,39.17986657,-86.55353072,,,,,URBAN,N,N,N,,DAYLIGHT,CLEAR,DRY,,NO JUNCTION INVOLVED,,ASPHALT,OTHER (VEHICLE) - EXPLAIN IN NARRATIVE,$1001 TO $2500,OTHER - EXPLAIN IN NARRATIVE,NARLINGTONPARKDR,0,
BLOOMINGTON PD,B22-03590,MONROE,BLOOMINGTON,BLOOMINGTON,2/1/22,6:52 AM,2,,1,0,0,,S COLLEGE MALL RD,,,,,S COLLEGE MALL RD,E 2ND ST,,,,Y,,792,,39.15960798,-86.49780078,LOCAL/CITY ROAD,,,,URBAN,N,N,N,,DARK (LIGHTED),CLEAR,DRY,,NO JUNCTION INVOLVED,,ASPHALT,FOLLOWING TOO CLOSELY,$5001 TO $10000,REAR END,SCOLLEGEMALLRDE2NDST,0,
ISP BLOOMINGTON 33,2.022E+11,MONROE,BLOOMINGTON,BLOOMINGTON,6/1/22,1:45 PM,2,,0,0,0,,SR46,,,,,SR46,CURRY PIKE,,,,N,,1000,,39.19357548,-86.57109602,STATE ROAD,,,,RURAL,N,N,N,,DAYLIGHT,CLEAR,DRY,,NO JUNCTION INVOLVED,,ASPHALT,UNSAFE LANE MOVEMENT,$5001 TO $10000,SAME DIRECTION SIDESWIPE,SR46CURRYPIKE,0,
MONROE SD,M22A5838,MONROE,RICHLAND,BLOOMINGTON,3/14/22,7:05 AM,2,,0,0,0,,W STATE ROAD 46,,,,,W STATE ROAD 46,N SMITH PIKE,,,,N,,0,,39.20999255,-86.58263821,STATE ROAD,,,,URBAN,N,N,N,,DARK (NOT LIGHTED),CLEAR,DRY,,FOUR-WAY INTERSECTION,,ASPHALT,FAILURE TO YIELD RIGHT OF WAY,$5001 TO $10000,RIGHT ANGLE,WSTATEROAD46NSMITHPIKE,0,
BLOOMINGTON PD,B22-16073,MONROE,RICHLAND,BLOOMINGTON,5/3/22,8:11 AM,4,,0,0,0,3618,W 3RD ST,,,,,W 3RD ST,,,,,Y,,0,,39.16618409,-86.58067651,PRIVATE DRIVE,,,,URBAN,N,N,N,,DARK (LIGHTED),CLEAR,DRY,,NO JUNCTION INVOLVED,,ASPHALT,UNSAFE LANE MOVEMENT,$10001 TO $25000,OTHER - EXPLAIN IN NARRATIVE,W3RDST,0,
MONROE SD,M22A6737,MONROE,BLOOMINGTON,BLOOMINGTON,3/24/22,3:15 PM,1,,0,0,0,,CONNAUGHT,,,,,CONNAUGHT,WAYPORT,,,,N,,0,,39.24420756,-86.53385586,COUNTY ROAD,,,,RURAL,N,N,N,,DAYLIGHT,CLOUDY,DRY,,NO JUNCTION INVOLVED,,ASPHALT,UNSAFE SPEED,$5001 TO $10000,RAN OFF ROAD,WAYPORTCONNAUGHT,0,
MORGAN SD,2202342,MONROE,WASHINGTON,BLOOMINGTON,3/22/22,4:50 PM,1,,0,0,0,,I-69,,,,,I-69,,,131,,N,,0,,39.33532315,-86.51147908,STATE ROAD,,,,RURAL,N,N,N,,DAYLIGHT,RAIN,WATER (STANDING OR MOVING),,NO JUNCTION INVOLVED,,CONCRETE,ROADWAY SURFACE CONDITION,$1001 TO $2500,RAN OFF ROAD,I-69131,0,