Agency,Local Code,County,Township,City,Collision Date,Collision Time,Vehicles Involved,Trailers Involved,Number Injured,Number Dead,Number Deer,House Number,Roadway Name,Roadway Suffix,Roadway Number,Roadway Interchange,Roadway Ramp,Roadway Id,Intersecting Road,Intersecting Road Number,Mile Marker,Interchange,Corporate Limits?,Property Type,Feet From,Direction,Latitude,Longitude,Roadway Class,Traffic Control Devices?,Aggressive Driving?,Hit and Run?,Locality,School Zone?,Rumble Strips?,Construction?,Construction Type,Light Condition,Weather Conditions,Surface Condition,Type of Median,Roadway Junction Type,Road Character,Roadway Surface,Primary Factor,Damage Estimate,Manner of Collision,Unique Location Id,State Property Damage?,Traffic Control
INDIANA UNIV BLOOMINGTON PD,223558,MONROE,BLOOMINGTON,BLOOMINGTON,9/25/22,1:30 PM,2,,0,0,0,,E 17TH ST,,,,,E 17TH ST,N INDIANA AVE,,,,Y,,0,,39.17900135,-86.52705378,LOCAL/CITY ROAD,,,,URBAN,N,N,N,,DAYLIGHT,CLEAR,DRY,,T-INTERSECTION,,ASPHALT,FAILURE TO YIELD RIGHT OF WAY,$1001 TO $2500,RIGHT ANGLE,NINDIANAAVEE17THST,0,
MONROE SD,M22A1950,MONROE,CLEAR CREEK,BLOOMINGTON,1/26/22,3:43 AM,1,,1,0,0,,S OLD STATE ROAD 37,,,,,S OLD STATE ROAD 37,,,,,N,,0,,39.02826956,-86.54190349,LOCAL/CITY ROAD,,,,RURAL,N,N,N,,DAYLIGHT,CLEAR,DRY,,NO JUNCTION INVOLVED,,ASPHALT,OVERCORRECTING/OVERSTEERING,$5001 TO $10000,RAN OFF ROAD,SOLDSTATEROAD37,0,
INDIANA UNIV BLOOMINGTON PD,221784,MONROE,BLOOMINGTON,BLOOMINGTON,5/6/22,5:55 PM,2,,0,0,0,,N JORDAN AVE,,,,,N JORDAN AVE,E 10TH ST,,,,Y,,0,,39.17181044,-86.5156516,LOCAL/CITY ROAD,,,,URBAN,N,N,N,,DAYLIGHT,RAIN,WET,,FOUR-WAY INTERSECTION,,ASPHALT,UNSAFE LANE MOVEMENT,$5001 TO $10000,LEFT TURN,NJORDANAVEE10THST,0,
BLOOMINGTON PD,B22-12518,MONROE,BLOOMINGTON,BLOOMINGTON,4/9/22,5:00 PM,2,,0,0,0,,346 S GRANT ST,,,,,346 S GRANT ST,,,,,Y,,0,,39.16505388,-86.53021299,PRIVATE DRIVE,,,,URBAN,N,N,N,,DARK (NOT LIGHTED),CLEAR,DRY,,NO JUNCTION INVOLVED,,CONCRETE,OTHER (DRIVER) - EXPLAIN IN NARRATIVE,$1001 TO $2500,BACKING CRASH,346SGRANTST,0,
BLOOMINGTON PD,B22-04842,MONROE,PERRY,BLOOMINGTON,2/12/22,11:00 AM,2,,0,0,0,,W DIXIE ST,,,,,W DIXIE ST,S FAIRVIEW ST,,,,N,,0,,39.15660399,-86.5418709,LOCAL/CITY ROAD,,,,URBAN,N,N,N,,DAYLIGHT,SNOW,DRY,,NO JUNCTION INVOLVED,,ASPHALT,FAILURE TO YIELD RIGHT OF WAY,$1001 TO $2500,REAR END,WDIXIESTSFAIRVIEWST,0,
BLOOMINGTON PD,B22-23765,MONROE,PERRY,BLOOMINGTON,6/24/22,4:36 PM,3,,0,0,0,,E RHORER RD,,,,,E RHORER RD,S SARE RD,,,,Y,,0,,39.12148533,-86.51167803,LOCAL/CITY ROAD,,,,URBAN,N,N,N,,DAYLIGHT,CLEAR,DRY,,T-INTERSECTION,,ASPHALT,FOLLOWING TOO CLOSELY,$2501 TO $5000,REAR END,SSARERDERHORERRD,0,
MONROE SD,M22A22082,MONROE,PERRY,BLOOMINGTON,9/8/22,12:28 PM,1,,1,0,0,,S HENDERSON ST,,,,,S HENDERSON ST,E ALLEN ST,,,,Y,,0,,39.15554711,-86.52703722,LOCAL/CITY ROAD,,,,RURAL,N,N,N,,DAYLIGHT,CLEAR,DRY,,FOUR-WAY INTERSECTION,,ASPHALT,FAILURE TO YIELD RIGHT OF WAY,UNDER $1001,SAME DIRECTION SIDESWIPE,SHENDERSONSTEALLENST,1,
BLOOMINGTON PD,B22-37312,MONROE,PERRY,BLOOMINGTON,9/15/22,4:50 PM,2,,0,0,0,,W COUNTRY CLUB DR,,,,,W COUNTRY CLUB DR,S ROCKPORT RD,,,,Y,,158,,39.13632539,-86.54839734,LOCAL/CITY ROAD,,,,URBAN,N,N,N,,DAYLIGHT,CLEAR,DRY,,FOUR-WAY INTERSECTION,,ASPHALT,FOLLOWING TOO CLOSELY,$2501 TO $5000,REAR END,WCOUNTRYCLUBDRSROCKPORTRD,0,
INDIANA UNIV BLOOMINGTON PD,220841,MONROE,BLOOMINGTON,BLOOMINGTON,3/4/22,10:10 AM,3,,1,0,0,,STATE RD 45,,,,,STATE RD 45,DISCOVERY PWKY,,,,Y,,326,,39.17482822,-86.50392046,STATE ROAD,,,,URBAN,N,N,N,,DAYLIGHT,CLEAR,DRY,,T-INTERSECTION,,ASPHALT,FOLLOWING TOO CLOSELY,$10001 TO $25000,REAR END,STATERD45DISCOVERYPWKY,0,
INDIANA UNIV BLOOMINGTON PD,223673,MONROE,BLOOMINGTON,BLOOMINGTON,9/30/22,1:25 PM,2,,0,0,0,,E 3RD ST,,,,,E 3RD ST,S HAWTHORNE DR,,,,Y,,211,,39.16426787,-86.52054885,LOCAL/CITY ROAD,,,,URBAN,N,N,N,,DAYLIGHT,CLEAR,DRY,,NO JUNCTION INVOLVED,,ASPHALT,UNSAFE LANE MOVEMENT,$5001 TO $10000,SAME DIRECTION SIDESWIPE,SHAWTHORNEDRE3RDST,0,
BLOOMINGTON PD,B22-23114,MONROE,VAN BUREN,BLOOMINGTON,6/20/22,4:20 PM,2,,0,0,0,,S LIBERTY DR,,,,,S LIBERTY DR,W 3RD ST,,,,Y,,0,,39.16460386,-86.5791394,LOCAL/CITY ROAD,,,,URBAN,N,N,N,,DAYLIGHT,CLEAR,DRY,,FOUR-WAY INTERSECTION,,ASPHALT,DISREGARD SIGNAL/REG SIGN,$5001 TO $10000,LEFT TURN,W3RDSTSLIBERTYDR,0,
MONROE SD,M22A5921,MONROE,RICHLAND,BLOOMINGTON,3/15/22,7:43 AM,2,,1,0,0,,CENTENNIAL DR,,,,,CENTENNIAL DR,W STATE RD 46,,,,N,,0,,39.20995732,-86.58268615,STATE ROAD,,,,URBAN,N,N,N,,DARK (LIGHTED),CLOUDY,DRY,,FOUR-WAY INTERSECTION,,ASPHALT,FAILURE TO YIELD RIGHT OF WAY,$10001 TO $25000,RIGHT ANGLE,WSTATERD46CENTENNIALDR,0,
MONROE SD,M22A20141,MONROE,VAN BUREN,,8/17/22,12:49 PM,2,,0,0,0,1285,S LIBERTY DR BLOOMINGTON IN,,,,,S LIBERTY DR BLOOMINGTON IN,,,,,N,,0,,39.1589058,-86.57515596,PRIVATE DRIVE,,,,URBAN,N,N,N,,DAYLIGHT,CLOUDY,DRY,,NO JUNCTION INVOLVED,,ASPHALT,UNSAFE BACKING,$10001 TO $25000,RIGHT ANGLE,SLIBERTYDRBLOOMINGTONIN,0,
BLOOMINGTON PD,B22-11736,MONROE,BLOOMINGTON,BLOOMINGTON,4/5/22,4:07 PM,2,,0,0,0,,STATE RD 46,,,,,STATE RD 46,E EASTGATE LN,,,,Y,,0,,39.17013535,-86.50150792,STATE ROAD,,,,URBAN,N,N,N,,DAYLIGHT,CLEAR,DRY,,FOUR-WAY INTERSECTION,,ASPHALT,FOLLOWING TOO CLOSELY,$2501 TO $5000,REAR END,STATERD46EEASTGATELN,0,
BLOOMINGTON PD,B22-14705,MONROE,PERRY,BLOOMINGTON,4/24/22,2:41 AM,2,,0,0,0,,EAST ATWATER,,,,,EAST ATWATER,SOUTH EAGLESON,,,,Y,,0,,39.16311459,-86.51643223,LOCAL/CITY ROAD,,,,URBAN,N,N,N,,DAYLIGHT,CLEAR,DRY,,FOUR-WAY INTERSECTION,,ASPHALT,FOLLOWING TOO CLOSELY,$2501 TO $5000,REAR END,SOUTHEAGLESONEASTATWATER,0,
MONROE SD,M22A10626,MONROE,INDIAN CREEK,BLOOMINGTON,5/9/22,8:34 PM,1,,0,0,1,,I-69,,,,,I-69,,,111.1,,N,,739,,39.07570706,-86.59027553,STATE ROAD,,,,RURAL,N,N,N,,DAWN/DUSK,CLEAR,DRY,,NO JUNCTION INVOLVED,,ASPHALT,ANIMAL/OBJECT IN ROADWAY,$2501 TO $5000,COLLISION WITH DEER,I-69111.1,0,
ISP BLOOMINGTON 33,2.022E+11,MONROE,BLOOMINGTON,BLOOMINGTON,4/6/22,11:34 AM,2,,0,0,0,,I69,,,,,I69,,,118,,Y,,0,,39.16809881,-86.57237009,INTERSTATE,,,,URBAN,N,N,N,,DAYLIGHT,RAIN,WET,,NO JUNCTION INVOLVED,,ASPHALT,UNSAFE LANE MOVEMENT,$5001 TO $10000,REAR END,I69118,0,
BLOOMINGTON PD,B22-06454,MONROE,BLOOMINGTON,BLOOMINGTON,2/26/22,3:18 AM,2,,0,0,0,,STATE RD 46,,,,,STATE RD 46,E 3RD ST,,,,Y,,0,,39.16443582,-86.4983468,STATE ROAD,,,,URBAN,N,N,N,,DAYLIGHT,CLEAR,DRY,,FOUR-WAY INTERSECTION,,ASPHALT,FOLLOWING TOO CLOSELY,UNDER $1001,REAR END,STATERD46E3RDST,0,
BLOOMINGTON PD,B22-10765,MONROE,BLOOMINGTON,BLOOMINGTON,3/29/22,11:03 PM,2,,1,0,0,,N INDIANA AVE,,,,,N INDIANA AVE,E 8TH ST,,,,Y,,0,,39.1694341,-86.52696284,LOCAL/CITY ROAD,,,,URBAN,N,N,N,,DARK (LIGHTED),CLOUDY,DRY,,FOUR-WAY INTERSECTION,,ASPHALT,FAILURE TO MAINTAIN LANE,$5001 TO $10000,SAME DIRECTION SIDESWIPE,NINDIANAAVEE8THST,0,
MONROE SD,M22A21414,MONROE,PERRY,BLOOMINGTON,8/31/22,5:48 PM,1,,0,0,0,,S OLD STATE ROAD 37,,,,,S OLD STATE ROAD 37,S ROGERS ST,,,,Y,,0,,39.09933225,-86.53788644,STATE ROAD,,,,URBAN,N,N,N,,DAYLIGHT,CLEAR,DRY,,Y-INTERSECTION,,ASPHALT,FAILURE TO YIELD RIGHT OF WAY,$1001 TO $2500,LEFT TURN,SROGERSSTSOLDSTATEROAD37,0,
BLOOMINGTON PD,B22-34507,MONROE,PERRY,BLOOMINGTON,8/30/22,5:38 AM,1,,0,0,0,,E HILLSIDE DR,,,,,E HILLSIDE DR,S WALNUT ST,,,,Y,,0,,39.15052462,-86.53366274,LOCAL/CITY ROAD,,,,URBAN,N,N,N,,DAYLIGHT,CLEAR,DRY,,FOUR-WAY INTERSECTION,,ASPHALT,FAILURE TO YIELD RIGHT OF WAY,UNDER $1001,RIGHT ANGLE,SWALNUTSTEHILLSIDEDR,1,
INDIANA UNIV BLOOMINGTON PD,222189,MONROE,BLOOMINGTON,BLOOMINGTON,6/21/22,9:55 AM,2,,0,0,0,,E 10TH ST,,,,,E 10TH ST,STATE RD 45,,,,Y,,0,,39.17165313,-86.50210387,LOCAL/CITY ROAD,,,,URBAN,N,N,N,,DAYLIGHT,CLEAR,DRY,,FOUR-WAY INTERSECTION,,ASPHALT,FOLLOWING TOO CLOSELY,$1001 TO $2500,REAR END,STATERD45E10THST,0,
BLOOMINGTON PD,B22-05452,MONROE,BLOOMINGTON,BLOOMINGTON,2/18/22,3:37 PM,2,,0,0,0,500,S LIBERTY DR,,,,,S LIBERTY DR,,,,,Y,,0,,39.16303799,-86.57972262,LOCAL/CITY ROAD,,,,URBAN,N,N,N,,DAYLIGHT,CLEAR,DRY,,NO JUNCTION INVOLVED,,ASPHALT,FAILURE TO YIELD RIGHT OF WAY,$1001 TO $2500,SAME DIRECTION SIDESWIPE,SLIBERTYDR,0,
ELLETTSVILLE PD,E221300,MONROE,RICHLAND,ELLETTSVILLE,4/10/22,7:28 PM,2,0,1,0,0,,W TEMPERANCE,ST,,,,W TEMPERANCE,SALE,,,,Y,,,,39.23384,-86.624704,LOCAL/CITY ROAD,Y,N,N,URBAN,N,N,N,,DAYLIGHT,CLOUDY,DRY,,NO JUNCTION INVOLVED,STRAIGHT/LEVEL,ASPHALT,OTHER (DRIVER) - EXPLAIN IN NARRATIVE,$5001 TO $10000,SAME DIRECTION SIDESWIPE,SALESTWTEMPERANCEST,0,TRAFFIC CONTROL SIGNAL
BLOOMINGTON PD,B22-21727,MONROE,BLOOMINGTON,BLOOMINGTON,6/8/22,2:30 PM,2,,0,0,0,1359,S FENBROOK LN,,,,,S FENBROOK LN,,,,,Y,,0,,39.15119204,-86.48708541,PRIVATE DRIVE,,,,URBAN,N,N,N,,DAYLIGHT,CLEAR,DRY,,NO JUNCTION INVOLVED,,ASPHALT,IMPROPER TURNING,$1001 TO $2500,SAME DIRECTION SIDESWIPE,SFENBROOKLN,0,
MONROE SD,M22A3874,MONROE,RICHLAND,ELLETTSVILLE,2/18/22,9:15 AM,2,,0,0,0,,W MAPLE GROVE RD,,,,,W MAPLE GROVE RD,N MATHEWS DR,,,,N,,0,,39.24532268,-86.62055952,,,,,RURAL,N,N,N,,DAYLIGHT,CLEAR,ICE,,FOUR-WAY INTERSECTION,,ASPHALT,DISREGARD SIGNAL/REG SIGN,$10001 TO $25000,RIGHT ANGLE,WMAPLEGROVERDNMATHEWSDR,0,
MONROE SD,M22A3148,MONROE,VAN BUREN,BLOOMINGTON,2/9/22,10:03 AM,1,,0,0,0,,S CURRY PIKE,,,,,S CURRY PIKE,,,,,N,,0,,39.16271113,-86.5827418,COUNTY ROAD,,,,URBAN,N,N,N,,DARK (NOT LIGHTED),CLEAR,DRY,,NO JUNCTION INVOLVED,,ASPHALT,DRIVER DISTRACTED - EXPLAIN IN NARRATIVE,UNDER $1001,RAN OFF ROAD,SCURRYPIKE,0,
MONROE SD,M22A5951,MONROE,PERRY,BLOOMINGTON,3/15/22,2:12 PM,2,,1,0,0,,S OLD SR 37,,,,,S OLD SR 37,S ORCHARD LN,,,,N,,1500,,39.11894,-86.531309,LOCAL/CITY ROAD,,,,URBAN,N,N,N,,DAYLIGHT,CLEAR,DRY,,NO JUNCTION INVOLVED,,ASPHALT,FOLLOWING TOO CLOSELY,$10001 TO $25000,REAR END,SORCHARDLNSOLDSR37,0,
MONROE SD,M22A13094,MONROE,VAN BUREN,BLOOMINGTON,6/4/22,7:04 PM,2,,0,0,0,,W STATE RD 45,,,,,W STATE RD 45,,,,,N,,0,,39.14214944,-86.58002613,PRIVATE DRIVE,,,,RURAL,N,N,N,,DAYLIGHT,CLEAR,DRY,,NO JUNCTION INVOLVED,,ASPHALT,FAILURE TO MAINTAIN LANE,$1001 TO $2500,BACKING CRASH,WSTATERD45,0,
BLOOMINGTON PD,B22-19109,MONROE,PERRY,BLOOMINGTON,5/24/22,1:50 PM,1,,1,0,0,,E MILLER DR,,,,,E MILLER DR,,,,,Y,,0,,39.14750029,-86.5305293,,,,,URBAN,N,N,N,,DAYLIGHT,CLEAR,DRY,,NO JUNCTION INVOLVED,,ASPHALT,UNSAFE BACKING,UNDER $1001,BACKING CRASH,EMILLERDR,1,
BLOOMINGTON PD,B22-043117,MONROE,,BLOOMINGTON,2/8/22,2:58 PM,2,,1,0,0,,N KINSER PIKE,,,,,N KINSER PIKE,W 17TH ST,,,,Y,,0,,39.178997,-86.53773,LOCAL/CITY ROAD,,,,URBAN,N,N,N,,DAYLIGHT,CLEAR,DRY,,NO JUNCTION INVOLVED,,ASPHALT,FOLLOWING TOO CLOSELY,$2501 TO $5000,REAR END,W17THSTNKINSERPIKE,0,
INDIANA UNIV BLOOMINGTON PD,221671,MONROE,BLOOMINGTON,BLOOMINGTON,4/28/22,6:15 PM,1,,0,0,1,,STATE RD 45,,,,,STATE RD 45,E 17TH ST,,,,Y,,845,,39.18083704,-86.50844804,LOCAL/CITY ROAD,,,,URBAN,N,N,N,,DAWN/DUSK,CLOUDY,DRY,,NO JUNCTION INVOLVED,,ASPHALT,ANIMAL/OBJECT IN ROADWAY,$2501 TO $5000,COLLISION WITH DEER,STATERD45E17THST,0,
BLOOMINGTON PD,B22-20089,MONROE,PERRY,BLOOMINGTON,5/31/22,2:29 PM,2,,0,0,0,,S. COLLEGE MALL RD,,,,,S. COLLEGE MALL RD,E. 2ND ST,,,,Y,,0,,39.1609319,-86.4977835,LOCAL/CITY ROAD,,,,URBAN,N,N,N,,DAYLIGHT,CLEAR,DRY,,FOUR-WAY INTERSECTION,,ASPHALT,UNSAFE LANE MOVEMENT,$10001 TO $25000,SAME DIRECTION SIDESWIPE,S.COLLEGEMALLRDE.2NDST,0,
BLOOMINGTON PD,B22-02771,MONROE,PERRY,BLOOMINGTON,1/25/22,8:29 AM,2,,0,0,0,,E 2ND ST,,,,,E 2ND ST,S COLLEGE MALL RD,,,,Y,,0,,39.16092504,-86.49773773,LOCAL/CITY ROAD,,,,URBAN,N,N,N,,DARK (LIGHTED),CLEAR,DRY,,FOUR-WAY INTERSECTION,,ASPHALT,DISREGARD SIGNAL/REG SIGN,$5001 TO $10000,RIGHT ANGLE,SCOLLEGEMALLRDE2NDST,0,
ISP BLOOMINGTON 33,2.022E+11,MONROE,BLOOMINGTON,BLOOMINGTON,4/27/22,7:00 AM,2,,0,0,0,,N OLD STATE ROAD 37,,,,,N OLD STATE ROAD 37,E BETHEL LN,,,,N,,0,,39.21541922,-86.52156419,COUNTY ROAD,,,,RURAL,N,N,N,,DAYLIGHT,CLEAR,DRY,,T-INTERSECTION,,ASPHALT,FAILURE TO YIELD RIGHT OF WAY,$5001 TO $10000,RIGHT ANGLE,NOLDSTATEROAD37EBETHELLN,0,
BLOOMINGTON PD,B22-27910,MONROE,PERRY,BLOOMINGTON,7/20/22,11:56 PM,2,,0,0,0,,S WALNUT ST,,,,,S WALNUT ST,W DODDS ST,,,,Y,,0,,,,LOCAL/CITY ROAD,,,,URBAN,N,N,N,,DARK (LIGHTED),CLEAR,DRY,,INTERCHANGE,,ASPHALT,FAILURE TO YIELD RIGHT OF WAY,$5001 TO $10000,SAME DIRECTION SIDESWIPE,WDODDSSTSWALNUTST,0,
BLOOMINGTON PD,B22-28161,MONROE,,BLOOMINGTON,7/22/22,4:08 PM,2,,1,0,0,,E CREEKS EDGE DR,,,,,E CREEKS EDGE DR,S SARE RD,,,,Y,,0,,,,LOCAL/CITY ROAD,,,,RURAL,N,N,N,,DAYLIGHT,CLEAR,DRY,,NO JUNCTION INVOLVED,,ASPHALT,FAILURE TO MAINTAIN LANE,$2501 TO $5000,HEAD ON BETWEEN TWO MOTOR VEHICLES,SSARERDECREEKSEDGEDR,0,
BLOOMINGTON PD,B22-12096,MONROE,BLOOMINGTON,BLOOMINGTON,4/7/22,10:30 PM,2,,0,0,0,,N DUNN ST,,,,,N DUNN ST,E 7TH ST,,,,Y,,0,,39.16850207,-86.52826256,LOCAL/CITY ROAD,,,,URBAN,N,N,N,,DARK (LIGHTED),CLEAR,DRY,,T-INTERSECTION,,ASPHALT,FAILURE TO YIELD RIGHT OF WAY,$10001 TO $25000,RIGHT ANGLE,NDUNNSTE7THST,0,
INDIANA UNIV BLOOMINGTON PD,220538,MONROE,BLOOMINGTON,BLOOMINGTON,2/11/22,4:35 PM,3,,0,0,0,,STATE RD 45,,,,,STATE RD 45,N DUNN ST,,,,Y,,0,,39.18634938,-86.52604164,STATE ROAD,,,,URBAN,N,N,N,,DAYLIGHT,CLOUDY,WET,,NO JUNCTION INVOLVED,,ASPHALT,FOLLOWING TOO CLOSELY,$10001 TO $25000,REAR END,STATERD45NDUNNST,0,
BLOOMINGTON PD,B22-20885,MONROE,BLOOMINGTON,BLOOMINGTON,6/5/22,11:43 AM,2,,0,0,0,,N KINSER PIKE,,,,,N KINSER PIKE,STATE ROAD 46,,,,Y,,0,,39.18644166,-86.53788275,STATE ROAD,,,,URBAN,N,N,N,,DAYLIGHT,CLEAR,DRY,,FOUR-WAY INTERSECTION,,ASPHALT,FOLLOWING TOO CLOSELY,UNDER $1001,REAR END,STATEROAD46NKINSERPIKE,0,
MONROE SD,M22A9858,MONROE,WASHINGTON,BLOOMINGTON,4/30/22,9:22 PM,2,,0,0,0,,I-69 SOUTHBOUND 129.5,,,,,I-69 SOUTHBOUND 129.5,,,,,N,,739,,39.31562198,-86.51215433,INTERSTATE,,,,RURAL,N,N,N,,DARK (NOT LIGHTED),RAIN,WET,,NO JUNCTION INVOLVED,,ASPHALT,UNSAFE LANE MOVEMENT,$5001 TO $10000,SAME DIRECTION SIDESWIPE,I-69SOUTHBOUND129.5,0,
BLOOMINGTON PD,B22-06968,MONROE,PERRY,BLOOMINGTON,3/2/22,3:21 PM,2,,0,0,0,,S HENDERSON ST,,,,,S HENDERSON ST,E HILLSIDE DR,,,,Y,,0,,39.15058968,-86.52697468,LOCAL/CITY ROAD,,,,URBAN,N,N,N,,DAYLIGHT,CLEAR,DRY,,FOUR-WAY INTERSECTION,,ASPHALT,FOLLOWING TOO CLOSELY,$1001 TO $2500,REAR END,SHENDERSONSTEHILLSIDEDR,0,
ELLETTSVILLE PD,E2200780,MONROE,RICHLAND,ELLETTSVILLE,3/2/22,7:48 PM,2,0,0,0,0,4645,RICHLAND PLAZA,DR,,,,RICHLAND PLAZA,,,,,,,,,39.21757551,-86.59434237,OTHER,,N,Y,,N,N,N,,DARK (LIGHTED),CLEAR,DRY,,NO JUNCTION INVOLVED,STRAIGHT/LEVEL,ASPHALT,OVERCORRECTING/OVERSTEERING,$5001 TO $10000,SAME DIRECTION SIDESWIPE,RICHLANDPLAZADR,0,NONE
INDIANA UNIV BLOOMINGTON PD,220629,MONROE,BLOOMINGTON,BLOOMINGTON,2/17/22,8:00 PM,2,,0,0,0,2620,E 10TH ST,,,,,E 10TH ST,,,,,Y,,0,,39.17098356,-86.50066889,OTHER,,,,URBAN,N,N,N,,DARK (LIGHTED),SLEET/HAIL/FREEZING RAIN,SNOW/SLUSH,,NO JUNCTION INVOLVED,,ASPHALT,IMPROPER TURNING,$1001 TO $2500,LEFT TURN,E10THST,0,
INDIANA UNIV BLOOMINGTON PD,222393,MONROE,BLOOMINGTON,BLOOMINGTON,7/14/22,11:45 AM,2,,0,0,0,,E 10TH ST,,,,,E 10TH ST,N UNION ST,,,,Y,,0,,39.17158659,-86.50938339,LOCAL/CITY ROAD,,,,URBAN,N,N,N,,DAYLIGHT,CLEAR,DRY,,FOUR-WAY INTERSECTION,,ASPHALT,FAILURE TO YIELD RIGHT OF WAY,UNDER $1001,REAR END,NUNIONSTE10THST,0,
MONROE SD,M22A15734,MONROE,VAN BUREN,BLOOMINGTON,7/1/22,7:42 PM,2,,0,0,0,,W STATE RD 45,,,,,W STATE RD 45,,,,,N,,0,,39.14330655,-86.57939895,PRIVATE DRIVE,,,,RURAL,N,N,N,,DAYLIGHT,CLEAR,DRY,,T-INTERSECTION,,ASPHALT,FAILURE TO YIELD RIGHT OF WAY,$5001 TO $10000,RIGHT ANGLE,WSTATERD45,0,
BLOOMINGTON PD,B22-27137,MONROE,VAN BUREN,BLOOMINGTON,7/15/22,9:20 PM,2,,3,0,0,,S LEONARD SPRINGS RD,,,,,S LEONARD SPRINGS RD,STATE RD 45,,,,Y,,0,,39.14192388,-86.58259696,STATE ROAD,,,,URBAN,N,N,N,,DARK (LIGHTED),CLEAR,DRY,,FOUR-WAY INTERSECTION,,ASPHALT,FAILURE TO YIELD RIGHT OF WAY,$5001 TO $10000,LEFT TURN,STATERD45SLEONARDSPRINGSRD,0,
BLOOMINGTON PD,B22-04761,MONROE,BLOOMINGTON,BLOOMINGTON,2/11/22,5:06 AM,2,,0,0,0,,E 3RD ST,,,,,E 3RD ST,S WALNUT ST,,,,Y,,0,,39.16458696,-86.53322644,LOCAL/CITY ROAD,,,,URBAN,N,N,N,,DAYLIGHT,CLOUDY,WET,,NO JUNCTION INVOLVED,,ASPHALT,FAILURE TO YIELD RIGHT OF WAY,$2501 TO $5000,SAME DIRECTION SIDESWIPE,SWALNUTSTE3RDST,0,
BLOOMINGTON PD,B22-39400,MONROE,PERRY,BLOOMINGTON,9/27/22,8:35 PM,2,,0,0,0,,E SMITH AVE,,,,,E SMITH AVE,S WALNUT ST,,,,Y,,0,,39.16282826,-86.53358729,LOCAL/CITY ROAD,,,,URBAN,N,N,N,,DARK (LIGHTED),CLEAR,DRY,,NO JUNCTION INVOLVED,,ASPHALT,IMPROPER LANE USAGE,$1001 TO $2500,SAME DIRECTION SIDESWIPE,SWALNUTSTESMITHAVE,0,
MONROE SD,M22A3380,MONROE,VAN BUREN,BLOOMINGTON,2/12/22,7:06 PM,1,,0,0,0,,W 3RD ST,,,,,W 3RD ST,N OARD ROAD,,,,N,,400,,39.16460061,-86.62096547,STATE ROAD,,,,RURAL,N,N,N,,DARK (NOT LIGHTED),SNOW,DRY,,NO JUNCTION INVOLVED,,ASPHALT,LEFT OF CENTER,$1001 TO $2500,RAN OFF ROAD,W3RDSTNOARDROAD,0,
BLOOMINGTON PD,B22-26589,MONROE,BLOOMINGTON,BLOOMINGTON,7/12/22,3:44 PM,2,,1,0,0,,N WALNUT ST,,,,,N WALNUT ST,W KIRKWOOD AVE,,,,Y,,0,,,,LOCAL/CITY ROAD,,,,URBAN,N,N,N,,DAYLIGHT,CLEAR,DRY,,FOUR-WAY INTERSECTION,,ASPHALT,IMPROPER TURNING,UNDER $1001,NON-COLLISION,WKIRKWOODAVENWALNUTST,0,
INDIANA UNIV BLOOMINGTON PD,221654,MONROE,BLOOMINGTON,BLOOMINGTON,4/27/22,3:30 PM,2,,0,0,0,,E 17TH ST,,,,,E 17TH ST,,,,,Y,,0,,39.17889323,-86.51575632,LOCAL/CITY ROAD,,,,URBAN,N,N,N,,DAYLIGHT,CLEAR,DRY,,T-INTERSECTION,,ASPHALT,FOLLOWING TOO CLOSELY,$5001 TO $10000,REAR END,E17THST,0,
INDIANA UNIV BLOOMINGTON PD,223124,MONROE,BLOOMINGTON,BLOOMINGTON,9/7/22,6:20 AM,2,,0,0,0,,DISCOVERY PARKWAY,,,,,DISCOVERY PARKWAY,STATE ROAD 45/46 BYPASS,,,,Y,,0,,39.17524208,-86.504255,STATE ROAD,,,,URBAN,N,N,N,,DARK (NOT LIGHTED),CLEAR,DRY,,T-INTERSECTION,,ASPHALT,FAILURE TO YIELD RIGHT OF WAY,$5001 TO $10000,LEFT TURN,STATEROAD45/46BYPASSDISCOVERYPARKWAY,0,
INDIANA UNIV BLOOMINGTON PD,223310,MONROE,BLOOMINGTON,BLOOMINGTON,9/14/22,6:30 PM,2,,1,0,0,,E 17TH ST,,,,,E 17TH ST,STATE RD 45,,,,Y,,0,,39.17973478,-86.50732613,STATE ROAD,,,,URBAN,N,N,N,,DAWN/DUSK,CLEAR,DRY,,T-INTERSECTION,,ASPHALT,FAILURE TO YIELD RIGHT OF WAY,$25001 TO $50000,LEFT TURN,STATERD45E17THST,0,
BLOOMINGTON PD,B22-26473,MONROE,BLOOMINGTON,BLOOMINGTON,7/11/22,7:50 AM,2,,0,0,0,2966,E 3RD ST,,,,,E 3RD ST,,,,,N,,0,,39.16301334,-86.4918258,PRIVATE DRIVE,,,,URBAN,N,N,N,,DAYLIGHT,CLEAR,DRY,,NO JUNCTION INVOLVED,,ASPHALT,IMPROPER TURNING,$1001 TO $2500,RIGHT TURN,E3RDST,0,