Agency,Local Code,County,Township,City,Collision Date,Collision Time,Vehicles Involved,Trailers Involved,Number Injured,Number Dead,Number Deer,House Number,Roadway Name,Roadway Suffix,Roadway Number,Roadway Interchange,Roadway Ramp,Roadway Id,Intersecting Road,Intersecting Road Number,Mile Marker,Interchange,Corporate Limits?,Property Type,Feet From,Direction,Latitude,Longitude,Roadway Class,Traffic Control Devices?,Aggressive Driving?,Hit and Run?,Locality,School Zone?,Rumble Strips?,Construction?,Construction Type,Light Condition,Weather Conditions,Surface Condition,Type of Median,Roadway Junction Type,Road Character,Roadway Surface,Primary Factor,Damage Estimate,Manner of Collision,Unique Location Id,State Property Damage?,Traffic Control
BLOOMINGTON PD,B22-27671,MONROE,,BLOOMINGTON,7/19/22,3:45 PM,2,,0,0,0,,307 E 3RD ST; LUCKY EXPRESS,,,,,307 E 3RD ST; LUCKY EXPRESS,,,,,Y,,0,,,,PRIVATE DRIVE,,,,URBAN,N,N,Y,LANE CLOSURE,DAYLIGHT,CLEAR,DRY,,NO JUNCTION INVOLVED,,CONCRETE,UNSAFE BACKING,$1001 TO $2500,BACKING CRASH,307E3RDST;LUCKYEXPRESS,0,
ELLETTSVILLE PD,E2202610,MONROE,RICHLAND,ELLETTSVILLE,7/12/22,12:30 PM,2,0,0,0,0,,,,SR46W,,,SR46W,DEER PARK,,,,Y,,,,39.212048,-86.5872,STATE ROAD,,N,N,URBAN,N,N,N,,DAYLIGHT,CLEAR,DRY,,NO JUNCTION INVOLVED,STRAIGHT/LEVEL,ASPHALT,IMPROPER TURNING,$2501 TO $5000,REAR END,DEERPARKDRSR46W,0,NONE
INDIANA UNIV BLOOMINGTON PD,220628,MONROE,BLOOMINGTON,BLOOMINGTON,2/17/22,6:25 AM,2,,1,0,0,,STATE RD 46,,,,,STATE RD 46,EASTGATE LN,,,,Y,,264,,39.17059732,-86.50156914,STATE ROAD,,,,URBAN,N,N,N,,DARK (NOT LIGHTED),RAIN,WET,,NO JUNCTION INVOLVED,,ASPHALT,UNSAFE LANE MOVEMENT,$5001 TO $10000,SAME DIRECTION SIDESWIPE,STATERD46EASTGATELN,0,
MONROE SD,M22A11303,MONROE,VAN BUREN,BLOOMINGTON,5/16/22,4:51 PM,2,,0,0,0,3585,W SR 45,,,,,W SR 45,,,,,N,,0,,39.141477,-86.58021,PRIVATE DRIVE,,,,RURAL,N,N,N,,DAYLIGHT,CLEAR,DRY,,NO JUNCTION INVOLVED,,ASPHALT,OVERCORRECTING/OVERSTEERING,$1001 TO $2500,LEFT TURN,WSR45,0,
BLOOMINGTON PD,B22-32882,MONROE,BLOOMINGTON,BLOOMINGTON,8/21/22,3:50 PM,2,,0,0,0,,S SWAIN AVE,,,,,S SWAIN AVE,E 3RD ST,,,,Y,,0,,39.16417381,-86.51525206,LOCAL/CITY ROAD,,,,URBAN,N,N,N,,DAYLIGHT,CLEAR,DRY,,T-INTERSECTION,,ASPHALT,IMPROPER LANE USAGE,$5001 TO $10000,LEFT TURN,SSWAINAVEE3RDST,0,
BLOOMINGTON PD,B22-30255,MONROE,BLOOMINGTON,BLOOMINGTON,8/5/22,7:25 PM,1,,0,0,0,,W 15TH ST,,,,,W 15TH ST,N ILLINOIS ST,,,,Y,,0,,39.17662967,-86.55171595,LOCAL/CITY ROAD,,,,URBAN,N,N,N,,DAYLIGHT,CLEAR,DRY,,T-INTERSECTION,,ASPHALT,DISREGARD SIGNAL/REG SIGN,$2501 TO $5000,RAN OFF ROAD,W15THSTNILLINOISST,0,
BLOOMINGTON PD,B22-28499,MONROE,PERRY,BLOOMINGTON,7/25/22,4:20 AM,2,,0,0,0,,N DUNN ST,,,,,N DUNN ST,E 7TH ST,,,,Y,,0,,39.16855475,-86.52825541,LOCAL/CITY ROAD,,,,URBAN,N,N,N,,DAYLIGHT,CLOUDY,DRY,,FOUR-WAY INTERSECTION,,ASPHALT,FAILURE TO YIELD RIGHT OF WAY,$10001 TO $25000,RIGHT ANGLE,NDUNNSTE7THST,0,
BLOOMINGTON PD,B22-36477,MONROE,VAN BUREN,BLOOMINGTON,9/10/22,3:22 PM,2,,1,0,0,,S LEONARD SPRINGS RD,,,,,S LEONARD SPRINGS RD,W STATE RD 45,,,,Y,,0,,39.14195339,-86.58256149,LOCAL/CITY ROAD,,,,URBAN,N,N,N,,DAYLIGHT,CLEAR,DRY,,FOUR-WAY INTERSECTION,,ASPHALT,FOLLOWING TOO CLOSELY,$5001 TO $10000,REAR END,WSTATERD45SLEONARDSPRINGSRD,0,
BLOOMINGTON PD,B22-29052,MONROE,PERRY,,7/29/22,11:35 AM,2,,0,0,0,,E RHORER RD,,,,,E RHORER RD,S WALNUT STREET PIKE,,,,Y,,0,,39.12144864,-86.52662436,LOCAL/CITY ROAD,,,,URBAN,N,N,N,,DAYLIGHT,CLEAR,DRY,,FIVE POINT OR MORE,,ASPHALT,FOLLOWING TOO CLOSELY,$2501 TO $5000,REAR END,SWALNUTSTREETPIKEERHORERRD,0,
MONROE SD,M22A12848,MONROE,WASHINGTON,BLOOMINGTON,6/2/22,7:15 AM,1,,0,0,1,,N WAYPORT RD,,,,,N WAYPORT RD,N FOX HOLLOW RD,,,,N,,0,,39.28772965,-86.51887005,LOCAL/CITY ROAD,,,,RURAL,N,N,N,,DAWN/DUSK,RAIN,WET,,NO JUNCTION INVOLVED,,ASPHALT,ANIMAL/OBJECT IN ROADWAY,$2501 TO $5000,COLLISION WITH DEER,NWAYPORTRDNFOXHOLLOWRD,0,
INDIANA UNIV BLOOMINGTON PD,221290,MONROE,BLOOMINGTON,BLOOMINGTON,4/6/22,2:30 PM,2,,0,0,0,,S EAGLESON AVE.,,,,,S EAGLESON AVE.,E 3RD ST,,,,Y,,0,,39.1639818,-86.51641346,LOCAL/CITY ROAD,,,,URBAN,N,N,N,,DAYLIGHT,RAIN,WET,,FOUR-WAY INTERSECTION,,ASPHALT,FAILURE TO YIELD RIGHT OF WAY,$2501 TO $5000,RIGHT ANGLE,SEAGLESONAVE.E3RDST,0,
INDIANA UNIV BLOOMINGTON PD,220369,MONROE,BLOOMINGTON,BLOOMINGTON,2/1/22,1:15 PM,2,,0,0,0,,E 8TH ST,,,,,E 8TH ST,,,,,Y,,0,,39.16931367,-86.52296531,,,,,URBAN,N,N,N,,DAYLIGHT,CLEAR,DRY,,NO JUNCTION INVOLVED,,ASPHALT,UNSAFE BACKING,$1001 TO $2500,BACKING CRASH,E8THST,0,
ELLETTSVILLE PD,E220749,MONROE,RICHLAND,ELLETTSVILLE,2/28/22,2:44 PM,2,0,0,0,0,,,,SR46W,,,SR46W,LOVE,,,,Y,,,,39.219152,-86.602304,STATE ROAD,,N,N,URBAN,N,N,N,,DAYLIGHT,CLEAR,DRY,,NO JUNCTION INVOLVED,STRAIGHT/LEVEL,ASPHALT,UNSAFE LANE MOVEMENT,$1001 TO $2500,SAME DIRECTION SIDESWIPE,LOVELNSR46W,0,LANE CONTROL
BLOOMINGTON PD,B22-33747,MONROE,PERRY,BLOOMINGTON,8/26/22,12:57 PM,2,,0,0,0,,S WALNUT ST,,,,,S WALNUT ST,W 3RD ST,,,,Y,,0,,39.16460481,-86.53363415,,,,,URBAN,N,N,N,,DAYLIGHT,CLEAR,DRY,,FOUR-WAY INTERSECTION,,ASPHALT,FOLLOWING TOO CLOSELY,UNDER $1001,REAR END,W3RDSTSWALNUTST,0,
BLOOMINGTON PD,B22-25478,MONROE,VAN BUREN,BLOOMINGTON,7/5/22,2:25 PM,2,,2,0,0,,W 3RD ST,,,,,W 3RD ST,S CURRY PIKE,,,,Y,,0,,39.16464236,-86.58294986,LOCAL/CITY ROAD,,,,URBAN,N,N,N,,DAYLIGHT,CLEAR,DRY,,FOUR-WAY INTERSECTION,,ASPHALT,FAILURE TO YIELD RIGHT OF WAY,$50001 TO $100000,RIGHT ANGLE,W3RDSTSCURRYPIKE,0,
INDIANA UNIV BLOOMINGTON PD,220502,MONROE,BLOOMINGTON,BLOOMINGTON,2/9/22,2:19 PM,2,,0,0,0,509,E. 3RD ST.,,,,,E. 3RD ST.,,,,,Y,,0,,39.16469019,-86.52793237,LOCAL/CITY ROAD,,,,URBAN,N,N,N,,DAYLIGHT,CLEAR,ICE,,NO JUNCTION INVOLVED,,ASPHALT,ROADWAY SURFACE CONDITION,$2501 TO $5000,SAME DIRECTION SIDESWIPE,E.3RDST.,0,
BLOOMINGTON PD,B22-04463,MONROE,PERRY,BLOOMINGTON,2/9/22,1:36 PM,2,,1,0,0,,W ST RD 45,,,,,W ST RD 45,S LIBERTY DR,,,,Y,,0,,39.1450008,-86.5777444,LOCAL/CITY ROAD,,,,URBAN,N,N,N,,DAYLIGHT,CLEAR,DRY,,FOUR-WAY INTERSECTION,,ASPHALT,FAILURE TO YIELD RIGHT OF WAY,$2501 TO $5000,RIGHT ANGLE,WSTRD45SLIBERTYDR,0,
BLOOMINGTON PD,B22-04947,MONROE,VAN BUREN,BLOOMINGTON,2/13/22,4:59 AM,2,,0,0,0,500,S LIBERTY DR,,,,,S LIBERTY DR,,,,,Y,,0,,39.16409697,-86.57747647,,,,,URBAN,N,N,N,,DAYLIGHT,CLOUDY,DRY,,NO JUNCTION INVOLVED,,ASPHALT,FAILURE TO YIELD RIGHT OF WAY,$1001 TO $2500,RIGHT TURN,SLIBERTYDR,0,
BLOOMINGTON PD,B22-30234,MONROE,BLOOMINGTON,BLOOMINGTON,8/5/22,5:32 PM,1,,0,0,0,,W DUNCAN DR,,,,,W DUNCAN DR,S ROCKPORT RD,,,,Y,,1056,,39.14580419,-86.54225297,LOCAL/CITY ROAD,,,,URBAN,N,N,N,,DAYLIGHT,CLEAR,DRY,,NO JUNCTION INVOLVED,,ASPHALT,OTHER (DRIVER) - EXPLAIN IN NARRATIVE,$1001 TO $2500,NON-COLLISION,WDUNCANDRSROCKPORTRD,0,
MONROE SD,M22A19371,MONROE,BENTON,BLOOMINGTON,8/9/22,7:52 AM,1,,0,0,0,,STATE RD 45,,,,,STATE RD 45,N TUNNEL RD,,,,N,,0,,39.23093457,-86.43008312,STATE ROAD,,,,RURAL,N,N,N,,DAYLIGHT,RAIN,WET,,NO JUNCTION INVOLVED,,ASPHALT,ROADWAY SURFACE CONDITION,$2501 TO $5000,RAN OFF ROAD,STATERD45NTUNNELRD,0,
BLOOMINGTON PD,B22-21678,MONROE,PERRY,BLOOMINGTON,6/10/22,1:20 PM,3,,1,0,0,,S COLLEGE MALL RD,,,,,S COLLEGE MALL RD,E 3RD ST,,,,Y,,0,,39.16395451,-86.49818938,LOCAL/CITY ROAD,,,,URBAN,N,N,Y,LANE CLOSURE,DAYLIGHT,CLEAR,DRY,,FOUR-WAY INTERSECTION,,ASPHALT,DRIVER DISTRACTED - EXPLAIN IN NARRATIVE,$2501 TO $5000,REAR END,SCOLLEGEMALLRDE3RDST,0,
BLOOMINGTON PD,B22-30805,MONROE,PERRY,BLOOMINGTON,8/9/22,3:29 PM,2,,0,0,0,,W 3RD ST,,,,,W 3RD ST,S LANDMARK AVE,,,,Y,,0,,39.16442794,-86.55640214,LOCAL/CITY ROAD,,,,URBAN,N,N,N,,DAYLIGHT,RAIN,WET,,FOUR-WAY INTERSECTION,,ASPHALT,FOLLOWING TOO CLOSELY,$1001 TO $2500,REAR END,W3RDSTSLANDMARKAVE,0,
BLOOMINGTON PD,B22-22397,MONROE,VAN BUREN,BLOOMINGTON,6/14/22,1:30 PM,2,,0,0,0,,3205 W SR45,,,,,3205 W SR45,,,,,Y,,0,,,,PRIVATE DRIVE,,,,URBAN,N,N,N,,DAYLIGHT,CLEAR,DRY,,NO JUNCTION INVOLVED,,ASPHALT,OVERCORRECTING/OVERSTEERING,$1001 TO $2500,BACKING CRASH,3205WSR45,0,
BLOOMINGTON PD,B22-10069,MONROE,BLOOMINGTON,BLOOMINGTON,3/24/22,5:43 PM,2,,0,0,0,,N MORTON ST,,,,,N MORTON ST,W 8TH ST,,,,Y,,0,,39.16967341,-86.53607152,LOCAL/CITY ROAD,,,,URBAN,N,N,N,,DAYLIGHT,CLOUDY,DRY,,FOUR-WAY INTERSECTION,,ASPHALT,FAILURE TO YIELD RIGHT OF WAY,$1001 TO $2500,SAME DIRECTION SIDESWIPE,W8THSTNMORTONST,0,
ELLETTSVILLE PD,E22-01863,MONROE,RICHLAND,ELLETTSVILLE,5/18/22,5:00 PM,1,,1,0,0,,W STATE RD 46,,,,,W STATE RD 46,ENWRIGHT LANE,,,,Y,,0,,39.2255153,-86.61281252,STATE ROAD,,,,URBAN,N,N,N,,DAYLIGHT,RAIN,WET,,NO JUNCTION INVOLVED,,ASPHALT,FAILURE TO MAINTAIN LANE,$5001 TO $10000,RAN OFF ROAD,WSTATERD46ENWRIGHTLANE,0,
MONROE SD,M22A3116,MONROE,RICHLAND,ELLETTSVILLE,2/9/22,2:00 PM,2,,0,0,0,,W SR 46,,,,,W SR 46,N UNION VALLEY,,,,Y,,0,,39.2153592,-86.5930113,STATE ROAD,,,,URBAN,N,Y,N,,DAYLIGHT,CLEAR,DRY,,FOUR-WAY INTERSECTION,,ASPHALT,FOLLOWING TOO CLOSELY,$10001 TO $25000,REAR END,WSR46NUNIONVALLEY,0,
BLOOMINGTON PD,B22-08998,MONROE,PERRY,BLOOMINGTON,3/17/22,3:50 PM,2,,0,0,0,,W BLOOMFIELD RD,,,,,W BLOOMFIELD RD,S LANDMARK AVE,,,,Y,,0,,39.15999792,-86.55386603,LOCAL/CITY ROAD,,,,URBAN,N,N,N,,DAYLIGHT,CLEAR,DRY,,FOUR-WAY INTERSECTION,,ASPHALT,FOLLOWING TOO CLOSELY,$1001 TO $2500,REAR END,WBLOOMFIELDRDSLANDMARKAVE,0,
ISP BLOOMINGTON 33,2.022E+11,MONROE,BLOOMINGTON,BLOOMINGTON,7/28/22,4:00 PM,1,,0,0,0,,STATE RD 46,,,,,STATE RD 46,BROWN COUNTY LINE RD,,,,N,,0,,39.15268722,-86.37047559,STATE ROAD,,,,RURAL,N,N,N,,DAYLIGHT,CLEAR,DRY,,NO JUNCTION INVOLVED,,ASPHALT,DRIVER ASLEEP OR FATIGUED,$2501 TO $5000,RAN OFF ROAD,STATERD46BROWNCOUNTYLINERD,0,
MONROE SD,M22A13565,MONROE,BENTON,BLOOMINGTON,6/9/22,2:06 PM,2,,0,0,0,,EARL YOUNG RD,,,,,EARL YOUNG RD,E EVERETT ARNOLD DR,,,,N,,0,,39.22429984,-86.4544529,LOCAL/CITY ROAD,,,,RURAL,N,N,N,,DAYLIGHT,CLEAR,DRY,,T-INTERSECTION,,ASPHALT,FAILURE TO YIELD RIGHT OF WAY,$2501 TO $5000,LEFT/RIGHT TURN,EARLYOUNGRDEEVERETTARNOLDDR,0,
BLOOMINGTON PD,B22-34763,MONROE,PERRY,BLOOMINGTON,9/1/22,3:28 AM,1,,1,0,0,,W TAPP RD,,,,,W TAPP RD,S ADAMS ST,,,,Y,,0,,39.13655378,-86.5543837,LOCAL/CITY ROAD,,,,URBAN,Y,N,N,,DARK (LIGHTED),CLOUDY,DRY,,TRAFFIC CIRCLE/ROUNDABOUT,,ASPHALT,LEFT OF CENTER,$2501 TO $5000,RAN OFF ROAD,WTAPPRDSADAMSST,0,
INDIANA UNIV BLOOMINGTON PD,220722,MONROE,BLOOMINGTON,BLOOMINGTON,2/24/22,9:50 PM,1,,1,0,0,,E 7TH ST,,,,,E 7TH ST,,,,,Y,,0,,39.16833017,-86.52174301,PRIVATE DRIVE,,,,URBAN,N,N,N,,DARK (LIGHTED),RAIN,WET,,NO JUNCTION INVOLVED,,ASPHALT,FAILURE TO YIELD RIGHT OF WAY,UNDER $1001,LEFT TURN,E7THST,1,
DNR LAW ENFORCEMENT,06-22-02459,MONROE,SALT CREEK,BLOOMINGTON,9/3/22,1:30 PM,1,,0,0,0,,STATE RD 446,,,,,STATE RD 446,,,,,N,,0,,39.09247611,-86.42405597,PRIVATE DRIVE,,,,RURAL,N,N,N,,DAYLIGHT,RAIN,WET,,NO JUNCTION INVOLVED,,ASPHALT,OTHER (VEHICLE) - EXPLAIN IN NARRATIVE,$1001 TO $2500,OTHER - EXPLAIN IN NARRATIVE,STATERD446,0,
BLOOMINGTON PD,B22-27625,MONROE,BLOOMINGTON,BLOOMINGTON,7/19/22,10:19 AM,2,,0,0,0,,E SARATOGA DR,,,,,E SARATOGA DR,S PARK RIDGE RD,,,,Y,,370,,39.16620514,-86.47631715,LOCAL/CITY ROAD,,,,URBAN,N,N,Y,INTERMITTENT OR MOVING WORK,DAYLIGHT,CLEAR,DRY,,NO JUNCTION INVOLVED,,ASPHALT,UNSAFE BACKING,$2501 TO $5000,BACKING CRASH,SPARKRIDGERDESARATOGADR,0,
BLOOMINGTON PD,B22-14990,MONROE,BLOOMINGTON,BLOOMINGTON,4/25/22,4:30 PM,2,,0,0,0,1425,N DUNN ST,,,,,N DUNN ST,,,,,Y,,0,,39.1795706,-86.53009983,PRIVATE DRIVE,,,,URBAN,N,N,N,,DAYLIGHT,CLEAR,DRY,,NO JUNCTION INVOLVED,,ASPHALT,FAILURE TO YIELD RIGHT OF WAY,UNDER $1001,OTHER - EXPLAIN IN NARRATIVE,NDUNNST,0,
INDIANA UNIV BLOOMINGTON PD,220902,MONROE,BLOOMINGTON,BLOOMINGTON,3/8/22,12:00 AM,2,,0,0,0,,N PARK AVE,,,,,N PARK AVE,E 8TH ST,,,,Y,,0,,39.16989393,-86.52497239,PRIVATE DRIVE,,,,URBAN,N,N,N,,DAYLIGHT,CLOUDY,DRY,,NO JUNCTION INVOLVED,,CONCRETE,IMPROPER TURNING,$1001 TO $2500,LEFT TURN,NPARKAVEE8THST,0,
MONROE SD,M22A8674,MONROE,RICHLAND,BLOOMINGTON,4/18/22,8:56 AM,2,,0,0,0,,W ARLINGTON RD,,,,,W ARLINGTON RD,N SHELBURNE DR,,,,N,,0,,39.20775192,-86.57380947,COUNTY ROAD,,,,RURAL,N,N,N,,DAYLIGHT,CLOUDY,WET,,T-INTERSECTION,,ASPHALT,FOLLOWING TOO CLOSELY,$5001 TO $10000,REAR END,WARLINGTONRDNSHELBURNEDR,0,
BLOOMINGTON PD,B22-16326,MONROE,PERRY,BLOOMINGTON,5/5/22,12:25 PM,2,,0,0,0,,1150 S CLARIZZ BLVD,,,,,1150 S CLARIZZ BLVD,,,,,Y,,0,,39.1539441,-86.4933259,PRIVATE DRIVE,,,,URBAN,N,N,N,,DARK (NOT LIGHTED),CLOUDY,DRY,,NO JUNCTION INVOLVED,,ASPHALT,IMPROPER TURNING,$1001 TO $2500,RIGHT TURN,1150SCLARIZZBLVD,0,
MONROE SD,M22A14145,MONROE,RICHLAND,BLOOMINGTON,6/15/22,10:45 PM,2,,1,0,0,,STATE RD 46,,,,,STATE RD 46,STATE RD 46,,,,N,,0,,39.20994667,-86.58269531,STATE ROAD,,,,URBAN,N,N,N,,DARK (NOT LIGHTED),CLEAR,DRY,,FOUR-WAY INTERSECTION,,ASPHALT,UNSAFE LANE MOVEMENT,$5001 TO $10000,REAR END,STATERD46STATERD46,0,
INDIANA UNIV BLOOMINGTON PD,223688,MONROE,BLOOMINGTON,BLOOMINGTON,10/1/22,1:25 PM,2,,0,0,0,,S SWAIN AVE,,,,,S SWAIN AVE,E 3RD ST,,,,Y,,0,,39.16423759,-86.51527888,LOCAL/CITY ROAD,,,,URBAN,N,N,N,,DAYLIGHT,CLEAR,DRY,,T-INTERSECTION,,ASPHALT,UNSAFE LANE MOVEMENT,$1001 TO $2500,SAME DIRECTION SIDESWIPE,SSWAINAVEE3RDST,0,
ELLETTSVILLE PD,E22-01962,MONROE,RICHLAND,ELLETTSVILLE,5/27/22,7:10 AM,2,,0,0,0,,E MAIN ST,,,,,E MAIN ST,W TEMPERANCE ST,,,,Y,,0,,39.23961425,-86.63074476,STATE ROAD,,,,URBAN,N,N,N,,DAYLIGHT,RAIN,WET,,NO JUNCTION INVOLVED,,ASPHALT,FOLLOWING TOO CLOSELY,$5001 TO $10000,REAR END,WTEMPERANCESTEMAINST,0,
INDIANA UNIV BLOOMINGTON PD,223401,MONROE,BLOOMINGTON,BLOOMINGTON,9/19/22,2:00 AM,2,,0,0,0,1725,E 3RD ST,,,,,E 3RD ST,,,,,Y,,0,,39.16437069,-86.51190466,LOCAL/CITY ROAD,,,,URBAN,N,N,N,,DAYLIGHT,CLEAR,DRY,,NO JUNCTION INVOLVED,,ASPHALT,UNSAFE BACKING,$1001 TO $2500,BACKING CRASH,E3RDST,0,
BLOOMINGTON PD,B22-04845,MONROE,PERRY,BLOOMINGTON,2/12/22,2:05 PM,2,,0,0,0,,S SMITH RD,,,,,S SMITH RD,E MOORES PIKE,,,,Y,,0,,39.15023682,-86.48045636,LOCAL/CITY ROAD,,,,URBAN,N,N,N,,DAYLIGHT,SNOW,DRY,,FOUR-WAY INTERSECTION,,ASPHALT,FAILURE TO YIELD RIGHT OF WAY,$2501 TO $5000,RIGHT ANGLE,SSMITHRDEMOORESPIKE,0,
MONROE SD,M22A14124,MONROE,VAN BUREN,BLOOMINGTON,6/15/22,4:13 PM,2,,0,0,0,,S LEONARD SPRINGS RD,,,,,S LEONARD SPRINGS RD,W LEONARD SPRINGS RD,,,,N,,0,,39.12230859,-86.59173414,LOCAL/CITY ROAD,,,,RURAL,N,N,N,,DAYLIGHT,CLEAR,DRY,,T-INTERSECTION,,ASPHALT,FAILURE TO YIELD RIGHT OF WAY,$5001 TO $10000,LEFT TURN,WLEONARDSPRINGSRDSLEONARDSPRINGSRD,0,
INDIANA UNIV BLOOMINGTON PD,220353,MONROE,BLOOMINGTON,BLOOMINGTON,1/31/22,3:10 PM,2,,1,0,0,,E 3RD ST,,,,,E 3RD ST,S FESS AVE,,,,Y,,0,,39.1642823,-86.52587227,LOCAL/CITY ROAD,,,,URBAN,N,N,N,,DAYLIGHT,CLEAR,DRY,,T-INTERSECTION,,ASPHALT,FOLLOWING TOO CLOSELY,$5001 TO $10000,REAR END,SFESSAVEE3RDST,0,
MONROE SD,M22A22317,MONROE,CLEAR CREEK,BLOOMINGTON,9/10/22,5:51 PM,1,,0,0,0,,S STRAIN RIDGE RD,,,,,S STRAIN RIDGE RD,E MONROE DAM RD,,,,N,,0,,39.01853414,-86.52285673,COUNTY ROAD,,,,URBAN,N,N,N,,DAYLIGHT,RAIN,WET,,T-INTERSECTION,,ASPHALT,ROADWAY SURFACE CONDITION,$5001 TO $10000,RAN OFF ROAD,SSTRAINRIDGERDEMONROEDAMRD,0,
ELLETTSVILLE PD,E2202554,MONROE,RICHLAND,ELLETTSVILLE,7/9/22,9:59 AM,2,0,0,0,0,,SALE,ST,,,,SALE,SR46,,,,Y,,25,S,,,LOCAL/CITY ROAD,,N,N,URBAN,N,N,N,,DAYLIGHT,CLEAR,DRY,,T-INTERSECTION,STRAIGHT/LEVEL,ASPHALT,FAILURE TO YIELD RIGHT OF WAY,$1001 TO $2500,SAME DIRECTION SIDESWIPE,SALESTSR46HWY,0,LANE CONTROL
BLOOMINGTON PD,B22-28388,MONROE,VAN BUREN,BLOOMINGTON,7/24/22,3:00 PM,2,,0,0,0,,W LILAC LN,,,,,W LILAC LN,,,,,Y,,0,,39.12903209,-86.58514853,LOCAL/CITY ROAD,,,,URBAN,N,N,N,,DAYLIGHT,CLEAR,DRY,,NO JUNCTION INVOLVED,,ASPHALT,IMPROPER LANE USAGE,$1001 TO $2500,OPPOSITE DIRECTION SIDESWIPE,WLILACLN,0,
INDIANA UNIV BLOOMINGTON PD,220963,MONROE,BLOOMINGTON,BLOOMINGTON,3/11/22,11:03 PM,2,,0,0,0,,N UNION ST,,,,,N UNION ST,E 10TH ST,,,,Y,,0,,39.17162144,-86.50947497,LOCAL/CITY ROAD,,,,URBAN,N,N,N,,DARK (LIGHTED),CLEAR,DRY,,FOUR-WAY INTERSECTION,,ASPHALT,UNSAFE BACKING,$1001 TO $2500,BACKING CRASH,NUNIONSTE10THST,0,
MONROE SD,M22A12712,MONROE,VAN BUREN,BLOOMINGTON,6/1/22,8:02 AM,1,,0,0,0,3585,W STATE RD 45,,,,,W STATE RD 45,,,,,N,,0,,39.14201439,-86.58005292,PRIVATE DRIVE,,,,URBAN,N,N,N,,DAYLIGHT,CLEAR,DRY,,NO JUNCTION INVOLVED,,ASPHALT,OTHER (DRIVER) - EXPLAIN IN NARRATIVE,$5001 TO $10000,LEFT TURN,WSTATERD45,0,
MONROE SD,M22A2882,MONROE,VAN BUREN,ELLETTSVILLE,2/7/22,12:17 AM,1,,0,0,0,,W TEMPERANCE ST,,,,,W TEMPERANCE ST,N MATHEWS DR,,,,Y,,0,,39.23483193,-86.62629408,LOCAL/CITY ROAD,,,,URBAN,N,N,N,,DARK (LIGHTED),CLEAR,DRY,,T-INTERSECTION,,ASPHALT,UNSAFE SPEED,$2501 TO $5000,RAN OFF ROAD,WTEMPERANCESTNMATHEWSDR,0,
BLOOMINGTON PD,B22-17067,MONROE,PERRY,BLOOMINGTON,5/10/22,2:47 PM,2,,0,0,0,,S ROGERS ST,,,,,S ROGERS ST,W PATTERSON DR,,,,Y,,0,,39.15345462,-86.5387196,LOCAL/CITY ROAD,,,,URBAN,N,N,N,,DAYLIGHT,CLEAR,DRY,,NO JUNCTION INVOLVED,,ASPHALT,UNSAFE LANE MOVEMENT,$1001 TO $2500,REAR END,WPATTERSONDRSROGERSST,0,
INDIANA UNIV BLOOMINGTON PD,223911,MONROE,BLOOMINGTON,BLOOMINGTON,10/12/22,12:30 PM,2,,0,0,0,,E 10TH ST,,,,,E 10TH ST,,,,,Y,,0,,39.17127684,-86.49930355,PRIVATE DRIVE,,,,URBAN,N,N,N,,DARK (LIGHTED),CLOUDY,WET,,NO JUNCTION INVOLVED,,ASPHALT,UNSAFE BACKING,$2501 TO $5000,BACKING CRASH,E10THST,0,
MONROE SD,M22A11112,MONROE,BENTON,BLOOMINGTON,5/14/22,7:47 AM,1,,1,0,0,,SHILO RD,,,,,SHILO RD,,,,,N,,0,,39.27015182,-86.44991345,COUNTY ROAD,,,,RURAL,N,N,N,,DAWN/DUSK,RAIN,WET,,NO JUNCTION INVOLVED,,ASPHALT,SPEED TOO FAST FOR WEATHER CONDITIONS,$25001 TO $50000,OTHER - EXPLAIN IN NARRATIVE,SHILORD,0,
MONROE SD,M22A24746,MONROE,RICHLAND,ELLETTSVILLE,10/8/22,2:20 PM,1,,0,0,0,4645,W RICHLAND PLZ,,,,,W RICHLAND PLZ,,,,,Y,,0,,39.21370844,-86.594416,PRIVATE DRIVE,,,,URBAN,N,N,N,,DAYLIGHT,CLEAR,DRY,,NO JUNCTION INVOLVED,,ASPHALT,OTHER (DRIVER) - EXPLAIN IN NARRATIVE,$2501 TO $5000,OTHER - EXPLAIN IN NARRATIVE,WRICHLANDPLZ,0,
INDIANA UNIV BLOOMINGTON PD,222230,MONROE,BLOOMINGTON,BLOOMINGTON,6/23/22,12:00 AM,2,,0,0,0,,N FESS AVE,,,,,N FESS AVE,,,,,Y,,0,,39.17275936,-86.52606941,PRIVATE DRIVE,,,,URBAN,N,N,N,,DAYLIGHT,CLEAR,DRY,,NO JUNCTION INVOLVED,,ASPHALT,UNDER STEERING/UNDER CORRECTING,$1001 TO $2500,OPPOSITE DIRECTION SIDESWIPE,NFESSAVE,0,
MONROE SD,M22A21303,MONROE,PERRY,BLOOMINGTON,8/30/22,5:41 AM,2,,0,0,0,,W DILLMAN RD,,,,,W DILLMAN RD,STATE RD 37,,,,N,,0,,39.0929537,-86.54620475,,,,,RURAL,N,N,N,,DAYLIGHT,CLEAR,DRY,,FIVE POINT OR MORE,,ASPHALT,ACCELERATOR FAILURE OR DEFECTIVE,$2501 TO $5000,HEAD ON BETWEEN TWO MOTOR VEHICLES,WDILLMANRDSTATERD37,0,