Agency,Local Code,County,Township,City,Collision Date,Collision Time,Vehicles Involved,Trailers Involved,Number Injured,Number Dead,Number Deer,House Number,Roadway Name,Roadway Suffix,Roadway Number,Roadway Interchange,Roadway Ramp,Roadway Id,Intersecting Road,Intersecting Road Number,Mile Marker,Interchange,Corporate Limits?,Property Type,Feet From,Direction,Latitude,Longitude,Roadway Class,Traffic Control Devices?,Aggressive Driving?,Hit and Run?,Locality,School Zone?,Rumble Strips?,Construction?,Construction Type,Light Condition,Weather Conditions,Surface Condition,Type of Median,Roadway Junction Type,Road Character,Roadway Surface,Primary Factor,Damage Estimate,Manner of Collision,Unique Location Id,State Property Damage?,Traffic Control
ISP BLOOMINGTON 33,2.02201E+11,MONROE,BLOOMINGTON,BLOOMINGTON,12/22/22,10:10 PM,1,,0,0,0,,I-69,,,,,I-69,,,119.5,,Y,,0,,39.17844412,-86.56005139,INTERSTATE,,,,URBAN,N,Y,N,,DARK (LIGHTED),SNOW,SNOW/SLUSH,,NO JUNCTION INVOLVED,,CONCRETE,OTHER (DRIVER) - EXPLAIN IN NARRATIVE,$2501 TO $5000,RAN OFF ROAD,I-69119.5,0,
BLOOMINGTON PD,B22-48846,MONROE,RICHLAND,BLOOMINGTON,11/23/22,2:04 PM,2,,0,0,0,,N GATES DR,,,,,N GATES DR,W JACOB DR,,,,Y,,0,,39.16559333,-86.57596798,LOCAL/CITY ROAD,,,,URBAN,N,N,N,,DAYLIGHT,CLEAR,DRY,,T-INTERSECTION,,ASPHALT,UNSAFE LANE MOVEMENT,$1001 TO $2500,REAR END,WJACOBDRNGATESDR,0,
MONROE SD,M22A25973,MONROE,BEAN BLOSSOM,ELLETTSVILLE,10/22/22,11:54 PM,1,,1,0,1,,W LEGACY LN,,,,,W LEGACY LN,ERNEST WAY,,,,N,,211,,39.29334286,-86.6203329,LOCAL/CITY ROAD,,,,RURAL,N,N,N,,DARK (NOT LIGHTED),CLEAR,DRY,,NO JUNCTION INVOLVED,,ASPHALT,ANIMAL/OBJECT IN ROADWAY,$2501 TO $5000,COLLISION WITH DEER,WLEGACYLNERNESTWAY,0,
BLOOMINGTON PD,B22-48127,MONROE,PERRY,BLOOMINGTON,11/18/22,4:48 PM,2,,1,0,0,,W COUNTRY CLUB DR,,,,,W COUNTRY CLUB DR,S BANTA AVE,,,,Y,,0,,39.13629419,-86.54521458,LOCAL/CITY ROAD,,,,URBAN,N,N,N,,DAYLIGHT,CLEAR,DRY,,FOUR-WAY INTERSECTION,,ASPHALT,FOLLOWING TOO CLOSELY,$2501 TO $5000,REAR END,WCOUNTRYCLUBDRSBANTAAVE,0,
BLOOMINGTON PD,B22-51707,MONROE,PERRY,BLOOMINGTON,12/13/22,4:00 AM,1,,1,0,0,,W HILLSIDE DR,,,,,W HILLSIDE DR,,,,,Y,,0,,39.15003373,-86.53675265,PRIVATE DRIVE,,,,URBAN,N,N,N,,DAYLIGHT,CLEAR,DRY,,NO JUNCTION INVOLVED,,CONCRETE,FAILURE TO MAINTAIN LANE,$5001 TO $10000,RAN OFF ROAD,WHILLSIDEDR,0,
BLOOMINGTON PD,B22-52221,MONROE,PERRY,BLOOMINGTON,12/16/22,10:16 AM,2,,0,0,0,,2500 S. ROCKPORT RD,,,,,2500 S. ROCKPORT RD,,,,,Y,,0,,0,0,PRIVATE DRIVE,,,,URBAN,N,N,N,,DAYLIGHT,CLOUDY,DRY,,NO JUNCTION INVOLVED,,ASPHALT,UNSAFE BACKING,$2501 TO $5000,BACKING CRASH,2500S.ROCKPORTRD,0,
BLOOMINGTON PD,B22-53214,MONROE,BLOOMINGTON,BLOOMINGTON,12/23/22,10:45 AM,2,,0,0,0,,S ADAMS ST,,,,,S ADAMS ST,S RONSON ST,,,,Y,,475,,39.16499671,-86.55073689,LOCAL/CITY ROAD,,,,URBAN,N,N,N,,DAYLIGHT,CLOUDY,SNOW/SLUSH,,NO JUNCTION INVOLVED,,ASPHALT,ROADWAY SURFACE CONDITION,$1001 TO $2500,REAR END,SRONSONSTSADAMSST,0,
BLOOMINGTON PD,B22-45048,MONROE,PERRY,BLOOMINGTON,10/28/22,7:05 PM,2,,0,0,0,,S COLLEGE MALL RD,,,,,S COLLEGE MALL RD,E 3RD ST,,,,Y,,200,,39.16301716,-86.49799738,LOCAL/CITY ROAD,,,,URBAN,N,N,N,,DARK (LIGHTED),CLEAR,DRY,,FOUR-WAY INTERSECTION,,ASPHALT,FOLLOWING TOO CLOSELY,$1001 TO $2500,REAR END,SCOLLEGEMALLRDE3RDST,0,
BLOOMINGTON PD,B22-45549,MONROE,PERRY,BLOOMINGTON,10/31/22,7:39 PM,2,,1,0,0,,S COLLEGE MALL RD,,,,,S COLLEGE MALL RD,E 2ND ST,,,,Y,,53,,39.1608626,-86.49772058,LOCAL/CITY ROAD,,,,URBAN,N,N,N,,DARK (NOT LIGHTED),CLOUDY,WET,,T-INTERSECTION,,ASPHALT,FAILURE TO YIELD RIGHT OF WAY,$2501 TO $5000,RIGHT ANGLE,SCOLLEGEMALLRDE2NDST,0,
INDIANA UNIV BLOOMINGTON PD,224505,MONROE,BLOOMINGTON,BLOOMINGTON,11/15/22,5:17 PM,2,,0,0,0,,STATE RD 45,,,,,STATE RD 45,WALKWAY,,,,Y,,0,,39.17498009,-86.50399751,STATE ROAD,,,,URBAN,N,N,N,,DARK (NOT LIGHTED),RAIN,WET,,T-INTERSECTION,,ASPHALT,FOLLOWING TOO CLOSELY,UNDER $1001,REAR END,WALKWAYSTATERD45,0,
BLOOMINGTON PD,B22-49170,MONROE,BLOOMINGTON,BLOOMINGTON,11/26/22,6:37 PM,5,,7,0,0,,N WALNUT ST,,,,,N WALNUT ST,N BLUE RIDGE,,,,Y,,0,,39.20119522,-86.53530426,,,,,URBAN,N,N,N,,DARK (NOT LIGHTED),CLEAR,DRY,,NO JUNCTION INVOLVED,,CONCRETE,UNSAFE SPEED,$50001 TO $100000,REAR END,NWALNUTSTNBLUERIDGE,0,
BLOOMINGTON PD,B22-50185,MONROE,PERRY,BLOOMINGTON,12/3/22,9:56 AM,2,,0,0,0,3428,S OAKLAWN CIRCLE,,,,,S OAKLAWN CIRCLE,,,,,Y,,0,,39.12987551,-86.50059721,PRIVATE DRIVE,,,,URBAN,N,N,N,,DAYLIGHT,CLEAR,DRY,,NO JUNCTION INVOLVED,,ASPHALT,UNSAFE BACKING,$1001 TO $2500,BACKING CRASH,SOAKLAWNCIRCLE,0,
INDIANA UNIV BLOOMINGTON PD,224993,MONROE,BLOOMINGTON,BLOOMINGTON,12/23/22,2:55 PM,1,,0,0,0,,N INDIANA AVE,,,,,N INDIANA AVE,E 17TH ST,,,,Y,,53,,39.17895145,-86.52704305,LOCAL/CITY ROAD,,,,URBAN,N,N,N,,DAYLIGHT,SNOW,SNOW/SLUSH,,NO JUNCTION INVOLVED,,ASPHALT,OTHER (ENVIRONMENTAL) - EXPLAIN IN NARR,$2501 TO $5000,RAN OFF ROAD,NINDIANAAVEE17THST,0,
INDIANA UNIV BLOOMINGTON PD,224194,MONROE,BLOOMINGTON,BLOOMINGTON,10/29/22,1:55 PM,3,,0,0,0,,STATE RD 45,,,,,STATE RD 45,E 17TH ST,,,,Y,,0,,39.17969995,-86.50720543,STATE ROAD,,,,URBAN,N,N,N,,DAYLIGHT,CLEAR,DRY,,T-INTERSECTION,,ASPHALT,FOLLOWING TOO CLOSELY,$5001 TO $10000,REAR END,STATERD45E17THST,0,
BLOOMINGTON PD,B22-46926,MONROE,PERRY,BLOOMINGTON,11/9/22,6:37 PM,2,,0,0,0,,S ROGERS ST,,,,,S ROGERS ST,W 2ND ST,,,,Y,,0,,39.16159378,-86.53869485,LOCAL/CITY ROAD,,,,URBAN,N,N,N,,DARK (LIGHTED),CLEAR,DRY,,FOUR-WAY INTERSECTION,,ASPHALT,FOLLOWING TOO CLOSELY,$1001 TO $2500,REAR END,W2NDSTSROGERSST,0,
INDIANA UNIV BLOOMINGTON PD,224407,MONROE,BLOOMINGTON,BLOOMINGTON,11/9/22,4:34 PM,2,,0,0,0,1005,N EAGLESON AVE,,,,,N EAGLESON AVE,,,,,Y,,0,,39.17473473,-86.5150053,PRIVATE DRIVE,,,,URBAN,N,N,N,,DAYLIGHT,CLEAR,DRY,,NO JUNCTION INVOLVED,,ASPHALT,UNSAFE BACKING,$1001 TO $2500,BACKING CRASH,NEAGLESONAVE,0,
BLOOMINGTON PD,B22-42664,MONROE,BLOOMINGTON,BLOOMINGTON,10/15/22,5:04 PM,3,,0,0,0,,N GRANT ST,,,,,N GRANT ST,E 7TH ST,,,,Y,,0,,39.16842721,-86.52978606,LOCAL/CITY ROAD,,,,URBAN,N,N,N,,DAYLIGHT,CLEAR,DRY,,FOUR-WAY INTERSECTION,,ASPHALT,FAILURE TO YIELD RIGHT OF WAY,$2501 TO $5000,RIGHT ANGLE,NGRANTSTE7THST,0,
ISP BLOOMINGTON 33,2.02201E+11,MONROE,BLOOMINGTON,BLOOMINGTON,12/24/22,4:00 PM,1,,0,0,0,,I-69,,,,,I-69,,,,,N,,0,,39.21834005,-86.55203064,INTERSTATE,,,,RURAL,N,N,N,,DAYLIGHT,CLEAR,SNOW/SLUSH,,NO JUNCTION INVOLVED,,ASPHALT,UNSAFE LANE MOVEMENT,$1001 TO $2500,RAN OFF ROAD,I-69,0,
INDIANA UNIV BLOOMINGTON PD,224448,MONROE,BLOOMINGTON,BLOOMINGTON,11/11/22,1:10 PM,2,,0,0,0,,E 17TH ST,,,,,E 17TH ST,N DUNN ST,,,,Y,,0,,39.17900915,-86.52832984,LOCAL/CITY ROAD,,,,URBAN,N,Y,N,,DAYLIGHT,CLEAR,DRY,,FOUR-WAY INTERSECTION,,ASPHALT,FAILURE TO YIELD RIGHT OF WAY,$2501 TO $5000,LEFT TURN,NDUNNSTE17THST,0,
MONROE SD,M22A25816,MONROE,CLEAR CREEK,BLOOMINGTON,10/21/22,12:23 AM,1,,0,0,1,,W SMITHVILLE RD,,,,,W SMITHVILLE RD,S OLD STATE ROAD 37,,,,N,,0,,39.07115832,-86.54446147,STATE ROAD,,,,RURAL,N,Y,N,,DARK (NOT LIGHTED),CLEAR,DRY,,NO JUNCTION INVOLVED,,ASPHALT,ANIMAL/OBJECT IN ROADWAY,$5001 TO $10000,COLLISION WITH DEER,WSMITHVILLERDSOLDSTATEROAD37,0,
BLOOMINGTON PD,B22-51677,MONROE,VAN BUREN,BLOOMINGTON,12/13/22,9:00 AM,2,,0,0,0,2100,S LIBERTY DR.,,,,,S LIBERTY DR.,,,,,Y,,0,,39.14620283,-86.57904021,PRIVATE DRIVE,,,,URBAN,N,N,N,,DAYLIGHT,CLEAR,DRY,,NO JUNCTION INVOLVED,,ASPHALT,OTHER (DRIVER) - EXPLAIN IN NARRATIVE,UNDER $1001,OTHER - EXPLAIN IN NARRATIVE,SLIBERTYDR.,0,
BLOOMINGTON PD,B22-49414,MONROE,BLOOMINGTON,BLOOMINGTON,11/28/22,5:02 PM,2,,0,0,0,,N MORTON ST,,,,,N MORTON ST,W 8TH ST,,,,Y,,0,,39.16951408,-86.53614468,LOCAL/CITY ROAD,,,,URBAN,N,N,N,,DAWN/DUSK,CLOUDY,DRY,,T-INTERSECTION,,ASPHALT,FAILURE TO YIELD RIGHT OF WAY,$5001 TO $10000,RIGHT ANGLE,W8THSTNMORTONST,0,
MONROE SD,M22A29090,MONROE,WASHINGTON,BLOOMINGTON,11/28/22,4:33 AM,1,,0,0,0,,E ROBINSON RD,,,,,E ROBINSON RD,HILLSAMER RD,,,,N,,0,,39.25095831,-86.46784133,COUNTY ROAD,,,,RURAL,N,N,N,,DARK (NOT LIGHTED),RAIN,WET,,NO JUNCTION INVOLVED,,ASPHALT,OVERCORRECTING/OVERSTEERING,$10001 TO $25000,RAN OFF ROAD,HILLSAMERRDEROBINSONRD,0,
BLOOMINGTON PD,B22-47454,MONROE,BLOOMINGTON,BLOOMINGTON,11/13/22,4:04 PM,2,,0,0,0,2966,E 3RD ST,,,,,E 3RD ST,,,,,Y,,0,,39.1628606,-86.493969,PRIVATE DRIVE,,,,URBAN,N,N,N,,DAYLIGHT,CLOUDY,DRY,,NO JUNCTION INVOLVED,,ASPHALT,UNSAFE BACKING,UNDER $1001,BACKING CRASH,E3RDST,0,
BLOOMINGTON PD,B22-44575,MONROE,PERRY,BLOOMINGTON,10/26/22,11:34 AM,2,,0,0,0,,S ROGERS ST,,,,,S ROGERS ST,W 2ND ST,,,,Y,,0,,39.16144948,-86.53870785,LOCAL/CITY ROAD,,,,URBAN,N,N,N,,DAYLIGHT,RAIN,WET,,FOUR-WAY INTERSECTION,,ASPHALT,UNSAFE LANE MOVEMENT,$2501 TO $5000,SAME DIRECTION SIDESWIPE,W2NDSTSROGERSST,0,
BLOOMINGTON PD,B22-46191,MONROE,PERRY,BLOOMINGTON,11/4/22,2:37 PM,2,,0,0,0,,E BUICK CADILLAC BLVD,,,,,E BUICK CADILLAC BLVD,S AUTO MALL RD,,,,Y,,0,,39.15831805,-86.49618334,LOCAL/CITY ROAD,,,,URBAN,N,N,N,,DAYLIGHT,CLEAR,DRY,,T-INTERSECTION,,ASPHALT,FAILURE TO YIELD RIGHT OF WAY,$25001 TO $50000,RIGHT ANGLE,SAUTOMALLRDEBUICKCADILLACBLVD,0,
BLOOMINGTON PD,B22-53132,MONROE,PERRY,BLOOMINGTON,12/22/22,3:40 PM,2,,1,0,0,,1400 E HILLSIDE DR,,,,,1400 E HILLSIDE DR,,,,,Y,,0,,0,0,LOCAL/CITY ROAD,,,,URBAN,N,N,N,,DAYLIGHT,RAIN,WET,,NO JUNCTION INVOLVED,,ASPHALT,FOLLOWING TOO CLOSELY,$2501 TO $5000,REAR END,1400EHILLSIDEDR,0,
MONROE SD,M22A31299,MONROE,PERRY,BLOOMINGTON,12/26/22,10:55 PM,1,,0,0,0,,S STRAIN RIDGE RD,,,,,S STRAIN RIDGE RD,,,,,N,,0,,39.04957964,-86.50817314,COUNTY ROAD,,,,RURAL,N,N,N,,DARK (NOT LIGHTED),SNOW,SNOW/SLUSH,,NO JUNCTION INVOLVED,,ASPHALT,ROADWAY SURFACE CONDITION,$2501 TO $5000,RAN OFF ROAD,SSTRAINRIDGERD,0,
BLOOMINGTON PD,B22-46627,MONROE,BLOOMINGTON,BLOOMINGTON,11/7/22,11:10 AM,1,,1,0,0,,E MORNINGSIDE DR,,,,,E MORNINGSIDE DR,INDIANA BELL CT,,,,Y,,0,,39.16669705,-86.47373755,LOCAL/CITY ROAD,,,,URBAN,N,N,N,,DAYLIGHT,CLEAR,DRY,,NO JUNCTION INVOLVED,,ASPHALT,OTHER (VEHICLE) - EXPLAIN IN NARRATIVE,OVER $100000,OTHER - EXPLAIN IN NARRATIVE,INDIANABELLCTEMORNINGSIDEDR,0,
BLOOMINGTON PD,B22-51616,MONROE,BLOOMINGTON,BLOOMINGTON,12/12/22,8:40 PM,2,,0,0,0,,W LILAC LN,,,,,W LILAC LN,W HEATHERWOOD LN,,,,Y,,0,,39.12884249,-86.58655967,LOCAL/CITY ROAD,,,,URBAN,N,N,N,,DARK (LIGHTED),CLEAR,DRY,,T-INTERSECTION,,ASPHALT,FAILURE TO MAINTAIN LANE,$5001 TO $10000,RAN OFF ROAD,WLILACLNWHEATHERWOODLN,0,
BLOOMINGTON PD,B22-49347,MONROE,PERRY,BLOOMINGTON,11/28/22,10:09 AM,2,,0,0,0,,W 3RD ST,,,,,W 3RD ST,S COLLEGE AVE,,,,Y,,0,,39.16459403,-86.5349066,LOCAL/CITY ROAD,,,,URBAN,N,N,N,,DAYLIGHT,CLOUDY,DRY,,FOUR-WAY INTERSECTION,,ASPHALT,DISREGARD SIGNAL/REG SIGN,$5001 TO $10000,RIGHT ANGLE,W3RDSTSCOLLEGEAVE,0,
BLOOMINGTON PD,B22-00696,MONROE,PERRY,BLOOMINGTON,1/7/22,12:40 PM,2,,0,0,0,,S OLD STATE ROAD 37,,,,,S OLD STATE ROAD 37,E RIDGEVIEW DR,,,,Y,,0,,39.13193403,-86.53138215,LOCAL/CITY ROAD,,,,URBAN,N,N,N,,DAYLIGHT,CLEAR,DRY,,NO JUNCTION INVOLVED,,ASPHALT,FAILURE TO YIELD RIGHT OF WAY,$5001 TO $10000,SAME DIRECTION SIDESWIPE,SOLDSTATEROAD37ERIDGEVIEWDR,0,
BLOOMINGTON PD,B22-42256,MONROE,PERRY,BLOOMINGTON,10/12/22,8:18 PM,2,,0,0,0,,S COLLEGE MALL RD,,,,,S COLLEGE MALL RD,E 2ND ST,,,,Y,,0,,39.16073479,-86.49775395,LOCAL/CITY ROAD,,,,URBAN,N,N,N,,DARK (LIGHTED),CLOUDY,DRY,,FOUR-WAY INTERSECTION,,ASPHALT,FOLLOWING TOO CLOSELY,$1001 TO $2500,REAR END,SCOLLEGEMALLRDE2NDST,0,
ELLETTSVILLE PD,E2200203,MONROE,RICHLAND,ELLETTSVILLE,1/15/22,7:25 AM,3,0,0,0,0,,MATTHEWS,DR,,,,MATTHEWS,MCNEELY,,,,,,,,39.2382122,-86.6238869,LOCAL/CITY ROAD,,N,Y,,N,N,N,,DAWN/DUSK,CLOUDY,SNOW/SLUSH,,NO JUNCTION INVOLVED,STRAIGHT/LEVEL,ASPHALT,OTHER (VEHICLE) - EXPLAIN IN NARRATIVE,$2501 TO $5000,OPPOSITE DIRECTION SIDESWIPE,MATTHEWSDRMCNEELYST,0,STOP SIGN
BLOOMINGTON PD,B22-02335,MONROE,BLOOMINGTON,BLOOMINGTON,1/21/22,11:10 PM,2,,0,0,0,,E LONGVIEW AVE,,,,,E LONGVIEW AVE,,,,,Y,,0,,39.16722974,-86.4937574,LOCAL/CITY ROAD,,,,URBAN,N,N,N,,DARK (LIGHTED),CLEAR,DRY,,NO JUNCTION INVOLVED,,ASPHALT,OTHER (VEHICLE) - EXPLAIN IN NARRATIVE,UNDER $1001,OTHER - EXPLAIN IN NARRATIVE,ELONGVIEWAVE,0,
ISP BLOOMINGTON 33,2022-00014810,MONROE,BLOOMINGTON,BLOOMINGTON,1/11/22,7:30 AM,2,,0,0,0,,E MATLOCK RD,,,,,E MATLOCK RD,N MARTHA ST,,,,Y,,0,,39.18628973,-86.53163477,STATE ROAD,,,,URBAN,N,N,N,,DARK (LIGHTED),CLEAR,DRY,,NO JUNCTION INVOLVED,,ASPHALT,FOLLOWING TOO CLOSELY,$10001 TO $25000,REAR END,NMARTHASTEMATLOCKRD,0,
MONROE SD,M22A1227,MONROE,RICHLAND,ELLETTSVILLE,1/17/22,7:33 AM,1,0,0,0,0,9541,W REEVES,RD,,,,W REEVES,,,,,N,OTHER,,,39.23501246,-86.67655273,LOCAL/CITY ROAD,,N,N,RURAL,N,N,N,,DAWN/DUSK,CLEAR,ICE,,NO JUNCTION INVOLVED,CURVE/HILLCREST,ASPHALT,RAN OFF ROAD RIGHT,$5001 TO $10000,RAN OFF ROAD,WREEVESRD,0,NONE
BLOOMINGTON PD,B22-02653,MONROE,PERRY,BLOOMINGTON,1/24/22,7:21 AM,2,,1,0,0,,S ROGERS ST,,,,,S ROGERS ST,W DIXIE ST,,,,Y,,106,,39.15640392,-86.53871245,,,,,URBAN,N,N,N,,DARK (NOT LIGHTED),CLEAR,WET,,NO JUNCTION INVOLVED,,ASPHALT,FAILURE TO MAINTAIN LANE,$5001 TO $10000,REAR END,WDIXIESTSROGERSST,0,
BLOOMINGTON PD,B22-02450,MONROE,BLOOMINGTON,BLOOMINGTON,1/23/22,1:36 AM,2,,0,0,0,,E 3RD ST,,,,,E 3RD ST,E MORNINGSIDE DR,,,,Y,,0,,39.1673603,-86.47526523,LOCAL/CITY ROAD,,,,RURAL,N,N,N,,DARK (LIGHTED),CLEAR,DRY,,NO JUNCTION INVOLVED,,ASPHALT,DRIVER DISTRACTED - EXPLAIN IN NARRATIVE,UNDER $1001,SAME DIRECTION SIDESWIPE,EMORNINGSIDEDRE3RDST,0,
INDIANA UNIV BLOOMINGTON PD,220054,MONROE,BLOOMINGTON,BLOOMINGTON,1/9/22,8:40 PM,2,,0,0,0,,E 10TH ST,,,,,E 10TH ST,N WOODLAWN AVE,,,,Y,,0,,39.17164897,-86.5237493,LOCAL/CITY ROAD,,,,URBAN,N,N,N,,DARK (NOT LIGHTED),CLEAR,DRY,,FOUR-WAY INTERSECTION,,ASPHALT,FOLLOWING TOO CLOSELY,UNDER $1001,REAR END,NWOODLAWNAVEE10THST,0,
INDIANA UNIV BLOOMINGTON PD,220168,MONROE,BLOOMINGTON,BLOOMINGTON,1/19/22,8:55 AM,2,,0,0,0,,N JORDAN AVE,,,,,N JORDAN AVE,E LAW LN,,,,N,,0,,39.17346218,-86.5154881,LOCAL/CITY ROAD,,,,URBAN,N,N,N,,DAYLIGHT,CLOUDY,DRY,,FOUR-WAY INTERSECTION,,ASPHALT,FOLLOWING TOO CLOSELY,$1001 TO $2500,REAR END,NJORDANAVEELAWLN,0,
BLOOMINGTON PD,B22-02857,MONROE,PERRY,BLOOMINGTON,1/26/22,2:58 PM,3,,0,0,0,,STATE RD 46,,,,,STATE RD 46,E 3RD ST,,,,N,,0,,39.16440834,-86.49834175,LOCAL/CITY ROAD,,,,URBAN,N,N,N,,DAYLIGHT,CLEAR,DRY,,FOUR-WAY INTERSECTION,,ASPHALT,FOLLOWING TOO CLOSELY,$2501 TO $5000,REAR END,STATERD46E3RDST,0,
INDIANA UNIV BLOOMINGTON PD,220179,MONROE,BLOOMINGTON,BLOOMINGTON,1/19/22,6:35 PM,2,,0,0,0,,N DUNN ST,,,,,N DUNN ST,E 17TH ST,,,,Y,,0,,39.17917737,-86.5283179,LOCAL/CITY ROAD,,,,URBAN,N,N,N,,DARK (LIGHTED),CLEAR,DRY,,T-INTERSECTION,,ASPHALT,FOLLOWING TOO CLOSELY,$2501 TO $5000,REAR END,NDUNNSTE17THST,0,
INDIANA UNIV BLOOMINGTON PD,220210,MONROE,BLOOMINGTON,BLOOMINGTON,1/21/22,3:55 PM,2,,0,0,0,,S HIGHLAND AVE,,,,,S HIGHLAND AVE,E 3RD ST,,,,Y,,0,,39.16422511,-86.51770896,LOCAL/CITY ROAD,,,,RURAL,N,N,N,,DAYLIGHT,CLEAR,DRY,,T-INTERSECTION,,ASPHALT,IMPROPER TURNING,$5001 TO $10000,LEFT TURN,SHIGHLANDAVEE3RDST,0,
ELLETTSVILLE PD,E22-00276,MONROE,PERRY,BLOOMINGTON,1/21/22,7:45 AM,1,,0,0,1,,W FULLERTON PIKE,,,,,W FULLERTON PIKE,S ROCKPORT RD,,,,N,,0,,39.12225832,-86.56528815,LOCAL/CITY ROAD,,,,RURAL,N,N,N,,DAWN/DUSK,CLEAR,DRY,,FOUR-WAY INTERSECTION,,ASPHALT,ANIMAL/OBJECT IN ROADWAY,$1001 TO $2500,COLLISION WITH DEER,WFULLERTONPIKESROCKPORTRD,0,
BLOOMINGTON PD,B22-00495,MONROE,PERRY,BLOOMINGTON,1/5/22,8:15 PM,2,,0,0,0,,S LIBERTY DR,,,,,S LIBERTY DR,W STATE RD 45,,,,Y,,0,,39.14501988,-86.57776323,LOCAL/CITY ROAD,,,,URBAN,N,N,N,,DARK (NOT LIGHTED),CLEAR,DRY,,FOUR-WAY INTERSECTION,,ASPHALT,DISREGARD SIGNAL/REG SIGN,$10001 TO $25000,RIGHT ANGLE,WSTATERD45SLIBERTYDR,0,
MONROE SD,M22A1624,MONROE,VAN BUREN,BLOOMINGTON,1/22/22,6:15 AM,1,,0,0,1,,I-69,,,,,I-69,,,112.2,,N,,475,,39.08520093,-86.57421774,INTERSTATE,,,,RURAL,N,Y,N,,DAWN/DUSK,CLEAR,DRY,,NO JUNCTION INVOLVED,,ASPHALT,ANIMAL/OBJECT IN ROADWAY,$5001 TO $10000,COLLISION WITH DEER,I-69112.2,0,
MONROE SD,M22A1228,MONROE,CLEAR CREEK,,1/11/22,7:40 AM,2,,0,0,0,,SOUTH STRAINRIDGE RD,,,,,SOUTH STRAINRIDGE RD,EAST MONROE DAM ROAD,,,,N,,0,,39.0185377,-86.5229058,COUNTY ROAD,,,,RURAL,N,N,N,,DAWN/DUSK,CLOUDY,ICE,,T-INTERSECTION,,ASPHALT,ROADWAY SURFACE CONDITION,$2501 TO $5000,OPPOSITE DIRECTION SIDESWIPE,SOUTHSTRAINRIDGERDEASTMONROEDAMROAD,0,
BLOOMINGTON PD,B22-01611,MONROE,VAN BUREN,BLOOMINGTON,1/15/22,4:59 PM,1,,1,0,0,333,S DAVISSON ST,,,,,S DAVISSON ST,,,,,Y,,0,,39.16326172,-86.54513857,LOCAL/CITY ROAD,,,,URBAN,N,N,N,,DAYLIGHT,CLEAR,DRY,,NO JUNCTION INVOLVED,,ASPHALT,FAILURE TO MAINTAIN LANE,$1001 TO $2500,RAN OFF ROAD,SDAVISSONST,0,
INDIANA UNIV BLOOMINGTON PD,220172,MONROE,BLOOMINGTON,BLOOMINGTON,1/19/22,12:05 PM,2,,0,0,0,,E 10TH ST,,,,,E 10TH ST,WOODLAWN AVE,,,,Y,,0,,39.17167392,-86.52345962,,,,,RURAL,N,N,N,,DAYLIGHT,CLEAR,DRY,,FOUR-WAY INTERSECTION,,ASPHALT,UNSAFE BACKING,UNDER $1001,BACKING CRASH,WOODLAWNAVEE10THST,0,
INDIANA UNIV BLOOMINGTON PD,220163,MONROE,BLOOMINGTON,BLOOMINGTON,1/18/22,7:50 PM,2,,0,0,0,,N FEE LN,,,,,N FEE LN,E UNIVERSITY RD,,,,Y,,158,,39.17667366,-86.5188945,LOCAL/CITY ROAD,,,,URBAN,N,N,N,,DARK (LIGHTED),CLEAR,DRY,,T-INTERSECTION,,ASPHALT,FAILURE TO YIELD RIGHT OF WAY,$2501 TO $5000,RIGHT ANGLE,NFEELNEUNIVERSITYRD,0,
BLOOMINGTON PD,B22-02137,MONROE,BLOOMINGTON,BLOOMINGTON,1/20/22,12:16 PM,2,,0,0,0,,N. COLLEGE AVE,,,,,N. COLLEGE AVE,W. 8TH ST,,,,Y,,0,,39.169503,-86.534847,LOCAL/CITY ROAD,,,,URBAN,N,N,N,,DAYLIGHT,CLEAR,DRY,,NO JUNCTION INVOLVED,,ASPHALT,UNSAFE BACKING,$1001 TO $2500,BACKING CRASH,W.8THSTN.COLLEGEAVE,0,
BLOOMINGTON PD,B22-01652,MONROE,BLOOMINGTON,BLOOMINGTON,1/16/22,12:30 AM,1,,0,0,0,,N WASHINGTON ST,,,,,N WASHINGTON ST,E KIRKWOOD AVE,,,,Y,,0,,39.16679756,-86.53236724,,,,,URBAN,N,N,N,,DARK (NOT LIGHTED),CLEAR,DRY,,FOUR-WAY INTERSECTION,,ASPHALT,UNSAFE LANE MOVEMENT,$1001 TO $2500,SAME DIRECTION SIDESWIPE,NWASHINGTONSTEKIRKWOODAVE,0,
BLOOMINGTON PD,B22-02525,MONROE,PERRY,BLOOMINGTON,1/23/22,6:30 AM,2,,0,0,0,1300,S PATTERSON DR,,,,,S PATTERSON DR,,,,,Y,,0,,39.15443372,-86.54310501,LOCAL/CITY ROAD,,,,URBAN,N,N,N,,UNKNOWN,CLEAR,DRY,,NO JUNCTION INVOLVED,,CONCRETE,IMPROPER LANE USAGE,$2501 TO $5000,RIGHT TURN,SPATTERSONDR,0,
ELLETTSVILLE PD,E2200224,MONROE,RICHLAND,ELLETTSVILLE,1/18/22,8:03 AM,1,0,0,0,0,303,W RITTER,ST,,,,W RITTER,,,,,Y,,,,39.23068408,-86.62537665,LOCAL/CITY ROAD,,N,N,URBAN,N,N,N,,DAYLIGHT,CLEAR,DRY,,NO JUNCTION INVOLVED,STRAIGHT/GRADE,GRAVEL,OTHER (VEHICLE) - EXPLAIN IN NARRATIVE,UNDER $1001,OTHER - EXPLAIN IN NARRATIVE,WRITTERST,0,NONE