Agency,Local Code,County,Township,City,Collision Date,Collision Time,Vehicles Involved,Trailers Involved,Number Injured,Number Dead,Number Deer,House Number,Roadway Name,Roadway Suffix,Roadway Number,Roadway Interchange,Roadway Ramp,Roadway Id,Intersecting Road,Intersecting Road Number,Mile Marker,Interchange,Corporate Limits?,Property Type,Feet From,Direction,Latitude,Longitude,Roadway Class,Traffic Control Devices?,Aggressive Driving?,Hit and Run?,Locality,School Zone?,Rumble Strips?,Construction?,Construction Type,Light Condition,Weather Conditions,Surface Condition,Type of Median,Roadway Junction Type,Road Character,Roadway Surface,Primary Factor,Damage Estimate,Manner of Collision,Unique Location Id,State Property Damage?,Traffic Control
INDIANA UNIV BLOOMINGTON PD,220277,MONROE,BLOOMINGTON,BLOOMINGTON,1/26/22,9:55 AM,2,,0,0,0,,E 17TH ST,,,,,E 17TH ST,N DUNN ST,,,,Y,,0,,39.17899511,-86.52840025,LOCAL/CITY ROAD,,,,URBAN,N,N,N,,DAYLIGHT,CLEAR,DRY,,FOUR-WAY INTERSECTION,,ASPHALT,FOLLOWING TOO CLOSELY,$1001 TO $2500,REAR END,NDUNNSTE17THST,0,
INDIANA UNIV BLOOMINGTON PD,220239,MONROE,BLOOMINGTON,BLOOMINGTON,1/23/22,6:40 PM,2,,0,0,0,,E 10TH ST,,,,,E 10TH ST,,,,,Y,,0,,39.17053856,-86.51091761,OTHER,,,,URBAN,N,N,N,,DARK (LIGHTED),CLEAR,DRY,,NO JUNCTION INVOLVED,,ASPHALT,UNSAFE BACKING,$1001 TO $2500,BACKING CRASH,E10THST,0,
BLOOMINGTON PD,B22-03810,MONROE,PERRY,BLOOMINGTON,2/3/22,6:19 PM,2,,0,0,0,966,S CLARIZZ BLVD,,,,,S CLARIZZ BLVD,,,,,Y,,0,,39.15495931,-86.49091703,LOCAL/CITY ROAD,,,,URBAN,N,N,N,,DARK (LIGHTED),SNOW,SNOW/SLUSH,,Y-INTERSECTION,,ASPHALT,ROADWAY SURFACE CONDITION,$2501 TO $5000,REAR TO REAR,SCLARIZZBLVD,0,
INDIANA UNIV BLOOMINGTON PD,220505,MONROE,BLOOMINGTON,BLOOMINGTON,2/9/22,8:50 PM,2,,0,0,0,,E 3RD ST,,,,,E 3RD ST,S FACULTY AVE,,,,Y,,0,,39.16426116,-86.52160768,LOCAL/CITY ROAD,,,,URBAN,N,N,N,,DARK (LIGHTED),CLOUDY,WET,,NO JUNCTION INVOLVED,,ASPHALT,UNSAFE LANE MOVEMENT,UNDER $1001,SAME DIRECTION SIDESWIPE,SFACULTYAVEE3RDST,0,
BLOOMINGTON PD,B22-01745,MONROE,BLOOMINGTON,BLOOMINGTON,1/16/22,11:15 PM,2,,0,0,0,,N WASHINGTON ST,,,,,N WASHINGTON ST,E 19TH ST,,,,Y,,0,,39.18137921,-86.53234106,LOCAL/CITY ROAD,,,,URBAN,N,N,N,,DARK (LIGHTED),CLEAR,DRY,,T-INTERSECTION,,ASPHALT,IMPROPER TURNING,$2501 TO $5000,RIGHT ANGLE,NWASHINGTONSTE19THST,0,
BLOOMINGTON PD,B2200027,MONROE,PERRY,BLOOMINGTON,1/1/22,5:33 AM,2,0,0,0,0,,S HENDERSON,ST,,,,S HENDERSON,E HILLSIDE,,,,Y,,,,39.15064,-86.52696,LOCAL/CITY ROAD,Y,N,N,URBAN,Y,N,N,,DARK (LIGHTED),RAIN,WET,,FOUR-WAY INTERSECTION,STRAIGHT/LEVEL,ASPHALT,FAILURE TO YIELD RIGHT OF WAY,$5001 TO $10000,RIGHT ANGLE,EHILLSIDEDRSHENDERSONST,0,TRAFFIC CONTROL SIGNAL
MONROE SD,M22A873,MONROE,,,1/12/22,11:48 AM,2,,1,0,0,,W STATE RD 45,,,,,W STATE RD 45,STATE RD 45,,,,N,,106,,39.14120759,-86.58432624,STATE ROAD,,,,URBAN,N,N,N,,DAYLIGHT,CLEAR,DRY,,NO JUNCTION INVOLVED,,ASPHALT,FOLLOWING TOO CLOSELY,$5001 TO $10000,REAR END,WSTATERD45STATERD45,0,
MONROE SD,M22A899,MONROE,BENTON,BLOOMINGTON,1/12/22,6:04 PM,1,0,1,0,0,,,,SR45,,,SR45,N PATHWAYS,,,,N,,,,39.24436075,-86.38545575,STATE ROAD,,N,N,RURAL,N,N,N,,DARK (NOT LIGHTED),CLOUDY,DRY,,NO JUNCTION INVOLVED,STRAIGHT/LEVEL,ASPHALT,RAN OFF ROAD RIGHT,$2501 TO $5000,RAN OFF ROAD,NPATHWAYSDRSR45,0,NONE
BLOOMINGTON PD,B22-01694,MONROE,BLOOMINGTON,BLOOMINGTON,1/16/22,2:27 PM,2,,4,0,0,,N KINSER PIKE,,,,,N KINSER PIKE,STATE RD 46,,,,Y,,0,,39.18649849,-86.53773791,LOCAL/CITY ROAD,,,,URBAN,N,N,N,,DAYLIGHT,CLEAR,DRY,,FOUR-WAY INTERSECTION,,CONCRETE,FAILURE TO YIELD RIGHT OF WAY,$10001 TO $25000,LEFT TURN,STATERD46NKINSERPIKE,0,
BLOOMINGTON PD,B22-01125,MONROE,BLOOMINGTON,BLOOMINGTON,1/11/22,9:40 AM,2,,0,0,0,,S COLLEGE AVE,,,,,S COLLEGE AVE,W 3RD ST,,,,Y,,0,,39.164609,-86.534898,LOCAL/CITY ROAD,,,,URBAN,N,N,N,,DAYLIGHT,CLEAR,DRY,,FOUR-WAY INTERSECTION,,ASPHALT,DISREGARD SIGNAL/REG SIGN,$5001 TO $10000,RIGHT ANGLE,W3RDSTSCOLLEGEAVE,0,
BLOOMINGTON PD,B22-00452,MONROE,BLOOMINGTON,BLOOMINGTON,1/5/22,1:48 PM,2,,0,0,0,,W 17TH ST,,,,,W 17TH ST,N WALNUT ST,,,,Y,,0,,39.17897822,-86.53353954,LOCAL/CITY ROAD,,,,URBAN,N,N,N,,DAYLIGHT,CLEAR,DRY,,FOUR-WAY INTERSECTION,,ASPHALT,DISREGARD SIGNAL/REG SIGN,$2501 TO $5000,RIGHT ANGLE,W17THSTNWALNUTST,0,
BLOOMINGTON PD,B22-01157,MONROE,BLOOMINGTON,BLOOMINGTON,1/11/22,4:09 AM,2,,0,0,0,,S JEFFERSON ST,,,,,S JEFFERSON ST,E 5TH ST,,,,Y,,0,,39.166783,-86.50714821,LOCAL/CITY ROAD,,,,URBAN,N,N,N,,DAYLIGHT,CLEAR,DRY,,FOUR-WAY INTERSECTION,,ASPHALT,DISREGARD SIGNAL/REG SIGN,$10001 TO $25000,RIGHT ANGLE,SJEFFERSONSTE5THST,0,
MONROE SD,M22A933,MONROE,CLEAR CREEK,BLOOMINGTON,1/13/22,8:00 AM,2,0,0,0,0,,S ROGERS,ST,,,,S ROGERS,GREEN,,,,N,,,,39.13108,-86.538546,OTHER,,N,N,URBAN,N,N,N,,DAYLIGHT,CLEAR,DRY,,NO JUNCTION INVOLVED,STRAIGHT/HILLCREST,ASPHALT,LEFT OF CENTER,$2501 TO $5000,OPPOSITE DIRECTION SIDESWIPE,GREENRDSROGERSST,0,NONE
MONROE SD,M22A22695,MONROE,PERRY,BLOOMINGTON,9/14/22,10:48 PM,1,,0,0,1,,E RHORER RD,,,,,E RHORER RD,S WALNUT STREET PIKE,,,,N,,0,,39.12150139,-86.52643724,COUNTY ROAD,,,,RURAL,N,N,N,,DARK (NOT LIGHTED),CLEAR,DRY,,FOUR-WAY INTERSECTION,,ASPHALT,ANIMAL/OBJECT IN ROADWAY,$5001 TO $10000,COLLISION WITH DEER,SWALNUTSTREETPIKEERHORERRD,0,
BLOOMINGTON PD,B22-40174,MONROE,PERRY,BLOOMINGTON,10/1/22,12:45 PM,1,,0,0,0,,S COLLEGE AVE,,,,,S COLLEGE AVE,W 3RD ST,,,,Y,,0,,39.1645329,-86.53485364,LOCAL/CITY ROAD,,,,URBAN,N,N,N,,DAYLIGHT,CLEAR,DRY,,FOUR-WAY INTERSECTION,,ASPHALT,LEFT OF CENTER,$5001 TO $10000,RAN OFF ROAD,W3RDSTSCOLLEGEAVE,0,
INDIANA UNIV BLOOMINGTON PD,220359,MONROE,PERRY,BLOOMINGTON,1/31/22,8:00 PM,2,,0,0,0,,S FESS AVE,,,,,S FESS AVE,E 3RD ST,,,,Y,,0,,39.16426671,-86.52587361,LOCAL/CITY ROAD,,,,URBAN,N,N,N,,DARK (LIGHTED),CLEAR,DRY,,T-INTERSECTION,,ASPHALT,UNSAFE LANE MOVEMENT,$2501 TO $5000,LEFT TURN,SFESSAVEE3RDST,0,
MONROE SD,M22A11930,MONROE,PERRY,BLOOMINGTON,5/23/22,12:01 AM,4,,1,0,0,,S FAIRFAX RD,,,,,S FAIRFAX RD,S OLD STATE ROAD 37,,,,N,,0,,39.10722992,-86.53131958,,,,,URBAN,N,N,N,,DAYLIGHT,CLOUDY,DRY,,FOUR-WAY INTERSECTION,,ASPHALT,UNSAFE SPEED,$50001 TO $100000,RAN OFF ROAD,SOLDSTATEROAD37SFAIRFAXRD,0,
BLOOMINGTON PD,B22-12890,MONROE,VAN BUREN,BLOOMINGTON,4/13/22,1:13 PM,3,,1,0,0,,W. 3RD ST,,,,,W. 3RD ST,I69/37 OVERPASS,,,,Y,,0,,0,0,LOCAL/CITY ROAD,,,,URBAN,N,N,N,,DAYLIGHT,RAIN,WET,,NO JUNCTION INVOLVED,,CONCRETE,FOLLOWING TOO CLOSELY,$2501 TO $5000,REAR END,W.3RDSTI69/37OVERPASS,0,
BLOOMINGTON PD,B22-17053,MONROE,PERRY,BLOOMINGTON,5/10/22,12:50 PM,2,,0,0,0,,N STATE ROAD 69,,,,,N STATE ROAD 69,W BLOOMFIELD RD,,,,Y,,0,,39.14873855,-86.57105631,STATE ROAD,,,,URBAN,N,N,N,,DAYLIGHT,CLEAR,DRY,,T-INTERSECTION,,ASPHALT,FOLLOWING TOO CLOSELY,$25001 TO $50000,REAR END,WBLOOMFIELDRDNSTATEROAD69,0,
BLOOMINGTON PD,B22-30934,MONROE,BLOOMINGTON,BLOOMINGTON,8/10/22,11:50 AM,2,,0,0,0,,E 3RD ST,,,,,E 3RD ST,S SMITH RD,,,,Y,,0,,39.1642582,-86.48126073,LOCAL/CITY ROAD,,,,URBAN,N,N,N,,DAYLIGHT,CLEAR,DRY,,FOUR-WAY INTERSECTION,,ASPHALT,FOLLOWING TOO CLOSELY,$2501 TO $5000,REAR END,SSMITHRDE3RDST,0,
INDIANA UNIV BLOOMINGTON PD,223365,MONROE,BLOOMINGTON,BLOOMINGTON,9/17/22,3:15 AM,1,,0,0,0,,S DUNN ST,,,,,S DUNN ST,E 3RD ST,,,,Y,,0,,39.16420588,-86.52814678,LOCAL/CITY ROAD,,,,URBAN,N,N,N,,DARK (LIGHTED),CLEAR,DRY,,FOUR-WAY INTERSECTION,,ASPHALT,FAILURE TO MAINTAIN LANE,$10001 TO $25000,RIGHT TURN,SDUNNSTE3RDST,0,
BLOOMINGTON PD,B22-08164,MONROE,BLOOMINGTON,BLOOMINGTON,3/11/22,3:36 PM,2,,1,0,0,,STATE RD 46,,,,,STATE RD 46,N. KINSER PIKE,,,,Y,,0,,39.1865068,-86.53675265,STATE ROAD,,,,URBAN,N,N,N,,DAYLIGHT,SNOW,WET,,NO JUNCTION INVOLVED,,ASPHALT,FOLLOWING TOO CLOSELY,$5001 TO $10000,REAR END,STATERD46N.KINSERPIKE,0,
BLOOMINGTON PD,B22-35177,MONROE,PERRY,BLOOMINGTON,9/3/22,7:00 AM,1,,0,0,0,,W TAPP RD,,,,,W TAPP RD,S ADAMS ST,,,,Y,,0,,39.13649983,-86.55415006,LOCAL/CITY ROAD,,,,URBAN,N,N,N,,DAWN/DUSK,RAIN,WET,,TRAFFIC CIRCLE/ROUNDABOUT,,ASPHALT,SPEED TOO FAST FOR WEATHER CONDITIONS,$5001 TO $10000,RAN OFF ROAD,WTAPPRDSADAMSST,0,
BLOOMINGTON PD,B22-36742,MONROE,PERRY,BLOOMINGTON,9/12/22,12:15 PM,2,,0,0,0,,300 BLK W. COUNTRY CLUB DR,,,,,300 BLK W. COUNTRY CLUB DR,S. MADISON ST,,,,Y,,1000,,0,0,LOCAL/CITY ROAD,,,,URBAN,N,N,N,,DAYLIGHT,CLEAR,DRY,,NO JUNCTION INVOLVED,,ASPHALT,FOLLOWING TOO CLOSELY,$1001 TO $2500,REAR END,S.MADISONST300BLKW.COUNTRYCLUBDR,0,
BLOOMINGTON PD,B22-36991,MONROE,BLOOMINGTON,BLOOMINGTON,9/13/22,6:55 PM,2,,0,0,0,,N COLLEGE AVE,,,,,N COLLEGE AVE,W 10TH ST,,,,Y,,0,,39.17172515,-86.53487453,LOCAL/CITY ROAD,,,,URBAN,N,N,N,,DAYLIGHT,CLOUDY,DRY,,FOUR-WAY INTERSECTION,,ASPHALT,IMPROPER LANE USAGE,$5001 TO $10000,RIGHT ANGLE,W10THSTNCOLLEGEAVE,0,
INDIANA UNIV BLOOMINGTON PD,221145,MONROE,BLOOMINGTON,BLOOMINGTON,3/28/22,4:20 PM,2,,0,0,0,,E 4TH ST,,,,,E 4TH ST,,,,,Y,,0,,39.1652332,-86.52762442,PRIVATE DRIVE,,,,URBAN,N,N,N,,DAYLIGHT,CLEAR,DRY,,NO JUNCTION INVOLVED,,ASPHALT,UNSAFE BACKING,$1001 TO $2500,OPPOSITE DIRECTION SIDESWIPE,E4THST,0,
MONROE SD,M22A2935,MONROE,SALT CREEK,BLOOMINGTON,2/7/22,7:22 PM,1,,0,0,1,,S SR 446,,,,,S SR 446,S KNIGHTRIDGE RD,,,,N,,2600,,39.12480503,-86.43723367,STATE ROAD,,,,RURAL,N,Y,N,,DARK (NOT LIGHTED),CLEAR,DRY,,NO JUNCTION INVOLVED,,ASPHALT,ANIMAL/OBJECT IN ROADWAY,$2501 TO $5000,COLLISION WITH DEER,SSR446SKNIGHTRIDGERD,0,
BLOOMINGTON PD,B22-24358,MONROE,BLOOMINGTON,BLOOMINGTON,6/27/22,5:00 PM,1,,0,0,0,,E 3RD ST,,,,,E 3RD ST,S WALNUT AVE,,,,Y,,0,,39.16463901,-86.53375428,LOCAL/CITY ROAD,,,,URBAN,N,N,N,,DAYLIGHT,CLEAR,DRY,,T-INTERSECTION,,ASPHALT,FAILURE TO YIELD RIGHT OF WAY,UNDER $1001,OTHER - EXPLAIN IN NARRATIVE,SWALNUTAVEE3RDST,1,
BLOOMINGTON PD,B22-06922,MONROE,BLOOMINGTON,BLOOMINGTON,3/2/22,8:12 AM,2,,0,0,0,,2801 N. WALNUT ST,,,,,2801 N. WALNUT ST,E. BLUE RIDGE DR,,,,Y,,2000,,39.1959163,-86.53202564,LOCAL/CITY ROAD,,,,URBAN,N,N,N,,DAYLIGHT,CLEAR,DRY,,NO JUNCTION INVOLVED,,ASPHALT,FOLLOWING TOO CLOSELY,$1001 TO $2500,REAR END,E.BLUERIDGEDR2801N.WALNUTST,0,
INDIANA UNIV BLOOMINGTON PD,221272,MONROE,BLOOMINGTON,BLOOMINGTON,4/5/22,1:00 PM,1,,1,0,0,,E 3RD ST,,,,,E 3RD ST,S FESS AVE,,,,Y,,0,,39.16427918,-86.52599163,LOCAL/CITY ROAD,,,,URBAN,N,N,N,,DAYLIGHT,RAIN,WET,,T-INTERSECTION,,ASPHALT,VIEW OBSTRUCTED,UNDER $1001,RIGHT ANGLE,SFESSAVEE3RDST,1,
ISP BLOOMINGTON 33,2022-00249196,MONROE,BLOOMINGTON,,6/3/22,12:20 PM,2,,0,0,0,,N CURRY PIKE,,,,,N CURRY PIKE,STATE RD 46,,,,N,,475,,39.19332879,-86.57231756,COUNTY ROAD,,,,RURAL,N,N,N,,DAYLIGHT,CLEAR,DRY,,Y-INTERSECTION,,ASPHALT,FAILURE TO YIELD RIGHT OF WAY,$5001 TO $10000,SAME DIRECTION SIDESWIPE,STATERD46NCURRYPIKE,0,
BLOOMINGTON PD,B22-31716,MONROE,VAN BUREN,BLOOMINGTON,8/15/22,5:21 PM,2,,0,0,0,,S CURRY PIKE,,,,,S CURRY PIKE,W ROLL AVE,,,,Y,,0,,39.14784008,-86.58262734,,,,,URBAN,N,N,N,,DAYLIGHT,CLEAR,DRY,,NO JUNCTION INVOLVED,,ASPHALT,FOLLOWING TOO CLOSELY,$1001 TO $2500,REAR END,WROLLAVESCURRYPIKE,0,
ELLETTSVILLE PD,E2202057,MONROE,RICHLAND,ELLETTSVILLE,6/3/22,8:40 PM,1,,0,0,0,,1ST STREET,,,,,1ST STREET,DEWEY DRIVE,,,,Y,,100,,39.228525,-86.624592,LOCAL/CITY ROAD,,,,URBAN,N,N,N,,DAYLIGHT,CLEAR,DRY,,NO JUNCTION INVOLVED,,ASPHALT,OVERCORRECTING/OVERSTEERING,$1001 TO $2500,RAN OFF ROAD,DEWEYDRIVE1STSTREET,0,
BLOOMINGTON PD,B22-04611,MONROE,PERRY,BLOOMINGTON,2/10/22,12:21 PM,2,,0,0,0,,E. 2ND ST,,,,,E. 2ND ST,S. COLLEGE MALL RD,,,,Y,,100,,39.16758408,-86.53701381,LOCAL/CITY ROAD,,,,URBAN,N,N,N,,DAYLIGHT,CLEAR,DRY,,FOUR-WAY INTERSECTION,,ASPHALT,FAILURE TO YIELD RIGHT OF WAY,$2501 TO $5000,RIGHT ANGLE,S.COLLEGEMALLRDE.2NDST,0,
BLOOMINGTON PD,B22-41869,MONROE,BLOOMINGTON,BLOOMINGTON,10/10/22,7:54 PM,2,,1,0,0,,E 7TH ST,,,,,E 7TH ST,N WASHINGTON ST,,,,Y,,0,,39.16852866,-86.53235139,LOCAL/CITY ROAD,,,,URBAN,N,N,N,,DARK (NOT LIGHTED),CLEAR,DRY,,FOUR-WAY INTERSECTION,,ASPHALT,FAILURE TO YIELD RIGHT OF WAY,$2501 TO $5000,RIGHT ANGLE,NWASHINGTONSTE7THST,0,
BLOOMINGTON PD,B22-16341,MONROE,PERRY,BLOOMINGTON,5/5/22,1:00 PM,2,,0,0,0,,E MOORES PIKE,,,,,E MOORES PIKE,S SARE RD,,,,Y,,0,,39.15045251,-86.49833269,,,,,URBAN,N,N,N,,DAYLIGHT,RAIN,WET,,FOUR-WAY INTERSECTION,,ASPHALT,IMPROPER LANE USAGE,$1001 TO $2500,SAME DIRECTION SIDESWIPE,SSARERDEMOORESPIKE,0,
ELLETTSVILLE PD,E2200703,MONROE,RICHLAND,ELLETTSVILLE,2/25/22,7:42 AM,2,0,0,0,0,,,,SR46W,,,SR46W,SALE,,,,Y,,,,39.23384,-86.624704,STATE ROAD,Y,N,N,URBAN,N,N,N,,DAYLIGHT,CLEAR,DRY,,NO JUNCTION INVOLVED,STRAIGHT/LEVEL,ASPHALT,FOLLOWING TOO CLOSELY,$5001 TO $10000,REAR END,SALESTSR46W,0,TRAFFIC CONTROL SIGNAL
BLOOMINGTON PD,B22-21228,MONROE,PERRY,BLOOMINGTON,6/7/22,6:59 PM,2,,0,0,0,2894,E 3RD ST,,,,,E 3RD ST,,,,,Y,,0,,39.16014163,-86.49379026,PRIVATE DRIVE,,,,URBAN,N,N,N,,DAYLIGHT,CLEAR,DRY,,NO JUNCTION INVOLVED,,ASPHALT,OTHER (DRIVER) - EXPLAIN IN NARRATIVE,$1001 TO $2500,SAME DIRECTION SIDESWIPE,E3RDST,0,
MONROE SD,M22A13312,MONROE,CLEAR CREEK,BLOOMINGTON,6/7/22,5:57 AM,1,,0,0,1,,E POINTE RD,,,,,E POINTE RD,S POINTE VIEW DR,,,,N,,300,,39.034912,-86.508591,COUNTY ROAD,,,,RURAL,N,N,N,,DAWN/DUSK,CLEAR,DRY,,NO JUNCTION INVOLVED,,ASPHALT,ANIMAL/OBJECT IN ROADWAY,$2501 TO $5000,COLLISION WITH DEER,SPOINTEVIEWDREPOINTERD,0,
BLOOMINGTON PD,B22-28378,MONROE,BLOOMINGTON,BLOOMINGTON,7/24/22,2:59 PM,2,,1,0,0,,W 4TH ST,,,,,W 4TH ST,S ROGERS ST,,,,Y,,0,,39.16561844,-86.53874106,LOCAL/CITY ROAD,,,,URBAN,N,N,N,,DAYLIGHT,CLEAR,DRY,,FOUR-WAY INTERSECTION,,ASPHALT,FAILURE TO YIELD RIGHT OF WAY,$10001 TO $25000,RIGHT ANGLE,W4THSTSROGERSST,0,
ELLETTSVILLE PD,E22-03631,MONROE,RICHLAND,ELLETTSVILLE,9/16/22,12:53 PM,2,,0,0,0,,CENTENNIAL DR,,,,,CENTENNIAL DR,W STATE RD 46,,,,N,,0,,39.20996382,-86.58271713,STATE ROAD,,,,URBAN,N,N,N,,DAYLIGHT,CLEAR,DRY,,FOUR-WAY INTERSECTION,,ASPHALT,DISREGARD SIGNAL/REG SIGN,$5001 TO $10000,RIGHT ANGLE,WSTATERD46CENTENNIALDR,0,
BLOOMINGTON PD,B22-37656,MONROE,PERRY,BLOOMINGTON,9/17/22,6:27 PM,2,,0,0,0,,S ROGERS ST,,,,,S ROGERS ST,S ROCKPORT RD,,,,Y,,0,,39.14593197,-86.53886082,LOCAL/CITY ROAD,,,,URBAN,N,N,N,,DAYLIGHT,CLEAR,DRY,,FOUR-WAY INTERSECTION,,ASPHALT,IMPROPER PASSING,$5001 TO $10000,REAR END,SROGERSSTSROCKPORTRD,0,
INDIANA UNIV BLOOMINGTON PD,223863,MONROE,BLOOMINGTON,BLOOMINGTON,10/11/22,9:15 AM,2,,0,0,0,,N DUNN ST,,,,,N DUNN ST,,,,,Y,,0,,39.18146306,-86.52743197,PRIVATE DRIVE,,,,URBAN,N,N,N,,DAYLIGHT,CLEAR,DRY,,NO JUNCTION INVOLVED,,ASPHALT,IMPROPER TURNING,$1001 TO $2500,LEFT TURN,NDUNNST,0,
MONROE SD,M22A25184,MONROE,BEAN BLOSSOM,BLOOMINGTON,10/13/22,9:16 PM,1,,0,0,1,,STATE RD 46,,,,,STATE RD 46,N SISCOE LN,,,,N,,0,,39.27100733,-86.67159266,STATE ROAD,,,,RURAL,N,N,N,,DARK (NOT LIGHTED),CLEAR,DRY,,T-INTERSECTION,,ASPHALT,ANIMAL/OBJECT IN ROADWAY,$2501 TO $5000,COLLISION WITH DEER,STATERD46NSISCOELN,0,
ELLETTSVILLE PD,E2202765,MONROE,RICHLAND,ELLETTSVILLE,7/25/22,9:14 AM,2,0,0,0,0,4499,W STATE ROAD 46,HWY,,,,W STATE ROAD 46,,,,,N,,,,,,OTHER,,N,N,URBAN,N,N,N,,DAYLIGHT,CLOUDY,DRY,,NO JUNCTION INVOLVED,STRAIGHT/LEVEL,ASPHALT,UNSAFE BACKING,$5001 TO $10000,BACKING CRASH,WSTATEROAD46HWY,0,NONE
BLOOMINGTON PD,B22-12737,MONROE,PERRY,BLOOMINGTON,4/12/22,12:23 PM,2,,0,0,0,,S. WALNUT ST,,,,,S. WALNUT ST,SOUTH DR,,,,Y,,0,,39.1419,-86.531138,LOCAL/CITY ROAD,,,,URBAN,Y,N,N,,DAYLIGHT,CLOUDY,DRY,,FOUR-WAY INTERSECTION,,ASPHALT,DISREGARD SIGNAL/REG SIGN,$10001 TO $25000,RIGHT ANGLE,SOUTHDRS.WALNUTST,0,
BLOOMINGTON PD,B22-33114,MONROE,BLOOMINGTON,BLOOMINGTON,8/23/22,5:56 AM,2,,1,0,0,,CURRY PK,,,,,CURRY PK,3RD ST,,,,Y,,0,,39.16442614,-86.58287234,LOCAL/CITY ROAD,,,,URBAN,N,N,N,,DARK (LIGHTED),CLEAR,DRY,,FOUR-WAY INTERSECTION,,ASPHALT,FAILURE TO YIELD RIGHT OF WAY,$2501 TO $5000,RIGHT ANGLE,CURRYPK3RDST,0,
MONROE SD,M22A14685,MONROE,PERRY,BLOOMINGTON,6/21/22,6:16 PM,2,,1,0,0,,S OLD STATE ROAD 37,,,,,S OLD STATE ROAD 37,E DILLMAN RD,,,,N,,0,,39.09287199,-86.54413527,STATE ROAD,,,,RURAL,N,N,N,,DAYLIGHT,CLEAR,DRY,,T-INTERSECTION,,ASPHALT,FAILURE TO YIELD RIGHT OF WAY,$50001 TO $100000,RIGHT ANGLE,SOLDSTATEROAD37EDILLMANRD,0,
INDIANA UNIV BLOOMINGTON PD,223830,MONROE,BLOOMINGTON,BLOOMINGTON,10/9/22,1:15 PM,2,,1,0,0,,E 10TH ST,,,,,E 10TH ST,STATE RD 46,,,,Y,,0,,39.17158451,-86.50198049,STATE ROAD,,,,URBAN,N,N,N,,DAYLIGHT,CLEAR,DRY,,FOUR-WAY INTERSECTION,,ASPHALT,DISREGARD SIGNAL/REG SIGN,$1001 TO $2500,RIGHT ANGLE,STATERD46E10THST,0,
MONROE SD,M22A23015,MONROE,VAN BUREN,BLOOMINGTON,9/19/22,7:22 AM,1,,0,0,0,,W ST RD 48,,,,,W ST RD 48,,,920,,N,,0,,39.16841516,-86.67031032,STATE ROAD,,,,RURAL,N,N,N,,DAWN/DUSK,CLOUDY,WET,,NO JUNCTION INVOLVED,,ASPHALT,SPEED TOO FAST FOR WEATHER CONDITIONS,$5001 TO $10000,RAN OFF ROAD,WSTRD48,0,
INDIANA UNIV BLOOMINGTON PD,221791,MONROE,BLOOMINGTON,BLOOMINGTON,5/7/22,12:00 AM,1,,0,0,1,,STATE RD 45,,,,,STATE RD 45,N FEE LN,,,,Y,,0,,39.18593716,-86.51965088,STATE ROAD,,,,URBAN,N,N,N,,DARK (NOT LIGHTED),CLOUDY,DRY,,FOUR-WAY INTERSECTION,,ASPHALT,ANIMAL/OBJECT IN ROADWAY,$5001 TO $10000,COLLISION WITH DEER,STATERD45NFEELN,0,
BLOOMINGTON PD,B22-13637,MONROE,PERRY,BLOOMINGTON,4/19/22,8:58 AM,3,,3,0,0,,W. COUNTRY CLUB DR,,,,,W. COUNTRY CLUB DR,S BANTA AVE,,,,Y,,1000,,39.136219,-86.544827,LOCAL/CITY ROAD,,,,URBAN,N,N,N,,DAYLIGHT,CLEAR,DRY,,NO JUNCTION INVOLVED,,ASPHALT,FOLLOWING TOO CLOSELY,$25001 TO $50000,REAR END,W.COUNTRYCLUBDRSBANTAAVE,0,
MONROE SD,M22A8801,MONROE,VAN BUREN,BLOOMINGTON,4/19/22,3:57 PM,2,,0,0,0,,S CURRY PIKE,,,,,S CURRY PIKE,W CURRY CT,,,,Y,,0,,39.15404081,-86.58262377,LOCAL/CITY ROAD,,,,URBAN,N,N,N,,DAYLIGHT,CLOUDY,DRY,,T-INTERSECTION,,ASPHALT,FAILURE TO YIELD RIGHT OF WAY,$10001 TO $25000,RIGHT TURN,WCURRYCTSCURRYPIKE,0,
BLOOMINGTON PD,B22-31952,MONROE,BLOOMINGTON,BLOOMINGTON,8/16/22,10:27 PM,2,,0,0,0,,W 3RD ST,,,,,W 3RD ST,S CORY LN,,,,Y,,0,,39.16447883,-86.56014419,LOCAL/CITY ROAD,,,,URBAN,N,N,N,,DARK (LIGHTED),CLEAR,DRY,,FOUR-WAY INTERSECTION,,ASPHALT,DISREGARD SIGNAL/REG SIGN,$5001 TO $10000,RIGHT ANGLE,W3RDSTSCORYLN,0,
INDIANA UNIV BLOOMINGTON PD,221703,MONROE,BLOOMINGTON,BLOOMINGTON,4/30/22,2:30 AM,1,,0,0,0,,E UNIVERSITY RD,,,,,E UNIVERSITY RD,N FEE LN,,,,Y,,0,,39.17624845,-86.51765532,PRIVATE DRIVE,,,,URBAN,N,N,N,,DARK (LIGHTED),RAIN,WET,,NO JUNCTION INVOLVED,,ASPHALT,WRONG WAY ON ONE WAY,$1001 TO $2500,SAME DIRECTION SIDESWIPE,NFEELNEUNIVERSITYRD,0,