Agency,Local Code,County,Township,City,Collision Date,Collision Time,Vehicles Involved,Trailers Involved,Number Injured,Number Dead,Number Deer,House Number,Roadway Name,Roadway Suffix,Roadway Number,Roadway Interchange,Roadway Ramp,Roadway Id,Intersecting Road,Intersecting Road Number,Mile Marker,Interchange,Corporate Limits?,Property Type,Feet From,Direction,Latitude,Longitude,Roadway Class,Traffic Control Devices?,Aggressive Driving?,Hit and Run?,Locality,School Zone?,Rumble Strips?,Construction?,Construction Type,Light Condition,Weather Conditions,Surface Condition,Type of Median,Roadway Junction Type,Road Character,Roadway Surface,Primary Factor,Damage Estimate,Manner of Collision,Unique Location Id,State Property Damage?,Traffic Control
INDIANA UNIV BLOOMINGTON PD,333937,MONROE,BLOOMINGTON,BLOOMINGTON,10/12/22,10:00 AM,2,,0,0,0,,N DUNN ST,,,,,N DUNN ST,E 20TH ST,,,,Y,,0,,39.18212421,-86.52614719,PRIVATE DRIVE,,,,URBAN,N,N,N,,DAYLIGHT,CLOUDY,WET,,NO JUNCTION INVOLVED,,ASPHALT,UNSAFE BACKING,$1001 TO $2500,BACKING CRASH,NDUNNSTE20THST,0,
INDIANA UNIV BLOOMINGTON PD,223917,MONROE,BLOOMINGTON,BLOOMINGTON,10/12/22,3:53 PM,2,,0,0,0,,BALLANTINE RD,,,,,BALLANTINE RD,E 3RD ST,,,,Y,,0,,39.16425949,-86.51912962,LOCAL/CITY ROAD,,,,URBAN,N,N,N,,DAYLIGHT,CLOUDY,DRY,,T-INTERSECTION,,ASPHALT,IMPROPER TURNING,$2501 TO $5000,LEFT TURN,E3RDSTBALLANTINERD,0,
MONROE SD,M22A25125,MONROE,WASHINGTON,BLOOMINGTON,10/13/22,9:29 AM,1,,1,0,0,,N OLD SR 37,,,,,N OLD SR 37,NEWT FULFORD RD,,,,N,,0,,39.28931586,-86.49645692,LOCAL/CITY ROAD,,,,RURAL,N,N,N,,DAYLIGHT,CLEAR,WET,,NO JUNCTION INVOLVED,,ASPHALT,SPEED TOO FAST FOR WEATHER CONDITIONS,$5001 TO $10000,RAN OFF ROAD,NEWTFULFORDRDNOLDSR37,0,
BLOOMINGTON PD,B22-42399,MONROE,BLOOMINGTON,BLOOMINGTON,10/13/22,2:00 PM,2,,0,0,0,4461,E 3RD ST,,,,,E 3RD ST,,,,,Y,,0,,39.1646871,-86.47461817,PRIVATE DRIVE,,,,URBAN,N,N,N,,UNKNOWN,CLEAR,DRY,,NO JUNCTION INVOLVED,,ASPHALT,OTHER (DRIVER) - EXPLAIN IN NARRATIVE,UNDER $1001,RIGHT ANGLE,E3RDST,0,
BLOOMINGTON PD,B22-40925,MONROE,PERRY,BLOOMINGTON,10/5/22,6:00 PM,2,,0,0,0,,W 3RD ST,,,,,W 3RD ST,S JOHNSON AVE,,,,Y,,317,,39.16444955,-86.56434347,LOCAL/CITY ROAD,,,,URBAN,N,N,N,,DAYLIGHT,CLEAR,DRY,,NO JUNCTION INVOLVED,,ASPHALT,FOLLOWING TOO CLOSELY,$1001 TO $2500,REAR END,W3RDSTSJOHNSONAVE,0,
MONROE SD,M22A14226,MONROE,CLEAR CREEK,BLOOMINGTON,6/16/22,7:00 AM,2,,0,0,0,4790,W FLUCK MILL RD,,,,,W FLUCK MILL RD,,,,,N,,0,,39.07391823,-86.57054878,PRIVATE DRIVE,,,,RURAL,N,N,N,,DAYLIGHT,CLEAR,DRY,,NO JUNCTION INVOLVED,,ASPHALT,OTHER (DRIVER) - EXPLAIN IN NARRATIVE,$2501 TO $5000,SAME DIRECTION SIDESWIPE,WFLUCKMILLRD,0,
BLOOMINGTON PD,B22-32693,MONROE,BLOOMINGTON,BLOOMINGTON,8/20/22,3:44 PM,2,,0,0,0,,W 8TH ST,,,,,W 8TH ST,N COLLEGE AVE,,,,Y,,0,,39.16948964,-86.53483619,LOCAL/CITY ROAD,,,,URBAN,N,N,N,,DAYLIGHT,CLEAR,DRY,,FOUR-WAY INTERSECTION,,ASPHALT,UNSAFE LANE MOVEMENT,$1001 TO $2500,SAME DIRECTION SIDESWIPE,W8THSTNCOLLEGEAVE,0,
BLOOMINGTON PD,B22-32915,MONROE,VAN BUREN,BLOOMINGTON,8/21/22,8:00 PM,1,,1,0,0,,S COPPER BEECH WAY,,,,,S COPPER BEECH WAY,S BASSWOOD DR,,,,Y,,0,,39.15665904,-86.57102055,LOCAL/CITY ROAD,,,,URBAN,N,N,N,,DAYLIGHT,CLOUDY,DRY,,NO JUNCTION INVOLVED,,ASPHALT,OTHER (DRIVER) - EXPLAIN IN NARRATIVE,UNDER $1001,RAN OFF ROAD,SCOPPERBEECHWAYSBASSWOODDR,0,
BLOOMINGTON PD,B22-42147,MONROE,BLOOMINGTON,BLOOMINGTON,10/12/22,12:10 PM,2,,0,0,0,,N WALNUT ST,,,,,N WALNUT ST,E 7TH ST,,,,Y,,0,,39.16858802,-86.53357691,LOCAL/CITY ROAD,,,,URBAN,N,N,N,,DAYLIGHT,CLOUDY,DRY,,FOUR-WAY INTERSECTION,,ASPHALT,DRIVER ILLNESS,$5001 TO $10000,REAR END,NWALNUTSTE7THST,0,
MONROE SD,M22A8441,MONROE,PERRY,BLOOMINGTON,4/14/22,5:45 PM,2,,0,0,0,,I-69,,,,,I-69,,,114,,N,,475,,39.11566324,-86.56541055,INTERSTATE,,,,RURAL,N,N,N,,DAYLIGHT,CLEAR,DRY,,NO JUNCTION INVOLVED,,ASPHALT,UNSAFE LANE MOVEMENT,$1001 TO $2500,SAME DIRECTION SIDESWIPE,I-69114,0,
BLOOMINGTON PD,B2217199,MONROE,BLOOMINGTON,BLOOMINGTON,5/11/22,12:20 PM,2,,0,0,0,,N DUNN ST,,,,,N DUNN ST,E KIRKWOOD AVE,,,,Y,,264,,39.16701591,-86.52820534,,,,,URBAN,N,N,N,,DAYLIGHT,CLEAR,DRY,,T-INTERSECTION,,ASPHALT,FAILURE TO YIELD RIGHT OF WAY,$2501 TO $5000,RIGHT ANGLE,NDUNNSTEKIRKWOODAVE,0,
BLOOMINGTON PD,B22-33529,MONROE,PERRY,BLOOMINGTON,8/25/22,5:47 AM,1,,1,0,0,,S WALNUT ST,,,,,S WALNUT ST,E WYLIE ST,,,,Y,,0,,39.158367,-86.533661,LOCAL/CITY ROAD,,,,URBAN,N,N,N,,DARK (LIGHTED),CLEAR,DRY,,T-INTERSECTION,,ASPHALT,PEDESTRIAN ACTION,$1001 TO $2500,COLLISION WITH OBJECT IN ROAD,SWALNUTSTEWYLIEST,1,
BLOOMINGTON PD,B22-22770,MONROE,PERRY,BLOOMINGTON,6/17/22,5:32 PM,2,,0,0,0,,W 3RD ST,,,,,W 3RD ST,,,,,Y,,0,,39.16441876,-86.57227061,LOCAL/CITY ROAD,,,,URBAN,N,N,N,,DAYLIGHT,CLEAR,DRY,,FOUR-WAY INTERSECTION,,ASPHALT,FAILURE TO YIELD RIGHT OF WAY,$1001 TO $2500,SAME DIRECTION SIDESWIPE,W3RDST,0,
MONROE SD,M22A4590,MONROE,BLOOMINGTON,BLOOMINGTON,2/26/22,10:16 AM,2,,0,0,0,,N WALNUT ST,,,,,N WALNUT ST,E WHISNAND RD,,,,N,,0,,39.22561783,-86.54010005,,,,,RURAL,N,N,N,,DAYLIGHT,CLEAR,DRY,,NO JUNCTION INVOLVED,,ASPHALT,FOLLOWING TOO CLOSELY,$5001 TO $10000,REAR END,NWALNUTSTEWHISNANDRD,0,
BLOOMINGTON PD,B22-39288,MONROE,VAN BUREN,BLOOMINGTON,9/27/22,12:17 PM,2,,0,0,0,,W 3RD ST,,,,,W 3RD ST,S LIBERTY DR,,,,Y,,800,,39.16462694,-86.58062552,LOCAL/CITY ROAD,,,,URBAN,N,N,N,,DAYLIGHT,CLEAR,DRY,,FOUR-WAY INTERSECTION,,ASPHALT,FAILURE TO YIELD RIGHT OF WAY,$10001 TO $25000,RIGHT ANGLE,W3RDSTSLIBERTYDR,0,
BLOOMINGTON PD,B22-40048,MONROE,BLOOMINGTON,BLOOMINGTON,9/30/22,6:04 PM,3,,0,0,0,,STATE RD 46,,,,,STATE RD 46,E 7TH ST,,,,Y,,264,,39.16804181,-86.50039262,STATE ROAD,,,,URBAN,N,N,N,,DAYLIGHT,CLEAR,DRY,,NO JUNCTION INVOLVED,,ASPHALT,FOLLOWING TOO CLOSELY,$10001 TO $25000,REAR END,STATERD46E7THST,0,
ISP BLOOMINGTON 33,2.022E+11,MONROE,CLEAR CREEK,BLOOMINGTON,5/18/22,11:42 PM,2,,0,0,0,4725,GUTHRIE ROAD,,,,,GUTHRIE ROAD,,,,,N,,0,,38.99540394,-86.46403962,PRIVATE DRIVE,,,,RURAL,N,N,N,,DARK (NOT LIGHTED),CLOUDY,MUDDY,,NO JUNCTION INVOLVED,,OTHER - EXPLAIN IN NARRATIVE,OTHER (DRIVER) - EXPLAIN IN NARRATIVE,$1001 TO $2500,RIGHT ANGLE,GUTHRIEROAD,0,
MONROE SD,M22A24068,MONROE,PERRY,BLOOMINGTON,9/30/22,3:56 AM,4,,2,0,0,,S OLD STATE ROAD 37,,,,,S OLD STATE ROAD 37,,,,,N,,0,,39.09758145,-86.54027442,COUNTY ROAD,,,,RURAL,N,N,N,,DAYLIGHT,CLEAR,DRY,,NO JUNCTION INVOLVED,,ASPHALT,FOLLOWING TOO CLOSELY,OVER $100000,REAR END,SOLDSTATEROAD37,0,
BLOOMINGTON PD,B22-26183,MONROE,BLOOMINGTON,BLOOMINGTON,7/9/22,5:42 PM,2,,0,0,0,,W 14TH ST,,,,,W 14TH ST,N COLLEGE AVE,,,,Y,,0,,39.17593069,-86.53464961,LOCAL/CITY ROAD,,,,URBAN,N,N,N,,DAYLIGHT,CLEAR,DRY,,FOUR-WAY INTERSECTION,,ASPHALT,FAILURE TO YIELD RIGHT OF WAY,$1001 TO $2500,REAR END,W14THSTNCOLLEGEAVE,0,
INDIANA UNIV BLOOMINGTON PD,220314,MONROE,BLOOMINGTON,BLOOMINGTON,1/12/22,1:30 PM,1,,0,0,0,310,S FESS AVE,,,,,S FESS AVE,,,,,Y,,0,,39.16348015,-86.52638871,LOCAL/CITY ROAD,,,,URBAN,N,N,N,,DAYLIGHT,CLEAR,DRY,,NO JUNCTION INVOLVED,,CONCRETE,BRAKE FAILURE OR DEFECTIVE,UNDER $1001,RIGHT TURN,SFESSAVE,0,
BLOOMINGTON PD,B22-14546,MONROE,,,4/23/22,8:09 PM,2,,1,0,0,,E 1ST ST,,,,,E 1ST ST,S WOODLAWN AVE,,,,Y,,0,,0,0,LOCAL/CITY ROAD,,,,URBAN,N,N,N,,DAYLIGHT,CLEAR,DRY,,FOUR-WAY INTERSECTION,,ASPHALT,OTHER (DRIVER) - EXPLAIN IN NARRATIVE,$10001 TO $25000,REAR END,SWOODLAWNAVEE1STST,0,
BLOOMINGTON PD,B22-25961,MONROE,PERRY,BLOOMINGTON,7/8/22,8:00 AM,2,,0,0,0,,STONEGATE DR,,,,,STONEGATE DR,S SMITH RD,,,,Y,,0,,39.16116344,-86.48070706,LOCAL/CITY ROAD,,,,URBAN,N,N,N,,DAYLIGHT,CLEAR,DRY,,NO JUNCTION INVOLVED,,ASPHALT,FOLLOWING TOO CLOSELY,$2501 TO $5000,REAR END,STONEGATEDRSSMITHRD,0,
INDIANA UNIV BLOOMINGTON PD,221841,MONROE,BLOOMINGTON,BLOOMINGTON,5/10/22,7:20 PM,2,,0,0,0,,E 3RD ST,,,,,E 3RD ST,S JORDAN AVE,,,,Y,,0,,39.16425839,-86.51635177,LOCAL/CITY ROAD,,,,URBAN,N,N,N,,DAYLIGHT,CLEAR,DRY,,FOUR-WAY INTERSECTION,,ASPHALT,UNSAFE LANE MOVEMENT,$2501 TO $5000,SAME DIRECTION SIDESWIPE,SJORDANAVEE3RDST,0,
INDIANA UNIV BLOOMINGTON PD,222154,MONROE,BLOOMINGTON,BLOOMINGTON,6/15/22,12:40 PM,2,,0,0,0,,E 3RD STREET,,,,,E 3RD STREET,N EAGLESON AVE,,,,Y,,0,,39.16425423,-86.51603527,LOCAL/CITY ROAD,,,,URBAN,N,N,N,,DAYLIGHT,CLEAR,DRY,,FOUR-WAY INTERSECTION,,ASPHALT,UNSAFE LANE MOVEMENT,$2501 TO $5000,SAME DIRECTION SIDESWIPE,NEAGLESONAVEE3RDSTREET,0,
BLOOMINGTON PD,B22-08153,MONROE,BLOOMINGTON,BLOOMINGTON,3/11/22,2:39 PM,2,,0,0,0,,N WALNUT ST,,,,,N WALNUT ST,E GLENDORA DR,,,,Y,,0,,39.19024889,-86.53320713,LOCAL/CITY ROAD,,,,URBAN,N,N,N,,DAYLIGHT,SNOW,WET,,T-INTERSECTION,,ASPHALT,FOLLOWING TOO CLOSELY,$1001 TO $2500,REAR END,NWALNUTSTEGLENDORADR,0,
BLOOMINGTON PD,B22-04183,MONROE,PERRY,BLOOMINGTON,2/6/22,2:25 PM,1,,0,0,0,,S MULLER PKWY,,,,,S MULLER PKWY,S BASSWOOD DR,,,,Y,,0,,39.15981479,-86.56805224,LOCAL/CITY ROAD,,,,URBAN,N,N,N,,DAYLIGHT,CLEAR,SNOW/SLUSH,,NO JUNCTION INVOLVED,,ASPHALT,UNSAFE BACKING,$1001 TO $2500,RIGHT ANGLE,SMULLERPKWYSBASSWOODDR,0,
BLOOMINGTON PD,B22-14983,MONROE,PERRY,BLOOMINGTON,4/26/22,11:55 AM,2,,0,0,0,,W. DODDS ST,,,,,W. DODDS ST,S. MORTON ST,,,,Y,,0,,39.157449,-86.536329,LOCAL/CITY ROAD,,,,URBAN,N,N,N,,DAYLIGHT,CLEAR,DRY,,FOUR-WAY INTERSECTION,,ASPHALT,UNSAFE BACKING,$1001 TO $2500,BACKING CRASH,W.DODDSSTS.MORTONST,0,
INDIANA UNIV BLOOMINGTON PD,220853,MONROE,BLOOMINGTON,BLOOMINGTON,3/5/22,2:30 PM,2,,0,0,0,,E ATWATER AVE,,,,,E ATWATER AVE,S EAGLESON AVE,,,,Y,,211,,39.1631229,-86.51594944,LOCAL/CITY ROAD,,,,URBAN,N,N,N,,DAYLIGHT,CLEAR,DRY,,NO JUNCTION INVOLVED,,ASPHALT,FAILURE TO YIELD RIGHT OF WAY,$2501 TO $5000,SAME DIRECTION SIDESWIPE,SEAGLESONAVEEATWATERAVE,0,
BLOOMINGTON PD,B22-15648,MONROE,PERRY,BLOOMINGTON,4/30/22,3:55 PM,2,,2,1,0,,W COUNTRY CLUB DR,,,,,W COUNTRY CLUB DR,S BANTA AVE,,,,Y,,106,,39.13624947,-86.54508403,LOCAL/CITY ROAD,,,,URBAN,N,N,N,,DAYLIGHT,CLEAR,DRY,,NO JUNCTION INVOLVED,,ASPHALT,LEFT OF CENTER,$10001 TO $25000,HEAD ON BETWEEN TWO MOTOR VEHICLES,WCOUNTRYCLUBDRSBANTAAVE,0,
MONROE SD,M22A15466,MONROE,PERRY,BLOOMINGTON,6/29/22,11:55 AM,1,,0,0,1,,I-69,,,,,I-69,,,112.9,,N,,0,,39.09309775,-86.56628117,,,,,RURAL,N,Y,N,,DAYLIGHT,CLEAR,DRY,,NO JUNCTION INVOLVED,,ASPHALT,ANIMAL/OBJECT IN ROADWAY,$2501 TO $5000,COLLISION WITH DEER,I-69112.9,0,
BLOOMINGTON PD,B22-11187,MONROE,BLOOMINGTON,BLOOMINGTON,4/1/22,4:23 AM,2,,0,0,0,,W KIRKWOOD AVE,,,,,W KIRKWOOD AVE,N COLLEGE AVE,,,,N,,0,,39.16660832,-86.53490729,LOCAL/CITY ROAD,,,,URBAN,N,N,N,,DAYLIGHT,CLEAR,DRY,,FOUR-WAY INTERSECTION,,ASPHALT,FOLLOWING TOO CLOSELY,$1001 TO $2500,REAR END,WKIRKWOODAVENCOLLEGEAVE,0,
BLOOMINGTON PD,B22-26968,MONROE,BLOOMINGTON,BLOOMINGTON,7/14/22,9:04 PM,2,,0,0,0,,N PLYMOUTH RD,,,,,N PLYMOUTH RD,E WALPOLE LN,,,,Y,,370,,39.17381706,-86.47528715,LOCAL/CITY ROAD,,,,URBAN,N,N,N,,DAYLIGHT,CLEAR,DRY,,NO JUNCTION INVOLVED,,ASPHALT,IMPROPER PASSING,$1001 TO $2500,SAME DIRECTION SIDESWIPE,NPLYMOUTHRDEWALPOLELN,0,
BLOOMINGTON PD,B22-38095,MONROE,BLOOMINGTON,BLOOMINGTON,9/20/22,4:00 PM,2,,0,0,0,3020,E 3RD ST,,,,,E 3RD ST,,,,,Y,,0,,39.16498401,-86.49258294,PRIVATE DRIVE,,,,URBAN,N,N,N,,DAYLIGHT,CLEAR,DRY,,NO JUNCTION INVOLVED,,ASPHALT,UNSAFE BACKING,$1001 TO $2500,BACKING CRASH,E3RDST,0,
BLOOMINGTON PD,B22-27690,MONROE,VAN BUREN,BLOOMINGTON,7/19/22,5:43 PM,2,,1,0,0,,S LEONARD SPRINGS RD,,,,,S LEONARD SPRINGS RD,W TAPP RD,,,,Y,,0,,39.13684504,-86.58258624,LOCAL/CITY ROAD,,,,RURAL,N,N,N,,DAYLIGHT,CLEAR,DRY,,T-INTERSECTION,,ASPHALT,FAILURE TO YIELD RIGHT OF WAY,$10001 TO $25000,RIGHT ANGLE,WTAPPRDSLEONARDSPRINGSRD,0,
ISP BLOOMINGTON 33,2.022E+11,MONROE,PERRY,BLOOMINGTON,7/12/22,6:16 PM,2,,0,0,0,,E RHORER RD,,,,,E RHORER RD,S OLD STATE ROAD 37,,,,Y,,0,,39.12098693,-86.53063099,PRIVATE DRIVE,,,,URBAN,N,N,N,,DAYLIGHT,CLEAR,DRY,,NO JUNCTION INVOLVED,,ASPHALT,UNSAFE BACKING,$1001 TO $2500,BACKING CRASH,SOLDSTATEROAD37ERHORERRD,0,
MONROE SD,M22A11566,MONROE,BLOOMINGTON,BLOOMINGTON,5/19/22,1:15 PM,2,,0,0,0,,E BETHEL LN,,,,,E BETHEL LN,N OLD STATE ROAD 37,,,,N,,0,,39.21537949,-86.52140724,LOCAL/CITY ROAD,,,,RURAL,N,N,N,,DAYLIGHT,CLEAR,DRY,,T-INTERSECTION,,ASPHALT,UNSAFE BACKING,$1001 TO $2500,BACKING CRASH,NOLDSTATEROAD37EBETHELLN,0,
BLOOMINGTON PD,B22-33768,MONROE,BLOOMINGTON,BLOOMINGTON,8/26/22,1:50 PM,2,,0,0,0,,E KIRKWOOD AVE,,,,,E KIRKWOOD AVE,S DUNN ST,,,,Y,,0,,39.16606878,-86.52901508,PRIVATE DRIVE,,,,URBAN,N,N,N,,DAYLIGHT,CLEAR,DRY,,FOUR-WAY INTERSECTION,,ASPHALT,UNSAFE BACKING,$2501 TO $5000,LEFT TURN,SDUNNSTEKIRKWOODAVE,0,
INDIANA UNIV BLOOMINGTON PD,221879,MONROE,BLOOMINGTON,BLOOMINGTON,5/16/22,7:25 AM,1,,0,0,0,,E 7TH ST,,,,,E 7TH ST,N WOODLAWN AVE,,,,Y,,0,,39.16851108,-86.52385391,LOCAL/CITY ROAD,,,,URBAN,N,N,N,,DAYLIGHT,CLEAR,DRY,,NO JUNCTION INVOLVED,,ASPHALT,OTHER (DRIVER) - EXPLAIN IN NARRATIVE,$2501 TO $5000,OTHER - EXPLAIN IN NARRATIVE,NWOODLAWNAVEE7THST,0,
BLOOMINGTON PD,B22-30428,MONROE,PERRY,BLOOMINGTON,8/6/22,9:00 PM,2,,1,0,0,,E 3RD ST,,,,,E 3RD ST,S PETE ELLIS DR,,,,Y,,0,,39.16420634,-86.49458494,,,,,URBAN,N,N,N,,DARK (LIGHTED),CLEAR,DRY,,T-INTERSECTION,,ASPHALT,UNSAFE SPEED,$2501 TO $5000,RIGHT ANGLE,SPETEELLISDRE3RDST,0,
BLOOMINGTON PD,B22-38083,MONROE,PERRY,BLOOMINGTON,9/20/22,2:33 PM,2,,0,0,0,535,S WALNUT ST,,,,,S WALNUT ST,,,,,Y,,0,,39.15999701,-86.53287725,LOCAL/CITY ROAD,,,,URBAN,N,N,N,,DAYLIGHT,CLEAR,DRY,,NO JUNCTION INVOLVED,,ASPHALT,UNSAFE BACKING,UNDER $1001,BACKING CRASH,SWALNUTST,0,
MONROE SD,M22A12073,MONROE,CLEAR CREEK,BLOOMINGTON,5/25/22,8:39 AM,2,,0,0,0,,E SMITHVILLE RD,,,,,E SMITHVILLE RD,STATE RD 37,,,,N,,0,,39.07093885,-86.53622764,STATE ROAD,,,,RURAL,N,N,N,,DAWN/DUSK,CLEAR,DRY,,T-INTERSECTION,,ASPHALT,FAILURE TO YIELD RIGHT OF WAY,$25001 TO $50000,RIGHT ANGLE,STATERD37ESMITHVILLERD,0,
INDIANA UNIV BLOOMINGTON PD,221961,MONROE,BLOOMINGTON,BLOOMINGTON,5/24/22,4:55 PM,2,,2,0,0,,N FEE LN,,,,,N FEE LN,N JORDAN AVE,,,,Y,,0,,39.18375004,-86.51923246,LOCAL/CITY ROAD,,,,URBAN,N,N,N,,DAYLIGHT,CLEAR,DRY,,FOUR-WAY INTERSECTION,,ASPHALT,FOLLOWING TOO CLOSELY,$2501 TO $5000,REAR END,NJORDANAVENFEELN,0,
ELLETTSVILLE PD,E22-02974,MONROE,RICHLAND,ELLETTSVILLE,8/9/22,4:19 PM,2,,0,0,0,,W STATE RD 46,,,,,W STATE RD 46,N CAPITOL AVE,,,,Y,,686,,39.22250933,-86.60791784,STATE ROAD,,,,RURAL,N,N,N,,DAYLIGHT,CLOUDY,WET,,NO JUNCTION INVOLVED,,ASPHALT,UNSAFE LANE MOVEMENT,$5001 TO $10000,SAME DIRECTION SIDESWIPE,WSTATERD46NCAPITOLAVE,0,
MONROE SD,M22A25107,MONROE,INDIAN CREEK,HARRODSBURG,10/12/22,8:30 PM,1,,0,1,0,,W POPCORN RD,,,,,W POPCORN RD,,,,,N,,0,,38.99275351,-86.6313564,COUNTY ROAD,,,,RURAL,N,N,N,,DARK (NOT LIGHTED),CLEAR,WET,,NO JUNCTION INVOLVED,,ASPHALT,SPEED TOO FAST FOR WEATHER CONDITIONS,$10001 TO $25000,RAN OFF ROAD,WPOPCORNRD,0,
BLOOMINGTON PD,B22-18730,MONROE,BLOOMINGTON,BLOOMINGTON,5/21/22,6:00 PM,2,,0,0,0,,E JOHN HINKLE PL,,,,,E JOHN HINKLE PL,N PETE ELLIS DR,,,,Y,,0,,39.17052204,-86.49537646,LOCAL/CITY ROAD,,,,URBAN,N,N,N,,DAYLIGHT,CLEAR,DRY,,T-INTERSECTION,,ASPHALT,IMPROPER TURNING,$5001 TO $10000,OPPOSITE DIRECTION SIDESWIPE,NPETEELLISDREJOHNHINKLEPL,0,
MONROE SD,M22A12812,MONROE,RICHLAND,BLOOMINGTON,6/2/22,3:29 AM,1,,0,0,1,,W DELAP RD,,,,,W DELAP RD,N UNION VALLEY RD,,,,N,,0,,39.25180625,-86.59276109,COUNTY ROAD,,,,RURAL,N,N,N,,DARK (NOT LIGHTED),RAIN,WET,,T-INTERSECTION,,ASPHALT,ANIMAL/OBJECT IN ROADWAY,$50001 TO $100000,RAN OFF ROAD,WDELAPRDNUNIONVALLEYRD,0,
BLOOMINGTON PD,B22-22807,MONROE,PERRY,BLOOMINGTON,6/17/22,8:00 PM,2,,0,0,0,,S ELEMENT WAY,,,,,S ELEMENT WAY,,,,,Y,,0,,,,LOCAL/CITY ROAD,,,,URBAN,N,N,N,,UNKNOWN,CLEAR,DRY,,NO JUNCTION INVOLVED,,ASPHALT,IMPROPER LANE USAGE,$2501 TO $5000,SAME DIRECTION SIDESWIPE,SELEMENTWAY,0,
BLOOMINGTON PD,B2242908,MONROE,BLOOMINGTON,BLOOMINGTON,10/17/22,6:27 AM,2,,1,0,0,,S COLLEGE MALL RD,,,,,S COLLEGE MALL RD,E BUICK CADILLAC BLVD,,,,Y,,0,,39.15810106,-86.49790353,,,,,URBAN,N,N,N,,DARK (NOT LIGHTED),CLEAR,DRY,,FOUR-WAY INTERSECTION,,ASPHALT,FOLLOWING TOO CLOSELY,$5001 TO $10000,REAR END,SCOLLEGEMALLRDEBUICKCADILLACBLVD,0,
MONROE SD,M22A3848,MONROE,RICHLAND,BLOOMINGTON,2/17/22,8:05 PM,2,,0,0,0,,STATE RD 46,,,,,STATE RD 46,N CURRY PIKE,,,,N,,0,,39.19368655,-86.57138948,STATE ROAD,,,,RURAL,N,N,N,,DARK (NOT LIGHTED),SNOW,ICE,,FOUR-WAY INTERSECTION,,ASPHALT,FAILURE TO YIELD RIGHT OF WAY,$5001 TO $10000,LEFT/RIGHT TURN,STATERD46NCURRYPIKE,0,
ELLETTSVILLE PD,E2202298,MONROE,RICHLAND,ELLETTSVILLE,6/20/22,1:17 PM,1,0,1,0,0,,GILMORE,RD,,,,GILMORE,REEVES,,,,N,,2000,N,39.231648,-86.671296,LOCAL/CITY ROAD,,Y,N,RURAL,N,N,N,,DAYLIGHT,CLEAR,DRY,,NO JUNCTION INVOLVED,CURVE/LEVEL,ASPHALT,UNSAFE SPEED,$10001 TO $25000,RAN OFF ROAD,GILMORERDREEVESRD,0,NONE
INDIANA UNIV BLOOMINGTON PD,223375,MONROE,BLOOMINGTON,BLOOMINGTON,9/17/22,4:35 PM,2,,0,0,0,,STATE RD 45,,,,,STATE RD 45,N MILO B SAMPSON LN,,,,Y,,0,,39.18619656,-86.52406563,STATE ROAD,,,,URBAN,N,N,N,,DAYLIGHT,CLEAR,DRY,,T-INTERSECTION,,ASPHALT,FAILURE TO YIELD RIGHT OF WAY,$2501 TO $5000,RIGHT ANGLE,STATERD45NMILOBSAMPSONLN,0,
BLOOMINGTON PD,B22-09679,MONROE,BLOOMINGTON,BLOOMINGTON,3/22/22,2:49 AM,2,,2,0,0,,N PROW RD,,,,,N PROW RD,W ARLINGTON RD,,,,Y,,0,,39.19251752,-86.55258841,LOCAL/CITY ROAD,,,,URBAN,N,N,N,,DAYLIGHT,RAIN,WET,,T-INTERSECTION,,CONCRETE,FOLLOWING TOO CLOSELY,$2501 TO $5000,REAR END,WARLINGTONRDNPROWRD,0,
BLOOMINGTON PD,B22-31651,MONROE,PERRY,BLOOMINGTON,8/15/22,8:51 AM,2,,0,0,0,,S MITCHELL ST,,,,,S MITCHELL ST,E ATWATER AVE,,,,Y,,100,,39.16349751,-86.51418164,LOCAL/CITY ROAD,,,,URBAN,N,N,N,,DAYLIGHT,CLOUDY,DRY,,NO JUNCTION INVOLVED,,ASPHALT,UNSAFE BACKING,$2501 TO $5000,BACKING CRASH,SMITCHELLSTEATWATERAVE,0,
BLOOMINGTON PD,B22-19275,MONROE,BLOOMINGTON,BLOOMINGTON,5/25/22,1:58 PM,2,,0,0,0,,S ROGERS ST,,,,,S ROGERS ST,W 4TH ST,,,,Y,,0,,39.16546966,-86.53872317,LOCAL/CITY ROAD,,,,URBAN,N,N,N,,DAYLIGHT,CLEAR,DRY,,FOUR-WAY INTERSECTION,,ASPHALT,FAILURE TO YIELD RIGHT OF WAY,$1001 TO $2500,SAME DIRECTION SIDESWIPE,W4THSTSROGERSST,0,
MONROE SD,M22A15084,MONROE,VAN BUREN,BLOOMINGTON,6/25/22,8:21 AM,1,,0,0,0,3585,W STATE RD 45,,,,,W STATE RD 45,,,,,Y,,0,,39.14237322,-86.5816421,PRIVATE DRIVE,,,,URBAN,N,N,N,,DAYLIGHT,CLEAR,DRY,,NO JUNCTION INVOLVED,,ASPHALT,OTHER (DRIVER) - EXPLAIN IN NARRATIVE,$1001 TO $2500,RAN OFF ROAD,WSTATERD45,0,
BLOOMINGTON PD,B22-17775,MONROE,PERRY,BLOOMINGTON,5/14/22,8:20 AM,2,,0,0,0,,E DAVID DR,,,,,E DAVID DR,E DAVID DR,,,,Y,,0,,39.13855375,-86.49654097,LOCAL/CITY ROAD,,,,URBAN,N,N,N,,DAWN/DUSK,RAIN,WET,,T-INTERSECTION,,ASPHALT,FOLLOWING TOO CLOSELY,$5001 TO $10000,REAR END,EDAVIDDREDAVIDDR,0,