Agency,Local Code,County,Township,City,Collision Date,Collision Time,Vehicles Involved,Trailers Involved,Number Injured,Number Dead,Number Deer,House Number,Roadway Name,Roadway Suffix,Roadway Number,Roadway Interchange,Roadway Ramp,Roadway Id,Intersecting Road,Intersecting Road Number,Mile Marker,Interchange,Corporate Limits?,Property Type,Feet From,Direction,Latitude,Longitude,Roadway Class,Traffic Control Devices?,Aggressive Driving?,Hit and Run?,Locality,School Zone?,Rumble Strips?,Construction?,Construction Type,Light Condition,Weather Conditions,Surface Condition,Type of Median,Roadway Junction Type,Road Character,Roadway Surface,Primary Factor,Damage Estimate,Manner of Collision,Unique Location Id,State Property Damage?,Traffic Control
INDIANA UNIV BLOOMINGTON PD,223569,MONROE,BLOOMINGTON,BLOOMINGTON,9/26/22,8:45 AM,2,,0,0,0,,S FESS AVE,,,,,S FESS AVE,E ATWATER AVE,,,,Y,,0,,39.16311927,-86.52590194,LOCAL/CITY ROAD,,,,URBAN,N,N,N,,DAYLIGHT,CLEAR,DRY,,FOUR-WAY INTERSECTION,,ASPHALT,FAILURE TO YIELD RIGHT OF WAY,$2501 TO $5000,RIGHT ANGLE,SFESSAVEEATWATERAVE,0,
BLOOMINGTON PD,B22-15978,MONROE,BLOOMINGTON,BLOOMINGTON,5/3/22,1:43 AM,2,,1,0,0,,E 3RD ST,,,,,E 3RD ST,E 3RD ST,,,,Y,,0,,39.16427641,-86.49830765,,,,,URBAN,N,N,N,,DARK (LIGHTED),RAIN,WET,,FOUR-WAY INTERSECTION,,ASPHALT,DISREGARD SIGNAL/REG SIGN,$5001 TO $10000,LEFT TURN,E3RDSTE3RDST,0,
BLOOMINGTON PD,B22-40698,MONROE,PERRY,BLOOMINGTON,10/4/22,4:24 PM,2,,0,0,0,1300,S PATTERSON DR,,,,,S PATTERSON DR,,,,,N,,0,,39.1548311,-86.54382931,PRIVATE DRIVE,,,,URBAN,N,N,N,,DAYLIGHT,CLEAR,DRY,,NO JUNCTION INVOLVED,,ASPHALT,UNSAFE BACKING,$2501 TO $5000,RIGHT ANGLE,SPATTERSONDR,0,
BLOOMINGTON PD,B22-41824,MONROE,PERRY,BLOOMINGTON,10/10/22,3:30 PM,2,,0,0,0,1275,S COLLEGE MALL RD,,,,,S COLLEGE MALL RD,,,,,Y,,0,,39.1526681,-86.49666996,PRIVATE DRIVE,,,,URBAN,N,N,N,,DAYLIGHT,CLEAR,DRY,,NO JUNCTION INVOLVED,,ASPHALT,UNSAFE BACKING,$2501 TO $5000,BACKING CRASH,SCOLLEGEMALLRD,0,
BLOOMINGTON PD,B22-15296,MONROE,PERRY,BLOOMINGTON,4/27/22,12:00 AM,2,,0,0,0,541,S LINCOLN ST,,,,,S LINCOLN ST,,,,,N,,0,,39.15891169,-86.53089315,PRIVATE DRIVE,,,,URBAN,N,N,N,,DARK (NOT LIGHTED),CLOUDY,DRY,,NO JUNCTION INVOLVED,,CONCRETE,IMPROPER TURNING,UNDER $1001,SAME DIRECTION SIDESWIPE,SLINCOLNST,0,
BLOOMINGTON PD,B22-33057,MONROE,BLOOMINGTON,BLOOMINGTON,8/22/22,7:22 PM,2,,0,0,0,,E 10TH ST,,,,,E 10TH ST,N PETE ELLIS DR,,,,Y,,0,,39.171474,-86.495398,LOCAL/CITY ROAD,,,,URBAN,N,N,N,,DAYLIGHT,CLEAR,DRY,,FOUR-WAY INTERSECTION,,ASPHALT,VIEW OBSTRUCTED,$2501 TO $5000,RIGHT ANGLE,NPETEELLISDRE10THST,0,
MONROE SD,M22A2988,MONROE,PERRY,BLOOMINGTON,2/8/22,10:33 AM,2,,0,0,0,4025,S OLD STATE ROAD 37,,,,,S OLD STATE ROAD 37,E RHORER RD,,,,N,,0,,39.12381061,-86.53341582,LOCAL/CITY ROAD,,,,URBAN,N,N,N,,DAYLIGHT,CLEAR,ICE,,NO JUNCTION INVOLVED,,ASPHALT,SPEED TOO FAST FOR WEATHER CONDITIONS,$5001 TO $10000,HEAD ON BETWEEN TWO MOTOR VEHICLES,SOLDSTATEROAD37ERHORERRD,0,
MONROE SD,M22A18247,MONROE,RICHLAND,BLOOMINGTON,7/28/22,7:05 AM,2,,0,0,0,2150,21N ANGELINA LN50,,,,,21N ANGELINA LN50,,,,,N,,0,,39.19151588,-86.60177958,PRIVATE DRIVE,,,,URBAN,N,N,N,,DAWN/DUSK,CLEAR,DRY,,NO JUNCTION INVOLVED,,ASPHALT,IMPROPER TURNING,$1001 TO $2500,LEFT TURN,21NANGELINALN50,0,
BLOOMINGTON PD,B22-37608,MONROE,BLOOMINGTON,BLOOMINGTON,9/17/22,12:52 PM,2,,0,0,0,320,N JACOB DR,,,,,N JACOB DR,,,,,Y,,0,,39.17043525,-86.57206587,PRIVATE DRIVE,,,,URBAN,N,N,N,,DAYLIGHT,CLEAR,DRY,,NO JUNCTION INVOLVED,,ASPHALT,OVERCORRECTING/OVERSTEERING,$1001 TO $2500,SAME DIRECTION SIDESWIPE,NJACOBDR,0,
BLOOMINGTON PD,B22-41289,MONROE,VAN BUREN,BLOOMINGTON,10/7/22,2:33 PM,2,,0,0,0,,W 3RD ST,,,,,W 3RD ST,I-69,,,,Y,,0,,39.16466313,-86.57403989,INTERSTATE,,,,URBAN,N,N,N,,DAYLIGHT,CLEAR,DRY,,FOUR-WAY INTERSECTION,,ASPHALT,FAILURE TO MAINTAIN LANE,$2501 TO $5000,SAME DIRECTION SIDESWIPE,W3RDSTI-69,0,
BLOOMINGTON PD,B22-42243,MONROE,PERRY,BLOOMINGTON,10/12/22,7:12 PM,2,,0,0,0,,S KINGSTON DR,,,,,S KINGSTON DR,E 3RD ST,,,,Y,,0,,39.16404065,-86.49304797,LOCAL/CITY ROAD,,,,URBAN,N,N,N,,DARK (NOT LIGHTED),CLEAR,DRY,,FOUR-WAY INTERSECTION,,ASPHALT,FOLLOWING TOO CLOSELY,$2501 TO $5000,REAR END,SKINGSTONDRE3RDST,0,
BLOOMINGTON PD,B22-05993,MONROE,BLOOMINGTON,BLOOMINGTON,2/22/22,11:45 PM,1,,0,0,0,,W SMITH AVE,,,,,W SMITH AVE,S WALNUT ST,,,,Y,,0,,39.16281234,-86.53402573,LOCAL/CITY ROAD,,,,URBAN,N,N,N,,DARK (LIGHTED),CLEAR,DRY,,INTERCHANGE,,ASPHALT,IMPROPER TURNING,UNDER $1001,RAN OFF ROAD,WSMITHAVESWALNUTST,0,
BLOOMINGTON PD,B22-03704,MONROE,BLOOMINGTON,BLOOMINGTON,2/2/22,5:00 AM,2,,1,0,0,,N WALNUT ST,,,,,N WALNUT ST,W 11TH ST,,,,Y,,0,,39.17302968,-86.53357692,LOCAL/CITY ROAD,,,,URBAN,N,N,N,,DAYLIGHT,RAIN,WET,,NO JUNCTION INVOLVED,,ASPHALT,FOLLOWING TOO CLOSELY,$1001 TO $2500,REAR END,W11THSTNWALNUTST,0,
BLOOMINGTON PD,B22-32235,MONROE,PERRY,BLOOMINGTON,8/18/22,11:26 AM,2,,1,0,0,,W 2ND ST,,,,,W 2ND ST,S WALKER ST,,,,Y,,0,,39.16140994,-86.54614974,LOCAL/CITY ROAD,,,,URBAN,N,N,N,,DAYLIGHT,CLEAR,DRY,,FOUR-WAY INTERSECTION,,ASPHALT,FOLLOWING TOO CLOSELY,$5001 TO $10000,REAR END,W2NDSTSWALKERST,0,
ISP BLOOMINGTON 33,2.022E+11,MONROE,VAN BUREN,BLOOMINGTON,7/30/22,11:55 AM,2,,1,0,0,,W STATE RD 45,,,,,W STATE RD 45,S ISON RD,,,,N,,0,,39.12793094,-86.60646434,STATE ROAD,,,,RURAL,N,N,N,,DAYLIGHT,CLEAR,DRY,,T-INTERSECTION,,ASPHALT,FAILURE TO YIELD RIGHT OF WAY,$5001 TO $10000,REAR END,WSTATERD45SISONRD,0,
BLOOMINGTON PD,B22-41913,MONROE,PERRY,BLOOMINGTON,10/11/22,7:40 AM,2,,0,0,0,,SARE RD,,,,,SARE RD,ROGERS RD,,,,Y,,0,,39.135917,-86.4963307,LOCAL/CITY ROAD,,,,URBAN,N,N,N,,DAYLIGHT,CLOUDY,DRY,,TRAFFIC CIRCLE/ROUNDABOUT,,ASPHALT,FAILURE TO YIELD RIGHT OF WAY,$5001 TO $10000,RIGHT ANGLE,SARERDROGERSRD,0,
MONROE SD,M22A4134,MONROE,VAN BUREN,BLOOMINGTON,2/21/22,8:26 AM,2,,0,0,0,3939,W INDUSTRIAL BLVD,,,,,W INDUSTRIAL BLVD,,,,,N,,0,,39.14365347,-86.58260783,,,,,RURAL,N,N,N,,DAYLIGHT,CLEAR,DRY,,NO JUNCTION INVOLVED,,ASPHALT,IMPROPER TURNING,$5001 TO $10000,RIGHT TURN,WINDUSTRIALBLVD,0,
BLOOMINGTON PD,B22-15732,MONROE,PERRY,BLOOMINGTON,5/1/22,9:15 AM,1,,0,0,0,,S AZALEA LN,,,,,S AZALEA LN,S AZALEA LN,,,,N,,0,,39.14224043,-86.52437605,LOCAL/CITY ROAD,,,,URBAN,N,N,N,,DAYLIGHT,CLEAR,WET,,NO JUNCTION INVOLVED,,ASPHALT,UNSAFE SPEED,$25001 TO $50000,RAN OFF ROAD,SAZALEALNSAZALEALN,0,
BLOOMINGTON PD,B22-18053,MONROE,BLOOMINGTON,BLOOMINGTON,5/17/22,10:15 AM,2,,0,0,0,,N WALNUT ST,,,,,N WALNUT ST,W KIRKWOOD AVE,,,,Y,,0,,39.16686341,-86.53360552,LOCAL/CITY ROAD,,,,URBAN,N,N,N,,DAYLIGHT,CLEAR,DRY,,NO JUNCTION INVOLVED,,ASPHALT,INSECURE/LEAKY LOAD,$1001 TO $2500,NON-COLLISION,WKIRKWOODAVENWALNUTST,0,
INDIANA UNIV BLOOMINGTON PD,221014,MONROE,BLOOMINGTON,BLOOMINGTON,3/17/22,2:15 PM,2,,0,0,0,,N SUNRISE DR,,,,,N SUNRISE DR,E 7TH ST,,,,Y,,0,,39.16924098,-86.51246256,LOCAL/CITY ROAD,,,,URBAN,N,N,N,,DAYLIGHT,CLEAR,DRY,,NO JUNCTION INVOLVED,,ASPHALT,OTHER (DRIVER) - EXPLAIN IN NARRATIVE,$1001 TO $2500,RIGHT TURN,NSUNRISEDRE7THST,0,
INDIANA UNIV BLOOMINGTON PD,221541,MONROE,BLOOMINGTON,BLOOMINGTON,4/22/22,1:20 PM,2,,0,0,0,,N FEE LN,,,,,N FEE LN,E LAW LN,,,,Y,,0,,39.17397094,-86.51888018,LOCAL/CITY ROAD,,,,URBAN,N,N,N,,DAYLIGHT,CLEAR,DRY,,T-INTERSECTION,,ASPHALT,DISREGARD SIGNAL/REG SIGN,UNDER $1001,RIGHT ANGLE,NFEELNELAWLN,0,
BLOOMINGTON PD,B22-41176,MONROE,PERRY,BLOOMINGTON,10/6/22,11:03 PM,2,,0,0,0,,S BASSWOOD DR,,,,,S BASSWOOD DR,S MULLER PKWY,,,,Y,,0,,39.158777,-86.5700648,PRIVATE DRIVE,,,,URBAN,N,N,N,,DARK (LIGHTED),CLOUDY,DRY,,NO JUNCTION INVOLVED,,ASPHALT,UNSAFE SPEED,$2501 TO $5000,RIGHT ANGLE,SMULLERPKWYSBASSWOODDR,0,
INDIANA UNIV BLOOMINGTON PD,223886,MONROE,BLOOMINGTON,BLOOMINGTON,10/11/22,2:55 PM,2,,1,0,0,,STATE RD 45,,,,,STATE RD 45,,,,,Y,,0,,39.17681774,-86.50515529,LOCAL/CITY ROAD,,,,URBAN,N,N,N,,DAYLIGHT,CLEAR,DRY,,T-INTERSECTION,,ASPHALT,FOLLOWING TOO CLOSELY,$1001 TO $2500,REAR END,STATERD45,0,
BLOOMINGTON PD,B22-37458,MONROE,BLOOMINGTON,BLOOMINGTON,9/16/22,12:58 PM,2,,0,0,0,115,S ST RD 46,,,,,S ST RD 46,,,,,Y,,0,,39.16444611,-86.49787317,PRIVATE DRIVE,,,,URBAN,N,N,N,,DAYLIGHT,CLEAR,DRY,,NO JUNCTION INVOLVED,,ASPHALT,UNSAFE BACKING,$1001 TO $2500,BACKING CRASH,SSTRD46,0,
BLOOMINGTON PD,B22-04053,MONROE,PERRY,BLOOMINGTON,2/6/22,3:00 AM,1,,0,0,0,,S WALNUT ST,,,,,S WALNUT ST,W DODDS ST,,,,Y,,0,,39.15704728,-86.53373874,LOCAL/CITY ROAD,,,,URBAN,N,N,N,,DARK (LIGHTED),CLEAR,SNOW/SLUSH,,NO JUNCTION INVOLVED,,ASPHALT,ROADWAY SURFACE CONDITION,$2501 TO $5000,RAN OFF ROAD,WDODDSSTSWALNUTST,0,
BLOOMINGTON PD,B22-25992,MONROE,PERRY,BLOOMINGTON,7/8/22,1:50 PM,2,,2,0,0,,E WYLIE ST,,,,,E WYLIE ST,S WALNUT ST,,,,Y,,0,,39.15835897,-86.53361886,LOCAL/CITY ROAD,,,,URBAN,N,N,N,,DAYLIGHT,CLEAR,DRY,,FOUR-WAY INTERSECTION,,ASPHALT,OVERCORRECTING/OVERSTEERING,$1001 TO $2500,REAR END,SWALNUTSTEWYLIEST,0,
BLOOMINGTON PD,B22-34639,MONROE,PERRY,BLOOMINGTON,8/31/22,12:55 PM,2,,0,0,0,530,S COLLEGE MALL,,,,,S COLLEGE MALL,,,,,Y,,0,,39.16153594,-86.49858711,,,,,URBAN,N,N,N,,DAYLIGHT,CLEAR,DRY,,NO JUNCTION INVOLVED,,ASPHALT,UNDER STEERING/UNDER CORRECTING,$1001 TO $2500,SAME DIRECTION SIDESWIPE,SCOLLEGEMALL,0,
BLOOMINGTON PD,B22-32522,MONROE,BLOOMINGTON,BLOOMINGTON,8/19/22,5:30 PM,2,,0,0,0,350,S LANDMARK AVE,,,,,S LANDMARK AVE,,,,,Y,,0,,39.16348344,-86.55627938,PRIVATE DRIVE,,,,URBAN,N,N,N,,DAYLIGHT,CLEAR,DRY,,NO JUNCTION INVOLVED,,ASPHALT,IMPROPER TURNING,$1001 TO $2500,REAR END,SLANDMARKAVE,0,
MONROE SD,M22A24943,MONROE,VAN BUREN,BLOOMINGTON,10/11/22,11:10 AM,2,,0,0,0,3585,WEST STATE ROAD 45,,,,,WEST STATE ROAD 45,,,,,N,,0,,39.141477,-86.58021,PRIVATE DRIVE,,,,RURAL,N,N,N,,DAYLIGHT,CLEAR,DRY,,NO JUNCTION INVOLVED,,ASPHALT,IMPROPER TURNING,$1001 TO $2500,RIGHT TURN,WESTSTATEROAD45,0,
BLOOMINGTON PD,B22-20643,MONROE,RICHLAND,BLOOMINGTON,6/3/22,6:13 PM,2,,2,0,0,3890,W 3RD ST,,,,,W 3RD ST,,,,,Y,,0,,39.16670969,-86.5819995,PRIVATE DRIVE,,,,URBAN,N,N,N,,DAYLIGHT,CLEAR,DRY,,T-INTERSECTION,,ASPHALT,DRIVER DISTRACTED - EXPLAIN IN NARRATIVE,$1001 TO $2500,REAR END,W3RDST,0,
BLOOMINGTON PD,B22-04762,MONROE,BLOOMINGTON,BLOOMINGTON,2/11/22,5:39 PM,2,,0,0,0,1825,N KINSER PIKE; KROGER NORTH,,,,,N KINSER PIKE; KROGER NORTH,,,,,Y,,0,,39.18767435,-86.53945458,LOCAL/CITY ROAD,,,,URBAN,N,N,N,,DAYLIGHT,RAIN,WET,,NO JUNCTION INVOLVED,,ASPHALT,UNSAFE BACKING,$1001 TO $2500,REAR TO REAR,NKINSERPIKE;KROGERNORTH,0,
BLOOMINGTON PD,B22-30004,MONROE,PERRY,BLOOMINGTON,8/4/22,11:46 AM,2,,0,0,0,,S RAMSEY DR,,,,,S RAMSEY DR,E NORA HILL DR,,,,Y,,100,,39.1450031,-86.50319032,LOCAL/CITY ROAD,,,,URBAN,N,N,N,,DAYLIGHT,CLOUDY,DRY,,NO JUNCTION INVOLVED,,ASPHALT,UNSAFE BACKING,$2501 TO $5000,BACKING CRASH,SRAMSEYDRENORAHILLDR,0,
BLOOMINGTON PD,B22-35069,MONROE,PERRY,BLOOMINGTON,9/2/22,4:45 PM,2,,0,0,0,,S LIBERTY DR,,,,,S LIBERTY DR,W CONSTITUTION AVE,,,,Y,,0,,39.15107097,-86.57691425,LOCAL/CITY ROAD,,,,URBAN,N,N,N,,DAYLIGHT,CLEAR,DRY,,T-INTERSECTION,,ASPHALT,FOLLOWING TOO CLOSELY,$2501 TO $5000,REAR END,WCONSTITUTIONAVESLIBERTYDR,0,
MONROE SD,M22A25284,MONROE,BLOOMINGTON,BLOOMINGTON,10/14/22,9:59 PM,3,,3,0,0,,STATE RD 46,,,,,STATE RD 46,STATE RD 46,,,,Y,,0,,39.19372875,-86.57127804,STATE ROAD,,,,URBAN,N,N,N,,DARK (NOT LIGHTED),CLEAR,DRY,,FIVE POINT OR MORE,,ASPHALT,DRIVER DISTRACTED - EXPLAIN IN NARRATIVE,$2501 TO $5000,HEAD ON BETWEEN TWO MOTOR VEHICLES,STATERD46STATERD46,0,
INDIANA UNIV BLOOMINGTON PD,221783,MONROE,BLOOMINGTON,BLOOMINGTON,5/6/22,2:34 PM,2,,0,0,0,,E 10TH ST,,,,,E 10TH ST,,,,,Y,,0,,39.17180284,-86.51375002,LOCAL/CITY ROAD,,,,URBAN,N,N,N,,DAYLIGHT,CLOUDY,DRY,,NO JUNCTION INVOLVED,,ASPHALT,OTHER (DRIVER) - EXPLAIN IN NARRATIVE,$1001 TO $2500,BACKING CRASH,E10THST,0,
BLOOMINGTON PD,B22-30811,MONROE,PERRY,BLOOMINGTON,8/9/22,4:27 PM,2,,0,0,0,,W BLOOMFIELD RD,,,,,W BLOOMFIELD RD,S OAKDALE DR,,,,Y,,0,,39.14975879,-86.56884583,LOCAL/CITY ROAD,,,,URBAN,N,N,N,,DAYLIGHT,RAIN,WET,,FOUR-WAY INTERSECTION,,ASPHALT,BRAKE FAILURE OR DEFECTIVE,$2501 TO $5000,REAR END,WBLOOMFIELDRDSOAKDALEDR,0,
BLOOMINGTON PD,B22-38552,MONROE,BLOOMINGTON,BLOOMINGTON,9/23/22,8:00 AM,2,,1,0,0,,W 17TH ST,,,,,W 17TH ST,N WILLIS DR,,,,Y,,0,,39.17907735,-86.54360777,LOCAL/CITY ROAD,,,,URBAN,N,N,N,,DAYLIGHT,CLEAR,DRY,,NO JUNCTION INVOLVED,,ASPHALT,DRIVER DISTRACTED - EXPLAIN IN NARRATIVE,$5001 TO $10000,REAR END,W17THSTNWILLISDR,0,
BLOOMINGTON PD,B22-42636,MONROE,PERRY,BLOOMINGTON,10/15/22,2:07 PM,2,,0,0,0,,W BLOOMFIELD RD,,,99,1,W BLOOMFIELD RD,,,,,Y,,0,,39.14902508,-86.57096906,INTERSTATE,,,,URBAN,N,N,N,,DAYLIGHT,CLEAR,DRY,,FIVE POINT OR MORE,,ASPHALT,FOLLOWING TOO CLOSELY,$2501 TO $5000,REAR END,WBLOOMFIELDRD099119,0,
BLOOMINGTON PD,B2210284,MONROE,PERRY,BLOOMINGTON,3/26/22,3:10 AM,1,,0,0,0,,S. WALNUT ST,,,,,S. WALNUT ST,E BURKS DR,,,,Y,,739,,39.12537404,-86.53137383,LOCAL/CITY ROAD,,,,URBAN,N,N,N,,DARK (NOT LIGHTED),CLEAR,DRY,,NO JUNCTION INVOLVED,,CONCRETE,FAILURE TO MAINTAIN LANE,$5001 TO $10000,RAN OFF ROAD,S.WALNUTSTEBURKSDR,0,
ISP BLOOMINGTON 33,2.022E+11,MONROE,RICHLAND,ELLETTSVILLE,5/27/22,7:15 AM,2,,0,0,0,,SR 46,,,,,SR 46,LAKEVIEW DR,,,,Y,,0,,39.22100501,-86.60542328,STATE ROAD,,,,URBAN,N,N,N,,DAYLIGHT,CLOUDY,WET,,T-INTERSECTION,,ASPHALT,FAILURE TO YIELD RIGHT OF WAY,$5001 TO $10000,RIGHT ANGLE,SR46LAKEVIEWDR,0,
BLOOMINGTON PD,B22-30933,MONROE,PERRY,BLOOMINGTON,8/10/22,11:52 AM,2,,0,0,0,,E COVENANTER DR,,,,,E COVENANTER DR,E AUTO MALL RD,,,,Y,,300,,39.15520089,-86.49527357,LOCAL/CITY ROAD,,,,URBAN,N,N,N,,DAYLIGHT,CLEAR,DRY,,NO JUNCTION INVOLVED,,ASPHALT,FAILURE TO YIELD RIGHT OF WAY,$5001 TO $10000,RIGHT ANGLE,ECOVENANTERDREAUTOMALLRD,0,
BLOOMINGTON PD,B22-27761,MONROE,BLOOMINGTON,BLOOMINGTON,7/20/22,5:39 AM,2,,0,0,0,,W ARLINGTON RD,,,,,W ARLINGTON RD,W 17TH ST,,,,Y,,0,,39.17921135,-86.54731116,LOCAL/CITY ROAD,,,,URBAN,N,N,N,,DARK (LIGHTED),CLEAR,DRY,,NO JUNCTION INVOLVED,,ASPHALT,UNSAFE BACKING,$1001 TO $2500,BACKING CRASH,WARLINGTONRDW17THST,0,
BLOOMINGTON PD,B22-27988,MONROE,PERRY,BLOOMINGTON,7/21/22,2:02 PM,2,,0,0,0,,E BUICK CADILLAC BLVD,,,,,E BUICK CADILLAC BLVD,E AUTO MALL RD,,,,Y,,200,,39.15823358,-86.4969018,LOCAL/CITY ROAD,,,,URBAN,N,N,N,,DAYLIGHT,CLEAR,DRY,,T-INTERSECTION,,ASPHALT,FAILURE TO YIELD RIGHT OF WAY,$2501 TO $5000,LEFT TURN,EBUICKCADILLACBLVDEAUTOMALLRD,0,
ISP BLOOMINGTON 33,2.022E+11,MONROE,VAN BUREN,BLOOMINGTON,2/15/22,5:03 PM,2,,0,0,0,,W 3RD ST,,,,,W 3RD ST,INTERSTATE 69,,,,Y,,0,,39.16447298,-86.57415535,LOCAL/CITY ROAD,,,,URBAN,N,N,N,,DAYLIGHT,CLEAR,DRY,,RAMP,,ASPHALT,FOLLOWING TOO CLOSELY,$5001 TO $10000,REAR END,W3RDSTINTERSTATE69,0,
INDIANA UNIV BLOOMINGTON PD,222692,MONROE,BLOOMINGTON,BLOOMINGTON,8/18/22,4:00 PM,2,,0,0,0,,STATE RD 45,,,,,STATE RD 45,EAST DISCOVERY PARKWAY,,,,Y,,0,,39.17597704,-86.50470438,STATE ROAD,,,,URBAN,N,N,N,,DAYLIGHT,CLEAR,DRY,,FOUR-WAY INTERSECTION,,ASPHALT,FOLLOWING TOO CLOSELY,$5001 TO $10000,REAR END,STATERD45EASTDISCOVERYPARKWAY,0,
BLOOMINGTON PD,B22-33932,MONROE,PERRY,BLOOMINGTON,8/27/22,12:00 AM,2,,0,0,0,,E 1ST ST,,,,,E 1ST ST,S HENDERSON ST,,,,Y,,200,,39.15934152,-86.5280362,LOCAL/CITY ROAD,,,,URBAN,N,N,N,,DARK (LIGHTED),CLEAR,DRY,,NO JUNCTION INVOLVED,,ASPHALT,OTHER (DRIVER) - EXPLAIN IN NARRATIVE,$1001 TO $2500,SAME DIRECTION SIDESWIPE,SHENDERSONSTE1STST,0,
INDIANA UNIV BLOOMINGTON PD,220777,MONROE,BLOOMINGTON,BLOOMINGTON,3/1/22,12:50 PM,1,,1,0,0,,N JORDAN AVE,,,,,N JORDAN AVE,,,,,Y,,0,,39.16684539,-86.5153057,PRIVATE DRIVE,,,,URBAN,N,N,N,,DAYLIGHT,CLEAR,DRY,,T-INTERSECTION,,ASPHALT,PEDESTRIAN ACTION,$1001 TO $2500,COLLISION WITH OBJECT IN ROAD,NJORDANAVE,1,
BLOOMINGTON PD,B22-32341,MONROE,BLOOMINGTON,BLOOMINGTON,8/18/22,8:50 PM,2,,0,0,0,,S WALNUT ST,,,,,S WALNUT ST,W SMITH AVE,,,,Y,,0,,39.16290939,-86.53364844,LOCAL/CITY ROAD,,,,URBAN,N,N,N,,DARK (LIGHTED),CLEAR,DRY,,FOUR-WAY INTERSECTION,,ASPHALT,UNSAFE BACKING,$1001 TO $2500,BACKING CRASH,WSMITHAVESWALNUTST,0,
BLOOMINGTON PD,B22-41728,MONROE,BLOOMINGTON,BLOOMINGTON,10/9/22,11:35 PM,1,,1,0,0,,621 W 17TH ST,,,,,621 W 17TH ST,,,,,Y,,0,,39.1787674,-86.5408283,PRIVATE DRIVE,,,,URBAN,N,N,N,,DARK (LIGHTED),CLEAR,DRY,,NO JUNCTION INVOLVED,,ASPHALT,OTHER (DRIVER) - EXPLAIN IN NARRATIVE,$1001 TO $2500,OTHER - EXPLAIN IN NARRATIVE,621W17THST,1,
BLOOMINGTON PD,B22-16309,MONROE,BLOOMINGTON,BLOOMINGTON,5/5/22,10:50 AM,2,,1,0,0,,N MORTON ST,,,,,N MORTON ST,W 7TH ST,,,,Y,,0,,39.16856792,-86.53612191,LOCAL/CITY ROAD,,,,URBAN,N,N,N,,DAYLIGHT,CLEAR,DRY,,FOUR-WAY INTERSECTION,,ASPHALT,FAILURE TO YIELD RIGHT OF WAY,UNDER $1001,RIGHT ANGLE,W7THSTNMORTONST,0,
BLOOMINGTON PD,B2206481,MONROE,BLOOMINGTON,BLOOMINGTON,2/26/22,7:30 PM,2,,0,0,0,,W 3RD ST,,,100,A,W 3RD ST,,,,,Y,,0,,39.16446219,-86.57234377,LOCAL/CITY ROAD,,,,URBAN,N,N,N,,DARK (LIGHTED),CLEAR,DRY,,RAMP,,ASPHALT,FOLLOWING TOO CLOSELY,$5001 TO $10000,REAR END,W3RDST100A,0,
BLOOMINGTON PD,B22-39781,MONROE,BLOOMINGTON,BLOOMINGTON,9/29/22,2:14 PM,2,,0,0,0,,E 3RD ST,,,,,E 3RD ST,S KINGSTON DR,,,,Y,,211,,39.16418525,-86.49355031,LOCAL/CITY ROAD,,,,URBAN,N,N,N,,DAYLIGHT,CLOUDY,DRY,,NO JUNCTION INVOLVED,,ASPHALT,FAILURE TO YIELD RIGHT OF WAY,$2501 TO $5000,RIGHT ANGLE,SKINGSTONDRE3RDST,0,
BLOOMINGTON PD,B22-5610,MONROE,PERRY,BLOOMINGTON,2/19/22,12:00 AM,2,,0,0,0,,S GRANT ST,,,,,S GRANT ST,,,,,Y,,0,,39.16439459,-86.52981925,LOCAL/CITY ROAD,,,,URBAN,N,N,N,,DAYLIGHT,CLEAR,DRY,,NO JUNCTION INVOLVED,,CONCRETE,UNDER STEERING/UNDER CORRECTING,$1001 TO $2500,SAME DIRECTION SIDESWIPE,SGRANTST,0,
MONROE SD,M22A11445,MONROE,SALT CREEK,BLOOMINGTON,5/18/22,8:51 AM,1,,0,0,0,,STATE RD 446,,,,,STATE RD 446,CHANDLER RD,,,,N,,0,,39.05754714,-86.41037769,,,,,RURAL,N,N,N,,DAYLIGHT,CLOUDY,DRY,,NO JUNCTION INVOLVED,,ASPHALT,UNSAFE SPEED,$10001 TO $25000,RAN OFF ROAD,STATERD446CHANDLERRD,0,
BLOOMINGTON PD,B22-28740,MONROE,PERRY,BLOOMINGTON,7/27/22,12:11 PM,2,,0,0,0,,W DODDS ST,,,,,W DODDS ST,S COLLEGE AVE,,,,Y,,100,,39.15745634,-86.53546615,LOCAL/CITY ROAD,,,,URBAN,N,N,N,,DAYLIGHT,CLOUDY,DRY,,NO JUNCTION INVOLVED,,ASPHALT,UNSAFE BACKING,$2501 TO $5000,BACKING CRASH,WDODDSSTSCOLLEGEAVE,0,
ISP BLOOMINGTON 33,2.022E+11,MONROE,VAN BUREN,BLOOMINGTON,4/21/22,6:44 AM,1,,0,0,0,,I-69,,,,,I-69,,,116,,N,,0,,39.13965445,-86.57342869,INTERSTATE,,,,RURAL,N,N,N,,DAYLIGHT,CLEAR,DRY,,RAMP,,ASPHALT,,$10001 TO $25000,RAN OFF ROAD,I-69116,0,