Agency,Local Code,County,Township,City,Collision Date,Collision Time,Vehicles Involved,Trailers Involved,Number Injured,Number Dead,Number Deer,House Number,Roadway Name,Roadway Suffix,Roadway Number,Roadway Interchange,Roadway Ramp,Roadway Id,Intersecting Road,Intersecting Road Number,Mile Marker,Interchange,Corporate Limits?,Property Type,Feet From,Direction,Latitude,Longitude,Roadway Class,Traffic Control Devices?,Aggressive Driving?,Hit and Run?,Locality,School Zone?,Rumble Strips?,Construction?,Construction Type,Light Condition,Weather Conditions,Surface Condition,Type of Median,Roadway Junction Type,Road Character,Roadway Surface,Primary Factor,Damage Estimate,Manner of Collision,Unique Location Id,State Property Damage?,Traffic Control
BLOOMINGTON PD,B22-06301,MONROE,BLOOMINGTON,BLOOMINGTON,2/25/22,12:19 PM,3,,0,0,0,,E 10TH ST,,,,,E 10TH ST,,,,,Y,,0,,0,0,LOCAL/CITY ROAD,,,,URBAN,N,N,N,,DAYLIGHT,CLEAR,DRY,,NO JUNCTION INVOLVED,,ASPHALT,FOLLOWING TOO CLOSELY,$2501 TO $5000,REAR END,E10THST,0,
BLOOMINGTON PD,B22-10965,MONROE,BLOOMINGTON,BLOOMINGTON,3/31/22,9:57 AM,2,,1,0,0,,W 3RD ST,,,,,W 3RD ST,STATE RD 37,,,,Y,,0,,39.16447467,-86.57216854,LOCAL/CITY ROAD,,,,URBAN,N,N,N,,DAYLIGHT,CLEAR,DRY,,FOUR-WAY INTERSECTION,,ASPHALT,FOLLOWING TOO CLOSELY,UNDER $1001,REAR END,W3RDSTSTATERD37,0,
BLOOMINGTON PD,B22-29534,MONROE,BLOOMINGTON,BLOOMINGTON,8/1/22,2:28 PM,2,,0,0,0,,W. 6TH ST,,,,,W. 6TH ST,N. COLLEGE AVE,,,,Y,,300,,,,LOCAL/CITY ROAD,,,,URBAN,N,N,N,,DAYLIGHT,CLOUDY,DRY,,NO JUNCTION INVOLVED,,ASPHALT,UNSAFE BACKING,$1001 TO $2500,BACKING CRASH,W.6THSTN.COLLEGEAVE,0,
BLOOMINGTON PD,B22-11990,MONROE,PERRY,BLOOMINGTON,4/7/22,11:22 AM,2,,0,0,0,,BLOOMFIELD RD,,,,,BLOOMFIELD RD,S ADAMS ST,,,,Y,,0,,39.16038048,-86.55086464,,,,,URBAN,N,N,N,,DAYLIGHT,CLOUDY,DRY,,FOUR-WAY INTERSECTION,,ASPHALT,DRIVER DISTRACTED - EXPLAIN IN NARRATIVE,$5001 TO $10000,REAR END,SADAMSSTBLOOMFIELDRD,0,
MONROE SD,M22A6014,MONROE,VAN BUREN,BLOOMINGTON,3/16/22,9:06 AM,2,,0,0,0,,W TAPP RD,,,,,W TAPP RD,HICKORY HEIGHTS TRLR PARK,,,,N,,0,,39.13705167,-86.57403519,LOCAL/CITY ROAD,,,,URBAN,N,N,N,,DAYLIGHT,CLEAR,DRY,,TRAFFIC CIRCLE/ROUNDABOUT,,ASPHALT,FAILURE TO YIELD RIGHT OF WAY,$5001 TO $10000,RIGHT ANGLE,WTAPPRDHICKORYHEIGHTSTRLRPARK,0,
MONROE SD,M22A16720,MONROE,PERRY,BLOOMINGTON,7/12/22,5:35 PM,2,,0,0,0,,CATHERINE ST,,,,,CATHERINE ST,ANNE CT,,,,N,,0,,39.10307017,-86.53840489,LOCAL/CITY ROAD,,,,RURAL,N,N,N,,DAYLIGHT,CLEAR,DRY,,T-INTERSECTION,,ASPHALT,FAILURE TO YIELD RIGHT OF WAY,$2501 TO $5000,SAME DIRECTION SIDESWIPE,CATHERINESTANNECT,0,
MONROE SD,M22A15947,MONROE,VAN BUREN,BLOOMINGTON,7/4/22,8:54 PM,1,,1,0,0,8950,W RICE RD,,,,,W RICE RD,,,,,N,,0,,39.14958045,-86.66661566,COUNTY ROAD,,,,RURAL,N,N,N,,DAWN/DUSK,CLEAR,DRY,,NO JUNCTION INVOLVED,,GRAVEL,UNSAFE SPEED,$10001 TO $25000,RAN OFF ROAD,WRICERD,0,
MONROE SD,M22A15801,MONROE,RICHLAND,BLOOMINGTON,7/2/22,4:35 PM,2,,0,0,0,,STATE RD 46,,,,,STATE RD 46,N SISCOE LN,,,,N,,0,,39.26912279,-86.66905528,STATE ROAD,,,,RURAL,N,N,N,,DAYLIGHT,CLEAR,DRY,,NO JUNCTION INVOLVED,,ASPHALT,DRIVER ASLEEP OR FATIGUED,$2501 TO $5000,SAME DIRECTION SIDESWIPE,STATERD46NSISCOELN,0,
BLOOMINGTON PD,B22-03425,MONROE,,BLOOMINGTON,1/31/22,9:42 AM,1,,0,0,0,,104 E PETE ELLIS DR,,,,,104 E PETE ELLIS DR,,,,,Y,,0,,0,0,LOCAL/CITY ROAD,,,,URBAN,N,N,N,,DAYLIGHT,CLEAR,DRY,,NO JUNCTION INVOLVED,,ASPHALT,OTHER (VEHICLE) - EXPLAIN IN NARRATIVE,$5001 TO $10000,RAN OFF ROAD,104EPETEELLISDR,0,
BLOOMINGTON PD,B22-02992,MONROE,PERRY,BLOOMINGTON,1/27/22,3:01 PM,2,,0,0,0,,E NORTH DR,,,,,E NORTH DR,PRIVATE DRIVE,,,,Y,,0,,39.14455412,-86.52932758,LOCAL/CITY ROAD,,,,URBAN,N,N,N,,DAYLIGHT,CLEAR,DRY,,FOUR-WAY INTERSECTION,,ASPHALT,FAILURE TO YIELD RIGHT OF WAY,$2501 TO $5000,RIGHT ANGLE,PRIVATEDRIVEENORTHDR,0,
BLOOMINGTON PD,B22-33974,MONROE,BLOOMINGTON,BLOOMINGTON,8/27/22,1:00 PM,2,,0,0,0,304,E 20TH ST,,,,,E 20TH ST,,,,,Y,,0,,39.18181339,-86.53052903,PRIVATE DRIVE,,,,URBAN,N,N,N,,DAYLIGHT,CLEAR,DRY,,NO JUNCTION INVOLVED,,ASPHALT,IMPROPER TURNING,UNDER $1001,OPPOSITE DIRECTION SIDESWIPE,E20THST,0,
MONROE SD,M22A22892,MONROE,RICHLAND,ELLETTSVILLE,9/17/22,1:15 PM,2,,2,0,0,,N MATHEWS DR,,,,,N MATHEWS DR,N MATHEWS DR,,,,N,,0,,39.24534239,-86.62054229,LOCAL/CITY ROAD,,,,RURAL,N,N,N,,DAYLIGHT,CLEAR,DRY,,FOUR-WAY INTERSECTION,,ASPHALT,FAILURE TO YIELD RIGHT OF WAY,$10001 TO $25000,HEAD ON BETWEEN TWO MOTOR VEHICLES,NMATHEWSDRNMATHEWSDR,0,
BLOOMINGTON PD,B22-14817,MONROE,BLOOMINGTON,BLOOMINGTON,4/25/22,11:05 AM,1,,0,0,0,,S KINGSTON DR,,,,,S KINGSTON DR,E LONGVIEW AVE,,,,Y,,0,,39.16658336,-86.49280734,LOCAL/CITY ROAD,,,,URBAN,N,N,N,,DAYLIGHT,RAIN,WET,,NO JUNCTION INVOLVED,,ASPHALT,ROADWAY SURFACE CONDITION,UNDER $1001,RAN OFF ROAD,SKINGSTONDRELONGVIEWAVE,0,
MONROE SD,M22A12477,MONROE,RICHLAND,BLOOMINGTON,5/29/22,10:15 AM,3,,1,0,0,,W STATE RD 46,,,,,W STATE RD 46,CENTENNIAL DR,,,,N,,0,,39.20991619,-86.58263455,COUNTY ROAD,,,,RURAL,N,N,N,,DAYLIGHT,CLEAR,DRY,,FOUR-WAY INTERSECTION,,ASPHALT,FOLLOWING TOO CLOSELY,$1001 TO $2500,REAR END,WSTATERD46CENTENNIALDR,0,
ISP BLOOMINGTON 33,2.022E+11,MONROE,RICHLAND,ELLETTSVILLE,4/1/22,8:20 AM,2,,0,0,0,,W STATE RD 46,,,,,W STATE RD 46,N SMITH PIKE,,,,Y,,100,,39.21035973,-86.58330014,STATE ROAD,,,,URBAN,N,N,N,,DAYLIGHT,CLEAR,DRY,,NO JUNCTION INVOLVED,,ASPHALT,OTHER (DRIVER) - EXPLAIN IN NARRATIVE,$5001 TO $10000,REAR END,WSTATERD46NSMITHPIKE,0,
BLOOMINGTON PD,B22-22631,MONROE,PERRY,BLOOMINGTON,6/16/22,7:16 PM,2,,0,0,0,560,S PARK RIDGE RD; APT 4103A,,,,,S PARK RIDGE RD; APT 4103A,,,,,Y,,0,,39.16177773,-86.47812991,PRIVATE DRIVE,,,,URBAN,N,N,N,,DAYLIGHT,CLEAR,DRY,,NO JUNCTION INVOLVED,,ASPHALT,UNSAFE BACKING,$1001 TO $2500,REAR TO REAR,SPARKRIDGERD;APT4103A,0,
ELLETTSVILLE PD,E220056,MONROE,RICHLAND,ELLETTSVILLE,2/9/22,10:55 AM,2,0,0,0,0,,,,SR46W,,,SR46W,UNION VALLEY,,,,Y,,,,39.215152,-86.5928,STATE ROAD,Y,N,N,URBAN,N,N,N,,DAYLIGHT,CLEAR,DRY,,NO JUNCTION INVOLVED,STRAIGHT/LEVEL,ASPHALT,VIEW OBSTRUCTED,$2501 TO $5000,REAR END,SR46WUNIONVALLEYDR,0,TRAFFIC CONTROL SIGNAL
ELLETTSVILLE PD,E2203876,MONROE,RICHLAND,ELLETTSVILLE,9/27/22,1:30 PM,2,,0,0,0,,W TEMPERANCE ST,,,,,W TEMPERANCE ST,N MATHEWS DR,,,,Y,,0,,39.23483609,-86.62634236,STATE ROAD,,,,URBAN,N,N,N,,DAYLIGHT,CLEAR,DRY,,T-INTERSECTION,,ASPHALT,IMPROPER TURNING,$2501 TO $5000,LEFT TURN,WTEMPERANCESTNMATHEWSDR,0,
MONROE SD,M22A2807,MONROE,BEAN BLOSSOM,ELLETTSVILLE,2/5/22,6:55 AM,1,,1,0,0,,STATE RD 46,,,,,STATE RD 46,,,,,N,,0,,39.28013467,-86.67943318,STATE ROAD,,,,RURAL,N,Y,N,,DARK (NOT LIGHTED),CLOUDY,SNOW/SLUSH,,T-INTERSECTION,,ASPHALT,FAILURE TO MAINTAIN LANE,$1001 TO $2500,RAN OFF ROAD,STATERD46,0,
BLOOMINGTON PD,B22-27829,MONROE,PERRY,BLOOMINGTON,7/20/22,3:15 PM,1,,1,0,0,,W BLOOMFIELD RD,,,,,W BLOOMFIELD RD,S PATTERSON DR,,,,Y,,0,,39.16079128,-86.54847248,LOCAL/CITY ROAD,,,,URBAN,N,N,N,,DAYLIGHT,CLEAR,DRY,,FOUR-WAY INTERSECTION,,ASPHALT,FAILURE TO YIELD RIGHT OF WAY,UNDER $1001,RIGHT ANGLE,WBLOOMFIELDRDSPATTERSONDR,1,
ELLETTSVILLE PD,E22-02195,MONROE,RICHLAND,ELLETTSVILLE,6/14/22,7:29 PM,2,,4,0,0,,N RIDGEWOOD DR,,,,,N RIDGEWOOD DR,W STATE ROAD 46,,,,Y,,0,,39.2173365,-86.59899765,STATE ROAD,,,,URBAN,N,N,N,,DAYLIGHT,CLEAR,DRY,,T-INTERSECTION,,ASPHALT,FAILURE TO YIELD RIGHT OF WAY,$5001 TO $10000,LEFT/RIGHT TURN,WSTATEROAD46NRIDGEWOODDR,0,
MONROE SD,M22A14225,MONROE,BENTON,BLOOMINGTON,6/16/22,3:08 PM,2,,0,0,0,,STATE RD 46,,,,,STATE RD 46,E KINGS RD,,,,N,,0,,39.16657593,-86.45515533,STATE ROAD,,,,RURAL,N,N,N,,DAYLIGHT,CLEAR,DRY,,Y-INTERSECTION,,ASPHALT,FOLLOWING TOO CLOSELY,$10001 TO $25000,REAR END,STATERD46EKINGSRD,0,
BLOOMINGTON PD,B22-08610,MONROE,BLOOMINGTON,BLOOMINGTON,3/15/22,8:15 AM,1,,0,0,0,,W. 12 ST,,,,,W. 12 ST,N SUMMIT ST,,,,Y,,0,,0,0,LOCAL/CITY ROAD,,,,URBAN,N,N,Y,WORK ON SHOULDER,DAYLIGHT,CLEAR,DRY,,T-INTERSECTION,,ASPHALT,OVERCORRECTING/OVERSTEERING,$1001 TO $2500,COLLISION WITH OBJECT IN ROAD,W.12STNSUMMITST,0,
MONROE SD,M22A11643,MONROE,PERRY,,5/20/22,11:24 AM,2,,0,0,0,4025,S OLD STATE ROAD 37,,,,,S OLD STATE ROAD 37,,,,,N,,0,,39.11942842,-86.53081254,,,,,RURAL,N,N,N,,DAYLIGHT,CLEAR,DRY,,NO JUNCTION INVOLVED,,ASPHALT,UNSAFE BACKING,$1001 TO $2500,BACKING CRASH,SOLDSTATEROAD37,0,
ISP BLOOMINGTON 33,2.022E+11,MONROE,BLOOMINGTON,,6/11/22,9:50 AM,1,,0,0,0,,I-69,,,,,I-69,,,124.5,,N,,581,,39.243916,-86.53467598,INTERSTATE,,,,RURAL,N,N,N,,DAYLIGHT,CLEAR,DRY,,NO JUNCTION INVOLVED,,ASPHALT,DRIVER ASLEEP OR FATIGUED,$1001 TO $2500,SAME DIRECTION SIDESWIPE,I-69124.5,0,
BLOOMINGTON PD,B22-07007,MONROE,BLOOMINGTON,BLOOMINGTON,3/2/22,7:37 AM,2,,0,0,0,,W 3RD ST,,,,,W 3RD ST,S PATTERSON DR,,,,Y,,0,,39.1643693,-86.55227727,LOCAL/CITY ROAD,,,,URBAN,N,N,N,,DARK (LIGHTED),CLEAR,DRY,,FOUR-WAY INTERSECTION,,ASPHALT,FAILURE TO YIELD RIGHT OF WAY,$5001 TO $10000,SAME DIRECTION SIDESWIPE,W3RDSTSPATTERSONDR,0,
MONROE SD,M22A14993,MONROE,VAN BUREN,BLOOMINGTON,6/24/22,3:24 PM,2,,0,0,0,,W TAPP RD,,,,,W TAPP RD,,,,,N,,0,,39.13682116,-86.57498698,LOCAL/CITY ROAD,,,,RURAL,N,N,N,,DAYLIGHT,CLEAR,DRY,,INTERCHANGE,,ASPHALT,UNSAFE LANE MOVEMENT,$5001 TO $10000,OPPOSITE DIRECTION SIDESWIPE,WTAPPRD,0,
MONROE SD,M22A14863,MONROE,RICHLAND,BLOOMINGTON,6/23/22,2:11 PM,2,,0,0,0,,N HARTSTRAIT RD,,,,,N HARTSTRAIT RD,W RATLIFF RD,,,,N,,0,,39.20909318,-86.61138243,COUNTY ROAD,,,,RURAL,N,N,N,,DAYLIGHT,CLEAR,DRY,,T-INTERSECTION,,ASPHALT,IMPROPER TURNING,$5001 TO $10000,LEFT TURN,WRATLIFFRDNHARTSTRAITRD,0,
MONROE SD,M22A9439,MONROE,WASHINGTON,BLOOMINGTON,4/25/22,11:10 PM,1,,0,0,0,,I69 SOUTH BOUND,,,,,I69 SOUTH BOUND,,,125,,N,,500,,0,0,STATE ROAD,,,,URBAN,N,Y,N,,DARK (LIGHTED),CLEAR,DRY,,NO JUNCTION INVOLVED,,ASPHALT,DRIVER ASLEEP OR FATIGUED,$5001 TO $10000,SAME DIRECTION SIDESWIPE,I69SOUTHBOUND125,0,
BLOOMINGTON PD,B22-23549,MONROE,BLOOMINGTON,,6/23/22,11:09 AM,2,,0,0,0,,W BLOOMFIELD RD,,,,,W BLOOMFIELD RD,S PATTERSON DR,,,,Y,,0,,,,LOCAL/CITY ROAD,,,,URBAN,N,N,N,,DAYLIGHT,CLEAR,DRY,,FOUR-WAY INTERSECTION,,ASPHALT,IMPROPER TURNING,$5001 TO $10000,SAME DIRECTION SIDESWIPE,WBLOOMFIELDRDSPATTERSONDR,0,
INDIANA UNIV BLOOMINGTON PD,223388,MONROE,BLOOMINGTON,BLOOMINGTON,9/18/22,4:25 PM,2,,0,0,0,,E 3RD ST,,,,,E 3RD ST,S FESS AVE,,,,Y,,0,,39.16427086,-86.52539081,LOCAL/CITY ROAD,,,,URBAN,N,N,N,,DAYLIGHT,CLEAR,DRY,,NO JUNCTION INVOLVED,,ASPHALT,UNSAFE LANE MOVEMENT,$2501 TO $5000,SAME DIRECTION SIDESWIPE,SFESSAVEE3RDST,0,
INDIANA UNIV BLOOMINGTON PD,220881,MONROE,BLOOMINGTON,BLOOMINGTON,3/7/22,3:25 PM,2,,0,0,0,,STATE RD 46,,,,,STATE RD 46,EASTGATE LN,,,,Y,,0,,39.17003533,-86.50136895,STATE ROAD,,,,URBAN,N,N,N,,DAYLIGHT,CLOUDY,DRY,,NO JUNCTION INVOLVED,,ASPHALT,FOLLOWING TOO CLOSELY,UNDER $1001,REAR END,STATERD46EASTGATELN,0,
MONROE SD,M22A15862,MONROE,RICHLAND,BLOOMINGTON,7/3/22,4:04 AM,2,,0,0,0,,STATE RD 46,,,,,STATE RD 46,CENTENNIAL DR,,,,N,,0,,39.20991032,-86.58264993,,,,,RURAL,N,N,N,,DAYLIGHT,CLEAR,DRY,,FOUR-WAY INTERSECTION,,ASPHALT,FOLLOWING TOO CLOSELY,$2501 TO $5000,REAR END,STATERD46CENTENNIALDR,0,
BLOOMINGTON PD,B22-24291,MONROE,BLOOMINGTON,BLOOMINGTON,6/28/22,9:05 AM,1,,1,0,0,,W. 17TH ST,,,,,W. 17TH ST,N. WALNUT ST,,,,Y,,0,,39.178982,-86.533502,LOCAL/CITY ROAD,,,,URBAN,N,N,Y,LANE CLOSURE,DAYLIGHT,CLEAR,DRY,,FOUR-WAY INTERSECTION,,ASPHALT,BRAKE FAILURE OR DEFECTIVE,$10001 TO $25000,COLLISION WITH OBJECT IN ROAD,W.17THSTN.WALNUTST,0,
MONROE SD,M22A22306,MONROE,BLOOMINGTON,BLOOMINGTON,9/10/22,12:45 PM,2,,1,0,0,,N WALNUT ST,,,,,N WALNUT ST,STATE ROAD 45/46 BYPASS,,,,Y,,0,,39.1862698,-86.53430647,LOCAL/CITY ROAD,,,,URBAN,N,N,N,,DAYLIGHT,CLOUDY,DRY,,FOUR-WAY INTERSECTION,,ASPHALT,FAILURE TO YIELD RIGHT OF WAY,$50001 TO $100000,RIGHT ANGLE,STATEROAD45/46BYPASSNWALNUTST,0,
MONROE SD,M22A23649,MONROE,RICHLAND,BLOOMINGTON,9/26/22,7:29 AM,1,,0,0,1,,N LOUDEN RD,,,,,N LOUDEN RD,W HOWARD RD,,,,N,,0,,39.19043669,-86.63956324,LOCAL/CITY ROAD,,,,RURAL,N,N,N,,DAWN/DUSK,CLEAR,DRY,,NO JUNCTION INVOLVED,,ASPHALT,ANIMAL/OBJECT IN ROADWAY,$1001 TO $2500,COLLISION WITH DEER,WHOWARDRDNLOUDENRD,0,
BLOOMINGTON PD,B22-07742,MONROE,PERRY,BLOOMINGTON,3/8/22,4:10 PM,4,,0,0,0,,W COUNTRY CLUB DR,,,,,W COUNTRY CLUB DR,S MILTON DR,,,,N,,1003,,39.13619182,-86.54158678,LOCAL/CITY ROAD,,,,URBAN,N,N,N,,DAYLIGHT,CLOUDY,DRY,,NO JUNCTION INVOLVED,,ASPHALT,FAILURE TO MAINTAIN LANE,$10001 TO $25000,SAME DIRECTION SIDESWIPE,WCOUNTRYCLUBDRSMILTONDR,0,
MONROE SD,M22A20320,MONROE,PERRY,BLOOMINGTON,8/19/22,5:39 PM,1,,1,0,0,5006,S ROGERS ST,,,,,S ROGERS ST,,,,,N,,0,,39.11133948,-86.54034256,PRIVATE DRIVE,,,,RURAL,N,N,N,,DAYLIGHT,CLEAR,DRY,,NO JUNCTION INVOLVED,,ASPHALT,PEDESTRIAN ACTION,UNDER $1001,OPPOSITE DIRECTION SIDESWIPE,SROGERSST,1,
BLOOMINGTON PD,B22-36899,MONROE,BLOOMINGTON,BLOOMINGTON,9/13/22,10:56 AM,2,,0,0,0,,E 3RD ST,,,,,E 3RD ST,S OVERHILL DR,,,,Y,,50,,39.16429701,-86.50136142,LOCAL/CITY ROAD,,,,URBAN,N,N,N,,DAYLIGHT,CLOUDY,DRY,,NO JUNCTION INVOLVED,,ASPHALT,FOLLOWING TOO CLOSELY,$1001 TO $2500,REAR END,SOVERHILLDRE3RDST,0,
BLOOMINGTON PD,B22-24355,MONROE,BLOOMINGTON,BLOOMINGTON,6/28/22,3:30 PM,2,,0,0,0,,E 3RD ST,,,,,E 3RD ST,S WOODSCREST DR,,,,Y,,0,,39.16426789,-86.5024372,LOCAL/CITY ROAD,,,,URBAN,N,N,N,,DAYLIGHT,CLEAR,DRY,,FOUR-WAY INTERSECTION,,ASPHALT,FAILURE TO YIELD RIGHT OF WAY,$5001 TO $10000,HEAD ON BETWEEN TWO MOTOR VEHICLES,SWOODSCRESTDRE3RDST,0,
ELLETTSVILLE PD,E2201955,MONROE,RICHLAND,ELLETTSVILLE,5/26/22,3:42 PM,3,,0,0,0,,STATE ROAD 46,,,,,STATE ROAD 46,SALE ST,,,,Y,,150,,0,0,STATE ROAD,,,,URBAN,N,N,N,,DAYLIGHT,CLOUDY,WET,,NO JUNCTION INVOLVED,,ASPHALT,FOLLOWING TOO CLOSELY,$10001 TO $25000,REAR END,STATEROAD46SALEST,0,
BLOOMINGTON PD,B22-32194,MONROE,BLOOMINGTON,BLOOMINGTON,8/18/22,7:56 AM,2,,0,0,0,,W 17TH ST,,,,,W 17TH ST,N KINSER PIKE,,,,Y,,300,,39.17906121,-86.53837235,LOCAL/CITY ROAD,,,,URBAN,N,N,N,,DAYLIGHT,CLEAR,DRY,,NO JUNCTION INVOLVED,,ASPHALT,FAILURE TO YIELD RIGHT OF WAY,$10001 TO $25000,RIGHT ANGLE,W17THSTNKINSERPIKE,0,
BLOOMINGTON PD,B22-33968,MONROE,BLOOMINGTON,BLOOMINGTON,8/27/22,4:29 PM,2,,4,0,0,,W 3RD ST,,,,,W 3RD ST,S MULLER PKWY,,,,Y,,0,,39.16444555,-86.56270034,LOCAL/CITY ROAD,,,,URBAN,N,N,N,,DAYLIGHT,CLEAR,DRY,,T-INTERSECTION,,ASPHALT,FOLLOWING TOO CLOSELY,UNDER $1001,REAR END,W3RDSTSMULLERPKWY,0,
BLOOMINGTON PD,B22-38626,MONROE,BLOOMINGTON,BLOOMINGTON,9/23/22,3:32 PM,2,,0,0,0,,N PINE ST,,,,,N PINE ST,W 6TH ST,,,,Y,,0,,39.16747383,-86.54843907,LOCAL/CITY ROAD,,,,URBAN,N,N,N,,DAYLIGHT,CLEAR,DRY,,FOUR-WAY INTERSECTION,,ASPHALT,OTHER (DRIVER) - EXPLAIN IN NARRATIVE,$1001 TO $2500,SAME DIRECTION SIDESWIPE,W6THSTNPINEST,0,
MONROE SD,M22A20022,MONROE,PERRY,BLOOMINGTON,8/16/22,9:55 AM,1,,0,0,0,,S FAIRFAX RD,,,,,S FAIRFAX RD,MARIE LN,,,,N,,0,,39.10624411,-86.52279647,LOCAL/CITY ROAD,,,,RURAL,N,N,N,,DAYLIGHT,CLEAR,DRY,,NO JUNCTION INVOLVED,,ASPHALT,UNSAFE SPEED,$25001 TO $50000,RAN OFF ROAD,SFAIRFAXRDMARIELN,0,
INDIANA UNIV BLOOMINGTON PD,220680,MONROE,BLOOMINGTON,BLOOMINGTON,2/21/22,6:14 PM,2,,0,0,0,,N FEE LN,,,,,N FEE LN,E 17TH ST,,,,Y,,145,,39.17959599,-86.51902325,LOCAL/CITY ROAD,,,,URBAN,N,N,N,,DAYLIGHT,CLEAR,DRY,,NO JUNCTION INVOLVED,,ASPHALT,FOLLOWING TOO CLOSELY,$2501 TO $5000,REAR END,NFEELNE17THST,0,
BLOOMINGTON PD,B22-32355,MONROE,BLOOMINGTON,BLOOMINGTON,8/18/22,9:30 PM,2,,0,0,0,,N WALNUT ST,,,,,N WALNUT ST,E 17TH ST,,,,Y,,0,,39.17895976,-86.53349108,LOCAL/CITY ROAD,,,,URBAN,N,N,N,,DARK (NOT LIGHTED),CLEAR,DRY,,FOUR-WAY INTERSECTION,,ASPHALT,FOLLOWING TOO CLOSELY,$1001 TO $2500,REAR END,NWALNUTSTE17THST,0,
ISP BLOOMINGTON 33,2022-00053736,MONROE,BLOOMINGTON,BLOOMINGTON,2/3/22,2:17 PM,1,,0,0,0,,I-69,,,100,A,I-69,,,,,Y,,0,,39.16126949,-86.57297749,STATE ROAD,,,,URBAN,N,N,N,,DAYLIGHT,SNOW,SNOW/SLUSH,,NO JUNCTION INVOLVED,,ASPHALT,SPEED TOO FAST FOR WEATHER CONDITIONS,$2501 TO $5000,SAME DIRECTION SIDESWIPE,I-69100A,0,
MONROE SD,M22A1862,MONROE,PERRY,BLOOMINGTON,1/25/22,4:09 AM,2,,0,0,0,,S ROGERS ST,,,,,S ROGERS ST,S OLD STATE ROAD 37,,,,N,,0,,39.09937346,-86.53802402,LOCAL/CITY ROAD,,,,RURAL,N,N,N,,DAYLIGHT,CLEAR,DRY,,T-INTERSECTION,,ASPHALT,FOLLOWING TOO CLOSELY,$5001 TO $10000,REAR END,SROGERSSTSOLDSTATEROAD37,0,
BLOOMINGTON PD,B22-10752,MONROE,PERRY,BLOOMINGTON,3/29/22,8:26 PM,1,,0,0,1,,S ROCKPORT RD,,,,,S ROCKPORT RD,W TAPP RD,,,,Y,,0,,39.13600521,-86.54907912,LOCAL/CITY ROAD,,,,URBAN,N,N,N,,DARK (NOT LIGHTED),CLEAR,DRY,,FOUR-WAY INTERSECTION,,ASPHALT,ANIMAL/OBJECT IN ROADWAY,$2501 TO $5000,OTHER - EXPLAIN IN NARRATIVE,WTAPPRDSROCKPORTRD,0,
BLOOMINGTON PD,B22-21038,MONROE,PERRY,BLOOMINGTON,6/6/22,1:49 PM,2,,0,0,0,,S. COLLEGE AVE,,,,,S. COLLEGE AVE,W.2ND ST,,,,Y,,0,,39.161366,-86.534943,LOCAL/CITY ROAD,,,,URBAN,N,N,N,,DAYLIGHT,CLOUDY,DRY,,FOUR-WAY INTERSECTION,,ASPHALT,FOLLOWING TOO CLOSELY,$2501 TO $5000,REAR END,W.2NDSTS.COLLEGEAVE,0,
BLOOMINGTON PD,B22-26549,MONROE,PERRY,BLOOMINGTON,7/12/22,11:22 AM,2,,0,0,0,3205,STATE RD 45 W,,,,,STATE RD 45 W,,,,,Y,,0,,39.14530809,-86.57487263,PRIVATE DRIVE,,,,URBAN,N,N,N,,DAYLIGHT,CLEAR,DRY,,NO JUNCTION INVOLVED,,ASPHALT,UNSAFE BACKING,$2501 TO $5000,BACKING CRASH,STATERD45W,0,
BLOOMINGTON PD,B22-14773,MONROE,PERRY,BLOOMINGTON,4/25/22,4:17 AM,1,,1,0,0,2203,E MOORES PIKE,,,,,E MOORES PIKE,,,,,Y,,0,,39.15044835,-86.50715179,LOCAL/CITY ROAD,,,,RURAL,N,N,N,,DARK (NOT LIGHTED),RAIN,WET,,NO JUNCTION INVOLVED,,ASPHALT,OVERCORRECTING/OVERSTEERING,$10001 TO $25000,RAN OFF ROAD,EMOORESPIKE,0,
BLOOMINGTON PD,B22-20069,MONROE,BLOOMINGTON,BLOOMINGTON,5/31/22,12:40 PM,2,,1,0,0,,W SR 45/46 BYPASS,,,,,W SR 45/46 BYPASS,N. KINSER PK,,,,Y,,0,,39.186574,-86.537722,STATE ROAD,,,,URBAN,N,N,N,,DAYLIGHT,CLEAR,DRY,,FOUR-WAY INTERSECTION,,ASPHALT,OTHER (DRIVER) - EXPLAIN IN NARRATIVE,$1001 TO $2500,REAR END,WSR45/46BYPASSN.KINSERPK,0,
BLOOMINGTON PD,B22-27643,MONROE,BLOOMINGTON,BLOOMINGTON,7/19/22,1:24 PM,1,,1,0,0,,S GRANT ST,,,,,S GRANT ST,E KIRKWOOD AVE,,,,Y,,0,,39.16648195,-86.52986416,LOCAL/CITY ROAD,,,,URBAN,N,N,N,,DAYLIGHT,CLEAR,DRY,,FOUR-WAY INTERSECTION,,ASPHALT,OVERCORRECTING/OVERSTEERING,UNDER $1001,OTHER - EXPLAIN IN NARRATIVE,SGRANTSTEKIRKWOODAVE,0,