Agency,Local Code,County,Township,City,Collision Date,Collision Time,Vehicles Involved,Trailers Involved,Number Injured,Number Dead,Number Deer,House Number,Roadway Name,Roadway Suffix,Roadway Number,Roadway Interchange,Roadway Ramp,Roadway Id,Intersecting Road,Intersecting Road Number,Mile Marker,Interchange,Corporate Limits?,Property Type,Feet From,Direction,Latitude,Longitude,Roadway Class,Traffic Control Devices?,Aggressive Driving?,Hit and Run?,Locality,School Zone?,Rumble Strips?,Construction?,Construction Type,Light Condition,Weather Conditions,Surface Condition,Type of Median,Roadway Junction Type,Road Character,Roadway Surface,Primary Factor,Damage Estimate,Manner of Collision,Unique Location Id,State Property Damage?,Traffic Control
BLOOMINGTON PD,B22-28264,MONROE,PERRY,BLOOMINGTON,7/23/22,11:52 AM,2,,0,0,0,,E WINSLOW RD,,,,,E WINSLOW RD,S OLD STATE ROAD 37,,,,Y,,0,,39.13596386,-86.53108559,LOCAL/CITY ROAD,,,,URBAN,N,N,N,,DAYLIGHT,CLOUDY,DRY,,FOUR-WAY INTERSECTION,,ASPHALT,FAILURE TO YIELD RIGHT OF WAY,$5001 TO $10000,LEFT TURN,SOLDSTATEROAD37EWINSLOWRD,0,
ELLETTSVILLE PD,E2200580,MONROE,RICHLAND,ELLETTSVILLE,2/15/22,6:53 AM,2,0,0,0,0,,,,SR46W,,,SR46W,POPLAR,,,,Y,,100,W,39.23750196,-86.62943021,STATE ROAD,,N,N,URBAN,Y,N,N,,DAWN/DUSK,CLEAR,DRY,,NO JUNCTION INVOLVED,CURVE/GRADE,ASPHALT,FOLLOWING TOO CLOSELY,$2501 TO $5000,REAR END,POPLARDRSR46W,0,STOP SIGN
MONROE SD,M22A5443,MONROE,SALT CREEK,,3/8/22,6:06 PM,1,,0,0,1,,STATE RD 446,,,,,STATE RD 446,RUSH RIDGE RD,,,,N,,100,,39.08454164,-86.42037894,STATE ROAD,,,,RURAL,N,N,N,,DAYLIGHT,CLEAR,DRY,,T-INTERSECTION,,ASPHALT,ANIMAL/OBJECT IN ROADWAY,$2501 TO $5000,COLLISION WITH DEER,STATERD446RUSHRIDGERD,0,
BLOOMINGTON PD,B22-28763,MONROE,BLOOMINGTON,BLOOMINGTON,7/27/22,2:54 PM,2,,0,0,0,101,N. CURRY PIKE,,,,,N. CURRY PIKE,,,,,Y,,0,,39.16649256,-86.58273376,PRIVATE DRIVE,,,,URBAN,N,N,N,,DAYLIGHT,CLEAR,DRY,,NO JUNCTION INVOLVED,,ASPHALT,UNSAFE BACKING,$2501 TO $5000,BACKING CRASH,N.CURRYPIKE,0,
MONROE SD,M22A19954,MONROE,PERRY,BLOOMINGTON,8/15/22,4:10 PM,2,,0,0,0,,E MAXWELL LN,,,,,E MAXWELL LN,S HIGH ST,,,,N,,0,,39.15776651,-86.50850348,LOCAL/CITY ROAD,,,,URBAN,N,N,N,,DAYLIGHT,BLOWING SAND/SOIL/SNOW,DRY,,FOUR-WAY INTERSECTION,,ASPHALT,FAILURE TO YIELD RIGHT OF WAY,$2501 TO $5000,REAR END,SHIGHSTEMAXWELLLN,0,
BLOOMINGTON PD,B22-28124,MONROE,PERRY,BLOOMINGTON,7/22/22,12:01 AM,1,,0,0,0,,E 2ND ST,,,,,E 2ND ST,S WOODLAWN AVE,,,,Y,,264,,39.16110997,-86.52319108,LOCAL/CITY ROAD,,,,URBAN,N,N,N,,DARK (NOT LIGHTED),CLEAR,DRY,,NO JUNCTION INVOLVED,,ASPHALT,IMPROPER LANE USAGE,$1001 TO $2500,SAME DIRECTION SIDESWIPE,SWOODLAWNAVEE2NDST,0,
BLOOMINGTON PD,B22-02235,MONROE,PERRY,BLOOMINGTON,1/21/22,3:00 AM,1,,1,0,0,,W 3RD ST,,,,,W 3RD ST,MULLER PARKWAY,,,,Y,,0,,39.16442059,-86.56270928,LOCAL/CITY ROAD,,,,URBAN,N,N,N,,DARK (LIGHTED),CLOUDY,DRY,,T-INTERSECTION,,ASPHALT,OTHER (DRIVER) - EXPLAIN IN NARRATIVE,$25001 TO $50000,LEFT TURN,W3RDSTMULLERPARKWAY,0,
MONROE SD,M22A7685,MONROE,,BLOOMINGTON,4/5/22,7:30 AM,2,,0,0,0,3367,N THOMAS RD,,,,,N THOMAS RD,,,,,N,,0,,,,LOCAL/CITY ROAD,,,,RURAL,N,N,N,,DAYLIGHT,CLOUDY,DRY,,NO JUNCTION INVOLVED,,GRAVEL,UNSAFE BACKING,$1001 TO $2500,BACKING CRASH,NTHOMASRD,0,
BLOOMINGTON PD,B22-17200,MONROE,BLOOMINGTON,BLOOMINGTON,5/11/22,12:10 PM,2,,0,0,0,,1175 S COLLEGE MALL ROAD,,,,,1175 S COLLEGE MALL ROAD,,,,,Y,,0,,39.15513658,-86.49681992,,,,,URBAN,N,N,N,,DAYLIGHT,CLEAR,DRY,,NO JUNCTION INVOLVED,,ASPHALT,FAILURE TO YIELD RIGHT OF WAY,$5001 TO $10000,RIGHT ANGLE,1175SCOLLEGEMALLROAD,0,
BLOOMINGTON PD,B22-02399,MONROE,VAN BUREN,BLOOMINGTON,1/22/22,5:10 AM,2,,1,0,0,,W STATE RD 45,,,,,W STATE RD 45,INDUSTRIAL BLVD,,,,Y,,0,,39.14361027,-86.58034748,LOCAL/CITY ROAD,,,,URBAN,N,N,N,,DAYLIGHT,CLEAR,DRY,,FOUR-WAY INTERSECTION,,CONCRETE,FAILURE TO YIELD RIGHT OF WAY,$10001 TO $25000,LEFT TURN,WSTATERD45INDUSTRIALBLVD,0,
MONROE SD,M22A11269,MONROE,RICHLAND,BLOOMINGTON,5/16/22,11:24 AM,2,,1,0,0,,N HARTSTRAIT RD,,,,,N HARTSTRAIT RD,,,,,N,,0,,39.17103151,-86.61106599,LOCAL/CITY ROAD,,,,RURAL,N,N,N,,DAYLIGHT,CLEAR,DRY,,NO JUNCTION INVOLVED,,ASPHALT,IMPROPER LANE USAGE,$10001 TO $25000,SAME DIRECTION SIDESWIPE,NHARTSTRAITRD,0,
ELLETTSVILLE PD,E2200359,MONROE,RICHLAND,ELLETTSVILLE,1/28/22,1:07 PM,2,0,0,0,0,,WALNUT,ST,,,,WALNUT,ASSOCIATION,,,,Y,,,,39.234688,-86.62792,LOCAL/CITY ROAD,,N,N,URBAN,N,N,N,,DAYLIGHT,SNOW,SNOW/SLUSH,,T-INTERSECTION,STRAIGHT/GRADE,ASPHALT,ROADWAY SURFACE CONDITION,$1001 TO $2500,REAR END,ASSOCIATIONSTWALNUTST,0,STOP SIGN
MONROE SD,M22A13060,MONROE,VAN BUREN,BLOOMINGTON,6/4/22,10:00 AM,2,,0,0,0,3585,W ST RD 45,,,,,W ST RD 45,,,,,N,,0,,39.14252481,-86.57880112,PRIVATE DRIVE,,,,RURAL,N,N,N,,DAYLIGHT,CLEAR,DRY,,NO JUNCTION INVOLVED,,ASPHALT,IMPROPER TURNING,$2501 TO $5000,SAME DIRECTION SIDESWIPE,WSTRD45,0,
BLOOMINGTON PD,B22-29658,MONROE,BLOOMINGTON,BLOOMINGTON,8/2/22,11:39 AM,3,,0,0,0,,W 10TH ST,,,,,W 10TH ST,N COLLEGE AVE,,,,Y,,0,,39.1716899,-86.53486185,LOCAL/CITY ROAD,,,,URBAN,N,N,N,,DAYLIGHT,CLOUDY,DRY,,FIVE POINT OR MORE,,ASPHALT,UNSAFE LANE MOVEMENT,$5001 TO $10000,SAME DIRECTION SIDESWIPE,W10THSTNCOLLEGEAVE,0,
INDIANA UNIV BLOOMINGTON PD,221329,MONROE,BLOOMINGTON,BLOOMINGTON,4/9/22,12:00 AM,1,,1,0,0,,STATE RD 45,,,,,STATE RD 45,,,,,N,,0,,39.18449497,-86.51413648,STATE ROAD,,,,URBAN,N,N,N,,DARK (NOT LIGHTED),RAIN,WET,,NO JUNCTION INVOLVED,,ASPHALT,SPEED TOO FAST FOR WEATHER CONDITIONS,$5001 TO $10000,RAN OFF ROAD,STATERD45,0,
INDIANA UNIV BLOOMINGTON PD,221473,MONROE,BLOOMINGTON,BLOOMINGTON,4/19/22,12:30 AM,2,,1,0,0,,N EAGLESON AVE,,,,,N EAGLESON AVE,E LINGELBACH LN,,,,Y,,370,,39.17780581,-86.5123821,LOCAL/CITY ROAD,,,,URBAN,N,N,N,,DARK (LIGHTED),CLOUDY,DRY,,NO JUNCTION INVOLVED,,ASPHALT,IMPROPER TURNING,$25001 TO $50000,LEFT TURN,NEAGLESONAVEELINGELBACHLN,0,
BLOOMINGTON PD,B22-07642,MONROE,PERRY,BLOOMINGTON,3/7/22,7:00 PM,2,,0,0,0,,S ROCKPORT RD,,,,,S ROCKPORT RD,W COUNTRY CLUB DR,,,,Y,,0,,39.13636866,-86.54873002,LOCAL/CITY ROAD,,,,URBAN,N,N,N,,DARK (LIGHTED),CLOUDY,DRY,,FOUR-WAY INTERSECTION,,ASPHALT,LEFT OF CENTER,$5001 TO $10000,RIGHT TURN,WCOUNTRYCLUBDRSROCKPORTRD,0,
INDIANA UNIV BLOOMINGTON PD,221646,MONROE,BLOOMINGTON,BLOOMINGTON,4/26/22,11:32 PM,2,,0,0,0,,S DUNN ST,,,,,S DUNN ST,E 4TH ST,,,,Y,,0,,39.16507775,-86.52823395,LOCAL/CITY ROAD,,,,URBAN,N,N,N,,DARK (LIGHTED),CLEAR,DRY,,NO JUNCTION INVOLVED,,ASPHALT,UNSAFE LANE MOVEMENT,$2501 TO $5000,SAME DIRECTION SIDESWIPE,SDUNNSTE4THST,0,
MONROE SD,M22A16081,MONROE,PERRY,,7/5/22,9:23 PM,2,,0,0,0,,S ROLLING RIDGE WAY,,,,,S ROLLING RIDGE WAY,,,,,N,,0,,39.15240152,-86.5629923,PRIVATE DRIVE,,,,RURAL,N,N,N,,DARK (LIGHTED),CLEAR,DRY,,NO JUNCTION INVOLVED,,CONCRETE,IMPROPER TURNING,$1001 TO $2500,SAME DIRECTION SIDESWIPE,SROLLINGRIDGEWAY,0,
INDIANA UNIV BLOOMINGTON PD,222111,MONROE,BLOOMINGTON,BLOOMINGTON,6/10/22,2:10 PM,2,,0,0,0,,STATE RD 46,,,,,STATE RD 46,E EASTGATE LN,,,,Y,,53,,39.17013515,-86.50155134,STATE ROAD,,,,URBAN,N,N,N,,DAYLIGHT,RAIN,WET,,T-INTERSECTION,,ASPHALT,FOLLOWING TOO CLOSELY,$2501 TO $5000,REAR END,STATERD46EEASTGATELN,0,
ELLETTSVILLE PD,E22-03223,MONROE,RICHLAND,ELLETTSVILLE,8/26/22,10:53 AM,2,,1,0,0,,W TEMPERANCE ST,,,,,W TEMPERANCE ST,S SALE ST,,,,Y,,0,,39.23367697,-86.62462761,STATE ROAD,,,,URBAN,N,N,N,,DAYLIGHT,CLEAR,DRY,,NO JUNCTION INVOLVED,,ASPHALT,IMPROPER TURNING,$50001 TO $100000,SAME DIRECTION SIDESWIPE,WTEMPERANCESTSSALEST,0,
ISP BLOOMINGTON 33,2.022E+11,MONROE,BLOOMINGTON,BLOOMINGTON,7/7/22,4:35 PM,1,,1,0,0,,I69,,,,,I69,,,123,,N,,0,,39.2332139,-86.54170084,INTERSTATE,,,,RURAL,N,N,N,,DAYLIGHT,RAIN,WET,,NO JUNCTION INVOLVED,,ASPHALT,FAILURE TO MAINTAIN LANE,$5001 TO $10000,RAN OFF ROAD,I69123,0,
BLOOMINGTON PD,B22-25493,MONROE,BLOOMINGTON,BLOOMINGTON,7/5/22,4:00 PM,2,,0,0,0,,N SUMMIT ST,,,,,N SUMMIT ST,W 13TH ST,,,,Y,,0,,39.17491404,-86.54806637,LOCAL/CITY ROAD,,,,URBAN,N,N,N,,DAYLIGHT,CLEAR,DRY,,NO JUNCTION INVOLVED,,ASPHALT,IMPROPER LANE USAGE,UNDER $1001,SAME DIRECTION SIDESWIPE,W13THSTNSUMMITST,0,
ISP BLOOMINGTON 33,2.022E+11,MONROE,BENTON,BLOOMINGTON,9/9/22,1:41 PM,2,,2,0,0,,SR46,,,,,SR46,TRAILWAY DRIVE,,,,N,,750,,39.16361204,-86.4265675,STATE ROAD,,,,RURAL,N,N,N,,DAYLIGHT,CLEAR,DRY,,NO JUNCTION INVOLVED,,ASPHALT,FAILURE TO MAINTAIN LANE,$25001 TO $50000,RIGHT ANGLE,TRAILWAYDRIVESR46,0,
BLOOMINGTON PD,B22-22045,MONROE,PERRY,BLOOMINGTON,6/13/22,10:08 AM,1,,0,0,0,,400 BLK E. 2ND ST,,,,,400 BLK E. 2ND ST,S. DUNN ST,,,,Y,,300,,,,LOCAL/CITY ROAD,,,,URBAN,N,N,N,,DAYLIGHT,CLOUDY,DRY,,NO JUNCTION INVOLVED,,ASPHALT,OVERSIZE/OVERWEIGHT LOAD,$1001 TO $2500,NON-COLLISION,S.DUNNST400BLKE.2NDST,0,
BLOOMINGTON PD,B22-13661,MONROE,PERRY,BLOOMINGTON,4/19/22,1:18 PM,2,,0,0,0,2200,S WALNUT ST,,,,,S WALNUT ST,S NORTH DR,,,,Y,,0,,39.14365247,-86.53366216,PRIVATE DRIVE,,,,URBAN,N,N,N,,DAYLIGHT,CLEAR,DRY,,NO JUNCTION INVOLVED,,ASPHALT,FAILURE TO YIELD RIGHT OF WAY,$2501 TO $5000,RIGHT ANGLE,SWALNUTSTSNORTHDR,0,
BLOOMINGTON PD,B22-14274,MONROE,BLOOMINGTON,BLOOMINGTON,4/22/22,6:10 AM,2,,0,0,0,,N ADAMS ST,,,,,N ADAMS ST,W 6TH ST,,,,Y,,0,,39.16808812,-86.54962767,,,,,URBAN,N,N,N,,DAYLIGHT,CLEAR,DRY,,NO JUNCTION INVOLVED,,ASPHALT,FAILURE TO YIELD RIGHT OF WAY,$5001 TO $10000,BACKING CRASH,W6THSTNADAMSST,0,
INDIANA UNIV BLOOMINGTON PD,222640,MONROE,BLOOMINGTON,BLOOMINGTON,8/16/22,10:50 AM,2,,0,0,0,,S HAWTHORNE DR,,,,,S HAWTHORNE DR,,,,,Y,,0,,39.16521916,-86.52064867,PRIVATE DRIVE,,,,URBAN,N,N,N,,DAYLIGHT,CLEAR,DRY,,NO JUNCTION INVOLVED,,ASPHALT,IMPROPER TURNING,$1001 TO $2500,RIGHT TURN,SHAWTHORNEDR,0,
BLOOMINGTON PD,B22-24017,MONROE,BLOOMINGTON,BLOOMINGTON,6/26/22,12:45 PM,2,,4,0,0,,STATE RD 46,,,,,STATE RD 46,STATE RD 46,,,,Y,,0,,39.18653725,-86.53774948,STATE ROAD,,,,URBAN,N,N,N,,DAYLIGHT,CLOUDY,DRY,,FOUR-WAY INTERSECTION,,ASPHALT,FAILURE TO YIELD RIGHT OF WAY,$50001 TO $100000,RIGHT ANGLE,STATERD46STATERD46,0,
BLOOMINGTON PD,B22-09132,MONROE,PERRY,BLOOMINGTON,3/18/22,12:30 PM,2,,0,0,0,,W COUNTRY CLUB DR,,,,,W COUNTRY CLUB DR,S ROGERS ST,,,,Y,,0,,39.13608446,-86.53836506,LOCAL/CITY ROAD,,,,URBAN,N,N,N,,DAYLIGHT,RAIN,WET,,FOUR-WAY INTERSECTION,,CONCRETE,FOLLOWING TOO CLOSELY,UNDER $1001,REAR END,WCOUNTRYCLUBDRSROGERSST,0,
BLOOMINGTON PD,B22-13000,MONROE,VAN BUREN,BLOOMINGTON,4/14/22,9:18 AM,2,,0,0,0,,GATES DR,,,,,GATES DR,W. 3RD ST,,,,Y,,1000,,39.16466,-86.576125,LOCAL/CITY ROAD,,,,URBAN,N,N,N,,DAYLIGHT,CLEAR,DRY,,T-INTERSECTION,,ASPHALT,FOLLOWING TOO CLOSELY,$1001 TO $2500,REAR END,W.3RDSTGATESDR,0,
MONROE SD,M22A15258,MONROE,CLEAR CREEK,BLOOMINGTON,6/27/22,2:35 PM,2,,0,0,0,,STATE RD 46,,,,,STATE RD 46,N CURRY PIKE,,,,N,,0,,39.19385347,-86.57149262,,,,,URBAN,N,N,Y,LANE CLOSURE,DAYLIGHT,CLEAR,DRY,,T-INTERSECTION,,ASPHALT,FOLLOWING TOO CLOSELY,UNDER $1001,REAR END,STATERD46NCURRYPIKE,0,
INDIANA UNIV BLOOMINGTON PD,220721,MONROE,BLOOMINGTON,BLOOMINGTON,2/24/22,9:10 PM,2,,0,0,0,,N INDIANA AVE,,,,,N INDIANA AVE,E 17TH ST,,,,Y,,264,,39.17857719,-86.52706451,LOCAL/CITY ROAD,,,,URBAN,N,N,N,,DARK (LIGHTED),RAIN,WET,,T-INTERSECTION,,ASPHALT,UNSAFE BACKING,$1001 TO $2500,BACKING CRASH,NINDIANAAVEE17THST,0,
ELLETTSVILLE PD,E2200790,MONROE,RICHLAND,ELLETTSVILLE,3/3/22,7:27 PM,2,0,0,0,0,,,,SR46W,,,SR46W,SMITH,,,,N,,250,W,39.21055646,-86.58390563,STATE ROAD,,N,N,URBAN,N,N,N,,DARK (LIGHTED),CLEAR,DRY,,T-INTERSECTION,STRAIGHT/LEVEL,CONCRETE,OTHER (DRIVER) - EXPLAIN IN NARRATIVE,UNDER $1001,BACKING CRASH,SMITHPIKESR46W,0,STOP SIGN
BLOOMINGTON PD,B22-37522,MONROE,BLOOMINGTON,BLOOMINGTON,9/16/22,7:27 PM,2,,0,0,0,,E 3RD ST,,,,,E 3RD ST,IN 46,,,,Y,,0,,39.16428745,-86.49831408,LOCAL/CITY ROAD,,,,URBAN,N,N,N,,DAYLIGHT,CLEAR,DRY,,FOUR-WAY INTERSECTION,,ASPHALT,IMPROPER LANE USAGE,$1001 TO $2500,SAME DIRECTION SIDESWIPE,IN46E3RDST,0,
MONROE SD,M22A14561,MONROE,BLOOMINGTON,BLOOMINGTON,6/20/22,12:12 PM,2,,0,0,0,,E 6TH ST,,,,,E 6TH ST,N WALNUT ST,,,,Y,,0,,39.16753995,-86.53355546,LOCAL/CITY ROAD,,,,URBAN,N,N,N,,DAYLIGHT,CLEAR,DRY,,FOUR-WAY INTERSECTION,,ASPHALT,UNSAFE BACKING,$1001 TO $2500,BACKING CRASH,NWALNUTSTE6THST,0,
INDIANA UNIV BLOOMINGTON PD,222884,MONROE,BLOOMINGTON,BLOOMINGTON,8/28/22,11:30 AM,2,,0,0,0,900,E 7TH ST,,,,,E 7TH ST,,,,,Y,,0,,39.16874051,-86.52321092,PRIVATE DRIVE,,,,URBAN,N,N,N,,DAYLIGHT,CLEAR,DRY,,NO JUNCTION INVOLVED,,ASPHALT,UNSAFE BACKING,UNDER $1001,BACKING CRASH,E7THST,0,
BLOOMINGTON PD,B22-05098,MONROE,RICHLAND,BLOOMINGTON,2/15/22,11:23 AM,2,,0,0,0,,120 N. GATES DR,,,,,120 N. GATES DR,,,,,Y,,0,,0,0,LOCAL/CITY ROAD,,,,URBAN,N,N,N,,DAYLIGHT,CLEAR,DRY,,NO JUNCTION INVOLVED,,ASPHALT,UNSAFE BACKING,$1001 TO $2500,BACKING CRASH,120N.GATESDR,0,
BLOOMINGTON PD,B22-36495,MONROE,PERRY,BLOOMINGTON,9/10/22,6:06 PM,2,,0,0,0,,S WALNUT ST,,,,,S WALNUT ST,E DAVIS ST,,,,Y,,0,,39.15447725,-86.53388805,,,,,URBAN,N,N,N,,DAYLIGHT,CLOUDY,WET,,NO JUNCTION INVOLVED,,ASPHALT,UNSAFE LANE MOVEMENT,$10001 TO $25000,RIGHT ANGLE,SWALNUTSTEDAVISST,0,
BLOOMINGTON PD,B22-39177,MONROE,BLOOMINGTON,BLOOMINGTON,9/26/22,7:55 PM,2,,0,0,0,,105 W 4TH ST,,,,,105 W 4TH ST,,,,,Y,,0,,39.16518866,-86.53413124,PRIVATE DRIVE,,,,URBAN,N,N,N,,UNKNOWN,CLEAR,DRY,,NO JUNCTION INVOLVED,,CONCRETE,IMPROPER TURNING,$1001 TO $2500,OPPOSITE DIRECTION SIDESWIPE,105W4THST,0,
BLOOMINGTON PD,B22-22302,MONROE,BLOOMINGTON,BLOOMINGTON,6/14/22,7:22 PM,2,,1,0,0,,1811 W ARLINGTON RD,,,,,1811 W ARLINGTON RD,,,,,Y,,0,,,,LOCAL/CITY ROAD,,,,URBAN,N,N,N,,DAYLIGHT,CLEAR,DRY,,NO JUNCTION INVOLVED,,ASPHALT,SPEED TOO FAST FOR WEATHER CONDITIONS,$2501 TO $5000,REAR END,1811WARLINGTONRD,0,
BLOOMINGTON PD,B2201002,MONROE,PERRY,BLOOMINGTON,1/10/22,8:50 AM,2,,0,0,0,,W BLOOMFIELD RD,,,,,W BLOOMFIELD RD,S STONE DR,,,,Y,,0,,39.15047886,-86.56817026,LOCAL/CITY ROAD,,,,URBAN,N,N,N,,DAYLIGHT,CLEAR,DRY,,NO JUNCTION INVOLVED,,ASPHALT,IMPROPER LANE USAGE,$2501 TO $5000,SAME DIRECTION SIDESWIPE,WBLOOMFIELDRDSSTONEDR,0,
MONROE SD,M22A19549,MONROE,INDIAN CREEK,BLOOMINGTON,8/11/22,1:00 AM,1,,0,0,0,,S VICTOR PIKE,,,,,S VICTOR PIKE,,,,,N,,0,,39.05401671,-86.59725635,COUNTY ROAD,,,,URBAN,N,N,N,,DARK (NOT LIGHTED),CLEAR,DRY,,NO JUNCTION INVOLVED,,ASPHALT,FAILURE TO MAINTAIN LANE,$10001 TO $25000,RAN OFF ROAD,SVICTORPIKE,0,
BLOOMINGTON PD,B22-03772,MONROE,PERRY,BLOOMINGTON,2/3/22,12:15 PM,2,,0,0,0,1175,S COLLEGE MALL RD,,,,,S COLLEGE MALL RD,,,,,Y,,0,,39.15397278,-86.49618374,,,,,URBAN,N,N,N,,DAYLIGHT,SNOW,SNOW/SLUSH,,NO JUNCTION INVOLVED,,ASPHALT,OTHER (VEHICLE) - EXPLAIN IN NARRATIVE,$1001 TO $2500,OTHER - EXPLAIN IN NARRATIVE,SCOLLEGEMALLRD,0,
BLOOMINGTON PD,B22-07924,MONROE,BLOOMINGTON,BLOOMINGTON,3/22/22,6:35 PM,2,,1,0,0,,W KIRKWOOD AVE,,,,,W KIRKWOOD AVE,N ELM ST,,,,N,,0,,39.16671062,-86.54521826,LOCAL/CITY ROAD,,,,URBAN,N,N,N,,DAYLIGHT,RAIN,WET,,FOUR-WAY INTERSECTION,,ASPHALT,FAILURE TO YIELD RIGHT OF WAY,$2501 TO $5000,RIGHT ANGLE,WKIRKWOODAVENELMST,0,
BLOOMINGTON PD,B22-36296,MONROE,BLOOMINGTON,BLOOMINGTON,9/9/22,5:56 PM,2,,0,0,0,,W KIRKWOOD AVE,,,,,W KIRKWOOD AVE,S MADISON ST,,,,Y,,317,,39.16658942,-86.5367737,LOCAL/CITY ROAD,,,,URBAN,N,N,N,,DAYLIGHT,CLEAR,DRY,,NO JUNCTION INVOLVED,,ASPHALT,VIEW OBSTRUCTED,$2501 TO $5000,RIGHT ANGLE,WKIRKWOODAVESMADISONST,0,
MONROE SD,M22A10511,MONROE,VAN BUREN,BLOOMINGTON,5/8/22,10:44 AM,2,,0,0,0,,W THAT RD,,,,,W THAT RD,,,,,N,,0,,39.11890816,-86.5734605,LOCAL/CITY ROAD,,,,RURAL,N,N,N,,DAYLIGHT,CLEAR,DRY,,NO JUNCTION INVOLVED,,ASPHALT,UNSAFE SPEED,$5001 TO $10000,OPPOSITE DIRECTION SIDESWIPE,WTHATRD,0,
BLOOMINGTON PD,B22-16460,MONROE,BLOOMINGTON,BLOOMINGTON,5/6/22,10:35 AM,2,,0,0,0,,STATE RD 46,,,,,STATE RD 46,E 3RD ST,,,,Y,,0,,39.16431121,-86.4983139,LOCAL/CITY ROAD,,,,URBAN,N,N,N,,DAYLIGHT,RAIN,WET,,FOUR-WAY INTERSECTION,,ASPHALT,FOLLOWING TOO CLOSELY,$5001 TO $10000,REAR END,STATERD46E3RDST,0,
BLOOMINGTON PD,B22-08870,MONROE,PERRY,BLOOMINGTON,3/16/22,6:00 PM,2,,0,0,0,,W 2ND ST,,,,,W 2ND ST,S COLLEGE AVE,,,,Y,,0,,39.16139816,-86.53502888,LOCAL/CITY ROAD,,,,URBAN,N,N,N,,DAYLIGHT,CLEAR,DRY,,FOUR-WAY INTERSECTION,,ASPHALT,FOLLOWING TOO CLOSELY,$5001 TO $10000,REAR END,W2NDSTSCOLLEGEAVE,0,
ELLETTSVILLE PD,E2202395,MONROE,RICHLAND,ELLETTSVILLE,6/27/22,3:28 PM,1,0,0,0,0,4723,STATE RD 46,HWY,,,,STATE RD 46,,,,,Y,PRIVATE,,,39.2159817,-86.5954317,OTHER,,N,N,URBAN,N,N,N,,DAYLIGHT,CLEAR,DRY,,NO JUNCTION INVOLVED,STRAIGHT/LEVEL,ASPHALT,DRIVER ILLNESS,$25001 TO $50000,RAN OFF ROAD,STATERD46HWY,0,STOP SIGN
BLOOMINGTON PD,B22-13884,MONROE,BLOOMINGTON,BLOOMINGTON,4/20/22,2:03 PM,2,0,0,0,0,,N LINCOLN,ST,,,,N LINCOLN,E 19TH,,,,Y,,,,39.18112,-86.530816,LOCAL/CITY ROAD,,N,Y,URBAN,N,N,N,,DAYLIGHT,CLEAR,DRY,,FOUR-WAY INTERSECTION,STRAIGHT/LEVEL,ASPHALT,UNSAFE LANE MOVEMENT,UNDER $1001,SAME DIRECTION SIDESWIPE,E19THSTNLINCOLNST,0,STOP SIGN
MONROE SD,M22A7596,MONROE,SALT CREEK,BLOOMINGTON,4/4/22,12:51 AM,1,,0,0,0,,E SR 46,,,,,E SR 46,N TRAILWAY DR,,,,N,,50,,,,STATE ROAD,,,,RURAL,N,N,N,,DARK (NOT LIGHTED),CLEAR,DRY,,NO JUNCTION INVOLVED,,ASPHALT,FAILURE TO MAINTAIN LANE,$5001 TO $10000,RAN OFF ROAD,NTRAILWAYDRESR46,0,
BLOOMINGTON PD,B22-38831,MONROE,,BLOOMINGTON,9/24/22,10:45 PM,4,,0,0,0,,3380 W RUNKLE WAY,,,,,3380 W RUNKLE WAY,,,,,Y,,0,,0,0,PRIVATE DRIVE,,,,URBAN,N,N,N,,DARK (LIGHTED),CLEAR,DRY,,NO JUNCTION INVOLVED,,ASPHALT,OTHER (DRIVER) - EXPLAIN IN NARRATIVE,$5001 TO $10000,OTHER - EXPLAIN IN NARRATIVE,3380WRUNKLEWAY,0,
BLOOMINGTON PD,B22-23099,MONROE,VAN BUREN,BLOOMINGTON,6/20/22,2:40 AM,3,,0,0,0,,S CURRY PK,,,,,S CURRY PK,W 3RD ST,,,,N,,0,,,,LOCAL/CITY ROAD,,,,URBAN,N,N,N,,DAYLIGHT,CLEAR,DRY,,NO JUNCTION INVOLVED,,ASPHALT,FOLLOWING TOO CLOSELY,$1001 TO $2500,REAR END,W3RDSTSCURRYPK,0,
BLOOMINGTON PD,B22-26822,MONROE,BLOOMINGTON,BLOOMINGTON,7/14/22,12:10 AM,1,,1,0,0,,N WALNUT ST,,,,,N WALNUT ST,E 16TH ST,,,,Y,,0,,39.17774897,-86.5335188,LOCAL/CITY ROAD,,,,URBAN,N,N,Y,X-OVER/LANE SHIFT,DARK (LIGHTED),CLOUDY,WET,,FOUR-WAY INTERSECTION,,ASPHALT,OTHER (DRIVER) - EXPLAIN IN NARRATIVE,$5001 TO $10000,RAN OFF ROAD,NWALNUTSTE16THST,0,
BLOOMINGTON PD,B22-24367,MONROE,BLOOMINGTON,BLOOMINGTON,6/27/22,11:30 PM,2,,0,0,0,,N ILLINOIS ST,,,,,N ILLINOIS ST,W 12TH ST,,,,Y,,0,,39.17398156,-86.5501388,PRIVATE DRIVE,,,,URBAN,N,N,N,,DARK (LIGHTED),CLEAR,DRY,,NO JUNCTION INVOLVED,,ASPHALT,OTHER (DRIVER) - EXPLAIN IN NARRATIVE,$2501 TO $5000,OTHER - EXPLAIN IN NARRATIVE,W12THSTNILLINOISST,0,