Agency,Local Code,County,Township,City,Collision Date,Collision Time,Vehicles Involved,Trailers Involved,Number Injured,Number Dead,Number Deer,House Number,Roadway Name,Roadway Suffix,Roadway Number,Roadway Interchange,Roadway Ramp,Roadway Id,Intersecting Road,Intersecting Road Number,Mile Marker,Interchange,Corporate Limits?,Property Type,Feet From,Direction,Latitude,Longitude,Roadway Class,Traffic Control Devices?,Aggressive Driving?,Hit and Run?,Locality,School Zone?,Rumble Strips?,Construction?,Construction Type,Light Condition,Weather Conditions,Surface Condition,Type of Median,Roadway Junction Type,Road Character,Roadway Surface,Primary Factor,Damage Estimate,Manner of Collision,Unique Location Id,State Property Damage?,Traffic Control
BLOOMINGTON PD,B22-37135,MONROE,BLOOMINGTON,BLOOMINGTON,9/14/22,4:58 PM,2,,0,0,0,,STATE RD 46,,,,,STATE RD 46,E 3RD ST,,,,Y,,0,,39.16424027,-86.4983103,LOCAL/CITY ROAD,,,,URBAN,N,N,N,,DAYLIGHT,CLEAR,ICE,,FOUR-WAY INTERSECTION,,ASPHALT,FOLLOWING TOO CLOSELY,$2501 TO $5000,REAR END,STATERD46E3RDST,0,
INDIANA UNIV BLOOMINGTON PD,221319,MONROE,BLOOMINGTON,BLOOMINGTON,4/8/22,4:55 PM,2,,0,0,0,,E 10TH ST,,,,,E 10TH ST,STATE RD 45,,,,Y,,0,,39.17158522,-86.50214965,STATE ROAD,,,,URBAN,N,N,N,,DAYLIGHT,CLOUDY,DRY,,FOUR-WAY INTERSECTION,,ASPHALT,IMPROPER TURNING,$5001 TO $10000,LEFT TURN,STATERD45E10THST,0,
BLOOMINGTON PD,B22-33900,MONROE,PERRY,BLOOMINGTON,8/27/22,6:40 AM,2,,0,0,0,3482,E COVENANTER DRIVE,,,,,E COVENANTER DRIVE,,,,,Y,,0,,39.15063832,-86.48937768,,,,,URBAN,N,N,N,,DAWN/DUSK,CLOUDY,DRY,,NO JUNCTION INVOLVED,,ASPHALT,UNSAFE BACKING,$1001 TO $2500,BACKING CRASH,ECOVENANTERDRIVE,0,
INDIANA UNIV BLOOMINGTON PD,220633,MONROE,BLOOMINGTON,BLOOMINGTON,2/17/22,11:30 PM,1,,0,0,0,,N JORDAN AVE,,,,,N JORDAN AVE,N FISHER CT,,,,Y,,528,,39.18377554,-86.51564686,LOCAL/CITY ROAD,,,,URBAN,N,N,N,,DARK (NOT LIGHTED),SNOW,ICE,,T-INTERSECTION,,ASPHALT,ROADWAY SURFACE CONDITION,$10001 TO $25000,RAN OFF ROAD,NJORDANAVENFISHERCT,0,
MONROE SD,M22A2176,MONROE,POLK,BLOOMINGTON,1/28/22,2:14 AM,1,,1,0,0,,STATE RD 446,,,,,STATE RD 446,,,,,N,,0,,39.02829871,-86.40831624,STATE ROAD,,,,RURAL,N,N,N,,DAYLIGHT,CLEAR,SNOW/SLUSH,,NO JUNCTION INVOLVED,,ASPHALT,UNSAFE SPEED,$5001 TO $10000,RAN OFF ROAD,STATERD446,0,
MONROE SD,M22A8254,MONROE,VAN BUREN,BLOOMINGTON,4/12/22,3:41 AM,2,,2,0,0,,S CURRY PIKE,,,,,S CURRY PIKE,W DOYLE AVE,,,,N,,0,,39.15803452,-86.58261641,,,,,RURAL,N,N,N,,DAYLIGHT,CLEAR,DRY,,FOUR-WAY INTERSECTION,,ASPHALT,IMPROPER TURNING,$10001 TO $25000,OPPOSITE DIRECTION SIDESWIPE,WDOYLEAVESCURRYPIKE,0,
BLOOMINGTON PD,B22-34332,MONROE,VAN BUREN,BLOOMINGTON,8/29/22,5:18 PM,2,,0,0,0,,STATE RD 45,,,,,STATE RD 45,W BLOOMFIELD RD,,,,Y,,317,,39.14647368,-86.57512816,,,,,URBAN,N,Y,N,,DAYLIGHT,CLEAR,DRY,,FOUR-WAY INTERSECTION,,ASPHALT,FOLLOWING TOO CLOSELY,$2501 TO $5000,REAR END,WBLOOMFIELDRDSTATERD45,0,
BLOOMINGTON PD,B22-06661,MONROE,VAN BUREN,BLOOMINGTON,2/28/22,9:00 AM,2,,0,0,0,,I69 S RAMP,,,,,I69 S RAMP,W 3RD ST,,,,Y,,0,,39.164524,-86.573263,LOCAL/CITY ROAD,,,,URBAN,N,N,N,,DAYLIGHT,CLEAR,DRY,,RAMP,,CONCRETE,FOLLOWING TOO CLOSELY,$2501 TO $5000,REAR END,W3RDSTI69SRAMP,0,
MONROE SD,M22A21085,MONROE,PERRY,BLOOMINGTON,8/28/22,11:32 AM,2,,0,0,0,4025,S OLD STATE ROAD 37,,,,,S OLD STATE ROAD 37,,,,,N,,0,,39.12140255,-86.53009122,PRIVATE DRIVE,,,,URBAN,N,N,N,,DAYLIGHT,CLEAR,DRY,,NO JUNCTION INVOLVED,,ASPHALT,IMPROPER TURNING,$1001 TO $2500,REAR END,SOLDSTATEROAD37,0,
INDIANA UNIV BLOOMINGTON PD,222261,MONROE,BLOOMINGTON,BLOOMINGTON,6/27/22,2:00 PM,1,,0,0,0,,N JORDAN AVE,,,,,N JORDAN AVE,E 7TH ST,,,,Y,,0,,39.16887083,-86.51615328,LOCAL/CITY ROAD,,,,URBAN,N,N,N,,DAYLIGHT,CLEAR,DRY,,FOUR-WAY INTERSECTION,,ASPHALT,OTHER (DRIVER) - EXPLAIN IN NARRATIVE,UNDER $1001,RIGHT TURN,NJORDANAVEE7THST,0,
BLOOMINGTON PD,B22-04498,MONROE,PERRY,BLOOMINGTON,2/9/22,4:56 PM,2,,1,0,0,,S WALNUT ST BLOOMINGTON IN,,,,,S WALNUT ST BLOOMINGTON IN,E RHORE RD,,,,Y,,0,,0,0,LOCAL/CITY ROAD,,,,URBAN,N,N,N,,DAYLIGHT,CLOUDY,DRY,,NO JUNCTION INVOLVED,,ASPHALT,FAILURE TO MAINTAIN LANE,$25001 TO $50000,HEAD ON BETWEEN TWO MOTOR VEHICLES,SWALNUTSTBLOOMINGTONINERHORERD,0,
MONROE SD,M22A4937,MONROE,RICHLAND,BLOOMINGTON,3/2/22,10:08 AM,1,,0,0,0,,N THOMAS RD,,,,,N THOMAS RD,,,,,N,,0,,39.19461845,-86.63022227,LOCAL/CITY ROAD,,,,RURAL,N,N,N,,DAYLIGHT,CLEAR,DRY,,NO JUNCTION INVOLVED,,ASPHALT,DRIVER DISTRACTED - EXPLAIN IN NARRATIVE,$2501 TO $5000,RAN OFF ROAD,NTHOMASRD,0,
BLOOMINGTON PD,B22-09857,MONROE,BLOOMINGTON,BLOOMINGTON,3/23/22,3:20 PM,3,,0,0,0,,S JEFFERSON ST,,,,,S JEFFERSON ST,E 3RD ST,,,,Y,,0,,39.16431285,-86.50708969,LOCAL/CITY ROAD,,,,URBAN,N,N,N,,DAYLIGHT,CLEAR,WET,,T-INTERSECTION,,ASPHALT,FOLLOWING TOO CLOSELY,$2501 TO $5000,REAR END,SJEFFERSONSTE3RDST,0,
BLOOMINGTON PD,B22-31145,MONROE,PERRY,BLOOMINGTON,8/11/22,6:06 PM,2,,0,0,0,,I69 SB,,,,,I69 SB,W BLOOMFIELD RD,,,,Y,,0,,39.14664815,-86.57504843,STATE ROAD,,,,URBAN,N,N,N,,DARK (LIGHTED),CLOUDY,WET,,FIVE POINT OR MORE,,ASPHALT,FOLLOWING TOO CLOSELY,$2501 TO $5000,REAR END,WBLOOMFIELDRDI69SB,0,
ISP BLOOMINGTON 33,2.022E+11,MONROE,BLOOMINGTON,BLOOMINGTON,5/19/22,7:05 PM,1,,1,0,0,,I-69,,,,,I-69,,,,,N,,898,,39.23437933,-86.54153612,INTERSTATE,,,,RURAL,N,N,N,,DAYLIGHT,RAIN,WET,,RAMP,,ASPHALT,TIRE FAILURE OR DEFECTIVE,$5001 TO $10000,RAN OFF ROAD,I-69,0,
MONROE SD,M22A23238,MONROE,RICHLAND,,9/21/22,2:25 PM,2,,0,0,0,,N CURRY PIKE,,,,,N CURRY PIKE,W VERNAL PIKE,,,,N,,1000,,39.18209569,-86.58308045,,,,,URBAN,N,N,N,,DAYLIGHT,CLEAR,DRY,,NO JUNCTION INVOLVED,,ASPHALT,OTHER (DRIVER) - EXPLAIN IN NARRATIVE,$5001 TO $10000,REAR END,WVERNALPIKENCURRYPIKE,0,
BLOOMINGTON PD,B22-42483,MONROE,BLOOMINGTON,BLOOMINGTON,10/14/22,12:07 PM,2,,0,0,0,,E 17TH ST,,,,,E 17TH ST,N WASHINGTON ST,,,,Y,,0,,39.17897279,-86.53221661,LOCAL/CITY ROAD,,,,URBAN,N,N,N,,DAYLIGHT,CLEAR,DRY,,T-INTERSECTION,,ASPHALT,FOLLOWING TOO CLOSELY,$2501 TO $5000,REAR END,NWASHINGTONSTE17THST,0,
BLOOMINGTON PD,B22-19107,MONROE,PERRY,BLOOMINGTON,5/24/22,1:46 AM,4,,1,0,0,,W BLOOMFIELD RD,,,,,W BLOOMFIELD RD,S WEIMER RD,,,,Y,,475,,39.15377118,-86.56508423,LOCAL/CITY ROAD,,,,URBAN,N,N,N,,DAYLIGHT,CLEAR,DRY,,NO JUNCTION INVOLVED,,ASPHALT,DRIVER DISTRACTED - EXPLAIN IN NARRATIVE,$5001 TO $10000,REAR END,WBLOOMFIELDRDSWEIMERRD,0,
INDIANA UNIV BLOOMINGTON PD,221670,MONROE,BLOOMINGTON,BLOOMINGTON,4/28/22,5:09 PM,2,,0,0,0,,STATE RD 45,,,,,STATE RD 45,DISCOVERY PKWY,,,,Y,,0,,39.17526015,-86.50430094,STATE ROAD,,,,URBAN,N,N,N,,DAYLIGHT,CLEAR,DRY,,FOUR-WAY INTERSECTION,,ASPHALT,FOLLOWING TOO CLOSELY,$2501 TO $5000,REAR END,STATERD45DISCOVERYPKWY,0,
ELLETTSVILLE PD,E2201755,MONROE,RICHLAND,ELLETTSVILLE,5/10/22,4:35 PM,2,0,0,0,0,,,,SR46W,,,SR46W,TEMPERANCE,,,,Y,,,,39.226352,-86.614192,STATE ROAD,,N,N,URBAN,N,N,N,,DAYLIGHT,CLEAR,DRY,,TRAFFIC CIRCLE/ROUNDABOUT,CURVE/GRADE,ASPHALT,FOLLOWING TOO CLOSELY,$5001 TO $10000,REAR END,SR46WTEMPERANCEST,0,NONE
ELLETTSVILLE PD,E22-02664,MONROE,RICHLAND,ELLETTSVILLE,7/17/22,11:42 AM,2,,0,0,0,,W TEMPERANCE ST,,,,,W TEMPERANCE ST,N FIFTH ST,,,,Y,,0,,39.2334539,-86.62429994,LOCAL/CITY ROAD,,,,URBAN,N,N,N,,DAYLIGHT,CLOUDY,WET,,T-INTERSECTION,,ASPHALT,FAILURE TO YIELD RIGHT OF WAY,$2501 TO $5000,SAME DIRECTION SIDESWIPE,WTEMPERANCESTNFIFTHST,0,
MONROE SD,M22A23353,MONROE,BLOOMINGTON,BLOOMINGTON,9/22/22,5:33 PM,1,,0,0,0,,S.R. 46,,,,,S.R. 46,N. CURRY PIKE,,,,N,,0,,39.1939048,-86.57125659,STATE ROAD,,,,RURAL,N,Y,N,,DAYLIGHT,CLEAR,DRY,,FOUR-WAY INTERSECTION,,ASPHALT,DRIVER DISTRACTED - EXPLAIN IN NARRATIVE,$5001 TO $10000,OTHER - EXPLAIN IN NARRATIVE,S.R.46N.CURRYPIKE,0,
ISP BLOOMINGTON 33,2.022E+11,MONROE,INDIAN CREEK,BLOOMINGTON,3/11/22,9:59 AM,1,,0,0,2,,I-69,,,,,I-69,,,107,,N,,739,,39.07112474,-86.66434063,INTERSTATE,,,,RURAL,N,N,N,,DAYLIGHT,CLEAR,DRY,,NO JUNCTION INVOLVED,,CONCRETE,ANIMAL/OBJECT IN ROADWAY,$5001 TO $10000,COLLISION WITH DEER,I-69107,0,
BLOOMINGTON PD,B22-25151,MONROE,PERRY,BLOOMINGTON,7/3/22,7:45 PM,2,,0,0,0,2385,S WINSLOW CT,,,,,S WINSLOW CT,,,,,Y,,0,,39.1381233,-86.5239315,PRIVATE DRIVE,,,,URBAN,N,N,N,,DAYLIGHT,CLOUDY,DRY,,NO JUNCTION INVOLVED,,ASPHALT,UNSAFE BACKING,UNDER $1001,BACKING CRASH,SWINSLOWCT,0,
BLOOMINGTON PD,B22-31822,MONROE,PERRY,BLOOMINGTON,8/16/22,11:23 AM,2,,0,0,0,,S WALNUT ST,,,,,S WALNUT ST,W HILLSIDE DR,,,,Y,,0,,39.1505448,-86.53369534,LOCAL/CITY ROAD,,,,URBAN,N,N,N,,DAYLIGHT,CLEAR,DRY,,FOUR-WAY INTERSECTION,,ASPHALT,UNSAFE LANE MOVEMENT,$5001 TO $10000,SAME DIRECTION SIDESWIPE,WHILLSIDEDRSWALNUTST,0,
BLOOMINGTON PD,B22-07897,MONROE,PERRY,BLOOMINGTON,3/9/22,9:30 PM,2,,1,0,0,,S WALNUT ST,,,,,S WALNUT ST,W GRIMES LN,,,,Y,,0,,39.15332289,-86.53374857,LOCAL/CITY ROAD,,,,URBAN,N,N,N,,DARK (LIGHTED),CLEAR,DRY,,FOUR-WAY INTERSECTION,,ASPHALT,FAILURE TO YIELD RIGHT OF WAY,$5001 TO $10000,RIGHT ANGLE,WGRIMESLNSWALNUTST,0,
BLOOMINGTON PD,B22-41135,MONROE,PERRY,BLOOMINGTON,10/6/22,6:56 PM,1,,2,0,0,,S COLLEGE MALL RD,,,,,S COLLEGE MALL RD,E 3RD ST,,,,Y,,0,,39.16295394,-86.49799161,LOCAL/CITY ROAD,,,,URBAN,N,N,N,,DAYLIGHT,CLEAR,DRY,,FOUR-WAY INTERSECTION,,ASPHALT,OTHER (DRIVER) - EXPLAIN IN NARRATIVE,UNDER $1001,LEFT TURN,SCOLLEGEMALLRDE3RDST,1,
MONROE SD,M22A15698,MONROE,PERRY,,7/1/22,1:33 PM,1,,0,0,1,,STATE RD 446,,,,,STATE RD 446,SWARTZ RIDGE RD,,,,N,,0,,39.12927619,-86.44626683,STATE ROAD,,,,RURAL,N,Y,N,,DAYLIGHT,CLEAR,DRY,,NO JUNCTION INVOLVED,,ASPHALT,ANIMAL/OBJECT IN ROADWAY,$1001 TO $2500,COLLISION WITH DEER,SWARTZRIDGERDSTATERD446,0,
BLOOMINGTON PD,B22-50361,MONROE,PERRY,BLOOMINGTON,12/4/22,3:00 PM,2,,1,0,0,,STATE RD 446,,,,,STATE RD 446,E JANET DR,,,,Y,,0,,39.1610654,-86.47161073,LOCAL/CITY ROAD,,,,URBAN,N,N,N,,DAYLIGHT,CLEAR,DRY,,T-INTERSECTION,,CONCRETE,FAILURE TO YIELD RIGHT OF WAY,$10001 TO $25000,LEFT TURN,STATERD446EJANETDR,0,
BLOOMINGTON PD,B22-53630,MONROE,PERRY,BLOOMINGTON,12/28/22,11:38 AM,2,,0,0,0,,W BLOOMFIELD RD ENTRANCE NORTH,,,,,W BLOOMFIELD RD ENTRANCE NORTHBOUND &I69-37,,,,,Y,,0,,0,0,INTERSTATE,,,,URBAN,N,N,N,,DAYLIGHT,CLEAR,DRY,,INTERCHANGE,,ASPHALT,IMPROPER TURNING,$1001 TO $2500,SAME DIRECTION SIDESWIPE,WBLOOMFIELDRDENTRANCENORTHBOUND&I69-37,0,
BLOOMINGTON PD,B22-43414,MONROE,PERRY,BLOOMINGTON,10/19/22,7:23 PM,3,,0,0,0,,S COLLEGE MALL RD,,,,,S COLLEGE MALL RD,E BUICK CADILLAC BLVD,,,,Y,,0,,39.1580489,-86.4978941,LOCAL/CITY ROAD,,,,URBAN,N,N,N,,DAYLIGHT,CLEAR,DRY,,T-INTERSECTION,,ASPHALT,FAILURE TO YIELD RIGHT OF WAY,$5001 TO $10000,RIGHT ANGLE,SCOLLEGEMALLRDEBUICKCADILLACBLVD,0,
ISP BLOOMINGTON 33,2.02201E+11,MONROE,CLEAR CREEK,BLOOMINGTON,11/15/22,7:20 AM,1,,0,0,1,,SR37,,,,,SR37,ZIKES ROAD,,,,N,,1000,,39.05527695,-86.53634209,STATE ROAD,,,,RURAL,N,N,N,,DAYLIGHT,CLOUDY,DRY,,NO JUNCTION INVOLVED,,ASPHALT,ANIMAL/OBJECT IN ROADWAY,$2501 TO $5000,COLLISION WITH DEER,ZIKESROADSR37,0,
MONROE SD,M22A27905,MONROE,CLEAR CREEK,BLOOMINGTON,11/13/22,2:40 PM,1,,0,0,0,,S FAIRFAX RD,,,,,S FAIRFAX RD,E BERNICE DR,,,,N,,0,,39.06663894,-86.50264608,LOCAL/CITY ROAD,,,,RURAL,N,N,N,,DAYLIGHT,CLEAR,DRY,,NO JUNCTION INVOLVED,,ASPHALT,FAILURE TO MAINTAIN LANE,$5001 TO $10000,RAN OFF ROAD,SFAIRFAXRDEBERNICEDR,0,
BLOOMINGTON PD,B22-44429,MONROE,BLOOMINGTON,BLOOMINGTON,10/25/22,3:08 PM,2,,0,0,0,,N SR 46,,,,,N SR 46,N MONROE ST,,,,Y,,0,,39.18683301,-86.54659809,STATE ROAD,,,,URBAN,N,N,N,,DAYLIGHT,RAIN,WET,,FOUR-WAY INTERSECTION,,ASPHALT,FAILURE TO YIELD RIGHT OF WAY,$2501 TO $5000,SAME DIRECTION SIDESWIPE,NSR46NMONROEST,0,
BLOOMINGTON PD,B22-48588,MONROE,BLOOMINGTON,BLOOMINGTON,11/22/22,1:35 AM,1,,0,0,1,,STATE RD 46,,,,,STATE RD 46,W CASCADE AVE,,,,Y,,0,,39.18677309,-86.54190832,STATE ROAD,,,,URBAN,N,Y,N,,DARK (NOT LIGHTED),CLEAR,DRY,,NO JUNCTION INVOLVED,,ASPHALT,ANIMAL/OBJECT IN ROADWAY,$1001 TO $2500,COLLISION WITH DEER,WCASCADEAVESTATERD46,0,
BLOOMINGTON PD,B22-51959,MONROE,PERRY,BLOOMINGTON,12/14/22,8:57 AM,2,,0,0,0,,S WASHINGTON ST,,,,,S WASHINGTON ST,E 1ST ST,,,,Y,,0,,39.1593212,-86.53246111,LOCAL/CITY ROAD,,,,URBAN,N,N,N,,DARK (NOT LIGHTED),RAIN,WET,,FOUR-WAY INTERSECTION,,ASPHALT,IMPROPER TURNING,$10001 TO $25000,RIGHT TURN,SWASHINGTONSTE1STST,0,
MONROE SD,M22A27921,MONROE,PERRY,BLOOMINGTON,11/13/22,7:11 PM,1,,0,0,0,,,,69,I-69,1,69,,,,,N,,0,,0,0,INTERSTATE,,,,RURAL,N,N,N,,DARK (LIGHTED),CLEAR,DRY,,INTERCHANGE,,ASPHALT,FAILURE TO MAINTAIN LANE,$2501 TO $5000,RAN OFF ROAD,69,0,
INDIANA UNIV BLOOMINGTON PD,224675,MONROE,BLOOMINGTON,BLOOMINGTON,11/29/22,7:10 PM,2,,0,0,0,,E 10TH ST,,,,,E 10TH ST,,,,,N,,0,,39.17166392,-86.50988941,PRIVATE DRIVE,,,,URBAN,N,N,N,,DARK (LIGHTED),CLOUDY,WET,,NO JUNCTION INVOLVED,,ASPHALT,UNSAFE BACKING,$2501 TO $5000,BACKING CRASH,E10THST,0,
BLOOMINGTON PD,B22-42997,MONROE,BLOOMINGTON,BLOOMINGTON,10/17/22,5:33 PM,2,,0,0,0,,E 4TH ST,,,,,E 4TH ST,S WASHINGTON ST,,,,N,,0,,39.16558046,-86.53236817,LOCAL/CITY ROAD,,,,URBAN,N,N,N,,DAYLIGHT,CLEAR,DRY,,FOUR-WAY INTERSECTION,,ASPHALT,DISREGARD SIGNAL/REG SIGN,$2501 TO $5000,RIGHT ANGLE,SWASHINGTONSTE4THST,0,
INDIANA UNIV BLOOMINGTON PD,224793,MONROE,BLOOMINGTON,BLOOMINGTON,12/7/22,6:55 PM,3,,1,0,0,,E 3RD ST,,,,,E 3RD ST,S FESS AVE,,,,Y,,0,,39.1643083,-86.52508504,LOCAL/CITY ROAD,,,,URBAN,N,N,N,,DARK (NOT LIGHTED),CLEAR,DRY,,NO JUNCTION INVOLVED,,ASPHALT,FOLLOWING TOO CLOSELY,$5001 TO $10000,REAR END,SFESSAVEE3RDST,0,
MONROE SD,M22A31667,MONROE,CLEAR CREEK,HARRODSBURG,12/31/22,1:30 AM,2,,0,0,0,,S OLD SR 37,,,,,S OLD SR 37,S HARRODSBURG RD,,,,N,,1000,,39.00449971,-86.54345505,COUNTY ROAD,,,,RURAL,N,N,N,,DARK (NOT LIGHTED),RAIN,WET,,NO JUNCTION INVOLVED,,ASPHALT,OTHER (DRIVER) - EXPLAIN IN NARRATIVE,$5001 TO $10000,REAR END,SOLDSR37SHARRODSBURGRD,0,
BLOOMINGTON PD,B22-29285,MONROE,BLOOMINGTON,BLOOMINGTON,7/30/22,8:35 PM,2,,1,0,0,,E 7TH ST,,,,,E 7TH ST,STATE RD 46,,,,Y,,0,,39.16766928,-86.499964,STATE ROAD,,,,URBAN,N,N,N,,DAYLIGHT,CLEAR,DRY,,T-INTERSECTION,,ASPHALT,FAILURE TO YIELD RIGHT OF WAY,$10001 TO $25000,RIGHT ANGLE,STATERD46E7THST,0,
MONROE SD,M22A27569,MONROE,BLOOMINGTON,BLOOMINGTON,11/9/22,5:35 PM,2,,0,0,0,,W STATE RD 45,,,,,W STATE RD 45,INDUSTRIAL BLVD,,,,Y,,0,,39.14243147,-86.58026881,PRIVATE DRIVE,,,,URBAN,N,N,N,,DAYLIGHT,CLEAR,DRY,,NO JUNCTION INVOLVED,,ASPHALT,IMPROPER TURNING,$50001 TO $100000,LEFT TURN,WSTATERD45INDUSTRIALBLVD,0,
ELLETTSVILLE PD,E22-05416,MONROE,RICHLAND,ELLETTSVILLE,12/25/22,6:35 PM,1,,0,0,0,,N LAKEVIEW DR,,,,,N LAKEVIEW DR,W STATE RD 46,,,,N,,0,,39.22117932,-86.60539828,COUNTY ROAD,,,,URBAN,N,N,N,,DARK (NOT LIGHTED),BLOWING SAND/SOIL/SNOW,SNOW/SLUSH,,T-INTERSECTION,,ASPHALT,OVERCORRECTING/OVERSTEERING,$5001 TO $10000,RAN OFF ROAD,WSTATERD46NLAKEVIEWDR,0,
BLOOMINGTON PD,B22-43384,MONROE,PERRY,BLOOMINGTON,10/19/22,4:41 PM,2,,0,0,0,,E RHORER RD,,,,,E RHORER RD,S. DERBY DR.,,,,Y,,528,,39.12146956,-86.52201553,LOCAL/CITY ROAD,,,,URBAN,N,N,N,,DAYLIGHT,CLEAR,DRY,,FOUR-WAY INTERSECTION,,ASPHALT,FOLLOWING TOO CLOSELY,$2501 TO $5000,REAR END,S.DERBYDR.ERHORERRD,0,
BLOOMINGTON PD,B22-53409,MONROE,BLOOMINGTON,BLOOMINGTON,12/25/22,9:40 PM,2,,0,0,0,,E 3RD ST,,,,,E 3RD ST,S PETE ELLIS DR,,,,N,,0,,39.16422927,-86.49496383,LOCAL/CITY ROAD,,,,URBAN,N,N,N,,DARK (LIGHTED),CLEAR,DRY,,T-INTERSECTION,,ASPHALT,DISREGARD SIGNAL/REG SIGN,$2501 TO $5000,RIGHT TURN,SPETEELLISDRE3RDST,0,
INDIANA UNIV BLOOMINGTON PD,224778,MONROE,BLOOMINGTON,BLOOMINGTON,12/6/22,10:57 PM,2,,0,0,0,,E 17TH ST,,,,,E 17TH ST,N INDIANA AVE,,,,Y,,0,,39.17903347,-86.52705429,LOCAL/CITY ROAD,,,,URBAN,N,N,N,,DARK (LIGHTED),FOG/SMOKE/SMOG,WET,,T-INTERSECTION,,ASPHALT,FOLLOWING TOO CLOSELY,$10001 TO $25000,REAR END,NINDIANAAVEE17THST,0,
INDIANA UNIV BLOOMINGTON PD,224649,MONROE,BLOOMINGTON,BLOOMINGTON,11/27/22,9:57 PM,2,,0,0,0,,N SUNRISE DR,,,,,N SUNRISE DR,,,,,Y,,0,,39.17050322,-86.51287763,PRIVATE DRIVE,,,,URBAN,N,N,N,,DARK (LIGHTED),CLOUDY,WET,,NO JUNCTION INVOLVED,,ASPHALT,OTHER (DRIVER) - EXPLAIN IN NARRATIVE,$5001 TO $10000,SAME DIRECTION SIDESWIPE,NSUNRISEDR,0,
ELLETTSVILLE PD,E22-04883,MONROE,RICHLAND,ELLETTSVILLE,11/22/22,6:44 PM,2,,0,0,0,,LOUDEN RD,,,,,LOUDEN RD,LOUDEN RD,,,,Y,,0,,39.23127095,-86.64001447,LOCAL/CITY ROAD,,,,URBAN,Y,N,N,,DARK (NOT LIGHTED),CLEAR,DRY,,FOUR-WAY INTERSECTION,,CONCRETE,OTHER (DRIVER) - EXPLAIN IN NARRATIVE,$5001 TO $10000,RIGHT ANGLE,LOUDENRDLOUDENRD,0,
ELLETTSVILLE PD,E22-04479,MONROE,RICHLAND,,10/30/22,7:45 PM,1,,0,0,1,,STATE RD 46,,,,,STATE RD 46,,,,,N,,0,,39.20069493,-86.5755066,STATE ROAD,,,,RURAL,N,N,N,,DARK (NOT LIGHTED),RAIN,WET,,NO JUNCTION INVOLVED,,ASPHALT,ANIMAL/OBJECT IN ROADWAY,$5001 TO $10000,COLLISION WITH DEER,STATERD46,0,
BLOOMINGTON PD,B22-45460,MONROE,PERRY,BLOOMINGTON,10/31/22,10:35 AM,2,,0,0,0,,W BLOOMFIELD RD,,,,,W BLOOMFIELD RD,W BLOOMFIELD RD,,,,Y,,0,,39.16074994,-86.54851058,,,,,URBAN,N,N,N,,DAYLIGHT,CLEAR,DRY,,FOUR-WAY INTERSECTION,,ASPHALT,IMPROPER TURNING,$5001 TO $10000,SAME DIRECTION SIDESWIPE,WBLOOMFIELDRDWBLOOMFIELDRD,0,
ISP BLOOMINGTON 33,2.02201E+11,MONROE,BEAN BLOSSOM,ELLETTSVILLE,11/11/22,1:50 AM,2,,0,0,0,,STATE RD 46,,,,,STATE RD 46,W CHAFIN CHAPEL RD,,,,N,,0,,39.25950316,-86.65744425,STATE ROAD,,,,RURAL,N,N,N,,DAYLIGHT,CLEAR,DRY,,T-INTERSECTION,,ASPHALT,OTHER (DRIVER) - EXPLAIN IN NARRATIVE,$1001 TO $2500,REAR END,WCHAFINCHAPELRDSTATERD46,0,
BLOOMINGTON PD,B22-15798,MONROE,BLOOMINGTON,BLOOMINGTON,5/1/22,7:30 PM,2,,0,0,0,528,S COLLEGE AVE,,,,,S COLLEGE AVE,,,,,Y,,0,,39.16069591,-86.53564221,PRIVATE DRIVE,,,,URBAN,N,N,N,,DAWN/DUSK,CLEAR,DRY,,NO JUNCTION INVOLVED,,ASPHALT,UNSAFE SPEED,UNDER $1001,REAR END,SCOLLEGEAVE,0,
BLOOMINGTON PD,B22-46734,MONROE,PERRY,BLOOMINGTON,11/8/22,2:53 AM,1,,1,0,0,,W COUNTRY CLUB DR,,,,,W COUNTRY CLUB DR,S ROCKPORT RD,,,,Y,,0,,39.13639579,-86.54717407,STATE ROAD,,,,URBAN,N,N,N,,DARK (NOT LIGHTED),CLEAR,DRY,,NO JUNCTION INVOLVED,,ASPHALT,OBSTRUCTION NOT MARKED,$2501 TO $5000,COLLISION WITH OBJECT IN ROAD,WCOUNTRYCLUBDRSROCKPORTRD,0,
MONROE SD,M22A28881,MONROE,SALT CREEK,,11/25/22,1:00 AM,1,,0,0,0,,STATE RD 46,,,,,STATE RD 46,E CONARD DR,,,,N,,0,,39.152764,-86.37843071,,,,,RURAL,N,N,N,,DAYLIGHT,CLEAR,DRY,,NO JUNCTION INVOLVED,,ASPHALT,TIRE FAILURE OR DEFECTIVE,$10001 TO $25000,RAN OFF ROAD,STATERD46ECONARDDR,0,