Agency,Local Code,County,Township,City,Collision Date,Collision Time,Vehicles Involved,Trailers Involved,Number Injured,Number Dead,Number Deer,House Number,Roadway Name,Roadway Suffix,Roadway Number,Roadway Interchange,Roadway Ramp,Roadway Id,Intersecting Road,Intersecting Road Number,Mile Marker,Interchange,Corporate Limits?,Property Type,Feet From,Direction,Latitude,Longitude,Roadway Class,Traffic Control Devices?,Aggressive Driving?,Hit and Run?,Locality,School Zone?,Rumble Strips?,Construction?,Construction Type,Light Condition,Weather Conditions,Surface Condition,Type of Median,Roadway Junction Type,Road Character,Roadway Surface,Primary Factor,Damage Estimate,Manner of Collision,Unique Location Id,State Property Damage?,Traffic Control
INDIANA UNIV BLOOMINGTON PD,224026,MONROE,BLOOMINGTON,BLOOMINGTON,10/20/22,12:45 AM,2,,0,0,0,,E 17TH ST,,,,,E 17TH ST,N FEE LN,,,,Y,,0,,39.17901798,-86.51900715,LOCAL/CITY ROAD,,,,URBAN,N,N,N,,DARK (LIGHTED),CLEAR,DRY,,FOUR-WAY INTERSECTION,,ASPHALT,DISREGARD SIGNAL/REG SIGN,$5001 TO $10000,RIGHT ANGLE,NFEELNE17THST,0,
MONROE SD,M22A29419,MONROE,RICHLAND,BLOOMINGTON,12/1/22,1:24 AM,1,,0,0,0,4609,W ARLINGTON RD,,,,,W ARLINGTON RD,,,,,N,,0,,39.20783103,-86.57465308,LOCAL/CITY ROAD,,,,RURAL,N,N,N,,DARK (NOT LIGHTED),CLEAR,DRY,,NO JUNCTION INVOLVED,,ASPHALT,DRIVER ASLEEP OR FATIGUED,UNDER $1001,RAN OFF ROAD,WARLINGTONRD,0,
BLOOMINGTON PD,B22-47424,MONROE,BLOOMINGTON,BLOOMINGTON,11/13/22,10:50 AM,2,,0,0,0,,E JENNIFER DR,,,,,E JENNIFER DR,E JENNIFER CIR,,,,Y,,0,,39.12745785,-86.51985562,LOCAL/CITY ROAD,,,,URBAN,N,N,N,,DAYLIGHT,CLEAR,DRY,,T-INTERSECTION,,ASPHALT,IMPROPER TURNING,$2501 TO $5000,SAME DIRECTION SIDESWIPE,EJENNIFERDREJENNIFERCIR,0,
BLOOMINGTON PD,B22-45135,MONROE,PERRY,BLOOMINGTON,10/29/22,3:19 AM,2,,0,0,0,,S ROSE AVE,,,,,S ROSE AVE,E 3RD ST,,,,Y,,0,,39.16427891,-86.51092706,LOCAL/CITY ROAD,,,,URBAN,N,N,N,,DARK (LIGHTED),CLEAR,DRY,,FOUR-WAY INTERSECTION,,ASPHALT,FAILURE TO YIELD RIGHT OF WAY,$1001 TO $2500,RIGHT ANGLE,SROSEAVEE3RDST,0,
BLOOMINGTON PD,B22-51108,MONROE,BLOOMINGTON,BLOOMINGTON,12/9/22,12:00 AM,2,,0,0,0,,W 17TH ST,,,,,W 17TH ST,N KINSER PIKE,,,,Y,,0,,39.17901343,-86.53774176,LOCAL/CITY ROAD,,,,URBAN,N,N,N,,DAYLIGHT,RAIN,WET,,FOUR-WAY INTERSECTION,,ASPHALT,FOLLOWING TOO CLOSELY,$2501 TO $5000,REAR END,W17THSTNKINSERPIKE,0,
BLOOMINGTON PD,B22-54049,MONROE,BLOOMINGTON,BLOOMINGTON,12/31/22,3:43 PM,2,,0,0,0,,N WALNUT ST,,,,,N WALNUT ST,E. SMITH AVE,,,,Y,,0,,39.177315,-86.5335185,LOCAL/CITY ROAD,,,,URBAN,N,N,N,,DAYLIGHT,CLEAR,DRY,,T-INTERSECTION,,ASPHALT,FOLLOWING TOO CLOSELY,$2501 TO $5000,REAR END,NWALNUTSTE.SMITHAVE,0,
BLOOMINGTON PD,B22-51545,MONROE,PERRY,BLOOMINGTON,12/5/22,10:00 PM,2,,0,0,0,2748,E 3RD ST,,,,,E 3RD ST,,,,,Y,,0,,39.16383642,-86.4965119,PRIVATE DRIVE,,,,URBAN,N,N,N,,DARK (LIGHTED),CLOUDY,DRY,,NO JUNCTION INVOLVED,,ASPHALT,OTHER (DRIVER) - EXPLAIN IN NARRATIVE,UNDER $1001,BACKING CRASH,E3RDST,0,
MONROE SD,M22A29312,MONROE,VAN BUREN,BLOOMINGTON,11/30/22,7:16 AM,2,,0,0,0,,W FULLERTON PIKE,,,,,W FULLERTON PIKE,S SHARON DRIVE,,,,N,,0,,39.1226933,-86.5770532,LOCAL/CITY ROAD,,,,URBAN,N,N,N,,DAWN/DUSK,CLEAR,DRY,,NO JUNCTION INVOLVED,,ASPHALT,LEFT OF CENTER,$1001 TO $2500,OPPOSITE DIRECTION SIDESWIPE,WFULLERTONPIKESSHARONDRIVE,0,
MONROE SD,M22A30618,MONROE,BENTON,BLOOMINGTON,12/15/22,9:36 PM,2,,1,0,0,,E STATE ROAD 45,,,,,E STATE ROAD 45,BETHEL LANE,,,,N,,0,,39.210049,-86.463256,STATE ROAD,,,,RURAL,N,N,N,,DARK (NOT LIGHTED),CLEAR,WET,,T-INTERSECTION,,ASPHALT,FAILURE TO YIELD RIGHT OF WAY,$5001 TO $10000,RIGHT ANGLE,ESTATEROAD45BETHELLANE,0,
MONROE SD,M22A26589,MONROE,CLEAR CREEK,HARRODSBURG,10/29/22,9:08 PM,1,,2,0,0,,S OLD STATE ROAD 37,,,,,S OLD STATE ROAD 37,,,,,N,,0,,39.02991062,-86.54209349,,,,,RURAL,N,N,N,,DAWN/DUSK,CLEAR,DRY,,NO JUNCTION INVOLVED,,ASPHALT,FAILURE TO MAINTAIN LANE,$2501 TO $5000,RAN OFF ROAD,SOLDSTATEROAD37,0,
BLOOMINGTON PD,B22-46006,MONROE,PERRY,BLOOMINGTON,11/3/22,11:57 AM,2,,0,0,0,,600 BLK S. WOODSCREST,,,,,600 BLK S. WOODSCREST,E. 2ND ST,,,,Y,,1000,,0,0,LOCAL/CITY ROAD,,,,URBAN,N,N,N,,DAYLIGHT,CLEAR,DRY,,NO JUNCTION INVOLVED,,ASPHALT,LEFT OF CENTER,$2501 TO $5000,OPPOSITE DIRECTION SIDESWIPE,E.2NDST600BLKS.WOODSCREST,0,
BLOOMINGTON PD,B22-53091,MONROE,BLOOMINGTON,BLOOMINGTON,12/22/22,9:45 AM,2,,0,0,0,,ST RD 46 W,,,,,ST RD 46 W,N COLLEGE AVE,,,,Y,,300,,39.18634456,-86.53480347,STATE ROAD,,,,URBAN,N,N,N,,DAYLIGHT,RAIN,WET,,NO JUNCTION INVOLVED,,ASPHALT,FOLLOWING TOO CLOSELY,$10001 TO $25000,REAR END,STRD46WNCOLLEGEAVE,0,
MONROE SD,M22A29603,MONROE,CLEAR CREEK,BLOOMINGTON,12/2/22,11:16 PM,1,,1,0,0,,S OLD STATE ROAD 37,,,,,S OLD STATE ROAD 37,HARRODSBURG RD,,,,N,,686,,39.01205117,-86.54258996,STATE ROAD,,,,RURAL,N,N,N,,DARK (NOT LIGHTED),RAIN,WET,,NO JUNCTION INVOLVED,,ASPHALT,ANIMAL/OBJECT IN ROADWAY,$10001 TO $25000,RAN OFF ROAD,SOLDSTATEROAD37HARRODSBURGRD,0,
INDIANA UNIV BLOOMINGTON PD,224954,MONROE,BLOOMINGTON,BLOOMINGTON,12/16/22,3:00 PM,2,,0,0,0,,E 17TH ST,,,,,E 17TH ST,,,,,N,,0,,39.17920492,-86.52214033,PRIVATE DRIVE,,,,URBAN,N,N,N,,DAYLIGHT,CLOUDY,DRY,,NO JUNCTION INVOLVED,,ASPHALT,OTHER (DRIVER) - EXPLAIN IN NARRATIVE,$1001 TO $2500,OTHER - EXPLAIN IN NARRATIVE,E17THST,0,
MONROE SD,M22A29856,MONROE,PERRY,BLOOMINGTON,12/6/22,7:23 AM,2,,0,0,0,,S FAIRFAX RD,,,,,S FAIRFAX RD,S WALNUT STREET PIKE,,,,N,,0,,39.10719128,-86.52647442,COUNTY ROAD,,,,RURAL,N,Y,N,,DARK (NOT LIGHTED),FOG/SMOKE/SMOG,WET,,T-INTERSECTION,,ASPHALT,FAILURE TO YIELD RIGHT OF WAY,$5001 TO $10000,RIGHT ANGLE,SWALNUTSTREETPIKESFAIRFAXRD,0,
INDIANA UNIV BLOOMINGTON PD,224072,MONROE,BLOOMINGTON,BLOOMINGTON,10/22/22,9:15 PM,2,,0,0,0,,S WOODLAWN AVE,,,,,S WOODLAWN AVE,E HUNTER AVE,,,,Y,,0,,39.16265914,-86.52309484,PRIVATE DRIVE,,,,URBAN,N,N,N,,DARK (NOT LIGHTED),CLEAR,DRY,,NO JUNCTION INVOLVED,,ASPHALT,OTHER (DRIVER) - EXPLAIN IN NARRATIVE,$1001 TO $2500,SAME DIRECTION SIDESWIPE,SWOODLAWNAVEEHUNTERAVE,0,
BLOOMINGTON PD,B22-50134,MONROE,PERRY,BLOOMINGTON,12/2/22,11:00 PM,2,,1,0,0,,W TAPP RD,,,,,W TAPP RD,S ADAMS ST,,,,Y,,0,,39.13654823,-86.55412263,LOCAL/CITY ROAD,,,,URBAN,N,N,N,,DARK (LIGHTED),RAIN,WET,,TRAFFIC CIRCLE/ROUNDABOUT,,ASPHALT,FAILURE TO YIELD RIGHT OF WAY,$2501 TO $5000,REAR END,WTAPPRDSADAMSST,0,
BLOOMINGTON PD,B22-51141,MONROE,PERRY,BLOOMINGTON,12/9/22,3:24 PM,1,,0,0,0,,S. ROCKPORT RD,,,,,S. ROCKPORT RD,W. COUNTRYSIDE LANE,,,,Y,,0,,39.143378,-86.54182,LOCAL/CITY ROAD,,,,URBAN,N,N,N,,DAYLIGHT,RAIN,WET,,T-INTERSECTION,,ASPHALT,SPEED TOO FAST FOR WEATHER CONDITIONS,$1001 TO $2500,RAN OFF ROAD,W.COUNTRYSIDELANES.ROCKPORTRD,0,
BLOOMINGTON PD,B22-50190,MONROE,PERRY,BLOOMINGTON,12/3/22,10:30 AM,2,,0,0,0,,W COUNTRY CLUB DR,,,,,W COUNTRY CLUB DR,S BANTA AVE,,,,Y,,300,,39.13631738,-86.54616302,LOCAL/CITY ROAD,,,,URBAN,N,N,N,,DAYLIGHT,CLEAR,DRY,,NO JUNCTION INVOLVED,,ASPHALT,FOLLOWING TOO CLOSELY,$2501 TO $5000,REAR END,WCOUNTRYCLUBDRSBANTAAVE,0,
BLOOMINGTON PD,B22-46710,MONROE,BLOOMINGTON,BLOOMINGTON,11/7/22,9:20 PM,2,,0,0,0,,N BLAIR AVE,,,,,N BLAIR AVE,W 12TH CT,,,,Y,,211,,39.17451571,-86.54383368,LOCAL/CITY ROAD,,,,URBAN,N,N,N,,DARK (NOT LIGHTED),CLEAR,DRY,,NO JUNCTION INVOLVED,,ASPHALT,LEFT OF CENTER,$2501 TO $5000,SAME DIRECTION SIDESWIPE,W12THCTNBLAIRAVE,0,
MONROE SD,M22A28336,MONROE,BLOOMINGTON,BLOOMINGTON,11/18/22,3:55 PM,3,,1,0,0,,W 3RD ST,,,,,W 3RD ST,S LIBERTY DR,,,,Y,,0,,39.16463282,-86.57916925,LOCAL/CITY ROAD,,,,RURAL,N,N,N,,DAYLIGHT,CLEAR,DRY,,FOUR-WAY INTERSECTION,,ASPHALT,FOLLOWING TOO CLOSELY,$5001 TO $10000,REAR END,W3RDSTSLIBERTYDR,0,
BLOOMINGTON PD,B22-48434,MONROE,BLOOMINGTON,BLOOMINGTON,11/21/22,8:35 AM,2,,0,0,0,,3RD STREET,,,,,3RD STREET,,,69,,Y,,0,,0,0,LOCAL/CITY ROAD,,,,URBAN,N,N,N,,DAYLIGHT,CLEAR,DRY,,FOUR-WAY INTERSECTION,,CONCRETE,OTHER (DRIVER) - EXPLAIN IN NARRATIVE,$5001 TO $10000,SAME DIRECTION SIDESWIPE,3RDSTREET,0,
MONROE SD,M22A27802,MONROE,WASHINGTON,BLOOMINGTON,11/12/22,3:45 AM,1,,0,0,0,,CONNAUGHT RD,,,,,CONNAUGHT RD,N WALNUT ST,,,,N,,0,,39.24410744,-86.53389273,PRIVATE DRIVE,,,,RURAL,N,N,N,,DARK (NOT LIGHTED),CLEAR,DRY,,NO JUNCTION INVOLVED,,ASPHALT,UNSAFE SPEED,$25001 TO $50000,RAN OFF ROAD,NWALNUTSTCONNAUGHTRD,0,
BLOOMINGTON PD,B22-46288,MONROE,PERRY,BLOOMINGTON,11/4/22,11:30 PM,2,,0,0,0,,N WALNUT ST,,,,,N WALNUT ST,E 8TH ST,,,,Y,,158,,39.16921135,-86.53357641,STATE ROAD,,,,URBAN,N,N,N,,DARK (LIGHTED),CLEAR,DRY,,NO JUNCTION INVOLVED,,ASPHALT,UNSAFE BACKING,UNDER $1001,BACKING CRASH,NWALNUTSTE8THST,0,
ELLETTSVILLE PD,E22-04623,MONROE,RICHLAND,ELLETTSVILLE,11/8/22,1:57 PM,2,,0,0,0,,E TEMPERANCE ST,,,,,E TEMPERANCE ST,N HARTSTRAIT RD,,,,N,,0,,39.2276575,-86.61595046,LOCAL/CITY ROAD,,,,URBAN,N,N,N,,DAYLIGHT,CLEAR,DRY,,FOUR-WAY INTERSECTION,,ASPHALT,FAILURE TO YIELD RIGHT OF WAY,$2501 TO $5000,RIGHT ANGLE,NHARTSTRAITRDETEMPERANCEST,0,
INDIANA UNIV BLOOMINGTON PD,225008,MONROE,BLOOMINGTON,BLOOMINGTON,12/27/22,10:00 AM,1,,0,0,0,1400,E 17TH STREET,,,,,E 17TH STREET,,,,,Y,,0,,39.1786074,-86.51533484,PRIVATE DRIVE,,,,URBAN,N,N,N,,DAYLIGHT,CLOUDY,SNOW/SLUSH,,NO JUNCTION INVOLVED,,ASPHALT,UNSAFE BACKING,UNDER $1001,BACKING CRASH,E17THSTREET,0,
BLOOMINGTON PD,B22-51792,MONROE,PERRY,BLOOMINGTON,12/13/22,10:50 PM,1,,0,0,0,,E MOORES PIKE,,,,,E MOORES PIKE,STATE RD 446,,,,Y,,0,,39.15034755,-86.47291644,LOCAL/CITY ROAD,,,,RURAL,N,N,N,,DARK (NOT LIGHTED),CLEAR,DRY,,NO JUNCTION INVOLVED,,ASPHALT,OTHER (VEHICLE) - EXPLAIN IN NARRATIVE,$5001 TO $10000,OTHER - EXPLAIN IN NARRATIVE,STATERD446EMOORESPIKE,0,
BLOOMINGTON PD,B22-52291,MONROE,RICHLAND,BLOOMINGTON,12/16/22,6:06 PM,2,,0,0,0,,N GATES DR,,,,,N GATES DR,W RUNKLE WAY,,,,Y,,25,,39.17615251,-86.58226489,LOCAL/CITY ROAD,,,,URBAN,N,N,N,,DARK (LIGHTED),CLEAR,DRY,,NO JUNCTION INVOLVED,,ASPHALT,FAILURE TO YIELD RIGHT OF WAY,$5001 TO $10000,RIGHT ANGLE,WRUNKLEWAYNGATESDR,0,
ELLETTSVILLE PD,E22-05052,MONROE,RICHLAND,ELLETTSVILLE,12/3/22,5:45 PM,2,,3,0,0,,STATE RD 46,,,,,STATE RD 46,N LOVE LN,,,,Y,,0,,39.21996964,-86.60359775,STATE ROAD,,,,URBAN,N,N,N,,DARK (LIGHTED),CLEAR,DRY,,NO JUNCTION INVOLVED,,ASPHALT,FAILURE TO YIELD RIGHT OF WAY,$25001 TO $50000,RIGHT ANGLE,STATERD46NLOVELN,0,
INDIANA UNIV BLOOMINGTON PD,224724,MONROE,BLOOMINGTON,BLOOMINGTON,12/2/22,11:23 AM,1,,1,0,0,,S HAWTHORNE DR,,,,,S HAWTHORNE DR,E 3RD ST,,,,Y,,0,,39.16428334,-86.52009077,LOCAL/CITY ROAD,,,,URBAN,N,N,N,,DAYLIGHT,CLEAR,DRY,,FOUR-WAY INTERSECTION,,ASPHALT,FAILURE TO YIELD RIGHT OF WAY,$10001 TO $25000,RIGHT TURN,SHAWTHORNEDRE3RDST,1,
BLOOMINGTON PD,B22-50324,MONROE,BLOOMINGTON,BLOOMINGTON,12/4/22,7:55 AM,1,,1,0,0,,I-69,,,,,I-69,,,,,Y,,0,,39.18557403,-86.55682273,INTERSTATE,,,,URBAN,N,Y,N,,DAYLIGHT,CLEAR,DRY,,RAMP,,ASPHALT,DRIVER ASLEEP OR FATIGUED,$2501 TO $5000,RAN OFF ROAD,I-69,0,
BLOOMINGTON PD,B22-50495,MONROE,BLOOMINGTON,BLOOMINGTON,12/5/22,2:30 PM,2,,0,0,0,,S COLLEGE AVE,,,,,S COLLEGE AVE,W 1ST STREET,,,,Y,,0,,39.159376,-86.534971,LOCAL/CITY ROAD,,,,URBAN,N,N,N,,DAYLIGHT,CLEAR,DRY,,FOUR-WAY INTERSECTION,,ASPHALT,FOLLOWING TOO CLOSELY,$1001 TO $2500,REAR END,W1STSTREETSCOLLEGEAVE,0,
ISP BLOOMINGTON 33,2.02201E+11,MONROE,WASHINGTON,BLOOMINGTON,11/12/22,8:57 AM,1,,0,0,0,,I69,,,,,I69,,,129.5,,N,,0,,39.32136197,-86.51118864,INTERSTATE,,,,RURAL,N,N,N,,DAYLIGHT,SNOW,SNOW/SLUSH,,NO JUNCTION INVOLVED,,ASPHALT,FAILURE TO MAINTAIN LANE,$5001 TO $10000,RAN OFF ROAD,I69129.5,0,
BLOOMINGTON PD,B22-43795,MONROE,PERRY,BLOOMINGTON,10/21/22,7:11 PM,2,,0,0,0,,E 3RD ST,,,,,E 3RD ST,STATE RD 46,,,,Y,,0,,39.16424234,-86.4986396,LOCAL/CITY ROAD,,,,URBAN,N,N,N,,DAYLIGHT,CLEAR,DRY,,FOUR-WAY INTERSECTION,,ASPHALT,FAILURE TO YIELD RIGHT OF WAY,$1001 TO $2500,SAME DIRECTION SIDESWIPE,STATERD46E3RDST,0,
BLOOMINGTON PD,B22-50101,MONROE,PERRY,BLOOMINGTON,12/2/22,6:08 PM,2,,0,0,0,,S ADAMS ST,,,,,S ADAMS ST,W ALLEN ST,,,,Y,,0,,39.15586316,-86.5505403,LOCAL/CITY ROAD,,,,URBAN,N,N,N,,DARK (LIGHTED),RAIN,WET,,FOUR-WAY INTERSECTION,,ASPHALT,FAILURE TO YIELD RIGHT OF WAY,$1001 TO $2500,RIGHT ANGLE,WALLENSTSADAMSST,0,
MONROE SD,M22A27789,MONROE,PERRY,BLOOMINGTON,11/11/22,11:16 PM,1,,0,0,1,,STATE RD 37,,,,,STATE RD 37,,,,,N,,0,,39.08938638,-86.54551237,STATE ROAD,,,,RURAL,N,N,N,,DARK (NOT LIGHTED),CLEAR,DRY,,NO JUNCTION INVOLVED,,ASPHALT,ANIMAL/OBJECT IN ROADWAY,$2501 TO $5000,COLLISION WITH DEER,STATERD37,0,
ISP INDIANAPOLIS 52,2.02201E+11,MONROE,BLOOMINGTON,BLOOMINGTON,11/26/22,5:45 AM,1,,0,0,0,,W 3RD ST,,,,,W 3RD ST,I69,,,,Y,,0,,39.16458697,-86.57398171,LOCAL/CITY ROAD,,,,URBAN,N,Y,N,,DARK (LIGHTED),CLEAR,DRY,,FOUR-WAY INTERSECTION,,ASPHALT,DRIVER ASLEEP OR FATIGUED,$10001 TO $25000,RAN OFF ROAD,W3RDSTI69,0,
BLOOMINGTON PD,B22-53347,MONROE,PERRY,BLOOMINGTON,12/24/22,9:11 PM,2,,0,0,0,1919,S WALNUT ST,,,,,S WALNUT ST,,,,,Y,,0,,39.14813428,-86.53260327,PRIVATE DRIVE,,,,URBAN,N,N,N,,DARK (LIGHTED),CLEAR,SNOW/SLUSH,,NO JUNCTION INVOLVED,,CONCRETE,UNSAFE BACKING,UNDER $1001,BACKING CRASH,SWALNUTST,0,
BLOOMINGTON PD,B22-44665,MONROE,BLOOMINGTON,BLOOMINGTON,10/26/22,7:20 PM,2,,0,0,0,,N INDIANA AVE,,,,,N INDIANA AVE,E 10TH ST,,,,Y,,0,,39.17181022,-86.52696654,,,,,URBAN,N,N,N,,DARK (LIGHTED),CLEAR,DRY,,NO JUNCTION INVOLVED,,ASPHALT,UNSAFE BACKING,UNDER $1001,BACKING CRASH,NINDIANAAVEE10THST,0,
BLOOMINGTON PD,B22-43634,MONROE,PERRY,BLOOMINGTON,10/20/22,8:23 PM,2,,0,0,0,,S MULLER PKWY,,,,,S MULLER PKWY,S BASSWOOD DR,,,,Y,,0,,39.15861537,-86.56786907,LOCAL/CITY ROAD,,,,URBAN,N,N,N,,DARK (LIGHTED),CLEAR,DRY,,NO JUNCTION INVOLVED,,ASPHALT,UNSAFE BACKING,$1001 TO $2500,BACKING CRASH,SMULLERPKWYSBASSWOODDR,0,
ISP BLOOMINGTON 33,2.022E+11,MONROE,BLOOMINGTON,BLOOMINGTON,11/10/22,7:47 PM,1,,1,0,0,,STATE RD 46,,,,,STATE RD 46,E MATLOCK RD,,,,N,,0,,39.18597033,-86.51968531,STATE ROAD,,,,RURAL,N,N,N,,DARK (NOT LIGHTED),CLOUDY,DRY,,FOUR-WAY INTERSECTION,,ASPHALT,FAILURE TO YIELD RIGHT OF WAY,$2501 TO $5000,RIGHT ANGLE,STATERD46EMATLOCKRD,1,
BLOOMINGTON PD,B22-51098,MONROE,VAN BUREN,BLOOMINGTON,12/9/22,10:49 AM,2,,0,0,0,,W 3RD ST,,,,,W 3RD ST,S CURRY PIKE,,,,Y,,0,,39.16465029,-86.58296428,LOCAL/CITY ROAD,,,,URBAN,N,N,N,,DAYLIGHT,RAIN,WET,,FOUR-WAY INTERSECTION,,ASPHALT,FOLLOWING TOO CLOSELY,$2501 TO $5000,REAR END,W3RDSTSCURRYPIKE,0,
MONROE SD,M22A28120,MONROE,INDIAN CREEK,BLOOMINGTON,11/16/22,6:48 AM,1,,0,0,1,,S INTERSTATE 69,,,,,S INTERSTATE 69,,,107,,N,,0,,39.07056066,-86.66630559,INTERSTATE,,,,RURAL,N,Y,N,,DARK (NOT LIGHTED),CLEAR,DRY,,NO JUNCTION INVOLVED,,ASPHALT,ANIMAL/OBJECT IN ROADWAY,$5001 TO $10000,COLLISION WITH DEER,SINTERSTATE69107,0,
BLOOMINGTON PD,B22-45468,MONROE,BLOOMINGTON,BLOOMINGTON,10/31/22,12:10 AM,2,,0,0,0,,N. COLLEGE AVE,,,,,N. COLLEGE AVE,W. 9TH ST,,,,Y,,500,,39.170455,-86.534838,LOCAL/CITY ROAD,,,,URBAN,N,N,N,,DARK (LIGHTED),RAIN,WET,,NO JUNCTION INVOLVED,,ASPHALT,UNSAFE LANE MOVEMENT,$2501 TO $5000,SAME DIRECTION SIDESWIPE,W.9THSTN.COLLEGEAVE,0,
MONROE SD,M22A26200,MONROE,RICHLAND,BLOOMINGTON,10/25/22,12:10 PM,2,,0,0,0,,N CURRY PIKE,,,,,N CURRY PIKE,W WOODYARD RD,,,,N,,0,,39.19026046,-86.58258162,LOCAL/CITY ROAD,,,,RURAL,N,N,N,,DAYLIGHT,CLOUDY,DRY,,TRAFFIC CIRCLE/ROUNDABOUT,,ASPHALT,FAILURE TO YIELD RIGHT OF WAY,$2501 TO $5000,SAME DIRECTION SIDESWIPE,WWOODYARDRDNCURRYPIKE,0,
MONROE SD,M22A26551,MONROE,RICHLAND,BLOOMINGTON,10/29/22,7:50 AM,1,,0,0,1,,N HARTSTRAIT RD,,,,,N HARTSTRAIT RD,W RATLIFF RD,,,,N,,0,,39.20888844,-86.61138067,LOCAL/CITY ROAD,,,,URBAN,N,N,N,,DAWN/DUSK,CLEAR,DRY,,NO JUNCTION INVOLVED,,ASPHALT,ANIMAL/OBJECT IN ROADWAY,$5001 TO $10000,COLLISION WITH DEER,WRATLIFFRDNHARTSTRAITRD,0,
MONROE SD,M22A31708,MONROE,RICHLAND,BLOOMINGTON,12/31/22,3:01 PM,2,,0,0,0,,W BROOKWOOD CT,,,,,W BROOKWOOD CT,N BROOKWOOD DR,,,,Y,,0,,39.21242009,-86.60106249,PRIVATE DRIVE,,,,URBAN,N,N,N,,UNKNOWN,CLOUDY,DRY,,NO JUNCTION INVOLVED,,ASPHALT,DRIVER DISTRACTED - EXPLAIN IN NARRATIVE,$1001 TO $2500,BACKING CRASH,WBROOKWOODCTNBROOKWOODDR,0,
BLOOMINGTON PD,B22-46633,MONROE,BLOOMINGTON,BLOOMINGTON,11/7/22,11:59 AM,2,,0,0,0,3333,E 3RD ST,,,,,E 3RD ST,,,,,Y,,0,,39.16497654,-86.49164773,PRIVATE DRIVE,,,,URBAN,N,N,N,,DAYLIGHT,CLEAR,DRY,,NO JUNCTION INVOLVED,,ASPHALT,DRIVER ASLEEP OR FATIGUED,$10001 TO $25000,RAN OFF ROAD,E3RDST,0,
MONROE SD,M22A26320,MONROE,PERRY,BLOOMINGTON,10/26/22,4:04 AM,2,,0,0,0,,S ROGERS ST,,,,,S ROGERS ST,W THAT RD,,,,N,,0,,39.11321709,-86.5398328,COUNTY ROAD,,,,RURAL,N,N,N,,DAYLIGHT,CLEAR,DRY,,NO JUNCTION INVOLVED,,ASPHALT,UNSAFE BACKING,$5001 TO $10000,REAR TO REAR,WTHATRDSROGERSST,0,
ELLETTSVILLE PD,E22-05297,MONROE,RICHLAND,ELLETTSVILLE,12/17/22,6:09 PM,2,,0,0,0,4444,IN SR 46 W,,,,,IN SR 46 W,,,,,Y,,0,,39.2152365,-86.59161462,PRIVATE DRIVE,,,,URBAN,N,N,N,,DARK (LIGHTED),CLEAR,DRY,,NO JUNCTION INVOLVED,,ASPHALT,UNSAFE BACKING,$2501 TO $5000,BACKING CRASH,INSR46W,0,
BLOOMINGTON PD,B22-45569,MONROE,BLOOMINGTON,BLOOMINGTON,10/31/22,10:00 PM,2,,0,0,0,,E ATWATER AVE,,,,,E ATWATER AVE,S CLIFTON AVE,,,,Y,,0,,39.16308547,-86.50968916,LOCAL/CITY ROAD,,,,URBAN,N,N,N,,UNKNOWN,CLOUDY,DRY,,FOUR-WAY INTERSECTION,,ASPHALT,FOLLOWING TOO CLOSELY,$25001 TO $50000,REAR END,SCLIFTONAVEEATWATERAVE,0,
BLOOMINGTON PD,B22-51013,MONROE,BLOOMINGTON,BLOOMINGTON,12/8/22,5:42 PM,2,,0,0,0,,W 17TH ST,,,,,W 17TH ST,N WILLIS DR,,,,Y,,0,,39.17905125,-86.54400534,LOCAL/CITY ROAD,,,,URBAN,N,N,Y,X-OVER/LANE SHIFT,DARK (LIGHTED),RAIN,WET,,NO JUNCTION INVOLVED,,ASPHALT,FOLLOWING TOO CLOSELY,$5001 TO $10000,REAR END,W17THSTNWILLISDR,0,
MONROE SD,M22A28751,MONROE,RICHLAND,BLOOMINGTON,11/23/22,11:39 AM,2,,0,0,0,,W WOODYARD RD,,,,,W WOODYARD RD,N CURRY PIKE,,,,N,,0,,39.19007663,-86.58250452,LOCAL/CITY ROAD,,,,URBAN,N,N,N,,DAYLIGHT,CLEAR,DRY,,TRAFFIC CIRCLE/ROUNDABOUT,,ASPHALT,UNSAFE LANE MOVEMENT,$10001 TO $25000,SAME DIRECTION SIDESWIPE,WWOODYARDRDNCURRYPIKE,0,
INDIANA UNIV BLOOMINGTON PD,224913,MONROE,BLOOMINGTON,BLOOMINGTON,12/14/22,11:53 AM,2,,0,0,0,,STATE RD 45,,,,,STATE RD 45,WALKWAY,,,,N,,0,,39.17457463,-86.50392241,STATE ROAD,,,,URBAN,N,N,N,,DAYLIGHT,CLOUDY,WET,,NO JUNCTION INVOLVED,,ASPHALT,FOLLOWING TOO CLOSELY,$10001 TO $25000,REAR END,WALKWAYSTATERD45,0,
MONROE SD,M22A28029,MONROE,PERRY,BLOOMINGTON,11/15/22,7:33 AM,1,,0,0,0,,W OLD CAPITOL PIKE,,,,,W OLD CAPITOL PIKE,W OLD CAPITOL PIKE,,,,N,,0,,39.10719155,-86.55126825,PRIVATE DRIVE,,,,RURAL,N,N,N,,DAWN/DUSK,CLEAR,DRY,,NO JUNCTION INVOLVED,,ASPHALT,IMPROPER TURNING,$2501 TO $5000,SAME DIRECTION SIDESWIPE,WOLDCAPITOLPIKEWOLDCAPITOLPIKE,0,