Agency,Local Code,County,Township,City,Collision Date,Collision Time,Vehicles Involved,Trailers Involved,Number Injured,Number Dead,Number Deer,House Number,Roadway Name,Roadway Suffix,Roadway Number,Roadway Interchange,Roadway Ramp,Roadway Id,Intersecting Road,Intersecting Road Number,Mile Marker,Interchange,Corporate Limits?,Property Type,Feet From,Direction,Latitude,Longitude,Roadway Class,Traffic Control Devices?,Aggressive Driving?,Hit and Run?,Locality,School Zone?,Rumble Strips?,Construction?,Construction Type,Light Condition,Weather Conditions,Surface Condition,Type of Median,Roadway Junction Type,Road Character,Roadway Surface,Primary Factor,Damage Estimate,Manner of Collision,Unique Location Id,State Property Damage?,Traffic Control
BLOOMINGTON PD,B22-45464,MONROE,BLOOMINGTON,BLOOMINGTON,10/31/22,11:08 AM,2,,1,0,0,,N WALNUT ST,,,,,N WALNUT ST,E 14TH ST,,,,Y,,0,,39.17593951,-86.53351833,LOCAL/CITY ROAD,,,,URBAN,N,N,N,,DAYLIGHT,RAIN,WET,,FOUR-WAY INTERSECTION,,ASPHALT,UNSAFE LANE MOVEMENT,UNDER $1001,LEFT TURN,NWALNUTSTE14THST,0,
MONROE SD,M22A25558,MONROE,VAN BUREN,BLOOMINGTON,10/18/22,6:05 AM,2,,0,1,1,,S LODGE RD,,,,,S LODGE RD,S LODGE RD,,69,,N,,53,,39.07526514,-86.59196324,INTERSTATE,,,,RURAL,N,Y,N,,DARK (NOT LIGHTED),CLEAR,DRY,,NO JUNCTION INVOLVED,,ASPHALT,ANIMAL/OBJECT IN ROADWAY,$50001 TO $100000,COLLISION WITH DEER,SLODGERDSLODGERD,0,
BLOOMINGTON PD,B22-48122,MONROE,PERRY,BLOOMINGTON,11/18/22,4:14 PM,2,,0,0,0,2520,S ROCKPORT RD,,,,,S ROCKPORT RD,,,,,Y,,0,,39.14048889,-86.54852199,PRIVATE DRIVE,,,,URBAN,N,N,N,,DAYLIGHT,CLEAR,DRY,,NO JUNCTION INVOLVED,,ASPHALT,UNSAFE BACKING,$1001 TO $2500,BACKING CRASH,SROCKPORTRD,0,
BLOOMINGTON PD,B22-48341,MONROE,BLOOMINGTON,BLOOMINGTON,11/20/22,1:53 PM,2,,0,0,0,,E 3RD ST,,,,,E 3RD ST,S COLLEGE MALL RD,,,,Y,,0,,39.1642225,-86.49824812,LOCAL/CITY ROAD,,,,URBAN,N,N,N,,DAYLIGHT,CLEAR,DRY,,FOUR-WAY INTERSECTION,,ASPHALT,DISREGARD SIGNAL/REG SIGN,$5001 TO $10000,RIGHT ANGLE,SCOLLEGEMALLRDE3RDST,0,
BLOOMINGTON PD,B22-19428,MONROE,PERRY,BLOOMINGTON,5/25/22,12:00 AM,2,,0,0,0,,W STATE RD 45,,,,,W STATE RD 45,,,,,Y,,0,,39.14278891,-86.57990356,,,,,URBAN,N,N,N,,UNKNOWN,CLEAR,DRY,,NO JUNCTION INVOLVED,,ASPHALT,OTHER (DRIVER) - EXPLAIN IN NARRATIVE,UNDER $1001,BACKING CRASH,WSTATERD45,0,
BLOOMINGTON PD,B22-47971,MONROE,BLOOMINGTON,BLOOMINGTON,11/17/22,2:51 PM,2,,0,0,0,,N MADISON ST,,,,,N MADISON ST,W 14TH ST,,,,Y,,0,,39.17595018,-86.53770061,LOCAL/CITY ROAD,,,,URBAN,N,N,N,,DAYLIGHT,CLEAR,DRY,,RAMP,,ASPHALT,FAILURE TO YIELD RIGHT OF WAY,$2501 TO $5000,RIGHT ANGLE,W14THSTNMADISONST,0,
MONROE SD,M22A28436,MONROE,BLOOMINGTON,BLOOMINGTON,11/20/22,8:40 PM,1,,0,0,1,,I-69,,,,,I-69,,,,,Y,,898,,39.23781764,-86.53847999,STATE ROAD,,,,URBAN,N,N,N,,DARK (NOT LIGHTED),CLEAR,DRY,,NO JUNCTION INVOLVED,,ASPHALT,ANIMAL/OBJECT IN ROADWAY,$2501 TO $5000,COLLISION WITH DEER,I-69,0,
BLOOMINGTON PD,B22-51102,MONROE,BLOOMINGTON,BLOOMINGTON,12/9/22,1:00 AM,2,,0,0,0,256,N JACOB DR,,,,,N JACOB DR,,,,,Y,,0,,39.16828502,-86.57330274,PRIVATE DRIVE,,,,URBAN,N,N,N,,DAYLIGHT,RAIN,WET,,NO JUNCTION INVOLVED,,ASPHALT,UNSAFE BACKING,$2501 TO $5000,BACKING CRASH,NJACOBDR,0,
BLOOMINGTON PD,B22-45745,MONROE,PERRY,BLOOMINGTON,11/1/22,8:05 PM,2,,0,0,0,,E BUICK CADILLAC BLVD,,,,,E BUICK CADILLAC BLVD,S CLARIZZ BLVD,,,,Y,,0,,39.15941393,-86.49070631,LOCAL/CITY ROAD,,,,URBAN,N,N,N,,DARK (NOT LIGHTED),CLEAR,DRY,,T-INTERSECTION,,ASPHALT,IMPROPER TURNING,$2501 TO $5000,HEAD ON BETWEEN TWO MOTOR VEHICLES,SCLARIZZBLVDEBUICKCADILLACBLVD,0,
BLOOMINGTON PD,B22-48905,MONROE,BLOOMINGTON,BLOOMINGTON,11/23/22,9:05 PM,2,,0,0,0,,W FOUNTAIN DR,,,,,W FOUNTAIN DR,W GRAY ST,,,,Y,,0,,39.17289676,-86.55484975,,,,,URBAN,N,N,N,,DARK (NOT LIGHTED),CLEAR,DRY,,T-INTERSECTION,,ASPHALT,FAILURE TO YIELD RIGHT OF WAY,$1001 TO $2500,RIGHT ANGLE,WGRAYSTWFOUNTAINDR,0,
MONROE SD,M22A27667,MONROE,WASHINGTON,BLOOMINGTON,11/10/22,2:48 PM,2,,0,0,0,,N CROSSOVER RD,,,,,N CROSSOVER RD,W DITTEMORE RD,,,,N,,0,,39.30175712,-86.51917881,PRIVATE DRIVE,,,,RURAL,N,N,N,,DAYLIGHT,CLEAR,DRY,,NO JUNCTION INVOLVED,,ASPHALT,DRIVER DISTRACTED - EXPLAIN IN NARRATIVE,$10001 TO $25000,RAN OFF ROAD,WDITTEMORERDNCROSSOVERRD,0,
BLOOMINGTON PD,B22-49005,MONROE,PERRY,BLOOMINGTON,11/25/22,10:50 AM,2,,0,0,0,,E 1ST ST,,,,,E 1ST ST,S FESS AVENUE,,,,Y,,0,,39.15931086,-86.52593059,,,,,URBAN,N,N,N,,DAYLIGHT,CLEAR,WET,,FOUR-WAY INTERSECTION,,ASPHALT,FAILURE TO YIELD RIGHT OF WAY,$5001 TO $10000,RIGHT ANGLE,SFESSAVENUEE1STST,0,
BLOOMINGTON PD,B22-51591,MONROE,PERRY,BLOOMINGTON,12/12/22,5:46 PM,2,,0,0,0,,S COLLEGE MALL RD,,,,,S COLLEGE MALL RD,E COVENANTER DR,,,,Y,,1056,,39.15335687,-86.49766034,LOCAL/CITY ROAD,,,,URBAN,N,N,N,,DARK (LIGHTED),CLEAR,DRY,,NO JUNCTION INVOLVED,,ASPHALT,FOLLOWING TOO CLOSELY,$25001 TO $50000,REAR END,SCOLLEGEMALLRDECOVENANTERDR,0,
INDIANA UNIV BLOOMINGTON PD,224455,MONROE,BLOOMINGTON,BLOOMINGTON,11/11/22,9:48 PM,2,,0,0,0,,STATE RD 46,,,,,STATE RD 46,E 10TH ST,,,,Y,,422,,39.1708432,-86.50197311,STATE ROAD,,,,URBAN,N,N,N,,DARK (LIGHTED),CLEAR,DRY,,RAILROAD CROSSINGS,,ASPHALT,FOLLOWING TOO CLOSELY,$5001 TO $10000,REAR END,STATERD46E10THST,0,
INDIANA UNIV BLOOMINGTON PD,224936,MONROE,BLOOMINGTON,BLOOMINGTON,12/15/22,3:45 PM,1,,0,0,0,,E 10TH ST,,,,,E 10TH ST,N CAMPBELL ST,,,,Y,,0,,39.17162402,-86.51376075,LOCAL/CITY ROAD,,,,URBAN,N,N,N,,DAYLIGHT,CLOUDY,DRY,,NO JUNCTION INVOLVED,,ASPHALT,UNSAFE SPEED,$5001 TO $10000,RAN OFF ROAD,NCAMPBELLSTE10THST,0,
MONROE SD,M22A30861,MONROE,RICHLAND,BLOOMINGTON,12/19/22,10:25 AM,2,,1,0,0,,W VERNAL PIKE,,,,,W VERNAL PIKE,,,,,N,,0,,39.17916443,-86.58653071,LOCAL/CITY ROAD,,,,RURAL,N,N,N,,DAYLIGHT,CLEAR,DRY,,NO JUNCTION INVOLVED,,ASPHALT,FOLLOWING TOO CLOSELY,$5001 TO $10000,REAR END,WVERNALPIKE,0,
BLOOMINGTON PD,B22-47852,MONROE,BLOOMINGTON,BLOOMINGTON,11/16/22,5:03 PM,2,,0,0,0,,N COLLEGE AVE,,,,,N COLLEGE AVE,W 8TH ST,,,,Y,,0,,39.16967824,-86.53489445,LOCAL/CITY ROAD,,,,URBAN,N,N,N,,DARK (LIGHTED),CLEAR,DRY,,FOUR-WAY INTERSECTION,,ASPHALT,FAILURE TO YIELD RIGHT OF WAY,$2501 TO $5000,SAME DIRECTION SIDESWIPE,W8THSTNCOLLEGEAVE,0,
BLOOMINGTON PD,B22-53050,MONROE,VAN BUREN,BLOOMINGTON,12/21/22,5:10 PM,2,,0,0,0,,"3205 W, IN-45",,,,,"3205 W, IN-45",,,,,Y,,0,,39.144451,-86.576037,PRIVATE DRIVE,,,,URBAN,N,N,N,,DAWN/DUSK,CLOUDY,DRY,,NO JUNCTION INVOLVED,,ASPHALT,IMPROPER PASSING,$1001 TO $2500,SAME DIRECTION SIDESWIPE,"3205W,IN-45",0,
BLOOMINGTON PD,B22-50491,MONROE,BLOOMINGTON,BLOOMINGTON,12/5/22,2:14 PM,2,,1,0,0,,STATE ROAD 45/46 BYPASS,,,,,STATE ROAD 45/46 BYPASS,N KINSER PIKE,,,,Y,,0,,39.18644305,-86.53770393,STATE ROAD,,,,URBAN,N,N,N,,DAYLIGHT,CLOUDY,DRY,,FOUR-WAY INTERSECTION,,ASPHALT,FAILURE TO YIELD RIGHT OF WAY,$50001 TO $100000,RIGHT ANGLE,STATEROAD45/46BYPASSNKINSERPIKE,0,
BLOOMINGTON PD,B22-46180,MONROE,BLOOMINGTON,BLOOMINGTON,11/4/22,1:50 PM,2,,1,0,0,,E HILLSIDE DR,,,,,E HILLSIDE DR,S WOODLAWN AVE,,,,Y,,0,,39.15053017,-86.52261562,LOCAL/CITY ROAD,,,,URBAN,N,N,N,,DAYLIGHT,CLEAR,DRY,,T-INTERSECTION,,ASPHALT,FAILURE TO YIELD RIGHT OF WAY,$1001 TO $2500,LEFT TURN,SWOODLAWNAVEEHILLSIDEDR,0,
MONROE SD,M22A29812,MONROE,RICHLAND,BLOOMINGTON,12/5/22,3:35 PM,2,,0,0,0,,STATE RD 46,,,,,STATE RD 46,N SISCOE LN,,,,N,,1003,,39.27322409,-86.67355401,STATE ROAD,,,,RURAL,N,N,N,,DAYLIGHT,CLEAR,DRY,,NO JUNCTION INVOLVED,,ASPHALT,FOLLOWING TOO CLOSELY,$5001 TO $10000,REAR END,STATERD46NSISCOELN,0,
BLOOMINGTON PD,B22-01162,MONROE,PERRY,BLOOMINGTON,1/11/22,2:00 PM,2,,0,0,0,2966,E 3RD ST.,,,,,E 3RD ST.,,,,,Y,,0,,39.16224585,-86.49178911,LOCAL/CITY ROAD,,,,URBAN,N,N,N,,DAYLIGHT,CLEAR,DRY,,NO JUNCTION INVOLVED,,ASPHALT,UNSAFE SPEED,$1001 TO $2500,RIGHT TURN,E3RDST.,0,
BLOOMINGTON PD,B22-01814,MONROE,BLOOMINGTON,BLOOMINGTON,1/17/22,2:37 AM,2,,0,0,0,,S FESS AVE,,,,,S FESS AVE,E 1ST ST,,,,Y,,0,,39.15880021,-86.52596212,LOCAL/CITY ROAD,,,,URBAN,N,N,N,,DAYLIGHT,CLOUDY,WET,,NO JUNCTION INVOLVED,,ASPHALT,UNSAFE BACKING,UNDER $1001,BACKING CRASH,SFESSAVEE1STST,0,
MONROE SD,M22A785,MONROE,RICHLAND,BLOOMINGTON,1/11/22,9:18 AM,1,0,0,0,1,,W VERNAL,PIKE,,,,W VERNAL,N HARTSTRAIT,,,,N,,300,W,39.186767,-86.61124701,COUNTY ROAD,,N,N,RURAL,N,N,N,,DAYLIGHT,CLEAR,DRY,,FOUR-WAY INTERSECTION,STRAIGHT/LEVEL,ASPHALT,ANIMAL/OBJECT IN ROADWAY,$2501 TO $5000,COLLISION WITH DEER,NHARTSTRAITRDWVERNALPIKE,0,NONE
MONROE SD,M22A1235,MONROE,CLEAR CREEK,BLOOMINGTON,1/17/22,9:52 AM,1,,0,0,0,,SOUTH OLD STATE ROAD 37,,,,,SOUTH OLD STATE ROAD 37,WEST ZIKES ROAD,,,,N,,0,,39.049386,-86.541039,COUNTY ROAD,,,,RURAL,N,N,N,,DAYLIGHT,CLOUDY,ICE,,NO JUNCTION INVOLVED,,ASPHALT,ROADWAY SURFACE CONDITION,$5001 TO $10000,RAN OFF ROAD,WESTZIKESROADSOUTHOLDSTATEROAD37,0,
BLOOMINGTON PD,B22-02402,MONROE,PERRY,BLOOMINGTON,1/22/22,5:40 AM,2,,2,0,0,,S ROGERS ST,,,,,S ROGERS ST,W COUNTRY CLUB DR,,,,Y,,0,,39.13604754,-86.53825825,,,,,RURAL,N,N,N,,DAWN/DUSK,CLEAR,DRY,,FOUR-WAY INTERSECTION,,ASPHALT,FAILURE TO YIELD RIGHT OF WAY,$10001 TO $25000,RIGHT ANGLE,WCOUNTRYCLUBDRSROGERSST,0,
BLOOMINGTON PD,B22-00053,MONROE,PERRY,BLOOMINGTON,1/1/22,2:45 PM,1,,0,0,0,,W. KIRWOOD AVE,,,,,W. KIRWOOD AVE,S. MAPLE ST,,,,Y,,200,,39.166628,-86.542194,LOCAL/CITY ROAD,,,,URBAN,Y,N,N,,DAYLIGHT,RAIN,WET,,NO JUNCTION INVOLVED,,ASPHALT,FOLLOWING TOO CLOSELY,$1001 TO $2500,RAN OFF ROAD,W.KIRWOODAVES.MAPLEST,0,
BLOOMINGTON PD,B22-02243,MONROE,PERRY,BLOOMINGTON,1/21/22,8:20 AM,2,,0,0,0,,130 W. GRIMES LN,,,,,130 W. GRIMES LN,,,,,Y,,0,,0,0,LOCAL/CITY ROAD,,,,URBAN,N,N,N,,DAYLIGHT,CLEAR,DRY,,NO JUNCTION INVOLVED,,CONCRETE,UNSAFE BACKING,$2501 TO $5000,BACKING CRASH,130W.GRIMESLN,0,
INDIANA UNIV BLOOMINGTON PD,220103,MONROE,BLOOMINGTON,BLOOMINGTON,1/13/22,5:50 PM,2,,2,0,0,,STATE RD 45,,,,,STATE RD 45,N MILO B SAMPSON LN,,,,Y,,0,,39.18622857,-86.52207604,STATE ROAD,,,,URBAN,N,N,N,,DARK (NOT LIGHTED),CLEAR,DRY,,T-INTERSECTION,,ASPHALT,DISREGARD SIGNAL/REG SIGN,$10001 TO $25000,RIGHT ANGLE,STATERD45NMILOBSAMPSONLN,0,
BLOOMINGTON PD,B22-01341,MONROE,,BLOOMINGTON,1/13/22,11:19 AM,2,,0,0,0,,ALEXANDER DR,,,,,ALEXANDER DR,N JACOB DR,,,,N,,0,,39.1687823,-86.5735697,LOCAL/CITY ROAD,,,,URBAN,N,N,N,,DAYLIGHT,CLEAR,DRY,,FOUR-WAY INTERSECTION,,ASPHALT,FAILURE TO YIELD RIGHT OF WAY,$2501 TO $5000,RIGHT ANGLE,NJACOBDRALEXANDERDR,0,
MONROE SD,M22A1289,MONROE,BLOOMINGTON,BLOOMINGTON,1/18/22,1:32 AM,1,,0,0,1,,W VERNAL PIKE,,,,,W VERNAL PIKE,ENTERPRISE DR,,,,N,,0,,39.17923885,-86.56606885,LOCAL/CITY ROAD,,,,RURAL,N,N,N,,DARK (NOT LIGHTED),CLEAR,DRY,,FOUR-WAY INTERSECTION,,ASPHALT,ANIMAL/OBJECT IN ROADWAY,$5001 TO $10000,COLLISION WITH DEER,WVERNALPIKEENTERPRISEDR,0,
INDIANA UNIV BLOOMINGTON PD,220194,MONROE,BLOOMINGTON,BLOOMINGTON,1/20/22,8:10 PM,2,,0,0,0,,E KIRKWOOD AVE,,,,,E KIRKWOOD AVE,S INDIANA AVE,,,,Y,,0,,39.1665085,-86.52705378,LOCAL/CITY ROAD,,,,URBAN,N,N,N,,DARK (NOT LIGHTED),CLEAR,DRY,,T-INTERSECTION,,ASPHALT,UNSAFE BACKING,$2501 TO $5000,BACKING CRASH,SINDIANAAVEEKIRKWOODAVE,0,
INDIANA UNIV BLOOMINGTON PD,220214,MONROE,BLOOMINGTON,BLOOMINGTON,1/10/22,9:00 PM,2,,0,0,0,,E ATWATER AVE,,,,,E ATWATER AVE,S PARK AVE,,,,Y,,0,,39.16331839,-86.52381904,LOCAL/CITY ROAD,,,,URBAN,N,N,N,,UNKNOWN,CLEAR,DRY,,NO JUNCTION INVOLVED,,ASPHALT,OTHER (DRIVER) - EXPLAIN IN NARRATIVE,$1001 TO $2500,OTHER - EXPLAIN IN NARRATIVE,SPARKAVEEATWATERAVE,0,
INDIANA UNIV BLOOMINGTON PD,220145,MONROE,BLOOMINGTON,BLOOMINGTON,1/18/22,9:15 AM,1,0,0,0,0,,17TH,ST,,,,17TH,WOODLAWN,,,,Y,,,,39.178992,-86.523504,LOCAL/CITY ROAD,Y,N,N,URBAN,N,N,N,,DAYLIGHT,CLOUDY,WET,,NO JUNCTION INVOLVED,STRAIGHT/GRADE,ASPHALT,UNSAFE SPEED,$2501 TO $5000,RAN OFF ROAD,17THSTWOODLAWNAVE,0,TRAFFIC CONTROL SIGNAL
BLOOMINGTON PD,B22-02126,MONROE,BLOOMINGTON,BLOOMINGTON,1/20/22,9:55 AM,2,,0,0,0,,3200 E. JOHN HINKLE,,,,,3200 E. JOHN HINKLE,PETE ELLIS DR,,,,Y,,300,,39.1702807,-86.4943792,LOCAL/CITY ROAD,,,,URBAN,N,N,N,,DAYLIGHT,CLOUDY,DRY,,T-INTERSECTION,,ASPHALT,FAILURE TO YIELD RIGHT OF WAY,$2501 TO $5000,RIGHT ANGLE,PETEELLISDR3200E.JOHNHINKLE,0,
BLOOMINGTON PD,B22-00227,MONROE,PERRY,BLOOMINGTON,1/3/22,4:20 PM,2,,0,0,0,,S ADAMS ST,,,,,S ADAMS ST,W BLOOMFIELD RD,,,,Y,,634,,39.15929784,-86.55076984,LOCAL/CITY ROAD,,,,URBAN,N,N,N,,DAYLIGHT,CLEAR,DRY,,NO JUNCTION INVOLVED,,ASPHALT,OTHER (VEHICLE) - EXPLAIN IN NARRATIVE,$1001 TO $2500,OPPOSITE DIRECTION SIDESWIPE,WBLOOMFIELDRDSADAMSST,0,
BLOOMINGTON PD,B22-00326,MONROE,BLOOMINGTON,BLOOMINGTON,1/4/22,3:44 PM,2,,0,0,0,,S LEONARD SPRINGS RD,,,,,S LEONARD SPRINGS RD,STATE RD 45,,,,Y,,0,,39.14112637,-86.58263179,LOCAL/CITY ROAD,,,,URBAN,N,N,N,,DAYLIGHT,CLEAR,DRY,,FOUR-WAY INTERSECTION,,ASPHALT,FOLLOWING TOO CLOSELY,$1001 TO $2500,REAR END,STATERD45SLEONARDSPRINGSRD,0,
BLOOMINGTON PD,B22-02692,MONROE,PERRY,BLOOMINGTON,1/25/22,1:38 AM,1,,0,0,0,,E ROGERS RD,,,,,E ROGERS RD,S SARE RD,,,,Y,,0,,39.13596293,-86.49657316,LOCAL/CITY ROAD,,,,RURAL,N,N,N,,DARK (NOT LIGHTED),CLEAR,DRY,,TRAFFIC CIRCLE/ROUNDABOUT,,ASPHALT,OTHER (DRIVER) - EXPLAIN IN NARRATIVE,$5001 TO $10000,RAN OFF ROAD,SSARERDEROGERSRD,0,
BLOOMINGTON PD,B22-02864,MONROE,PERRY,BLOOMINGTON,1/26/22,11:16 AM,2,,0,0,0,,2966 E 3RD STREET,,,,,2966 E 3RD STREET,,,,,Y,,0,,39.1621793,-86.49184633,LOCAL/CITY ROAD,,,,URBAN,N,N,N,,DAYLIGHT,CLEAR,DRY,,NO JUNCTION INVOLVED,,ASPHALT,IMPROPER TURNING,UNDER $1001,RIGHT TURN,2966E3RDSTREET,0,
BLOOMINGTON PD,B22-02063,MONROE,PERRY,BLOOMINGTON,1/19/22,7:24 PM,1,,0,0,0,,W BLOOMFIELD RD,,,,,W BLOOMFIELD RD,S STONE DR,,,,Y,,250,,39.15100044,-86.56786525,LOCAL/CITY ROAD,,,,URBAN,N,N,N,,DARK (LIGHTED),CLEAR,DRY,,NO JUNCTION INVOLVED,,ASPHALT,ANIMAL/OBJECT IN ROADWAY,$1001 TO $2500,COLLISION WITH DEER,WBLOOMFIELDRDSSTONEDR,0,
MONROE SD,M22A1119,MONROE,VAN BUREN,BLOOMINGTON,1/15/22,4:01 PM,1,0,0,0,0,,GIFFORD,RD,,,,GIFFORD,WOODSIDE,,,,N,,565,E,39.15461465,-86.58684546,LOCAL/CITY ROAD,,N,N,URBAN,N,N,N,,DARK (NOT LIGHTED),SNOW,SNOW/SLUSH,,NO JUNCTION INVOLVED,CURVE/LEVEL,ASPHALT,RAN OFF ROAD RIGHT,$1001 TO $2500,RAN OFF ROAD,GIFFORDRDWOODSIDEDR,0,LANE CONTROL
ISP BLOOMINGTON 33,2.022E+11,MONROE,PERRY,BLOOMINGTON,1/8/22,2:35 PM,1,,0,0,0,,I-69,,,,,I-69,,,105.5,,N,,0,,39.05742423,-86.6815579,INTERSTATE,,,,RURAL,N,N,N,,DAYLIGHT,SLEET/HAIL/FREEZING RAIN,ICE,,NO JUNCTION INVOLVED,,CONCRETE,FAILURE TO MAINTAIN LANE,$5001 TO $10000,RAN OFF ROAD,I-69105.5,0,
BLOOMINGTON PD,B22-01702,MONROE,BLOOMINGTON,BLOOMINGTON,1/16/22,3:26 PM,2,,0,0,0,,E 3RD ST,,,,,E 3RD ST,S UNION ST,,,,Y,,0,,39.16426,-86.509383,LOCAL/CITY ROAD,,,,URBAN,N,N,N,,DAYLIGHT,CLEAR,DRY,,NO JUNCTION INVOLVED,,ASPHALT,BRAKE FAILURE OR DEFECTIVE,$5001 TO $10000,REAR END,SUNIONSTE3RDST,0,
MONROE SD,M22A141,MONROE,RICHLAND,BLOOMINGTON,1/3/22,8:56 AM,1,0,0,0,0,,W REEVES,RD,,,,W REEVES,GILMORE,,,,N,,750,E,39.231648,-86.671296,LOCAL/CITY ROAD,,N,N,RURAL,N,N,N,,DAYLIGHT,CLEAR,DRY,,T-INTERSECTION,STRAIGHT/HILLCREST,ASPHALT,ANIMAL/OBJECT IN ROADWAY,$5001 TO $10000,RAN OFF ROAD,GILMORERDWREEVESRD,0,NONE
MONROE SD,M22A135,MONROE,BEAN BLOSSOM,BLOOMINGTON,1/3/22,7:47 AM,1,1,0,0,0,6565,N SHOWERS,RD,,,,N SHOWERS,,,,,N,PRIVATE,,,39.24638316,-86.52910063,COUNTY ROAD,,N,N,RURAL,N,N,N,,DARK (NOT LIGHTED),CLEAR,DRY,,NO JUNCTION INVOLVED,STRAIGHT/LEVEL,ASPHALT,RAN OFF ROAD RIGHT,$1001 TO $2500,RAN OFF ROAD,NSHOWERSRD,0,STOP SIGN
BLOOMINGTON PD,B22-00686,MONROE,VAN BUREN,BLOOMINGTON,1/7/22,11:31 AM,2,,0,0,0,,3205 W SR 45,,,,,3205 W SR 45,SAM'S CLUB ENTRANCE,,,,Y,,0,,0,0,STATE ROAD,,,,URBAN,N,N,N,,DAYLIGHT,CLEAR,DRY,,FOUR-WAY INTERSECTION,,ASPHALT,FOLLOWING TOO CLOSELY,$2501 TO $5000,REAR END,SAM'SCLUBENTRANCE3205WSR45,0,
BLOOMINGTON PD,B22-00303,MONROE,,BLOOMINGTON,1/4/22,12:34 PM,2,,0,0,0,,W 3RD ST,,,,,W 3RD ST,I 69 BYPASS,,,,Y,,0,,0,0,LOCAL/CITY ROAD,,,,URBAN,N,N,N,,DAYLIGHT,CLEAR,DRY,,FOUR-WAY INTERSECTION,,ASPHALT,FAILURE TO YIELD RIGHT OF WAY,$2501 TO $5000,RIGHT ANGLE,W3RDSTI69BYPASS,0,
MONROE SD,M22A17167,MONROE,WASHINGTON,BLOOMINGTON,7/17/22,1:36 PM,1,,1,0,0,6055,N OLD SR 37,,,,,N OLD SR 37,,,,,N,,0,,,,STATE ROAD,,,,RURAL,N,N,N,,DAYLIGHT,RAIN,WET,,NO JUNCTION INVOLVED,,ASPHALT,UNSAFE SPEED,$5001 TO $10000,RAN OFF ROAD,NOLDSR37,0,
BLOOMINGTON PD,B22-25469,MONROE,BLOOMINGTON,BLOOMINGTON,7/5/22,1:30 PM,1,,1,0,0,,W 17TH ST,,,,,W 17TH ST,N WILLIS DR,,,,Y,,0,,39.17903439,-86.5441438,LOCAL/CITY ROAD,,,,URBAN,N,N,N,,DAYLIGHT,CLEAR,DRY,,T-INTERSECTION,,ASPHALT,FAILURE TO YIELD RIGHT OF WAY,UNDER $1001,OTHER - EXPLAIN IN NARRATIVE,W17THSTNWILLISDR,1,
BLOOMINGTON PD,B22-37466,MONROE,BLOOMINGTON,BLOOMINGTON,9/16/22,1:44 PM,2,,0,0,0,111,N ROGERS ST,,,,,N ROGERS ST,,,,,Y,,0,,39.16734296,-86.53876118,LOCAL/CITY ROAD,,,,URBAN,N,N,N,,DAYLIGHT,CLEAR,DRY,,NO JUNCTION INVOLVED,,ASPHALT,UNSAFE BACKING,$1001 TO $2500,REAR TO REAR,NROGERSST,0,
BLOOMINGTON PD,B22-29026,MONROE,BLOOMINGTON,BLOOMINGTON,7/29/22,8:50 AM,2,,0,0,0,,W 16TH ST,,,,,W 16TH ST,N WOODBURN AVE,,,,Y,,0,,39.17775102,-86.53605213,LOCAL/CITY ROAD,,,,URBAN,N,N,N,,DAYLIGHT,CLEAR,DRY,,T-INTERSECTION,,ASPHALT,OTHER (DRIVER) - EXPLAIN IN NARRATIVE,$2501 TO $5000,OPPOSITE DIRECTION SIDESWIPE,W16THSTNWOODBURNAVE,0,
MONROE SD,M22A19087,MONROE,VAN BUREN,BLOOMINGTON,8/5/22,3:46 AM,3,,2,0,0,,W BELLE AVE,,,,,W BELLE AVE,S CURRY PIKE,,,,N,,0,,39.16328848,-86.58281292,,,,,RURAL,N,N,N,,DAYLIGHT,CLEAR,DRY,,T-INTERSECTION,,ASPHALT,FAILURE TO YIELD RIGHT OF WAY,$10001 TO $25000,OPPOSITE DIRECTION SIDESWIPE,WBELLEAVESCURRYPIKE,0,
BLOOMINGTON PD,B22-21690,MONROE,PERRY,BLOOMINGTON,6/10/22,2:50 PM,2,,0,0,0,,W 3RD ST,,,,,W 3RD ST,S WESTPLEX AVE,,,,Y,,370,,39.16440395,-86.55303187,LOCAL/CITY ROAD,,,,URBAN,N,N,N,,DAYLIGHT,RAIN,WET,,NO JUNCTION INVOLVED,,ASPHALT,FOLLOWING TOO CLOSELY,$5001 TO $10000,REAR END,W3RDSTSWESTPLEXAVE,0,
INDIANA UNIV BLOOMINGTON PD,221803,MONROE,BLOOMINGTON,BLOOMINGTON,5/7/22,2:30 PM,2,,0,0,0,,E 3RD ST,,,,,E 3RD ST,S HIGHLAND AVE,,,,N,,0,,39.16428369,-86.51772013,LOCAL/CITY ROAD,,,,URBAN,N,N,N,,DAYLIGHT,CLOUDY,DRY,,T-INTERSECTION,,ASPHALT,IMPROPER TURNING,$1001 TO $2500,SAME DIRECTION SIDESWIPE,SHIGHLANDAVEE3RDST,0,
MONROE SD,M22A21753,MONROE,VAN BUREN,BLOOMINGTON,9/4/22,3:25 AM,2,,0,0,0,,4128 HIGHLAND CT,,,,,4128 HIGHLAND CT,,,,,N,,0,,0,0,,,,,URBAN,N,N,N,,DAYLIGHT,CLEAR,DRY,,NO JUNCTION INVOLVED,,ASPHALT,UNSAFE BACKING,$10001 TO $25000,REAR TO REAR,4128HIGHLANDCT,0,