Agency,Local Code,County,Township,City,Collision Date,Collision Time,Vehicles Involved,Trailers Involved,Number Injured,Number Dead,Number Deer,House Number,Roadway Name,Roadway Suffix,Roadway Number,Roadway Interchange,Roadway Ramp,Roadway Id,Intersecting Road,Intersecting Road Number,Mile Marker,Interchange,Corporate Limits?,Property Type,Feet From,Direction,Latitude,Longitude,Roadway Class,Traffic Control Devices?,Aggressive Driving?,Hit and Run?,Locality,School Zone?,Rumble Strips?,Construction?,Construction Type,Light Condition,Weather Conditions,Surface Condition,Type of Median,Roadway Junction Type,Road Character,Roadway Surface,Primary Factor,Damage Estimate,Manner of Collision,Unique Location Id,State Property Damage?,Traffic Control
BLOOMINGTON PD,B22-02960,MONROE,,BLOOMINGTON,1/27/22,10:20 AM,2,,0,0,0,,ROGERS ST,,,,,ROGERS ST,PATTERSON DR,,,,Y,,0,,39.153791,-86.538749,LOCAL/CITY ROAD,,,,URBAN,N,N,N,,DAYLIGHT,BLOWING SAND/SOIL/SNOW,SNOW/SLUSH,,FOUR-WAY INTERSECTION,,ASPHALT,UNSAFE LANE MOVEMENT,$1001 TO $2500,RIGHT ANGLE,ROGERSSTPATTERSONDR,0,
BLOOMINGTON PD,B22-21672,MONROE,BLOOMINGTON,BLOOMINGTON,6/10/22,12:51 PM,2,,0,0,0,,S WALNUT ST,,,,,S WALNUT ST,W 3RD ST,,,,Y,,0,,39.16462856,-86.53364129,LOCAL/CITY ROAD,,,,URBAN,N,N,N,,DAYLIGHT,RAIN,WET,,FOUR-WAY INTERSECTION,,ASPHALT,DISREGARD SIGNAL/REG SIGN,$5001 TO $10000,RIGHT ANGLE,W3RDSTSWALNUTST,0,
INDIANA UNIV BLOOMINGTON PD,220958,MONROE,BLOOMINGTON,BLOOMINGTON,3/11/22,5:30 PM,2,,0,0,0,2651,E DISCOVERY PARKWAY,,,,,E DISCOVERY PARKWAY,,,,,Y,,0,,39.1757,-86.503116,PRIVATE DRIVE,,,,URBAN,N,N,N,,DAYLIGHT,CLOUDY,WET,,FOUR-WAY INTERSECTION,,ASPHALT,FAILURE TO YIELD RIGHT OF WAY,$10001 TO $25000,RIGHT ANGLE,EDISCOVERYPARKWAY,0,
MONROE SD,M22A18579,MONROE,CLEAR CREEK,BLOOMINGTON,7/31/22,9:19 PM,1,,0,0,1,,STATE RD 37,,,,,STATE RD 37,,,,,N,,0,,39.03929914,-86.53586174,STATE ROAD,,,,RURAL,N,N,N,,DARK (NOT LIGHTED),CLEAR,DRY,,NO JUNCTION INVOLVED,,ASPHALT,ANIMAL/OBJECT IN ROADWAY,$2501 TO $5000,COLLISION WITH DEER,STATERD37,0,
MONROE SD,M22A2185,MONROE,BLOOMINGTON,BLOOMINGTON,1/28/22,2:55 PM,1,,0,0,0,301,N COLLEGE AVE.,,,,,N COLLEGE AVE.,,,,,Y,,0,,39.16889773,-86.53546631,LOCAL/CITY ROAD,,,,URBAN,N,N,N,,DAYLIGHT,SNOW,DRY,,NO JUNCTION INVOLVED,,CONCRETE,FAILURE TO MAINTAIN LANE,$1001 TO $2500,SAME DIRECTION SIDESWIPE,NCOLLEGEAVE.,0,
BLOOMINGTON PD,B22-29989,MONROE,PERRY,BLOOMINGTON,8/4/22,8:54 AM,2,,0,0,0,,W COUNTRY CLUB DR,,,,,W COUNTRY CLUB DR,B-LINE,,,,Y,,0,,39.13595534,-86.5350523,LOCAL/CITY ROAD,,,,URBAN,N,N,N,,DAYLIGHT,RAIN,WET,,TRAIL CROSSINGS,,ASPHALT,FOLLOWING TOO CLOSELY,$5001 TO $10000,REAR END,WCOUNTRYCLUBDRB-LINE,0,
MONROE SD,M22A19552,MONROE,BLOOMINGTON,BLOOMINGTON,8/11/22,5:50 AM,1,,0,0,1,,STATE RD 37,,,,,STATE RD 37,,,,,N,,0,,39.04198018,-86.53598017,STATE ROAD,,,,RURAL,N,N,N,,DARK (NOT LIGHTED),CLEAR,DRY,,NO JUNCTION INVOLVED,,ASPHALT,ANIMAL/OBJECT IN ROADWAY,$10001 TO $25000,COLLISION WITH DEER,STATERD37,0,
MONROE SD,M22A7190,MONROE,,BLOOMINGTON,3/30/22,7:31 AM,2,,2,0,0,,N CURRY PIKE,,,,,N CURRY PIKE,W VERNAL PIKE,,,,N,,0,,39.179165,-86.583074,LOCAL/CITY ROAD,,,,URBAN,N,N,N,,DAYLIGHT,CLEAR,DRY,,FOUR-WAY INTERSECTION,,ASPHALT,FAILURE TO YIELD RIGHT OF WAY,$10001 TO $25000,RIGHT ANGLE,WVERNALPIKENCURRYPIKE,0,
MONROE SD,M22A16369,MONROE,CLEAR CREEK,BLOOMINGTON,7/8/22,2:03 PM,1,,1,0,1,,S STRAIN RIDGE RD,,,,,S STRAIN RIDGE RD,E CHARLES WAY,,,,N,,0,,39.03908343,-86.5153735,LOCAL/CITY ROAD,,,,RURAL,N,N,N,,DAYLIGHT,RAIN,WET,,NO JUNCTION INVOLVED,,ASPHALT,ANIMAL/OBJECT IN ROADWAY,$5001 TO $10000,RAN OFF ROAD,SSTRAINRIDGERDECHARLESWAY,0,
BLOOMINGTON PD,B22-38056,MONROE,PERRY,BLOOMINGTON,9/20/22,10:25 AM,2,,0,0,0,,411 S. WOODSCREST DRIVE,,,,,411 S. WOODSCREST DRIVE,,,,,Y,,0,,0,0,PRIVATE DRIVE,,,,URBAN,N,N,N,,DAYLIGHT,CLEAR,DRY,,NO JUNCTION INVOLVED,,ASPHALT,UNSAFE BACKING,$2501 TO $5000,BACKING CRASH,411S.WOODSCRESTDRIVE,0,
INDIANA UNIV BLOOMINGTON PD,223806,MONROE,BLOOMINGTON,BLOOMINGTON,10/7/22,10:10 PM,1,,1,0,0,,S BALLANTINE RD,,,,,S BALLANTINE RD,E ATWATER AVE,,,,Y,,317,,39.16363346,-86.51909164,LOCAL/CITY ROAD,,,,URBAN,N,N,N,,DARK (NOT LIGHTED),CLEAR,DRY,,NO JUNCTION INVOLVED,,ASPHALT,DRIVER DISTRACTED - EXPLAIN IN NARRATIVE,UNDER $1001,OTHER - EXPLAIN IN NARRATIVE,SBALLANTINERDEATWATERAVE,1,
INDIANA UNIV BLOOMINGTON PD,220926,MONROE,PERRY,BLOOMINGTON,3/10/22,2:40 AM,2,,0,0,0,,S HIGHLAND AVE,,,,,S HIGHLAND AVE,E HUNTER AVE,,,,Y,,0,,39.16220785,-86.51771969,LOCAL/CITY ROAD,,,,URBAN,N,N,N,,DARK (LIGHTED),CLEAR,DRY,,FOUR-WAY INTERSECTION,,ASPHALT,DISREGARD SIGNAL/REG SIGN,$5001 TO $10000,RIGHT ANGLE,SHIGHLANDAVEEHUNTERAVE,0,
BLOOMINGTON PD,B22-25360,MONROE,BLOOMINGTON,BLOOMINGTON,7/4/22,10:00 PM,1,,1,0,0,,3RD ST,,,,,3RD ST,HIGH ST,,,,Y,,0,,39.16427558,-86.50848189,,,,,URBAN,N,N,N,,DARK (LIGHTED),CLEAR,DRY,,T-INTERSECTION,,ASPHALT,DRIVER DISTRACTED - EXPLAIN IN NARRATIVE,$10001 TO $25000,RAN OFF ROAD,3RDSTHIGHST,0,
ISP BLOOMINGTON 33,2.022E+11,MONROE,PERRY,BLOOMINGTON,3/22/22,7:34 PM,2,,0,0,0,,S OLD STATE ROAD 37,,,,,S OLD STATE ROAD 37,STATE RD 37,,,,N,,0,,39.08544064,-86.54263446,COUNTY ROAD,,,,RURAL,N,N,N,,DARK (NOT LIGHTED),RAIN,WET,,FOUR-WAY INTERSECTION,,ASPHALT,FAILURE TO YIELD RIGHT OF WAY,$50001 TO $100000,LEFT TURN,STATERD37SOLDSTATEROAD37,0,
BLOOMINGTON PD,B22-12426,MONROE,BLOOMINGTON,BLOOMINGTON,4/10/22,3:05 AM,2,,0,0,0,,300 N WALNUT,,,,,300 N WALNUT,,,,,Y,,0,,0,0,PRIVATE DRIVE,,,,URBAN,N,N,N,,DARK (LIGHTED),CLEAR,DRY,,NO JUNCTION INVOLVED,,CONCRETE,UNSAFE SPEED,$2501 TO $5000,LEFT TURN,300NWALNUT,0,
BLOOMINGTON PD,B22-14078,MONROE,PERRY,BLOOMINGTON,4/21/22,4:50 PM,2,,0,0,0,,W COUNTRY CLUB DR,,,,,W COUNTRY CLUB DR,S BANTA AVE,,,,Y,,50,,39.13620905,-86.54452291,LOCAL/CITY ROAD,,,,URBAN,N,N,N,,DAYLIGHT,CLEAR,DRY,,NO JUNCTION INVOLVED,,ASPHALT,FOLLOWING TOO CLOSELY,$2501 TO $5000,REAR END,WCOUNTRYCLUBDRSBANTAAVE,0,
BLOOMINGTON PD,B22-21376,MONROE,PERRY,BLOOMINGTON,6/8/22,4:44 PM,2,,0,0,0,,W TAPP RD,,,,,W TAPP RD,S ADAMS ST,,,,Y,,50,,39.13650281,-86.5533571,LOCAL/CITY ROAD,,,,URBAN,N,N,N,,DAYLIGHT,CLEAR,WET,,NO JUNCTION INVOLVED,,ASPHALT,FOLLOWING TOO CLOSELY,$1001 TO $2500,REAR END,WTAPPRDSADAMSST,0,
BLOOMINGTON PD,B22-33163,MONROE,PERRY,BLOOMINGTON,8/23/22,11:36 AM,2,,0,0,0,,S. SMITH RD,,,,,S. SMITH RD,E. MOORES PK,,,,Y,,0,,39.150206,-86.480449,LOCAL/CITY ROAD,,,,URBAN,N,N,N,,DAYLIGHT,CLEAR,DRY,,FOUR-WAY INTERSECTION,,ASPHALT,DISREGARD SIGNAL/REG SIGN,$10001 TO $25000,RIGHT ANGLE,S.SMITHRDE.MOORESPK,0,
BLOOMINGTON PD,B22-42817,MONROE,RICHLAND,BLOOMINGTON,10/16/22,3:40 PM,2,,0,0,0,3140,W WHITEHALL CROSSING BLVD,,,,,W WHITEHALL CROSSING BLVD,,,,,N,,0,,39.17253849,-86.57221448,PRIVATE DRIVE,,,,RURAL,N,N,N,,DAYLIGHT,CLEAR,DRY,,NO JUNCTION INVOLVED,,CONCRETE,UNSAFE BACKING,$1001 TO $2500,BACKING CRASH,WWHITEHALLCROSSINGBLVD,0,
INDIANA UNIV BLOOMINGTON PD,221429,MONROE,BLOOMINGTON,BLOOMINGTON,4/15/22,11:15 AM,1,,1,0,0,,E 7TH ST,,,,,E 7TH ST,N ROSE AVE,,,,Y,,0,,39.16812221,-86.51100344,LOCAL/CITY ROAD,,,,URBAN,N,N,N,,DAYLIGHT,CLEAR,DRY,,NO JUNCTION INVOLVED,,ASPHALT,FAILURE TO YIELD RIGHT OF WAY,$1001 TO $2500,SAME DIRECTION SIDESWIPE,NROSEAVEE7THST,1,
ELLETTSVILLE PD,E22-04126,MONROE,RICHLAND,ELLETTSVILLE,10/9/22,5:55 PM,2,,0,0,0,,STATE RD 46,,,,,STATE RD 46,N BRIAR GATE DR,,,,Y,,0,,39.21669437,-86.59660342,STATE ROAD,,,,URBAN,N,N,N,,DAYLIGHT,CLEAR,DRY,,NO JUNCTION INVOLVED,,ASPHALT,IMPROPER LANE USAGE,$2501 TO $5000,SAME DIRECTION SIDESWIPE,STATERD46NBRIARGATEDR,0,
BLOOMINGTON PD,B22-42123,MONROE,VAN BUREN,BLOOMINGTON,10/12/22,8:15 AM,1,,0,0,0,,I 69 NP RAMP 117,,,,,I 69 NP RAMP 117,W. BLOOMFIELD RD,,,,Y,,0,,0,0,INTERSTATE,,,,URBAN,N,N,N,,DAYLIGHT,RAIN,WET,,RAMP,,ASPHALT,SPEED TOO FAST FOR WEATHER CONDITIONS,$1001 TO $2500,RAN OFF ROAD,W.BLOOMFIELDRDI69NPRAMP117,0,
MONROE SD,M22A20943,MONROE,BLOOMINGTON,BLOOMINGTON,8/26/22,3:59 PM,2,,0,0,0,,STATE RD 46,,,,,STATE RD 46,N CURRY PIKE,,,,N,,0,,39.19373679,-86.57142637,STATE ROAD,,,,URBAN,N,Y,N,,DAYLIGHT,CLEAR,DRY,,FOUR-WAY INTERSECTION,,ASPHALT,FOLLOWING TOO CLOSELY,$2501 TO $5000,REAR END,STATERD46NCURRYPIKE,0,
BLOOMINGTON PD,B22-08705,MONROE,BLOOMINGTON,BLOOMINGTON,3/15/22,6:20 PM,2,,0,0,0,,N KINSER PIKE,,,,,N KINSER PIKE,STATE RD 46,,,,Y,,0,,39.18649299,-86.53776706,LOCAL/CITY ROAD,,,,URBAN,N,N,N,,DAYLIGHT,CLEAR,DRY,,FOUR-WAY INTERSECTION,,ASPHALT,FAILURE TO YIELD RIGHT OF WAY,$2501 TO $5000,RIGHT ANGLE,STATERD46NKINSERPIKE,0,
BLOOMINGTON PD,B22-23195,MONROE,BLOOMINGTON,BLOOMINGTON,6/21/22,9:52 AM,2,,1,0,0,,N. WALNUT ST,,,,,N. WALNUT ST,E. 7TH ST,,,,Y,,0,,,,LOCAL/CITY ROAD,,,,URBAN,N,N,N,,DAYLIGHT,CLEAR,DRY,,FOUR-WAY INTERSECTION,,ASPHALT,DISREGARD SIGNAL/REG SIGN,$5001 TO $10000,RIGHT ANGLE,N.WALNUTSTE.7THST,0,
BLOOMINGTON PD,B22-06350,MONROE,PERRY,BLOOMINGTON,2/25/22,6:06 PM,2,,2,0,0,,W 2ND ST BLOOMINGTON IN,,,,,W 2ND ST BLOOMINGTON IN,"S WALKER ST BLOOMINGTON, IN",,,,Y,,0,,,,LOCAL/CITY ROAD,,,,URBAN,N,N,N,,DAWN/DUSK,CLEAR,DRY,,FOUR-WAY INTERSECTION,,ASPHALT,DISREGARD SIGNAL/REG SIGN,$5001 TO $10000,RIGHT ANGLE,"W2NDSTBLOOMINGTONINSWALKERSTBLOOMINGTON,IN",0,
MONROE SD,M22A14606,MONROE,VAN BUREN,BLOOMINGTON,6/21/22,5:13 AM,1,,0,0,0,,S BREEDEN RD,,,,,S BREEDEN RD,,,,,N,,0,,39.07277907,-86.67371056,,,,,RURAL,N,N,N,,DAWN/DUSK,CLEAR,DRY,,NO JUNCTION INVOLVED,,ASPHALT,FAILURE TO MAINTAIN LANE,$2501 TO $5000,NON-COLLISION,SBREEDENRD,0,
BLOOMINGTON PD,B22-33640,MONROE,PERRY,BLOOMINGTON,8/25/22,6:59 PM,1,,1,0,0,,S SMITH RD,,,,,S SMITH RD,S FENBROOK LN,,,,Y,,0,,39.15446814,-86.48061507,LOCAL/CITY ROAD,,,,URBAN,N,N,N,,DAYLIGHT,CLEAR,DRY,,NO JUNCTION INVOLVED,,ASPHALT,DRIVER ASLEEP OR FATIGUED,$10001 TO $25000,RAN OFF ROAD,SSMITHRDSFENBROOKLN,0,
BLOOMINGTON PD,B22-28774,MONROE,BLOOMINGTON,BLOOMINGTON,7/27/22,4:07 PM,2,,0,0,0,,W 3RD ST,,,,,W 3RD ST,S LIBERTY DR,,,,Y,,634,,39.16458447,-86.58054371,STATE ROAD,,,,URBAN,N,Y,N,,DAYLIGHT,CLEAR,DRY,,NO JUNCTION INVOLVED,,ASPHALT,FAILURE TO YIELD RIGHT OF WAY,$1001 TO $2500,RIGHT ANGLE,W3RDSTSLIBERTYDR,0,
INDIANA UNIV BLOOMINGTON PD,222735,MONROE,BLOOMINGTON,BLOOMINGTON,8/21/22,1:00 PM,2,,0,0,0,,N WASHINGTON ST,,,,,N WASHINGTON ST,E 10TH ST,,,,Y,,0,,39.17166144,-86.53233237,LOCAL/CITY ROAD,,,,URBAN,N,N,N,,DAYLIGHT,CLEAR,DRY,,T-INTERSECTION,,ASPHALT,FAILURE TO YIELD RIGHT OF WAY,$2501 TO $5000,LEFT TURN,NWASHINGTONSTE10THST,0,
BLOOMINGTON PD,B22-42372,MONROE,PERRY,BLOOMINGTON,10/13/22,5:44 PM,2,,0,0,0,,S PATTERSON DR,,,,,S PATTERSON DR,W ALLEN ST,,,,Y,,150,,39.15550734,-86.54329133,LOCAL/CITY ROAD,,,,URBAN,N,N,N,,DAYLIGHT,CLEAR,DRY,,FOUR-WAY INTERSECTION,,ASPHALT,FOLLOWING TOO CLOSELY,$2501 TO $5000,REAR END,WALLENSTSPATTERSONDR,0,
BLOOMINGTON PD,B2205811,MONROE,BLOOMINGTON,BLOOMINGTON,2/21/22,1:50 PM,1,,1,0,0,,I-69,,,,,I-69,,,118.5,,Y,,634,,39.16776453,-86.57248276,INTERSTATE,,,,URBAN,N,N,N,,DAYLIGHT,CLEAR,DRY,,NO JUNCTION INVOLVED,,ASPHALT,FAILURE TO MAINTAIN LANE,$10001 TO $25000,RAN OFF ROAD,I-69118.5,0,
INDIANA UNIV BLOOMINGTON PD,222930,MONROE,BLOOMINGTON,BLOOMINGTON,8/30/22,5:30 PM,2,,0,0,0,,E 10TH ST,,,,,E 10TH ST,N. PETE ELLIS DR.,,,,Y,,0,,39.17148111,-86.49537806,LOCAL/CITY ROAD,,,,URBAN,N,N,N,,DAYLIGHT,CLEAR,DRY,,FOUR-WAY INTERSECTION,,ASPHALT,FOLLOWING TOO CLOSELY,$5001 TO $10000,REAR END,N.PETEELLISDR.E10THST,0,
ISP BLOOMINGTON 33,2022-00452045,MONROE,BLOOMINGTON,BLOOMINGTON,10/12/22,1:30 PM,2,,0,0,0,,STATE RD 46,,,,,STATE RD 46,E 10TH ST,,,,Y,,0,,39.17204428,-86.50259494,,,,,URBAN,N,N,N,,DAYLIGHT,RAIN,WET,,FOUR-WAY INTERSECTION,,ASPHALT,FOLLOWING TOO CLOSELY,$1001 TO $2500,REAR END,STATERD46E10THST,0,
BLOOMINGTON PD,B22-33018,MONROE,PERRY,BLOOMINGTON,8/22/22,4:12 PM,2,,0,0,0,,E 1ST ST,,,,,E 1ST ST,S FESS AVE,,,,Y,,0,,39.15934374,-86.52597538,LOCAL/CITY ROAD,,,,URBAN,N,N,N,,DAYLIGHT,CLEAR,DRY,,FOUR-WAY INTERSECTION,,ASPHALT,FAILURE TO YIELD RIGHT OF WAY,$1001 TO $2500,RIGHT ANGLE,SFESSAVEE1STST,0,
MONROE SD,M22A24662,MONROE,VAN BUREN,BLOOMINGTON,10/7/22,3:52 PM,2,,0,0,0,,W STATE RD 45,,,,,W STATE RD 45,INDUSTRIAL BLVD,,,,Y,,0,,39.14243979,-86.58010787,PRIVATE DRIVE,,,,URBAN,N,N,N,,DAYLIGHT,CLEAR,DRY,,NO JUNCTION INVOLVED,,ASPHALT,UNSAFE BACKING,$1001 TO $2500,REAR TO REAR,WSTATERD45INDUSTRIALBLVD,0,
BLOOMINGTON PD,B22-15960,MONROE,BLOOMINGTON,BLOOMINGTON,5/2/22,11:30 PM,1,,0,0,0,150,W 17TH ST,,,,,W 17TH ST,,,,,Y,,0,,39.17926563,-86.53387343,PRIVATE DRIVE,,,,URBAN,N,N,N,,DARK (LIGHTED),CLOUDY,DRY,,FOUR-WAY INTERSECTION,,ASPHALT,OTHER (DRIVER) - EXPLAIN IN NARRATIVE,$2501 TO $5000,RAN OFF ROAD,W17THST,0,
ELLETTSVILLE PD,E22-01574,MONROE,RICHLAND,ELLETTSVILLE,4/28/22,7:20 AM,2,,0,0,0,,EDGEWOOD DR,,,,,EDGEWOOD DR,,,,,Y,,0,,39.23621535,-86.63246162,PRIVATE DRIVE,,,,URBAN,Y,N,N,,DAYLIGHT,CLEAR,DRY,,NO JUNCTION INVOLVED,,ASPHALT,OTHER (DRIVER) - EXPLAIN IN NARRATIVE,$2501 TO $5000,OPPOSITE DIRECTION SIDESWIPE,EDGEWOODDR,0,
ELLETTSVILLE PD,E22-04102,MONROE,RICHLAND,ELLETTSVILLE,10/8/22,11:31 AM,2,,0,0,0,,E TEMPERANCE ST,,,,,E TEMPERANCE ST,FIRST STREET,,,,Y,,50,,39.23082433,-86.62050987,LOCAL/CITY ROAD,,,,URBAN,N,N,N,,DAYLIGHT,CLEAR,DRY,,FOUR-WAY INTERSECTION,,ASPHALT,FAILURE TO YIELD RIGHT OF WAY,$1001 TO $2500,RIGHT ANGLE,FIRSTSTREETETEMPERANCEST,0,
MONROE SD,M22A17015,MONROE,BLOOMINGTON,BLOOMINGTON,7/15/22,5:30 PM,1,,0,0,0,,N LOESCH RD,,,,,N LOESCH RD,,,,,N,,0,,39.19116396,-86.59260513,LOCAL/CITY ROAD,,,,RURAL,N,N,N,,DAYLIGHT,CLOUDY,DRY,,NO JUNCTION INVOLVED,,ASPHALT,FAILURE TO MAINTAIN LANE,$1001 TO $2500,RAN OFF ROAD,NLOESCHRD,0,
INDIANA UNIV BLOOMINGTON PD,221765,MONROE,BLOOMINGTON,BLOOMINGTON,5/5/22,9:30 AM,2,,0,0,0,,E LINGELBACH LN,,,,,E LINGELBACH LN,N. UNION ST.,,,,Y,,0,,39.17660609,-86.50801546,LOCAL/CITY ROAD,,,,URBAN,N,N,N,,DAYLIGHT,CLEAR,DRY,,NO JUNCTION INVOLVED,,ASPHALT,IMPROPER PASSING,$2501 TO $5000,SAME DIRECTION SIDESWIPE,N.UNIONST.ELINGELBACHLN,0,
BLOOMINGTON PD,B22-39304,MONROE,PERRY,BLOOMINGTON,9/27/22,1:41 PM,2,,0,0,0,,S STRONG DR,,,,,S STRONG DR,W ALLEN DR,,,,Y,,1500,,39.15135847,-86.54548554,LOCAL/CITY ROAD,,,,URBAN,N,N,N,,DAYLIGHT,CLEAR,DRY,,NO JUNCTION INVOLVED,,ASPHALT,OVERCORRECTING/OVERSTEERING,$1001 TO $2500,SAME DIRECTION SIDESWIPE,WALLENDRSSTRONGDR,0,
BLOOMINGTON PD,B22-39739,MONROE,PERRY,BLOOMINGTON,9/29/22,10:25 AM,2,,0,0,0,,S WOODSCREST DR,,,,,S WOODSCREST DR,E 2ND ST,,,,Y,,0,,39.16097437,-86.50248798,LOCAL/CITY ROAD,,,,URBAN,N,N,N,,DAYLIGHT,CLEAR,DRY,,FOUR-WAY INTERSECTION,,ASPHALT,UNSAFE BACKING,$1001 TO $2500,BACKING CRASH,SWOODSCRESTDRE2NDST,0,
MONROE SD,M22A10239,MONROE,BENTON,BLOOMINGTON,5/5/22,11:37 AM,2,,0,0,0,,N MT GILEAD RD,,,,,N MT GILEAD RD,E BOSHEARS RD,,,,N,,0,,39.185875,-86.462891,LOCAL/CITY ROAD,,,,RURAL,N,N,N,,DAYLIGHT,CLEAR,DRY,,NO JUNCTION INVOLVED,,ASPHALT,LEFT OF CENTER,$10001 TO $25000,OPPOSITE DIRECTION SIDESWIPE,NMTGILEADRDEBOSHEARSRD,0,
ISP BLOOMINGTON 33,2.022E+11,MONROE,PERRY,BLOOMINGTON,2/18/22,7:50 AM,2,,1,0,0,,SR37,,,,,SR37,W DILLMAN RD,,,,N,,0,,39.09295338,-86.54606533,STATE ROAD,,,,RURAL,N,N,N,,DAYLIGHT,CLEAR,DRY,,FOUR-WAY INTERSECTION,,ASPHALT,FAILURE TO YIELD RIGHT OF WAY,$25001 TO $50000,RIGHT ANGLE,WDILLMANRDSR37,0,
MONROE SD,M22A8974,MONROE,RICHLAND,BLOOMINGTON,4/21/22,10:12 AM,1,,0,0,0,,W STATE ROAD 48,,,,,W STATE ROAD 48,,,,,N,,0,,39.16845648,-86.67000597,,,,,RURAL,N,N,N,,DAYLIGHT,RAIN,WET,,NO JUNCTION INVOLVED,,ASPHALT,SPEED TOO FAST FOR WEATHER CONDITIONS,$2501 TO $5000,RAN OFF ROAD,WSTATEROAD48,0,
BLOOMINGTON PD,B22-26454,MONROE,BLOOMINGTON,BLOOMINGTON,7/11/22,5:16 PM,1,,0,0,0,,I-69 NB,,,,,I-69 NB,STATE ROAD 45/46 BYPASS,,,,Y,,0,,39.18513468,-86.55528135,INTERSTATE,,,,URBAN,N,N,N,,DAYLIGHT,CLEAR,DRY,,RAMP,,ASPHALT,OVERCORRECTING/OVERSTEERING,$5001 TO $10000,RAN OFF ROAD,STATEROAD45/46BYPASSI-69NB,0,
BLOOMINGTON PD,B22-06339,MONROE,PERRY,BLOOMINGTON,2/25/22,4:52 PM,2,,0,0,0,,E 2ND ST,,,,,E 2ND ST,S HENDERSON ST,,,,Y,,0,,39.16136003,-86.52757592,LOCAL/CITY ROAD,,,,URBAN,N,N,N,,DAYLIGHT,CLOUDY,DRY,,NO JUNCTION INVOLVED,,ASPHALT,IMPROPER TURNING,$2501 TO $5000,SAME DIRECTION SIDESWIPE,SHENDERSONSTE2NDST,0,
BLOOMINGTON PD,B22-06492,MONROE,PERRY,BLOOMINGTON,2/26/22,9:45 PM,2,,0,0,0,,S WINFIELD RD,,,,,S WINFIELD RD,E MOORES PIKE,,,,Y,,0,,39.15041928,-86.50085977,,,,,URBAN,N,N,N,,DARK (LIGHTED),CLEAR,DRY,,TRAFFIC CIRCLE/ROUNDABOUT,,ASPHALT,FAILURE TO YIELD RIGHT OF WAY,$5001 TO $10000,RIGHT TURN,SWINFIELDRDEMOORESPIKE,0,
BLOOMINGTON PD,B22-31697,MONROE,VAN BUREN,BLOOMINGTON,8/15/22,2:50 PM,2,,0,0,0,,W STATE RD 45,,,,,W STATE RD 45,INDUSTRIAL BLVD,,,,Y,,0,,39.143608,-86.58030374,STATE ROAD,,,,URBAN,N,N,N,,DAYLIGHT,CLEAR,DRY,,FOUR-WAY INTERSECTION,,ASPHALT,IMPROPER LANE USAGE,$1001 TO $2500,SAME DIRECTION SIDESWIPE,WSTATERD45INDUSTRIALBLVD,0,
MONROE SD,M22A1952,MONROE,VAN BUREN,BLOOMINGTON,1/26/22,4:00 AM,2,,0,0,0,,I-69,,,,,I-69,,,,,N,,845,,39.13423474,-86.57267279,COUNTY ROAD,,,,URBAN,N,N,N,,DAYLIGHT,CLEAR,DRY,,TRAFFIC CIRCLE/ROUNDABOUT,,ASPHALT,FAILURE TO YIELD RIGHT OF WAY,$2501 TO $5000,RIGHT ANGLE,I-69,0,
BLOOMINGTON PD,B22-22225,MONROE,VAN BUREN,BLOOMINGTON,6/14/22,11:06 AM,2,,0,0,0,,S. LIBERTY DRIVE,,,,,S. LIBERTY DRIVE,W. 3RD ST,,,,Y,,1000,,,,LOCAL/CITY ROAD,,,,URBAN,N,N,N,,DAYLIGHT,CLEAR,DRY,,T-INTERSECTION,,ASPHALT,FAILURE TO YIELD RIGHT OF WAY,$5001 TO $10000,RIGHT ANGLE,W.3RDSTS.LIBERTYDRIVE,0,
INDIANA UNIV BLOOMINGTON PD,220312,MONROE,BLOOMINGTON,BLOOMINGTON,1/28/22,2:30 PM,1,,0,0,0,,N INDIANA AVE,,,,,N INDIANA AVE,E 11TH ST,,,,Y,,0,,39.17334655,-86.52689429,LOCAL/CITY ROAD,,,,URBAN,N,N,N,,DAYLIGHT,SNOW,SNOW/SLUSH,,FOUR-WAY INTERSECTION,,ASPHALT,ROADWAY SURFACE CONDITION,$10001 TO $25000,LEFT TURN,NINDIANAAVEE11THST,0,
BLOOMINGTON PD,B22-03156,MONROE,BLOOMINGTON,BLOOMINGTON,1/28/22,4:46 AM,2,,0,0,0,,W 17TH ST,,,,,W 17TH ST,W ARLINGTON RD,,,,Y,,581,,39.17905957,-86.54584355,LOCAL/CITY ROAD,,,,URBAN,N,N,N,,DAYLIGHT,SNOW,SNOW/SLUSH,,T-INTERSECTION,,ASPHALT,FAILURE TO YIELD RIGHT OF WAY,$2501 TO $5000,RIGHT ANGLE,WARLINGTONRDW17THST,0,
ISP BLOOMINGTON 33,2.022E+11,MONROE,VAN BUREN,BLOOMINGTON,4/22/22,4:51 PM,1,,0,0,1,,I-69,,,,,I-69,,,111.3,,N,,0,,39.07664609,-86.58677907,INTERSTATE,,,,RURAL,N,N,N,,DAYLIGHT,CLEAR,DRY,,NO JUNCTION INVOLVED,,CONCRETE,ANIMAL/OBJECT IN ROADWAY,$10001 TO $25000,RIGHT ANGLE,I-69111.3,0,