Agency,Local Code,County,Township,City,Collision Date,Collision Time,Vehicles Involved,Trailers Involved,Number Injured,Number Dead,Number Deer,House Number,Roadway Name,Roadway Suffix,Roadway Number,Roadway Interchange,Roadway Ramp,Roadway Id,Intersecting Road,Intersecting Road Number,Mile Marker,Interchange,Corporate Limits?,Property Type,Feet From,Direction,Latitude,Longitude,Roadway Class,Traffic Control Devices?,Aggressive Driving?,Hit and Run?,Locality,School Zone?,Rumble Strips?,Construction?,Construction Type,Light Condition,Weather Conditions,Surface Condition,Type of Median,Roadway Junction Type,Road Character,Roadway Surface,Primary Factor,Damage Estimate,Manner of Collision,Unique Location Id,State Property Damage?,Traffic Control
BLOOMINGTON PD,B22-02860,MONROE,BLOOMINGTON,BLOOMINGTON,1/26/22,3:00 AM,2,,0,0,0,,1348 N ARLINGTON PARK DRIVE,,,,,1348 N ARLINGTON PARK DRIVE,,,,,Y,,0,,39.18032647,-86.55249901,LOCAL/CITY ROAD,,,,RURAL,N,N,N,,DAYLIGHT,CLEAR,DRY,,NO JUNCTION INVOLVED,,CONCRETE,UNSAFE BACKING,$1001 TO $2500,BACKING CRASH,1348NARLINGTONPARKDRIVE,0,
BLOOMINGTON PD,B22-40488,MONROE,PERRY,BLOOMINGTON,10/3/22,3:16 PM,2,,1,0,0,,S COLLEGE MALL RD,,,,,S COLLEGE MALL RD,E MOORES PIKE,,,,Y,,0,,39.1517826,-86.4977992,LOCAL/CITY ROAD,,,,URBAN,N,N,N,,DAYLIGHT,CLEAR,DRY,,NO JUNCTION INVOLVED,,ASPHALT,FAILURE TO YIELD RIGHT OF WAY,$10001 TO $25000,LEFT/RIGHT TURN,SCOLLEGEMALLRDEMOORESPIKE,0,
ISP BLOOMINGTON 33,2022-00264055,MONROE,BLOOMINGTON,BLOOMINGTON,6/13/22,10:44 AM,2,,2,0,0,,I-69,,,,,I-69,,,121,,N,,1056,,39.21016059,-86.5540985,INTERSTATE,,,,RURAL,N,N,N,,DAYLIGHT,CLEAR,DRY,,NO JUNCTION INVOLVED,,CONCRETE,OTHER (DRIVER) - EXPLAIN IN NARRATIVE,$10001 TO $25000,,I-69121,0,
BLOOMINGTON PD,B22-08169,MONROE,PERRY,BLOOMINGTON,3/11/22,4:16 PM,2,,0,0,0,,S WEIMER RD,,,,,S WEIMER RD,W TAPP RD,,,,Y,,0,,39.13663386,-86.56198652,LOCAL/CITY ROAD,,,,URBAN,N,N,N,,DAYLIGHT,SNOW,WET,,T-INTERSECTION,,ASPHALT,UNSAFE BACKING,$2501 TO $5000,BACKING CRASH,WTAPPRDSWEIMERRD,0,
BLOOMINGTON PD,B22-34138,MONROE,PERRY,BLOOMINGTON,8/28/22,10:57 AM,2,,0,0,0,,E GRIMES LN,,,,,E GRIMES LN,S WALNUT ST,,,,Y,,0,,39.15335466,-86.53368286,LOCAL/CITY ROAD,,,,URBAN,N,N,N,,DAYLIGHT,CLEAR,DRY,,NO JUNCTION INVOLVED,,ASPHALT,FAILURE TO YIELD RIGHT OF WAY,$1001 TO $2500,RIGHT ANGLE,SWALNUTSTEGRIMESLN,0,
BLOOMINGTON PD,B22-12022,MONROE,BLOOMINGTON,BLOOMINGTON,4/7/22,2:12 PM,2,,0,0,0,,N COLLEGE AVE,,,,,N COLLEGE AVE,W 17TH ST,,,,Y,,0,,39.17902907,-86.53470702,LOCAL/CITY ROAD,,,,URBAN,N,N,N,,DAYLIGHT,CLOUDY,DRY,,FIVE POINT OR MORE,,ASPHALT,DISREGARD SIGNAL/REG SIGN,$5001 TO $10000,RIGHT ANGLE,W17THSTNCOLLEGEAVE,0,
BLOOMINGTON PD,B22-15247,MONROE,PERRY,BLOOMINGTON,4/28/22,8:04 AM,2,,0,0,0,,2748 E. 3RD ST,,,,,2748 E. 3RD ST,,,,,Y,,0,,0,0,PRIVATE DRIVE,,,,URBAN,N,N,N,,DAYLIGHT,CLEAR,DRY,,NO JUNCTION INVOLVED,,ASPHALT,UNSAFE BACKING,$2501 TO $5000,BACKING CRASH,2748E.3RDST,0,
MONROE SD,M22A9746,MONROE,PERRY,BLOOMINGTON,4/29/22,2:00 PM,2,,0,0,0,,W DILLMAN RD,,,,,W DILLMAN RD,ST RD 37 S,,,,N,,0,,39.09310479,-86.54579374,LOCAL/CITY ROAD,,,,URBAN,N,N,N,,DAYLIGHT,CLOUDY,DRY,,FOUR-WAY INTERSECTION,,ASPHALT,HOLES/RUTS IN SURFACE,$10001 TO $25000,REAR TO REAR,WDILLMANRDSTRD37S,0,
BLOOMINGTON PD,B22-26694,MONROE,BLOOMINGTON,BLOOMINGTON,7/13/22,7:30 AM,1,,0,0,0,,N MADISON ST,,,,,N MADISON ST,W 17TH ST,,,,Y,,0,,39.17880942,-86.53773062,LOCAL/CITY ROAD,,,,URBAN,N,N,Y,WORK ON SHOULDER,DAYLIGHT,CLEAR,DRY,,FOUR-WAY INTERSECTION,,ASPHALT,ANIMAL/OBJECT IN ROADWAY,$1001 TO $2500,COLLISION WITH OBJECT IN ROAD,W17THSTNMADISONST,0,
MONROE SD,M22A20993,MONROE,CLEAR CREEK,BLOOMINGTON,8/27/22,7:42 AM,2,,0,0,0,,S STATE ROAD 37,,,,,S STATE ROAD 37,W SMITHVILLE RD,,,,N,,0,,39.07101752,-86.53645886,STATE ROAD,,,,RURAL,N,N,N,,DAYLIGHT,CLEAR,DRY,,FOUR-WAY INTERSECTION,,ASPHALT,FAILURE TO YIELD RIGHT OF WAY,$2501 TO $5000,RIGHT ANGLE,WSMITHVILLERDSSTATEROAD37,0,
INDIANA UNIV BLOOMINGTON PD,221326,MONROE,BLOOMINGTON,BLOOMINGTON,4/9/22,2:10 AM,2,,0,0,0,,E ATWATER AVE,,,,,E ATWATER AVE,S FESS AVE,,,,Y,,0,,39.16311695,-86.52583275,LOCAL/CITY ROAD,,,,URBAN,N,N,N,,DARK (NOT LIGHTED),RAIN,WET,,NO JUNCTION INVOLVED,,ASPHALT,UNSAFE LANE MOVEMENT,UNDER $1001,SAME DIRECTION SIDESWIPE,SFESSAVEEATWATERAVE,0,
ISP BLOOMINGTON 33,2.022E+11,MONROE,BLOOMINGTON,BLOOMINGTON,7/8/22,12:40 PM,2,,0,0,0,,N CURRY PIKE,,,,,N CURRY PIKE,STATE RD 46,,,,Y,,0,,39.19333378,-86.57221789,LOCAL/CITY ROAD,,,,URBAN,N,N,Y,LANE CLOSURE,DAYLIGHT,RAIN,WET,,FOUR-WAY INTERSECTION,,ASPHALT,FAILURE TO YIELD RIGHT OF WAY,$1001 TO $2500,REAR END,STATERD46NCURRYPIKE,0,
BLOOMINGTON PD,B22-26849,MONROE,RICHLAND,BLOOMINGTON,7/14/22,9:37 AM,2,,0,0,0,,N GATES DR,,,,,N GATES DR,W JACOBS DR,,,,Y,,0,,39.16561219,-86.57594398,LOCAL/CITY ROAD,,,,URBAN,N,N,N,,DAYLIGHT,CLEAR,DRY,,Y-INTERSECTION,,ASPHALT,FAILURE TO YIELD RIGHT OF WAY,$5001 TO $10000,RIGHT ANGLE,WJACOBSDRNGATESDR,0,
BLOOMINGTON PD,B22-12888,MONROE,,BLOOMINGTON,4/13/22,12:53 PM,2,,2,0,0,,S. HIGHLAND AVE,,,,,S. HIGHLAND AVE,E HUNTER AVE,,,,Y,,0,,39.162191,-86.517714,LOCAL/CITY ROAD,,,,URBAN,N,N,N,,DAYLIGHT,RAIN,WET,,FOUR-WAY INTERSECTION,,ASPHALT,DISREGARD SIGNAL/REG SIGN,$10001 TO $25000,RIGHT ANGLE,S.HIGHLANDAVEEHUNTERAVE,0,
INDIANA UNIV BLOOMINGTON PD,221484,MONROE,BLOOMINGTON,BLOOMINGTON,4/19/22,6:40 PM,2,,0,0,0,,N JORDAN AVE,,,,,N JORDAN AVE,E 10TH ST,,,,Y,,211,,39.17121491,-86.51568072,LOCAL/CITY ROAD,,,,URBAN,N,N,N,,DAYLIGHT,CLEAR,DRY,,FOUR-WAY INTERSECTION,,ASPHALT,FAILURE TO YIELD RIGHT OF WAY,$1001 TO $2500,LEFT TURN,NJORDANAVEE10THST,0,
BLOOMINGTON PD,B22-42627,MONROE,PERRY,BLOOMINGTON,10/15/22,12:13 PM,2,,1,0,0,,W 2ND ST,,,,,W 2ND ST,B-LINE TRL,,,,Y,,106,,39.16144177,-86.53594381,LOCAL/CITY ROAD,,,,URBAN,N,N,N,,DAYLIGHT,CLEAR,DRY,,NO JUNCTION INVOLVED,,ASPHALT,FOLLOWING TOO CLOSELY,UNDER $1001,REAR END,W2NDSTB-LINETRL,0,
MONROE SD,M22A24706,MONROE,CLEAR CREEK,HARRODSBURG,10/8/22,4:30 AM,1,,1,0,0,,S OLD STATE ROAD 37,,,,,S OLD STATE ROAD 37,,,,,N,,0,,39.02586579,-86.54030602,STATE ROAD,,,,URBAN,N,N,N,,DARK (NOT LIGHTED),CLEAR,DRY,,NO JUNCTION INVOLVED,,ASPHALT,OTHER (DRIVER) - EXPLAIN IN NARRATIVE,$25001 TO $50000,RAN OFF ROAD,SOLDSTATEROAD37,0,
MONROE SD,M22A21176,MONROE,VAN BUREN,BLOOMINGTON,8/29/22,11:30 AM,1,,0,0,0,,S GARRISON CHAPEL RD,,,,,S GARRISON CHAPEL RD,,,,,N,,0,,39.16360538,-86.64986677,,,,,RURAL,N,N,N,,DAYLIGHT,CLEAR,DRY,,NO JUNCTION INVOLVED,,ASPHALT,STEERING FAILURE,$5001 TO $10000,RAN OFF ROAD,SGARRISONCHAPELRD,0,
BLOOMINGTON PD,B22-18215,MONROE,PERRY,BLOOMINGTON,5/18/22,1:46 PM,2,,0,0,0,,E MOORES PIKE,,,,,E MOORES PIKE,S SARE RD,,,,Y,,0,,39.15046519,-86.49823792,PRIVATE DRIVE,,,,URBAN,N,N,N,,DAYLIGHT,CLOUDY,DRY,,FOUR-WAY INTERSECTION,,ASPHALT,FOLLOWING TOO CLOSELY,$1001 TO $2500,REAR END,SSARERDEMOORESPIKE,0,
BLOOMINGTON PD,B22-08288,MONROE,BLOOMINGTON,BLOOMINGTON,3/12/22,1:24 PM,1,,0,0,0,,I-69,,,,,I-69,W 3RD ST,,,,Y,,792,,39.17102989,-86.57025683,INTERSTATE,,,,URBAN,N,N,N,,DAYLIGHT,CLEAR,DRY,,NO JUNCTION INVOLVED,,ASPHALT,OTHER (DRIVER) - EXPLAIN IN NARRATIVE,$2501 TO $5000,COLLISION WITH OBJECT IN ROAD,W3RDSTI-69,0,
MONROE SD,M22A13493,MONROE,PERRY,BLOOMINGTON,6/8/22,5:39 PM,2,,0,0,0,,S OLD STATE ROAD 37,,,,,S OLD STATE ROAD 37,E RHORER RD,,,,N,,0,,39.12139314,-86.53131786,LOCAL/CITY ROAD,,,,RURAL,N,N,N,,DAYLIGHT,CLEAR,DRY,,FOUR-WAY INTERSECTION,,ASPHALT,FAILURE TO YIELD RIGHT OF WAY,$5001 TO $10000,SAME DIRECTION SIDESWIPE,SOLDSTATEROAD37ERHORERRD,0,
ISP BLOOMINGTON 33,2.022E+11,MONROE,PERRY,BLOOMINGTON,7/21/22,10:31 AM,1,,0,0,1,,I-69,,,,,I-69,,,111.5,,N,,0,,39.07860221,-86.58311107,INTERSTATE,,,,RURAL,N,N,N,,DAYLIGHT,CLEAR,DRY,,NO JUNCTION INVOLVED,,CONCRETE,ANIMAL/OBJECT IN ROADWAY,$10001 TO $25000,COLLISION WITH DEER,I-69111.5,0,
MONROE SD,M22A25202,MONROE,VAN BUREN,BLOOMINGTON,10/14/22,12:00 AM,1,,0,0,0,,W FOSTER CURRY RD,,,,,W FOSTER CURRY RD,S KIRBY RD,,,,N,,370,,39.13971859,-86.60947503,LOCAL/CITY ROAD,,,,RURAL,N,N,N,,DARK (LIGHTED),CLEAR,DRY,,NO JUNCTION INVOLVED,,ASPHALT,OTHER (DRIVER) - EXPLAIN IN NARRATIVE,$2501 TO $5000,RAN OFF ROAD,WFOSTERCURRYRDSKIRBYRD,0,
MONROE SD,M22A25106,MONROE,SALT CREEK,BLOOMINGTON,10/12/22,8:41 PM,1,,0,0,1,,STATE RD 46,,,,,STATE RD 46,,,,,N,,0,,39.16472006,-86.45002074,,,,,RURAL,N,N,N,,DARK (NOT LIGHTED),CLEAR,WET,,NO JUNCTION INVOLVED,,ASPHALT,ANIMAL/OBJECT IN ROADWAY,$1001 TO $2500,COLLISION WITH ANIMAL OTHER,STATERD46,0,
BLOOMINGTON PD,B22-25045,MONROE,PERRY,BLOOMINGTON,7/2/22,3:09 PM,2,,1,0,0,,S ROGERS ST,,,,,S ROGERS ST,W COUNTRY CLUB DR,,,,Y,,0,,39.13608864,-86.53828583,LOCAL/CITY ROAD,,,,URBAN,N,N,N,,DAYLIGHT,CLEAR,DRY,,FOUR-WAY INTERSECTION,,ASPHALT,DISREGARD SIGNAL/REG SIGN,$5001 TO $10000,RIGHT ANGLE,WCOUNTRYCLUBDRSROGERSST,0,
BLOOMINGTON PD,B22-09719,MONROE,BLOOMINGTON,BLOOMINGTON,3/22/22,6:04 PM,2,,0,0,0,,N INDIANA AVE,,,,,N INDIANA AVE,E 8TH ST,,,,Y,,0,,39.16950992,-86.52697153,LOCAL/CITY ROAD,,,,URBAN,N,N,N,,DAYLIGHT,RAIN,WET,,FOUR-WAY INTERSECTION,,ASPHALT,FAILURE TO YIELD RIGHT OF WAY,$2501 TO $5000,RIGHT ANGLE,NINDIANAAVEE8THST,0,
ELLETTSVILLE PD,E22-03171,MONROE,RICHLAND,ELLETTSVILLE,8/22/22,3:20 PM,2,,0,0,0,,N SALE ST,,,,,N SALE ST,STATE ROAD 46,,,,Y,,150,,0,0,LOCAL/CITY ROAD,,,,URBAN,N,N,N,,DAYLIGHT,CLEAR,DRY,,NO JUNCTION INVOLVED,,ASPHALT,FOLLOWING TOO CLOSELY,$50001 TO $100000,REAR END,STATEROAD46NSALEST,0,
BLOOMINGTON PD,B22-28188,MONROE,BLOOMINGTON,BLOOMINGTON,7/22/22,6:07 PM,2,,0,0,0,,S LIBERTY DR,,,,,S LIBERTY DR,S HICKORY LEAF DR,,,,Y,,0,,39.14506087,-86.57774395,STATE ROAD,,,,URBAN,N,N,N,,DAYLIGHT,CLEAR,DRY,,FOUR-WAY INTERSECTION,,ASPHALT,FAILURE TO YIELD RIGHT OF WAY,$1001 TO $2500,LEFT/RIGHT TURN,SLIBERTYDRSHICKORYLEAFDR,0,
ELLETTSVILLE PD,E2201745,MONROE,RICHLAND,ELLETTSVILLE,5/9/22,2:32 PM,2,0,0,0,0,,,,SR46W,,,SR46W,LOVE,,,,Y,,100,E,39.21898572,-86.60202298,STATE ROAD,,N,N,URBAN,N,N,N,,DAYLIGHT,CLEAR,DRY,,NO JUNCTION INVOLVED,STRAIGHT/LEVEL,ASPHALT,FAILURE TO YIELD RIGHT OF WAY,$25001 TO $50000,RIGHT ANGLE,LOVELNSR46W,0,NONE
BLOOMINGTON PD,B22-09904,MONROE,PERRY,BLOOMINGTON,3/23/22,6:30 PM,2,,0,0,0,,404 S WASHINGTON ST,,,,,404 S WASHINGTON ST,,,,,Y,,0,,39.16240104,-86.5323804,PRIVATE DRIVE,,,,URBAN,N,N,N,,DAYLIGHT,CLOUDY,DRY,,NO JUNCTION INVOLVED,,CONCRETE,IMPROPER TURNING,$1001 TO $2500,SAME DIRECTION SIDESWIPE,404SWASHINGTONST,0,
BLOOMINGTON PD,B22-06152,MONROE,BLOOMINGTON,BLOOMINGTON,2/24/22,6:30 AM,1,,0,0,0,,W 3RD ST,,,,,W 3RD ST,W BENHAM LN,,,,Y,,0,,39.16453605,-86.56218717,LOCAL/CITY ROAD,,,,URBAN,N,N,N,,DARK (LIGHTED),CLOUDY,ICE,,NO JUNCTION INVOLVED,,ASPHALT,ROADWAY SURFACE CONDITION,$5001 TO $10000,RAN OFF ROAD,WBENHAMLNW3RDST,0,
BLOOMINGTON PD,B22-42861,MONROE,BLOOMINGTON,BLOOMINGTON,10/16/22,7:23 PM,2,,0,0,0,,E 3RD ST,,,,,E 3RD ST,S PARK RIDGE RD,,,,Y,,950,,39.1642611,-86.47844484,LOCAL/CITY ROAD,,,,URBAN,N,N,N,,DARK (NOT LIGHTED),CLEAR,DRY,,NO JUNCTION INVOLVED,,ASPHALT,FOLLOWING TOO CLOSELY,$5001 TO $10000,REAR END,SPARKRIDGERDE3RDST,0,
BLOOMINGTON PD,B22-32998,MONROE,BLOOMINGTON,BLOOMINGTON,8/22/22,1:00 PM,1,,0,0,0,,N WALNUT ST,,,,,N WALNUT ST,E 8TH ST,,,,Y,,0,,39.16905887,-86.53357921,,,,,URBAN,N,N,N,,DARK (LIGHTED),CLEAR,DRY,,NO JUNCTION INVOLVED,,CONCRETE,OTHER (DRIVER) - EXPLAIN IN NARRATIVE,$1001 TO $2500,OPPOSITE DIRECTION SIDESWIPE,NWALNUTSTE8THST,0,
BLOOMINGTON PD,B22-08477,MONROE,BLOOMINGTON,BLOOMINGTON,3/13/22,8:30 PM,2,,0,0,0,,W ARLINGTON VALLEY DR,,,,,W ARLINGTON VALLEY DR,N MERIDIAN DR,,,,Y,,0,,39.18311698,-86.54289044,LOCAL/CITY ROAD,,,,URBAN,N,N,N,,DAWN/DUSK,CLEAR,DRY,,NO JUNCTION INVOLVED,,ASPHALT,IMPROPER LANE USAGE,$2501 TO $5000,SAME DIRECTION SIDESWIPE,WARLINGTONVALLEYDRNMERIDIANDR,0,
BLOOMINGTON PD,B22-28126,MONROE,RICHLAND,BLOOMINGTON,7/22/22,12:07 PM,2,,0,0,0,,I 69 S,,,,,I 69 S,W 3RD ST,,,,Y,,0,,39.16501803,-86.57383444,LOCAL/CITY ROAD,,,,URBAN,N,N,N,,DAYLIGHT,CLEAR,DRY,,FIVE POINT OR MORE,,ASPHALT,FOLLOWING TOO CLOSELY,$5001 TO $10000,REAR END,W3RDSTI69S,0,
BLOOMINGTON PD,B22-41759,MONROE,,BLOOMINGTON,10/10/22,8:36 AM,2,,0,0,0,,PETE ELLIS,,,,,PETE ELLIS,BRAESIDE DR,,,,Y,,0,,39.168396,-86.495061,LOCAL/CITY ROAD,,,,URBAN,N,N,Y,WORK ON SHOULDER,DAYLIGHT,CLEAR,DRY,,T-INTERSECTION,,ASPHALT,UNSAFE BACKING,$1001 TO $2500,BACKING CRASH,PETEELLISBRAESIDEDR,0,
ISP BLOOMINGTON 33,2.022E+11,MONROE,VAN BUREN,BLOOMINGTON,5/10/22,11:47 AM,2,,0,0,0,,SR48,,,,,SR48,N GATES DR,,,,N,,0,,39.16461623,-86.57607296,STATE ROAD,,,,URBAN,N,N,N,,DAYLIGHT,CLEAR,DRY,,NO JUNCTION INVOLVED,,ASPHALT,UNSAFE LANE MOVEMENT,$2501 TO $5000,SAME DIRECTION SIDESWIPE,SR48NGATESDR,0,
MONROE SD,M22A20165,MONROE,RICHLAND,BLOOMINGTON,8/17/22,5:26 PM,2,,0,0,0,,N CURRY PIKE,,,,,N CURRY PIKE,W VERNAL PIKE,,,,N,,0,,39.17916967,-86.58306536,LOCAL/CITY ROAD,,,,RURAL,N,N,N,,DAYLIGHT,CLEAR,DRY,,FOUR-WAY INTERSECTION,,ASPHALT,FAILURE TO YIELD RIGHT OF WAY,$10001 TO $25000,RIGHT ANGLE,WVERNALPIKENCURRYPIKE,0,
INDIANA UNIV BLOOMINGTON PD,221282,MONROE,BLOOMINGTON,BLOOMINGTON,4/5/22,7:39 PM,2,,0,0,0,,E 3RD ST,,,,,E 3RD ST,S EASTSIDE DR,,,,Y,,0,,39.16427794,-86.51308204,LOCAL/CITY ROAD,,,,URBAN,N,N,N,,DAYLIGHT,CLOUDY,DRY,,T-INTERSECTION,,ASPHALT,IMPROPER TURNING,$5001 TO $10000,LEFT TURN,SEASTSIDEDRE3RDST,0,
BLOOMINGTON PD,B22-34680,MONROE,PERRY,BLOOMINGTON,8/31/22,5:11 PM,2,,0,0,0,,S PATTERSON DR,,,,,S PATTERSON DR,W 3RD ST,,,,Y,,0,,39.16329075,-86.55111303,,,,,URBAN,N,N,N,,DAYLIGHT,CLEAR,DRY,,FOUR-WAY INTERSECTION,,ASPHALT,FAILURE TO YIELD RIGHT OF WAY,$2501 TO $5000,SAME DIRECTION SIDESWIPE,W3RDSTSPATTERSONDR,0,
BLOOMINGTON PD,B22-21200,MONROE,PERRY,BLOOMINGTON,6/7/22,4:48 PM,2,,0,0,0,,W GRIMES ST,,,,,W GRIMES ST,S WALNUT ST,,,,Y,,0,,39.153344,-86.533757,LOCAL/CITY ROAD,,,,URBAN,N,N,N,,DAYLIGHT,CLEAR,DRY,,NO JUNCTION INVOLVED,,ASPHALT,FOLLOWING TOO CLOSELY,$2501 TO $5000,REAR END,WGRIMESSTSWALNUTST,0,
BLOOMINGTON PD,B22-12717,MONROE,PERRY,BLOOMINGTON,4/12/22,7:35 AM,2,,0,0,0,,E. SMITH AVE,,,,,E. SMITH AVE,S. HENDERSON ST,,,,Y,,150,,39.162778,-86.527258,LOCAL/CITY ROAD,,,,URBAN,N,N,N,,DAYLIGHT,CLOUDY,DRY,,NO JUNCTION INVOLVED,,ASPHALT,FAILURE TO YIELD RIGHT OF WAY,$1001 TO $2500,RIGHT ANGLE,S.HENDERSONSTE.SMITHAVE,0,
INDIANA UNIV BLOOMINGTON PD,223793,MONROE,BLOOMINGTON,BLOOMINGTON,10/7/22,11:35 AM,3,,2,0,0,,STATE RD 45,,,,,STATE RD 45,WALKWAY,,,,N,,0,,39.17523849,-86.50405167,STATE ROAD,,,,URBAN,N,N,N,,DAYLIGHT,CLOUDY,DRY,,T-INTERSECTION,,ASPHALT,FOLLOWING TOO CLOSELY,$5001 TO $10000,REAR END,WALKWAYSTATERD45,0,
MONROE SD,M22A2583,MONROE,PERRY,BLOOMINGTON,2/2/22,7:57 AM,1,,0,0,0,,S SNODDY RD,,,,,S SNODDY RD,E BLUE BIRD LN,,,,N,,0,,39.13166715,-86.48959009,,,,,RURAL,N,N,N,,DAYLIGHT,RAIN,WET,,NO JUNCTION INVOLVED,,ASPHALT,SPEED TOO FAST FOR WEATHER CONDITIONS,$5001 TO $10000,RAN OFF ROAD,SSNODDYRDEBLUEBIRDLN,0,
BLOOMINGTON PD,B22-12942,MONROE,PERRY,BLOOMINGTON,4/13/22,8:22 PM,2,,0,0,0,,S COLLEGE MALL RD,,,,,S COLLEGE MALL RD,E MOORES PIKE,,,,Y,,0,,39.15160745,-86.49764306,LOCAL/CITY ROAD,,,,URBAN,N,N,N,,DARK (LIGHTED),RAIN,WET,,FOUR-WAY INTERSECTION,,ASPHALT,FAILURE TO YIELD RIGHT OF WAY,$2501 TO $5000,RIGHT ANGLE,SCOLLEGEMALLRDEMOORESPIKE,0,
BLOOMINGTON PD,B22-21498,MONROE,BLOOMINGTON,BLOOMINGTON,6/9/22,12:50 PM,3,,0,0,0,,STATE RD 46,,,,,STATE RD 46,E EASTGATE LN,,,,Y,,0,,39.17065639,-86.50181956,STATE ROAD,,,,URBAN,N,N,B,,DAYLIGHT,CLEAR,DRY,,NO JUNCTION INVOLVED,,ASPHALT,FOLLOWING TOO CLOSELY,$5001 TO $10000,REAR END,STATERD46EEASTGATELN,0,
BLOOMINGTON PD,B22-34869,MONROE,PERRY,BLOOMINGTON,9/1/22,6:28 PM,2,,1,0,0,,S WALNUT ST,,,,,S WALNUT ST,E NORTH DR,,,,Y,,0,,39.14408535,-86.53187031,LOCAL/CITY ROAD,,,,URBAN,N,N,N,,DAYLIGHT,CLEAR,DRY,,FOUR-WAY INTERSECTION,,ASPHALT,FOLLOWING TOO CLOSELY,$5001 TO $10000,REAR END,SWALNUTSTENORTHDR,0,
BLOOMINGTON PD,B22-04363,MONROE,BLOOMINGTON,BLOOMINGTON,2/8/22,7:04 PM,2,,0,0,0,,E 19TH ST,,,,,E 19TH ST,N LINCOLN ST,,,,Y,,0,,39.18111201,-86.53094993,,,,,URBAN,N,N,N,,DARK (LIGHTED),CLEAR,DRY,,FOUR-WAY INTERSECTION,,ASPHALT,FAILURE TO YIELD RIGHT OF WAY,$1001 TO $2500,RIGHT ANGLE,NLINCOLNSTE19THST,0,
MONROE SD,M22A18488,MONROE,BEAN BLOSSOM,BLOOMINGTON,7/30/22,1:20 PM,2,,1,0,0,,I-69,,,,,I-69,,,,,N,,0,,39.31025185,-86.51385749,,,,,RURAL,N,Y,N,,DAYLIGHT,CLEAR,DRY,,NO JUNCTION INVOLVED,,ASPHALT,UNSAFE LANE MOVEMENT,$2501 TO $5000,SAME DIRECTION SIDESWIPE,I-69,0,
BLOOMINGTON PD,B22-35266,MONROE,PERRY,BLOOMINGTON,9/3/22,6:29 PM,3,,2,0,0,,W COUNTRY CLUB DR,,,,,W COUNTRY CLUB DR,S BANTA AVE,,,,Y,,0,,39.13629059,-86.54551233,LOCAL/CITY ROAD,,,,URBAN,N,N,N,,DAYLIGHT,RAIN,WET,,T-INTERSECTION,,ASPHALT,FOLLOWING TOO CLOSELY,$5001 TO $10000,REAR END,WCOUNTRYCLUBDRSBANTAAVE,0,
MONROE SD,M22A5299,MONROE,BLOOMINGTON,BLOOMINGTON,3/6/22,8:05 AM,1,,0,0,1,,N WALNUT ST,,,,,N WALNUT ST,E WHISNAND RD,,,,N,,0,,39.22542667,-86.54003567,COUNTY ROAD,,,,RURAL,N,N,N,,DARK (NOT LIGHTED),CLOUDY,DRY,,NO JUNCTION INVOLVED,,ASPHALT,ANIMAL/OBJECT IN ROADWAY,$5001 TO $10000,COLLISION WITH DEER,NWALNUTSTEWHISNANDRD,0,
MONROE SD,M22A16518,MONROE,BLOOMINGTON,,7/10/22,12:23 PM,3,,3,0,0,,N WALNUT ST,,,,,N WALNUT ST,E WHISNAND RD,,,,N,,0,,39.22390536,-86.53953105,COUNTY ROAD,,,,RURAL,N,N,N,,DAYLIGHT,CLEAR,DRY,,NO JUNCTION INVOLVED,,ASPHALT,FOLLOWING TOO CLOSELY,$25001 TO $50000,REAR END,NWALNUTSTEWHISNANDRD,0,
INDIANA UNIV BLOOMINGTON PD,220600,MONROE,BLOOMINGTON,BLOOMINGTON,2/15/22,4:30 PM,2,,0,0,0,,1110,,,,,1110,N EAGLESON AVE,,,,Y,,100,,39.17705105,-86.51258058,LOCAL/CITY ROAD,,,,URBAN,N,N,N,,DAYLIGHT,CLEAR,DRY,,NO JUNCTION INVOLVED,,ASPHALT,FOLLOWING TOO CLOSELY,$1001 TO $2500,REAR END,NEAGLESONAVE1110,0,
BLOOMINGTON PD,B22-36275,MONROE,BLOOMINGTON,BLOOMINGTON,9/9/22,3:19 PM,2,,0,0,0,,S COLLEGE MALL RD,,,,,S COLLEGE MALL RD,S COLLEGE MALL RD,,,,Y,,0,,0,0,LOCAL/CITY ROAD,,,,URBAN,N,N,N,,DAYLIGHT,CLEAR,DRY,,FOUR-WAY INTERSECTION,,ASPHALT,FAILURE TO YIELD RIGHT OF WAY,$1001 TO $2500,LEFT TURN,SCOLLEGEMALLRDSCOLLEGEMALLRD,0,
MONROE SD,M22A23486,MONROE,BEAN BLOSSOM,ELLETTSVILLE,9/23/22,11:20 PM,1,,0,0,0,,W BRIGHTON RD,,,,,W BRIGHTON RD,W WAMPLER RD,,,,N,,0,,39.33442658,-86.61444944,COUNTY ROAD,,,,RURAL,N,N,N,,DARK (NOT LIGHTED),RAIN,WET,,T-INTERSECTION,,ASPHALT,SPEED TOO FAST FOR WEATHER CONDITIONS,$5001 TO $10000,RAN OFF ROAD,WWAMPLERRDWBRIGHTONRD,0,