Agency,Local Code,County,Township,City,Collision Date,Collision Time,Vehicles Involved,Trailers Involved,Number Injured,Number Dead,Number Deer,House Number,Roadway Name,Roadway Suffix,Roadway Number,Roadway Interchange,Roadway Ramp,Roadway Id,Intersecting Road,Intersecting Road Number,Mile Marker,Interchange,Corporate Limits?,Property Type,Feet From,Direction,Latitude,Longitude,Roadway Class,Traffic Control Devices?,Aggressive Driving?,Hit and Run?,Locality,School Zone?,Rumble Strips?,Construction?,Construction Type,Light Condition,Weather Conditions,Surface Condition,Type of Median,Roadway Junction Type,Road Character,Roadway Surface,Primary Factor,Damage Estimate,Manner of Collision,Unique Location Id,State Property Damage?,Traffic Control
BLOOMINGTON PD,B22-31800,MONROE,PERRY,BLOOMINGTON,8/16/22,9:17 AM,2,,0,0,0,822,W 1ST ST,,,,,W 1ST ST,,,,,Y,,0,,39.15945147,-86.54423132,PRIVATE DRIVE,,,,URBAN,N,N,N,,DAYLIGHT,CLEAR,DRY,,NO JUNCTION INVOLVED,,ASPHALT,UNSAFE BACKING,$2501 TO $5000,BACKING CRASH,W1STST,0,
BLOOMINGTON PD,B22-06055,MONROE,VAN BUREN,BLOOMINGTON,2/23/22,12:52 PM,2,,0,0,0,,2700 BLK S LEONARD SPRINGS RD,,,,,2700 BLK S LEONARD SPRINGS RD,TAPP RD,,,,Y,,300,,39.13807755,-86.58266375,LOCAL/CITY ROAD,,,,URBAN,N,N,Y,LANE CLOSURE,DAYLIGHT,CLOUDY,DRY,,NO JUNCTION INVOLVED,,ASPHALT,FAILURE TO YIELD RIGHT OF WAY,$5001 TO $10000,RIGHT ANGLE,TAPPRD2700BLKSLEONARDSPRINGSRD,0,
MONROE SD,M22A18687,MONROE,PERRY,BLOOMINGTON,8/2/22,6:21 AM,2,,1,0,0,,E DILLMAN RD,,,,,E DILLMAN RD,S OLD STATE ROAD 37,,,,N,,0,,39.09299532,-86.54407877,LOCAL/CITY ROAD,,,,URBAN,N,N,N,,DAWN/DUSK,CLOUDY,DRY,,NO JUNCTION INVOLVED,,ASPHALT,DISREGARD SIGNAL/REG SIGN,$25001 TO $50000,RIGHT ANGLE,SOLDSTATEROAD37EDILLMANRD,0,
BLOOMINGTON PD,B22-11864,MONROE,RICHLAND,BLOOMINGTON,4/6/22,2:14 AM,2,,1,0,0,,N GATES DR,,,,,N GATES DR,W JACOB DR,,,,Y,,0,,39.16561845,-86.57599248,LOCAL/CITY ROAD,,,,RURAL,N,N,N,,DAYLIGHT,RAIN,WET,,T-INTERSECTION,,CONCRETE,FAILURE TO YIELD RIGHT OF WAY,$5001 TO $10000,LEFT TURN,WJACOBDRNGATESDR,0,
BLOOMINGTON PD,B22-39453,MONROE,VAN BUREN,BLOOMINGTON,9/28/22,6:40 AM,2,,1,0,0,,W 3RD ST,,,,,W 3RD ST,STATE RD 37,,,,Y,,0,,39.16454052,-86.57382614,LOCAL/CITY ROAD,,,,URBAN,N,N,N,,DARK (LIGHTED),CLEAR,DRY,,FOUR-WAY INTERSECTION,,ASPHALT,FAILURE TO YIELD RIGHT OF WAY,$10001 TO $25000,RIGHT ANGLE,W3RDSTSTATERD37,0,
MONROE SD,M22A4288,MONROE,BENTON,BLOOMINGTON,2/22/22,9:24 AM,2,,0,0,0,,STATE RD 45,,,,,STATE RD 45,N TUNNEL RD,,,,N,,0,,39.23070245,-86.43060282,STATE ROAD,,,,RURAL,N,N,N,,DARK (NOT LIGHTED),CLEAR,DRY,,NO JUNCTION INVOLVED,,ASPHALT,FOLLOWING TOO CLOSELY,$2501 TO $5000,REAR END,STATERD45NTUNNELRD,0,
BLOOMINGTON PD,B22-38173,MONROE,PERRY,BLOOMINGTON,9/21/22,7:55 AM,2,,0,0,0,,W COUNTRY CLUB DR,,,,,W COUNTRY CLUB DR,S ROGERS ST,,,,Y,,0,,39.13606438,-86.53824922,LOCAL/CITY ROAD,,,,URBAN,N,N,N,,DAYLIGHT,CLEAR,DRY,,FOUR-WAY INTERSECTION,,ASPHALT,FOLLOWING TOO CLOSELY,UNDER $1001,REAR END,WCOUNTRYCLUBDRSROGERSST,0,
BLOOMINGTON PD,B22-29188,MONROE,BLOOMINGTON,BLOOMINGTON,7/30/22,6:43 AM,1,,0,0,0,,S ROGERS ST,,,,,S ROGERS ST,,,,,Y,,0,,39.14460038,-86.53889969,PRIVATE DRIVE,,,,URBAN,N,N,N,,DAYLIGHT,CLEAR,DRY,,NO JUNCTION INVOLVED,,ASPHALT,OTHER (DRIVER) - EXPLAIN IN NARRATIVE,$1001 TO $2500,RAN OFF ROAD,SROGERSST,0,
BLOOMINGTON PD,B22-19643,MONROE,VAN BUREN,BLOOMINGTON,5/27/22,10:40 PM,2,,0,0,0,,W STATE RD 45,,,,,W STATE RD 45,S LEONARD SPRINGS RD,,,,Y,,0,,39.14193938,-86.58266433,STATE ROAD,,,,URBAN,N,N,N,,DARK (LIGHTED),CLEAR,DRY,,FOUR-WAY INTERSECTION,,ASPHALT,FAILURE TO YIELD RIGHT OF WAY,$5001 TO $10000,LEFT TURN,WSTATERD45SLEONARDSPRINGSRD,0,
BLOOMINGTON PD,B22-08348,MONROE,BLOOMINGTON,BLOOMINGTON,3/12/22,10:00 PM,2,,0,0,0,,S WALNUT ST,,,,,S WALNUT ST,E MILLER DR,,,,Y,,634,,39.14586382,-86.5323431,LOCAL/CITY ROAD,,,,URBAN,N,N,N,,DARK (LIGHTED),CLEAR,DRY,,NO JUNCTION INVOLVED,,ASPHALT,FOLLOWING TOO CLOSELY,$5001 TO $10000,REAR END,SWALNUTSTEMILLERDR,0,
BLOOMINGTON PD,B22-10888,MONROE,PERRY,BLOOMINGTON,3/30/22,7:24 AM,1,,1,0,0,,S WALNUT ST,,,,,S WALNUT ST,E WINSLOW RD,,,,Y,,0,,39.13600731,-86.53106637,LOCAL/CITY ROAD,,,,URBAN,N,N,N,,DAWN/DUSK,CLOUDY,DRY,,FOUR-WAY INTERSECTION,,ASPHALT,OTHER (DRIVER) - EXPLAIN IN NARRATIVE,$1001 TO $2500,RAN OFF ROAD,SWALNUTSTEWINSLOWRD,0,
BLOOMINGTON PD,B22-29498,MONROE,PERRY,BLOOMINGTON,8/1/22,11:00 AM,2,,1,0,0,,S. COLLEGE AVE,,,,,S. COLLEGE AVE,W. 1ST ST,,,,Y,,0,,,,LOCAL/CITY ROAD,,,,URBAN,N,N,N,,DAYLIGHT,CLOUDY,WET,,FOUR-WAY INTERSECTION,,ASPHALT,UNSAFE LANE MOVEMENT,$2501 TO $5000,SAME DIRECTION SIDESWIPE,W.1STSTS.COLLEGEAVE,0,
BLOOMINGTON PD,B22-06439,MONROE,PERRY,BLOOMINGTON,2/26/22,1:03 PM,2,,0,0,0,,S. BASSWOOD DRIVE,,,,,S. BASSWOOD DRIVE,GREENLEAF CT,,,,Y,,0,,39.153559,-86.572512,LOCAL/CITY ROAD,,,,URBAN,N,N,N,,DAYLIGHT,CLEAR,DRY,,T-INTERSECTION,,ASPHALT,FAILURE TO YIELD RIGHT OF WAY,$2501 TO $5000,RIGHT ANGLE,S.BASSWOODDRIVEGREENLEAFCT,0,
BLOOMINGTON PD,B22-06565,MONROE,BLOOMINGTON,BLOOMINGTON,2/27/22,9:35 AM,2,,1,0,0,,E 17TH ST,,,,,E 17TH ST,N WALNUT ST,,,,Y,,0,,39.1789764,-86.5334589,LOCAL/CITY ROAD,,,,URBAN,N,N,N,,DAYLIGHT,CLEAR,DRY,,FOUR-WAY INTERSECTION,,ASPHALT,DISREGARD SIGNAL/REG SIGN,$10001 TO $25000,RIGHT ANGLE,NWALNUTSTE17THST,0,
BLOOMINGTON PD,B22-23406,MONROE,PERRY,BLOOMINGTON,6/22/22,1:29 PM,2,,0,0,0,3100,S WALNUT STREET PIKE,,,,,S WALNUT STREET PIKE,,,,,Y,,0,,39.12854228,-86.52754044,PRIVATE DRIVE,,,,URBAN,N,N,N,,DAYLIGHT,CLEAR,DRY,,NO JUNCTION INVOLVED,,ASPHALT,UNSAFE BACKING,$1001 TO $2500,BACKING CRASH,SWALNUTSTREETPIKE,0,
BLOOMINGTON PD,B22-06852,MONROE,RICHLAND,BLOOMINGTON,3/1/22,4:45 PM,2,,1,0,0,,W 3RD ST,,,,,W 3RD ST,,,,,Y,,0,,39.16559771,-86.57742065,LOCAL/CITY ROAD,,,,URBAN,N,N,N,,DAYLIGHT,CLEAR,DRY,,FOUR-WAY INTERSECTION,,ASPHALT,FAILURE TO YIELD RIGHT OF WAY,$2501 TO $5000,RIGHT ANGLE,W3RDST,0,
INDIANA UNIV BLOOMINGTON PD,220844,MONROE,BLOOMINGTON,BLOOMINGTON,3/4/22,1:35 PM,1,,0,0,0,,E 10TH ST,,,,,E 10TH ST,JEFFERSON ST,,,,Y,,126,,39.17155851,-86.50677159,LOCAL/CITY ROAD,,,,URBAN,N,N,N,,DAYLIGHT,CLEAR,DRY,,RAILROAD CROSSINGS,,ASPHALT,OVERSIZE/OVERWEIGHT LOAD,$2501 TO $5000,COLLISION WITH OBJECT IN ROAD,JEFFERSONSTE10THST,0,
BLOOMINGTON PD,B22-40855,MONROE,BLOOMINGTON,BLOOMINGTON,10/5/22,12:01 AM,2,,0,0,0,,W 17TH ST,,,,,W 17TH ST,N KINSER PIKE,,,,Y,,264,,39.17903543,-86.53829643,LOCAL/CITY ROAD,,,,URBAN,N,N,N,,DAYLIGHT,CLEAR,DRY,,NO JUNCTION INVOLVED,,ASPHALT,FAILURE TO YIELD RIGHT OF WAY,$5001 TO $10000,RIGHT ANGLE,W17THSTNKINSERPIKE,0,
BLOOMINGTON PD,B22-27051,MONROE,BLOOMINGTON,BLOOMINGTON,7/15/22,10:30 AM,1,,0,0,0,,N WASHINGTON ST,,,,,N WASHINGTON ST,E 6TH ST,,,,Y,,0,,,,LOCAL/CITY ROAD,,,,URBAN,N,N,N,,DAYLIGHT,CLEAR,DRY,,NO JUNCTION INVOLVED,,ASPHALT,UNSAFE LANE MOVEMENT,$5001 TO $10000,COLLISION WITH OBJECT IN ROAD,NWASHINGTONSTE6THST,0,
MONROE SD,M22A10185,MONROE,WASHINGTON,BLOOMINGTON,5/4/22,7:10 PM,1,,0,0,0,,N THOMPSON ROAD,,,,,N THOMPSON ROAD,SAMPLE ROAD,,,,N,,792,,39.2647445,-86.52384369,LOCAL/CITY ROAD,,,,RURAL,N,N,N,,DAYLIGHT,CLOUDY,DRY,,NO JUNCTION INVOLVED,,ASPHALT,OVERCORRECTING/OVERSTEERING,$5001 TO $10000,RAN OFF ROAD,SAMPLEROADNTHOMPSONROAD,0,
BLOOMINGTON PD,B22-26960,MONROE,BLOOMINGTON,BLOOMINGTON,7/14/22,8:39 PM,1,,1,0,0,,S FRANKLIN RD,,,,,S FRANKLIN RD,W 3RD ST,,,,Y,,0,,39.16459944,-86.57021589,LOCAL/CITY ROAD,,,,URBAN,N,N,N,,DAWN/DUSK,CLEAR,DRY,,FOUR-WAY INTERSECTION,,ASPHALT,OTHER (DRIVER) - EXPLAIN IN NARRATIVE,UNDER $1001,RIGHT TURN,W3RDSTSFRANKLINRD,1,
BLOOMINGTON PD,B22-22118,MONROE,BLOOMINGTON,BLOOMINGTON,6/13/22,6:45 AM,2,,0,0,0,,116 N GRANT ST,,,,,116 N GRANT ST,,,,,Y,,0,,,,PRIVATE DRIVE,,,,URBAN,N,N,N,,DAYLIGHT,CLEAR,DRY,,NO JUNCTION INVOLVED,,ASPHALT,UNSAFE BACKING,$5001 TO $10000,BACKING CRASH,116NGRANTST,0,
BLOOMINGTON PD,B22-38943,MONROE,BLOOMINGTON,BLOOMINGTON,9/25/22,3:55 PM,2,,0,0,0,3140,W. WHITEHALL CROSSING BLVD,,,,,W. WHITEHALL CROSSING BLVD,,,,,Y,,0,,39.17235609,-86.57160409,LOCAL/CITY ROAD,,,,URBAN,N,N,N,,DAYLIGHT,CLEAR,DRY,,NO JUNCTION INVOLVED,,ASPHALT,FAILURE TO YIELD RIGHT OF WAY,$2501 TO $5000,RIGHT ANGLE,W.WHITEHALLCROSSINGBLVD,0,
INDIANA UNIV BLOOMINGTON PD,221042,MONROE,BLOOMINGTON,BLOOMINGTON,3/20/22,12:36 PM,3,,1,0,0,,STATE RD 45,,,,,STATE RD 45,10TH. ST,,,,Y,,845,,39.17336395,-86.5032618,LOCAL/CITY ROAD,,,,URBAN,N,N,N,,DAYLIGHT,CLEAR,DRY,,NO JUNCTION INVOLVED,,ASPHALT,FOLLOWING TOO CLOSELY,$25001 TO $50000,REAR END,STATERD4510TH.ST,0,
ISP BLOOMINGTON 33,2.022E+11,MONROE,VAN BUREN,BLOOMINGTON,5/10/22,10:55 AM,2,,0,0,0,,SR48,,,,,SR48,SR48-100-RAMP D,,,,Y,,0,,39.1644938,-86.57396831,STATE ROAD,,,,URBAN,N,N,N,,DAYLIGHT,CLOUDY,DRY,,FOUR-WAY INTERSECTION,,ASPHALT,FAILURE TO YIELD RIGHT OF WAY,$10001 TO $25000,RIGHT ANGLE,SR48-100-RAMPDSR48,0,
BLOOMINGTON PD,B22-13058,MONROE,PERRY,BLOOMINGTON,4/14/22,3:25 PM,2,,0,0,0,1275,S COLLEGE MALL RD,,,,,S COLLEGE MALL RD,,,,,Y,,0,,39.15239768,-86.49602146,PRIVATE DRIVE,,,,URBAN,N,N,N,,DAYLIGHT,CLEAR,DRY,,NO JUNCTION INVOLVED,,ASPHALT,FAILURE TO YIELD RIGHT OF WAY,$1001 TO $2500,SAME DIRECTION SIDESWIPE,SCOLLEGEMALLRD,0,
BLOOMINGTON PD,B22-25706,MONROE,BLOOMINGTON,BLOOMINGTON,7/6/22,4:58 PM,2,,0,0,0,,W 3RD ST,,,,,W 3RD ST,S LIBERTY DR,,,,Y,,0,,39.16456478,-86.58026165,LOCAL/CITY ROAD,,,,URBAN,N,N,N,,DAYLIGHT,CLEAR,DRY,,NO JUNCTION INVOLVED,,ASPHALT,FOLLOWING TOO CLOSELY,$1001 TO $2500,REAR END,W3RDSTSLIBERTYDR,0,
MONROE SD,M22A22687,MONROE,BEAN BLOSSOM,BLOOMINGTON,9/14/22,8:24 PM,1,,0,0,0,,STATE RD 46,,,,,STATE RD 46,,,,,N,,0,,39.28113843,-86.68217833,STATE ROAD,,,,RURAL,N,N,N,,DARK (NOT LIGHTED),CLEAR,DRY,,T-INTERSECTION,,ASPHALT,FAILURE TO MAINTAIN LANE,$10001 TO $25000,RAN OFF ROAD,STATERD46,0,
BLOOMINGTON PD,B22-39708,MONROE,BLOOMINGTON,BLOOMINGTON,9/29/22,7:41 AM,2,,0,0,0,,N PROW RD,,,,,N PROW RD,W ARLINGTON RD,,,,Y,,0,,39.19255183,-86.55250958,LOCAL/CITY ROAD,,,,URBAN,N,N,N,,DAYLIGHT,CLEAR,DRY,,T-INTERSECTION,,ASPHALT,UNSAFE LANE MOVEMENT,UNDER $1001,SAME DIRECTION SIDESWIPE,WARLINGTONRDNPROWRD,0,
BLOOMINGTON PD,B22-40498,MONROE,PERRY,BLOOMINGTON,10/3/22,4:37 PM,2,,0,0,0,,E WINSLOW RD,,,,,E WINSLOW RD,S WALNUT STREET PIKE,,,,Y,,0,,39.13599761,-86.52856834,LOCAL/CITY ROAD,,,,URBAN,N,N,N,,DAYLIGHT,CLEAR,DRY,,FOUR-WAY INTERSECTION,,ASPHALT,FOLLOWING TOO CLOSELY,$2501 TO $5000,REAR END,SWALNUTSTREETPIKEEWINSLOWRD,0,
BLOOMINGTON PD,B22-23354,MONROE,PERRY,BLOOMINGTON,6/22/22,5:37 AM,2,,0,0,0,,I-69,,,,,I-69,,,,,Y,,0,,39.18377776,-86.55695147,INTERSTATE,,,,URBAN,N,N,N,,DARK (NOT LIGHTED),CLEAR,DRY,,RAMP,,ASPHALT,FAILURE TO YIELD RIGHT OF WAY,$1001 TO $2500,SAME DIRECTION SIDESWIPE,I-69,0,
INDIANA UNIV BLOOMINGTON PD,223728,MONROE,BLOOMINGTON,BLOOMINGTON,10/4/22,11:22 AM,2,,0,0,0,,E 10TH ST,,,,,E 10TH ST,N UNION ST,,,,Y,,0,,39.17160322,-86.509201,LOCAL/CITY ROAD,,,,URBAN,N,N,N,,DAYLIGHT,CLEAR,DRY,,NO JUNCTION INVOLVED,,ASPHALT,FOLLOWING TOO CLOSELY,$1001 TO $2500,REAR END,NUNIONSTE10THST,0,
BLOOMINGTON PD,B22-04943,MONROE,BLOOMINGTON,BLOOMINGTON,2/9/22,7:00 PM,2,,0,0,0,322,E KIRKWOOD AVE,,,,,E KIRKWOOD AVE,,,,,Y,,0,,39.16611513,-86.53035443,,,,,URBAN,N,N,N,,DARK (LIGHTED),CLEAR,DRY,,NO JUNCTION INVOLVED,,ASPHALT,OTHER (DRIVER) - EXPLAIN IN NARRATIVE,$1001 TO $2500,OTHER - EXPLAIN IN NARRATIVE,EKIRKWOODAVE,0,
BLOOMINGTON PD,B22-40619,MONROE,PERRY,BLOOMINGTON,10/4/22,9:34 AM,2,,0,0,0,,E. 3RD ST,,,,,E. 3RD ST,S. HIGH ST,,,,Y,,0,,39.164263,-86.508461,LOCAL/CITY ROAD,,,,URBAN,N,N,N,,DAYLIGHT,CLEAR,DRY,,FOUR-WAY INTERSECTION,,ASPHALT,FOLLOWING TOO CLOSELY,$2501 TO $5000,REAR END,S.HIGHSTE.3RDST,0,
INDIANA UNIV BLOOMINGTON PD,221070,MONROE,BLOOMINGTON,BLOOMINGTON,3/21/22,8:00 PM,2,,0,0,0,,E 10TH ST,,,,,E 10TH ST,,,,,Y,,0,,39.17210851,-86.51272006,PRIVATE DRIVE,,,,URBAN,N,N,N,,DARK (NOT LIGHTED),CLEAR,DRY,,NO JUNCTION INVOLVED,,ASPHALT,IMPROPER TURNING,$2501 TO $5000,SAME DIRECTION SIDESWIPE,E10THST,0,
INDIANA UNIV BLOOMINGTON PD,221268,MONROE,BLOOMINGTON,BLOOMINGTON,4/5/22,10:22 AM,2,,0,0,0,,N UNION ST,,,,,N UNION ST,,,,,Y,,0,,39.17413614,-86.51074835,LOCAL/CITY ROAD,,,,URBAN,N,N,N,,DAYLIGHT,CLOUDY,WET,,NO JUNCTION INVOLVED,,ASPHALT,OTHER (DRIVER) - EXPLAIN IN NARRATIVE,$1001 TO $2500,OTHER - EXPLAIN IN NARRATIVE,NUNIONST,0,
BLOOMINGTON PD,B22-40332,MONROE,BLOOMINGTON,BLOOMINGTON,10/2/22,6:40 AM,2,,1,0,0,,E 3RD ST,,,,,E 3RD ST,S PARK RIDGE RD,,,,Y,,0,,39.16423726,-86.47638455,LOCAL/CITY ROAD,,,,URBAN,N,N,N,,DARK (LIGHTED),CLEAR,DRY,,FOUR-WAY INTERSECTION,,ASPHALT,FAILURE TO YIELD RIGHT OF WAY,$5001 TO $10000,RIGHT ANGLE,SPARKRIDGERDE3RDST,0,
BLOOMINGTON PD,B22-05322,MONROE,PERRY,BLOOMINGTON,2/17/22,9:20 AM,1,,0,0,0,,SOUTH DR,,,,,SOUTH DR,WALNUT ST,,,,Y,,400,,39.14273657,-86.52894921,LOCAL/CITY ROAD,,,,URBAN,Y,N,N,,DAYLIGHT,RAIN,WET,,NO JUNCTION INVOLVED,,ASPHALT,DRIVER DISTRACTED - EXPLAIN IN NARRATIVE,$5001 TO $10000,OTHER - EXPLAIN IN NARRATIVE,WALNUTSTSOUTHDR,0,
INDIANA UNIV BLOOMINGTON PD,221950,MONROE,BLOOMINGTON,BLOOMINGTON,5/23/22,6:05 PM,2,,1,0,0,,STATE RD 45,,,,,STATE RD 45,E 17TH ST,,,,Y,,0,,39.17984965,-86.50731272,STATE ROAD,,,,URBAN,N,N,N,,DAYLIGHT,CLEAR,DRY,,T-INTERSECTION,,ASPHALT,FAILURE TO YIELD RIGHT OF WAY,$25001 TO $50000,RIGHT ANGLE,STATERD45E17THST,0,
BLOOMINGTON PD,B22-33353,MONROE,BLOOMINGTON,BLOOMINGTON,8/24/22,10:00 AM,2,,1,0,0,,W 6TH ST,,,,,W 6TH ST,N ROGERS ST,,,,Y,,0,,39.16759541,-86.53868384,,,,,URBAN,N,N,N,,DAYLIGHT,CLEAR,DRY,,FOUR-WAY INTERSECTION,,ASPHALT,FAILURE TO YIELD RIGHT OF WAY,$10001 TO $25000,RIGHT ANGLE,W6THSTNROGERSST,0,
ELLETTSVILLE PD,E22-02156,MONROE,RICHLAND,ELLETTSVILLE,6/11/22,10:01 PM,2,,0,0,0,,W TEMPERANCE ST,,,,,W TEMPERANCE ST,W MAPLE GROVE RD,,,,Y,,0,,39.2451482,-86.63525266,STATE ROAD,,,,RURAL,N,N,N,,DARK (NOT LIGHTED),CLEAR,DRY,,T-INTERSECTION,,ASPHALT,OTHER (DRIVER) - EXPLAIN IN NARRATIVE,$5001 TO $10000,REAR END,WTEMPERANCESTWMAPLEGROVERD,0,
ISP BLOOMINGTON 33,2.022E+11,MONROE,BLOOMINGTON,BLOOMINGTON,6/30/22,12:45 PM,2,,0,0,0,,STATE RD 46,,,,,STATE RD 46,CURRY PIKE,,,,N,,1000,,39.19740873,-86.57371527,STATE ROAD,,,,URBAN,N,N,Y,LANE CLOSURE,DAYLIGHT,CLEAR,DRY,,NO JUNCTION INVOLVED,,ASPHALT,UNSAFE BACKING,$2501 TO $5000,REAR END,STATERD46CURRYPIKE,0,
MONROE SD,M22A17893,MONROE,WASHINGTON,BLOOMINGTON,7/24/22,7:24 PM,1,,0,0,0,,I-69,,,,,I-69,,,130.5,,N,,400,,39.32948096,-86.51402897,INTERSTATE,,,,RURAL,N,N,N,,DAYLIGHT,RAIN,WET,,NO JUNCTION INVOLVED,,ASPHALT,SPEED TOO FAST FOR WEATHER CONDITIONS,$2501 TO $5000,RAN OFF ROAD,I-69130.5,0,
BLOOMINGTON PD,B22-28472,MONROE,PERRY,BLOOMINGTON,7/25/22,12:43 PM,2,,0,0,0,,PATTERSON DR,,,,,PATTERSON DR,S FAIRVIEW ST,,,,Y,,0,,39.15381237,-86.54109068,LOCAL/CITY ROAD,,,,URBAN,N,N,N,,DAYLIGHT,CLOUDY,DRY,,FOUR-WAY INTERSECTION,,ASPHALT,FAILURE TO YIELD RIGHT OF WAY,$1001 TO $2500,OPPOSITE DIRECTION SIDESWIPE,SFAIRVIEWSTPATTERSONDR,0,
INDIANA UNIV BLOOMINGTON PD,223276,MONROE,BLOOMINGTON,BLOOMINGTON,9/13/22,7:37 PM,2,,2,0,0,,E 10TH ST,,,,,E 10TH ST,N FEE LN,,,,Y,,0,,39.17158867,-86.51884086,LOCAL/CITY ROAD,,,,URBAN,N,N,N,,DAYLIGHT,CLEAR,DRY,,T-INTERSECTION,,ASPHALT,FOLLOWING TOO CLOSELY,UNDER $1001,REAR END,NFEELNE10THST,0,
BLOOMINGTON PD,B22-22435,MONROE,PERRY,BLOOMINGTON,6/15/22,4:51 PM,1,,0,1,0,,E MOORES PIKE,,,,,E MOORES PIKE,S ARBORS LN,,,,Y,,0,,39.15032024,-86.49129819,LOCAL/CITY ROAD,,,,URBAN,N,N,N,,DAYLIGHT,CLEAR,DRY,,NO JUNCTION INVOLVED,,ASPHALT,OTHER (DRIVER) - EXPLAIN IN NARRATIVE,$50001 TO $100000,RAN OFF ROAD,SARBORSLNEMOORESPIKE,0,
BLOOMINGTON PD,B22-05474,MONROE,RICHLAND,BLOOMINGTON,2/18/22,5:19 PM,2,,0,0,0,,N GATES DR,,,,,N GATES DR,W ALEXANDER DR,,,,Y,,0,,39.16874602,-86.57638473,LOCAL/CITY ROAD,,,,URBAN,N,N,N,,DAYLIGHT,CLEAR,DRY,,FOUR-WAY INTERSECTION,,ASPHALT,FAILURE TO YIELD RIGHT OF WAY,$1001 TO $2500,RIGHT ANGLE,WALEXANDERDRNGATESDR,0,
BLOOMINGTON PD,B22-10457,MONROE,BLOOMINGTON,BLOOMINGTON,3/27/22,4:09 PM,2,,0,0,0,,115 S STATE ROAD 46,,,,,115 S STATE ROAD 46,,,,,Y,,0,,0,0,PRIVATE DRIVE,,,,URBAN,N,N,N,,DAYLIGHT,CLEAR,DRY,,NO JUNCTION INVOLVED,,ASPHALT,UNSAFE BACKING,$1001 TO $2500,BACKING CRASH,115SSTATEROAD46,0,
ELLETTSVILLE PD,E22-01657,MONROE,RICHLAND,ELLETTSVILLE,5/3/22,12:30 PM,2,,0,0,0,,S 5TH,,,,,S 5TH,W TEMPERANCE ST,,,,Y,,50,,39.23315119,-86.62470085,LOCAL/CITY ROAD,,,,URBAN,N,N,N,,DAYLIGHT,CLEAR,DRY,,NO JUNCTION INVOLVED,,ASPHALT,UNSAFE BACKING,$5001 TO $10000,BACKING CRASH,WTEMPERANCESTS5TH,0,
MONROE SD,M22A18926,MONROE,PERRY,BLOOMINGTON,8/4/22,11:37 AM,2,,0,0,0,4025,S OLD STATE ROAD 37,,,,,S OLD STATE ROAD 37,,,,,N,,0,,39.12022964,-86.52988051,,,,,URBAN,N,N,N,,DAYLIGHT,CLOUDY,DRY,,NO JUNCTION INVOLVED,,ASPHALT,UNSAFE BACKING,$1001 TO $2500,SAME DIRECTION SIDESWIPE,SOLDSTATEROAD37,0,
BLOOMINGTON PD,B22-36617,MONROE,PERRY,BLOOMINGTON,9/11/22,1:30 PM,2,,1,0,0,,W 1ST ST,,,,,W 1ST ST,S COLLEGE AVE,,,,Y,,0,,39.15937795,-86.53499604,LOCAL/CITY ROAD,,,,URBAN,N,N,N,,DAYLIGHT,RAIN,WATER (STANDING OR MOVING),,FOUR-WAY INTERSECTION,,ASPHALT,IMPROPER TURNING,$10001 TO $25000,SAME DIRECTION SIDESWIPE,W1STSTSCOLLEGEAVE,0,
BLOOMINGTON PD,B22-14515,MONROE,BLOOMINGTON,BLOOMINGTON,4/23/22,5:55 AM,2,,0,0,0,,N MONROE ST,,,,,N MONROE ST,W 11TH ST,,,,Y,,0,,39.17344832,-86.54716677,LOCAL/CITY ROAD,,,,URBAN,N,N,N,,DAYLIGHT,CLEAR,DRY,,NO JUNCTION INVOLVED,,ASPHALT,FAILURE TO MAINTAIN LANE,$5001 TO $10000,REAR END,W11THSTNMONROEST,0,
ELLETTSVILLE PD,E22-03024,MONROE,RICHLAND,ELLETTSVILLE,8/12/22,4:22 PM,2,,0,0,0,,E TEMPERANCE ST,,,,,E TEMPERANCE ST,S PAUL ST,,,,Y,,0,,39.23043249,-86.61999835,STATE ROAD,,,,RURAL,Y,N,N,,DAYLIGHT,CLOUDY,DRY,,NO JUNCTION INVOLVED,,ASPHALT,UNSAFE LANE MOVEMENT,$5001 TO $10000,LEFT TURN,SPAULSTETEMPERANCEST,0,
MONROE SD,M22A21837,MONROE,VAN BUREN,BLOOMINGTON,9/5/22,9:43 PM,1,,0,0,0,,S MARKET PL,,,,,S MARKET PL,,,,,N,,0,,39.13328058,-86.58177488,PRIVATE DRIVE,,,,RURAL,N,N,N,,DARK (LIGHTED),RAIN,WET,,NO JUNCTION INVOLVED,,ASPHALT,OTHER (DRIVER) - EXPLAIN IN NARRATIVE,$25001 TO $50000,OTHER - EXPLAIN IN NARRATIVE,SMARKETPL,0,
INDIANA UNIV BLOOMINGTON PD,220731,MONROE,BLOOMINGTON,BLOOMINGTON,2/25/22,3:20 PM,3,,4,0,0,,,,,,,,,,,,N,,0,,39.1817129,-86.50940528,,,,,URBAN,N,N,N,,DAYLIGHT,CLOUDY,DRY,,NO JUNCTION INVOLVED,,ASPHALT,FOLLOWING TOO CLOSELY,$10001 TO $25000,REAR END,,0,
ISP BLOOMINGTON 33,2.022E+11,MONROE,BEAN BLOSSOM,ELLETTSVILLE,4/12/22,11:24 AM,1,,0,0,0,,N STINESVILLE RD,,,,,N STINESVILLE RD,HEDRICK RD,,,,N,,500,,39.28249481,-86.66313403,COUNTY ROAD,,,,RURAL,N,N,N,,DAYLIGHT,CLEAR,MUDDY,,INTERCHANGE,,ASPHALT,,$5001 TO $10000,RAN OFF ROAD,NSTINESVILLERDHEDRICKRD,0,