Agency,Local Code,County,Township,City,Collision Date,Collision Time,Vehicles Involved,Trailers Involved,Number Injured,Number Dead,Number Deer,House Number,Roadway Name,Roadway Suffix,Roadway Number,Roadway Interchange,Roadway Ramp,Roadway Id,Intersecting Road,Intersecting Road Number,Mile Marker,Interchange,Corporate Limits?,Property Type,Feet From,Direction,Latitude,Longitude,Roadway Class,Traffic Control Devices?,Aggressive Driving?,Hit and Run?,Locality,School Zone?,Rumble Strips?,Construction?,Construction Type,Light Condition,Weather Conditions,Surface Condition,Type of Median,Roadway Junction Type,Road Character,Roadway Surface,Primary Factor,Damage Estimate,Manner of Collision,Unique Location Id,State Property Damage?,Traffic Control
BLOOMINGTON PD,B22-15814,MONROE,PERRY,BLOOMINGTON,5/1/22,9:53 PM,2,,0,0,0,,E 3RD ST,,,,,E 3RD ST,STATE RD 46,,,,Y,,0,,39.16429062,-86.49937875,LOCAL/CITY ROAD,,,,URBAN,N,N,N,,DARK (LIGHTED),CLEAR,DRY,,NO JUNCTION INVOLVED,,ASPHALT,FAILURE TO YIELD RIGHT OF WAY,$2501 TO $5000,LEFT TURN,STATERD46E3RDST,0,
INDIANA UNIV BLOOMINGTON PD,223022,MONROE,BLOOMINGTON,BLOOMINGTON,9/1/22,3:55 PM,2,,0,0,0,,N UNION CT,,,,,N UNION CT,N UNION ST,,,,Y,,0,,39.17582428,-86.5096677,LOCAL/CITY ROAD,,,,URBAN,N,N,N,,DAYLIGHT,CLEAR,DRY,,NO JUNCTION INVOLVED,,ASPHALT,IMPROPER TURNING,$1001 TO $2500,SAME DIRECTION SIDESWIPE,NUNIONSTNUNIONCT,0,
BLOOMINGTON PD,B22-38625,MONROE,BLOOMINGTON,BLOOMINGTON,9/23/22,3:28 PM,2,,0,0,0,,W VERNAL PIKE,,,,,W VERNAL PIKE,N CRESCENT RD,,,,Y,,0,,39.17460166,-86.55617184,LOCAL/CITY ROAD,,,,URBAN,N,N,N,,DAYLIGHT,CLOUDY,DRY,,T-INTERSECTION,,CONCRETE,FAILURE TO YIELD RIGHT OF WAY,$2501 TO $5000,LEFT TURN,WVERNALPIKENCRESCENTRD,0,
MONROE SD,M22A7471,MONROE,VAN BUREN,BLOOMINGTON,4/2/22,8:40 AM,3,,0,0,0,,N OARD RD,,,,,N OARD RD,,,48,,N,,0,,39.16500289,-86.62020154,LOCAL/CITY ROAD,,,,RURAL,N,N,N,,DAYLIGHT,CLEAR,DRY,,NO JUNCTION INVOLVED,,ASPHALT,UNSAFE BACKING,$50001 TO $100000,BACKING CRASH,NOARDRD48,0,
ISP BLOOMINGTON 33,2.022E+11,MONROE,PERRY,BLOOMINGTON,5/25/22,10:55 AM,2,,0,0,0,,SR45,,,,,SR45,LIBERTY DRIVE,,,,Y,,0,,39.14504441,-86.57780184,STATE ROAD,,,,URBAN,N,N,N,,DAYLIGHT,CLOUDY,DRY,,FOUR-WAY INTERSECTION,,ASPHALT,FAILURE TO YIELD RIGHT OF WAY,$2501 TO $5000,SAME DIRECTION SIDESWIPE,SR45LIBERTYDRIVE,0,
BLOOMINGTON PD,B22-19260,MONROE,BLOOMINGTON,BLOOMINGTON,5/25/22,11:51 AM,1,,0,0,0,,"3824 W 3RD ST BLOOMINGTON, IN",,,,,"3824 W 3RD ST BLOOMINGTON, IN",,,,,Y,,0,,39.165912,-86.582241,PRIVATE DRIVE,,,,URBAN,N,N,N,,DAYLIGHT,CLOUDY,DRY,,NO JUNCTION INVOLVED,,ASPHALT,UNSAFE BACKING,$1001 TO $2500,BACKING CRASH,"3824W3RDSTBLOOMINGTON,IN",0,
MONROE SD,M22A22305,MONROE,RICHLAND,BLOOMINGTON,9/10/22,12:34 PM,2,,1,0,0,,W SR 46,,,,,W SR 46,N CURRY,,,,N,,500,,39.193728,-86.571154,STATE ROAD,,,,RURAL,N,Y,N,,DAYLIGHT,CLEAR,DRY,,NO JUNCTION INVOLVED,,ASPHALT,FOLLOWING TOO CLOSELY,$10001 TO $25000,REAR END,WSR46NCURRY,0,
MONROE SD,M22A13279,MONROE,PERRY,BLOOMINGTON,6/6/22,4:59 PM,2,,0,0,0,,S ADAMS ST,,,,,S ADAMS ST,W ALLEN ST,,,,N,,0,,39.1558687,-86.55054993,LOCAL/CITY ROAD,,,,RURAL,N,N,N,,DAYLIGHT,RAIN,WET,,FOUR-WAY INTERSECTION,,ASPHALT,DISREGARD SIGNAL/REG SIGN,$2501 TO $5000,RIGHT ANGLE,WALLENSTSADAMSST,0,
BLOOMINGTON PD,B22-32736,MONROE,PERRY,BLOOMINGTON,8/20/22,7:18 PM,2,,0,0,0,,S MITCHELL ST,,,,,S MITCHELL ST,E ATWATER AVE,,,,Y,,0,,39.16314881,-86.51417062,LOCAL/CITY ROAD,,,,URBAN,N,N,N,,DAYLIGHT,CLEAR,DRY,,FOUR-WAY INTERSECTION,,ASPHALT,FAILURE TO YIELD RIGHT OF WAY,$5001 TO $10000,RIGHT ANGLE,SMITCHELLSTEATWATERAVE,0,
BLOOMINGTON PD,B22-07986,MONROE,PERRY,BLOOMINGTON,3/10/22,1:20 PM,2,,0,0,0,,W PATTERSON DR,,,,,W PATTERSON DR,S ROGERS ST,,,,Y,,0,,39.15381653,-86.53862662,LOCAL/CITY ROAD,,,,URBAN,N,N,N,,DAYLIGHT,CLOUDY,DRY,,FOUR-WAY INTERSECTION,,ASPHALT,FOLLOWING TOO CLOSELY,$2501 TO $5000,REAR END,WPATTERSONDRSROGERSST,0,
BLOOMINGTON PD,B22-23749,MONROE,BLOOMINGTON,BLOOMINGTON,6/24/22,2:51 PM,2,,1,0,0,,E 7TH ST,,,,,E 7TH ST,N LINCOLN ST,,,,Y,,0,,39.16853812,-86.53104848,LOCAL/CITY ROAD,,,,URBAN,N,N,N,,DAYLIGHT,CLOUDY,DRY,,FOUR-WAY INTERSECTION,,ASPHALT,FAILURE TO YIELD RIGHT OF WAY,$10001 TO $25000,RIGHT ANGLE,NLINCOLNSTE7THST,0,
BLOOMINGTON PD,B22-31096,MONROE,PERRY,BLOOMINGTON,8/11/22,12:13 PM,2,,0,0,0,,W 4TH ST,,,,,W 4TH ST,S WALNUT ST,,,,Y,,0,,39.16557131,-86.53404898,LOCAL/CITY ROAD,,,,URBAN,N,N,N,,DAYLIGHT,CLEAR,DRY,,NO JUNCTION INVOLVED,,ASPHALT,FAILURE TO YIELD RIGHT OF WAY,$2501 TO $5000,RIGHT ANGLE,W4THSTSWALNUTST,0,
DNR LAW ENFORCEMENT,06-22-00748,MONROE,POLK,BLOOMINGTON,4/7/22,6:30 PM,1,,0,0,0,,TOWER RIDGE RD,,,,,TOWER RIDGE RD,,,,,N,,0,,39.02155601,-86.36506981,,,,,RURAL,N,N,N,,DAYLIGHT,CLEAR,LOOSE MATERIAL ON ROAD,,NO JUNCTION INVOLVED,,GRAVEL,UNSAFE SPEED,$2501 TO $5000,RAN OFF ROAD,TOWERRIDGERD,0,
BLOOMINGTON PD,B22-10131,MONROE,PERRY,BLOOMINGTON,3/25/22,7:41 AM,2,,0,0,0,,S. WALNUT ST,,,,,S. WALNUT ST,SOUTH DRIVE,,,,Y,,0,,39.1419,-86.531138,LOCAL/CITY ROAD,,,,URBAN,Y,N,N,,DAWN/DUSK,CLOUDY,DRY,,FOUR-WAY INTERSECTION,,ASPHALT,DISREGARD SIGNAL/REG SIGN,$5001 TO $10000,RIGHT ANGLE,SOUTHDRIVES.WALNUTST,0,
MONROE SD,M22A19210,MONROE,VAN BUREN,BLOOMINGTON,8/7/22,3:39 AM,1,,0,0,1,,S KIRBY RD,,,,,S KIRBY RD,S FIELDSTONE BLVD,,,,N,,0,,39.15809074,-86.61045701,COUNTY ROAD,,,,RURAL,N,N,N,,DARK (NOT LIGHTED),CLEAR,DRY,,T-INTERSECTION,,ASPHALT,ANIMAL/OBJECT IN ROADWAY,$5001 TO $10000,COLLISION WITH DEER,SKIRBYRDSFIELDSTONEBLVD,0,
MONROE SD,M22A11046,MONROE,PERRY,BLOOMINGTON,5/13/22,7:02 PM,2,,1,0,0,,E RAYLETOWN RD,,,,,E RAYLETOWN RD,S FAIRFAX RD,,,,N,,0,,39.09263728,-86.51691503,LOCAL/CITY ROAD,,,,URBAN,N,N,N,,DAYLIGHT,CLEAR,DRY,,FOUR-WAY INTERSECTION,,ASPHALT,DISREGARD SIGNAL/REG SIGN,$10001 TO $25000,RIGHT ANGLE,SFAIRFAXRDERAYLETOWNRD,0,
BLOOMINGTON PD,B22-33462,MONROE,BLOOMINGTON,BLOOMINGTON,8/24/22,7:41 PM,1,,1,0,0,,SB ON-RAMP I-69,,,,,SB ON-RAMP I-69,W STATE ROAD 45/46 BYPASS,,,,Y,,0,,39.1848141,-86.55744667,INTERSTATE,,,,URBAN,N,Y,N,,DAYLIGHT,CLEAR,DRY,,RAMP,,ASPHALT,OVERCORRECTING/OVERSTEERING,$5001 TO $10000,RAN OFF ROAD,WSTATEROAD45/46BYPASSSBON-RAMPI-69,0,
BLOOMINGTON PD,B22-21814,MONROE,PERRY,BLOOMINGTON,6/10/22,8:00 AM,2,,0,0,0,454,S WESTPLEX AVE,,,,,S WESTPLEX AVE,,,,,Y,,0,,39.16287226,-86.55386617,,,,,URBAN,N,N,N,,DAYLIGHT,CLEAR,DRY,,NO JUNCTION INVOLVED,,ASPHALT,OVERCORRECTING/OVERSTEERING,$2501 TO $5000,RIGHT TURN,SWESTPLEXAVE,0,
INDIANA UNIV BLOOMINGTON PD,223679,MONROE,BLOOMINGTON,BLOOMINGTON,9/30/22,5:45 PM,2,,0,0,0,,E UNIVERSITY RD,,,,,E UNIVERSITY RD,,,,,Y,,0,,39.17666321,-86.51848192,PRIVATE DRIVE,,,,URBAN,N,N,N,,DAYLIGHT,CLEAR,DRY,,NO JUNCTION INVOLVED,,ASPHALT,UNSAFE BACKING,$2501 TO $5000,BACKING CRASH,EUNIVERSITYRD,0,
MONROE SD,M22A11359,MONROE,VAN BUREN,BLOOMINGTON,5/17/22,10:51 AM,2,,0,0,0,,W STATE RD 45,,,,,W STATE RD 45,S DARRELL DR,,,,N,,0,,39.11505973,-86.62837809,,,,,RURAL,N,N,B,,DAYLIGHT,CLEAR,DRY,,NO JUNCTION INVOLVED,,ASPHALT,FOLLOWING TOO CLOSELY,$2501 TO $5000,REAR END,WSTATERD45SDARRELLDR,0,
MONROE SD,M22A16914,MONROE,VAN BUREN,,7/14/22,4:33 AM,2,,0,0,0,,W STATE ROAD 48,,,,,W STATE ROAD 48,S STONE CHASE XING,,,,N,,0,,39.1647284,-86.5952401,,,,,URBAN,N,N,N,,DAYLIGHT,CLEAR,DRY,,NO JUNCTION INVOLVED,,ASPHALT,FOLLOWING TOO CLOSELY,$5001 TO $10000,REAR END,WSTATEROAD48SSTONECHASEXING,0,
BLOOMINGTON PD,B22-05010,MONROE,BLOOMINGTON,BLOOMINGTON,2/14/22,10:48 AM,2,,0,0,0,,912 S WALNUT,,,,,912 S WALNUT,E ALLEN ST,,,,Y,,0,,39.156284,-86.534017,LOCAL/CITY ROAD,,,,URBAN,N,N,N,,DAYLIGHT,CLEAR,DRY,,NO JUNCTION INVOLVED,,ASPHALT,FAILURE TO YIELD RIGHT OF WAY,$5001 TO $10000,RIGHT ANGLE,EALLENST912SWALNUT,0,
BLOOMINGTON PD,B22-08310,MONROE,PERRY,BLOOMINGTON,3/12/22,4:40 PM,2,,0,0,0,528,S COLLEGE AVE; SEMINARY SQ KRO,,,,,S COLLEGE AVE; SEMINARY SQ KROGER,,,,,Y,,0,,39.16091502,-86.53558609,PRIVATE DRIVE,,,,URBAN,N,N,N,,DAYLIGHT,CLEAR,DRY,,NO JUNCTION INVOLVED,,ASPHALT,FAILURE TO YIELD RIGHT OF WAY,$1001 TO $2500,BACKING CRASH,SCOLLEGEAVE;SEMINARYSQKROGER,0,
BLOOMINGTON PD,B22-18350,MONROE,BLOOMINGTON,BLOOMINGTON,5/19/22,11:45 AM,2,,0,0,0,,N. WALNUT ST,,,,,N. WALNUT ST,E. 9TH ST,,,,Y,,0,,39.170457,-86.533587,LOCAL/CITY ROAD,,,,RURAL,N,N,N,,DAYLIGHT,CLOUDY,DRY,,NO JUNCTION INVOLVED,,ASPHALT,FOLLOWING TOO CLOSELY,$2501 TO $5000,REAR END,N.WALNUTSTE.9THST,0,
MONROE SD,M22A5526,MONROE,BLOOMINGTON,BLOOMINGTON,3/9/22,2:30 AM,2,,0,0,0,,E CREEKS EDGE DR,,,,,E CREEKS EDGE DR,S CHEEKWOOD LN,,,,N,,0,,39.12904438,-86.49851679,COUNTY ROAD,,,,RURAL,N,N,N,,DAYLIGHT,CLEAR,DRY,,NO JUNCTION INVOLVED,,ASPHALT,UNSAFE BACKING,$5001 TO $10000,BACKING CRASH,SCHEEKWOODLNECREEKSEDGEDR,0,
BLOOMINGTON PD,B22-30798,MONROE,BLOOMINGTON,BLOOMINGTON,8/6/22,1:00 PM,2,,0,0,0,,E 12TH ST,,,,,E 12TH ST,N DUNN ST,,,,Y,,317,,39.17438498,-86.52901516,LOCAL/CITY ROAD,,,,URBAN,N,N,N,,UNKNOWN,CLEAR,DRY,,NO JUNCTION INVOLVED,,ASPHALT,OTHER (VEHICLE) - EXPLAIN IN NARRATIVE,$1001 TO $2500,OTHER - EXPLAIN IN NARRATIVE,NDUNNSTE12THST,0,
BLOOMINGTON PD,B22-05242,MONROE,PERRY,BLOOMINGTON,2/14/22,9:30 AM,2,,0,0,0,505,505 S HIGHLAND AVE BLOOMINGTON,,,,,"505 S HIGHLAND AVE BLOOMINGTON, IN 47401",,,,,Y,,0,,,,LOCAL/CITY ROAD,,,,URBAN,N,N,N,,DAWN/DUSK,CLEAR,DRY,,NO JUNCTION INVOLVED,,ASPHALT,IMPROPER PASSING,UNDER $1001,SAME DIRECTION SIDESWIPE,"505SHIGHLANDAVEBLOOMINGTON,IN47401",0,
BLOOMINGTON PD,B22-32859,MONROE,PERRY,BLOOMINGTON,8/21/22,2:25 AM,2,,0,0,0,,S WALNUT ST,,,,,S WALNUT ST,E SOUTH DRIVE,,,,Y,,0,,39.14010361,-86.53068415,LOCAL/CITY ROAD,,,,URBAN,Y,N,N,,DAYLIGHT,CLOUDY,DRY,,NO JUNCTION INVOLVED,,ASPHALT,OTHER (VEHICLE) - EXPLAIN IN NARRATIVE,$5001 TO $10000,OTHER - EXPLAIN IN NARRATIVE,SWALNUTSTESOUTHDRIVE,0,
BLOOMINGTON PD,B22-32275,MONROE,BLOOMINGTON,BLOOMINGTON,8/17/22,6:40 PM,2,,0,0,0,,STATE RD 45/46 BYPASS,,,,,STATE RD 45/46 BYPASS,N MONROE ST,,,,Y,,500,,39.1869459,-86.54792755,LOCAL/CITY ROAD,,,,URBAN,N,N,N,,DAYLIGHT,CLEAR,DRY,,NO JUNCTION INVOLVED,,ASPHALT,IMPROPER PASSING,$2501 TO $5000,SAME DIRECTION SIDESWIPE,STATERD45/46BYPASSNMONROEST,0,
BLOOMINGTON PD,B22-40903,MONROE,BLOOMINGTON,BLOOMINGTON,10/4/22,4:16 PM,2,,0,0,0,,1820 N WALNUT ST,,,,,1820 N WALNUT ST,,,,,Y,,0,,39.18359183,-86.53355674,PRIVATE DRIVE,,,,URBAN,N,N,N,,UNKNOWN,CLEAR,DRY,,NO JUNCTION INVOLVED,,CONCRETE,IMPROPER TURNING,$1001 TO $2500,SAME DIRECTION SIDESWIPE,1820NWALNUTST,0,
BLOOMINGTON PD,B22-11910,MONROE,PERRY,BLOOMINGTON,4/6/22,6:15 PM,2,,0,0,0,,S PETE ELLIS DR,,,,,S PETE ELLIS DR,E 3RD ST,,,,Y,,0,,39.16437817,-86.49491335,LOCAL/CITY ROAD,,,,URBAN,N,N,N,,DAYLIGHT,CLEAR,DRY,,FOUR-WAY INTERSECTION,,ASPHALT,FAILURE TO YIELD RIGHT OF WAY,$5001 TO $10000,RIGHT ANGLE,SPETEELLISDRE3RDST,0,
BLOOMINGTON PD,B22-22779,MONROE,PERRY,BLOOMINGTON,6/17/22,6:14 AM,2,,2,0,0,,2300 SOUTH WALNUT STREET,,,,,2300 SOUTH WALNUT STREET,,,,,Y,,0,,39.13976331,-86.53069494,LOCAL/CITY ROAD,,,,URBAN,Y,N,N,,DAYLIGHT,CLEAR,DRY,,T-INTERSECTION,,ASPHALT,FAILURE TO YIELD RIGHT OF WAY,$10001 TO $25000,RIGHT ANGLE,2300SOUTHWALNUTSTREET,0,
BLOOMINGTON PD,B22-31721,MONROE,BLOOMINGTON,BLOOMINGTON,8/15/22,2:00 PM,1,,0,0,0,,STATE RD 46,,,,,STATE RD 46,,,,,Y,,0,,39.1656461,-86.49778251,PRIVATE DRIVE,,,,URBAN,N,N,N,,DAYLIGHT,CLOUDY,DRY,,NO JUNCTION INVOLVED,,ASPHALT,IMPROPER TURNING,$2501 TO $5000,SAME DIRECTION SIDESWIPE,STATERD46,0,
MONROE SD,M22A21742,MONROE,PERRY,BLOOMINGTON,9/4/22,12:13 PM,2,,0,0,0,,S FAIRFAX RD,,,,,S FAIRFAX RD,E SCHACHT RD,,,,N,,0,,39.10689051,-86.52378857,LOCAL/CITY ROAD,,,,RURAL,N,N,N,,DAYLIGHT,CLOUDY,DRY,,T-INTERSECTION,,ASPHALT,FOLLOWING TOO CLOSELY,$25001 TO $50000,REAR END,SFAIRFAXRDESCHACHTRD,0,
INDIANA UNIV BLOOMINGTON PD,221856,MONROE,BLOOMINGTON,BLOOMINGTON,5/12/22,1:46 AM,2,,1,0,0,,W 10TH ST,,,,,W 10TH ST,N COLLEGE AVE,,,,Y,,0,,39.17168224,-86.53486437,LOCAL/CITY ROAD,,,,URBAN,N,N,N,,DARK (NOT LIGHTED),CLEAR,DRY,,FOUR-WAY INTERSECTION,,ASPHALT,DISREGARD SIGNAL/REG SIGN,$10001 TO $25000,RIGHT ANGLE,W10THSTNCOLLEGEAVE,0,
BLOOMINGTON PD,B22-17477,MONROE,PERRY,BLOOMINGTON,5/12/22,10:01 PM,2,,0,0,0,,S WALNUT ST,,,,,S WALNUT ST,E MILLER DR,,,,Y,,581,,39.14790096,-86.53296179,LOCAL/CITY ROAD,,,,URBAN,N,N,N,,DARK (NOT LIGHTED),CLEAR,DRY,,NO JUNCTION INVOLVED,,ASPHALT,UNSAFE LANE MOVEMENT,$2501 TO $5000,SAME DIRECTION SIDESWIPE,SWALNUTSTEMILLERDR,0,
BLOOMINGTON PD,B22-26773,MONROE,BLOOMINGTON,BLOOMINGTON,7/13/22,4:43 PM,2,,1,0,0,,N KINSER PK,,,,,N KINSER PK,ST RD 45/46,,,,Y,,0,,,,STATE ROAD,,,,URBAN,N,N,N,,DAYLIGHT,CLEAR,DRY,,FOUR-WAY INTERSECTION,,ASPHALT,DISREGARD SIGNAL/REG SIGN,$5001 TO $10000,RIGHT ANGLE,STRD45/46NKINSERPK,0,
BLOOMINGTON PD,B22-18256,MONROE,PERRY,BLOOMINGTON,5/18/22,4:59 PM,2,,0,0,0,,S COLLEGE MALL RD,,,,,S COLLEGE MALL RD,E COVENANTER DR,,,,Y,,0,,39.15520703,-86.49770056,LOCAL/CITY ROAD,,,,URBAN,N,N,N,,DAYLIGHT,RAIN,WET,,FOUR-WAY INTERSECTION,,ASPHALT,FAILURE TO YIELD RIGHT OF WAY,$2501 TO $5000,SAME DIRECTION SIDESWIPE,SCOLLEGEMALLRDECOVENANTERDR,0,
BLOOMINGTON PD,B22-26594,MONROE,BLOOMINGTON,BLOOMINGTON,7/12/22,3:47 PM,2,,0,0,0,,STATE RD 46,,,,,STATE RD 46,N KINSER PIKE,,,,Y,,528,,39.18636988,-86.53651772,STATE ROAD,,,,URBAN,N,N,Y,LANE CLOSURE,DAYLIGHT,CLEAR,DRY,,NO JUNCTION INVOLVED,,ASPHALT,UNSAFE LANE MOVEMENT,UNDER $1001,SAME DIRECTION SIDESWIPE,STATERD46NKINSERPIKE,0,
BLOOMINGTON PD,B22-21655,MONROE,PERRY,BLOOMINGTON,6/9/22,2:30 PM,2,,0,0,0,326,S WOODSCREST DR,,,,,S WOODSCREST DR,,,,,Y,,0,,39.1636154,-86.50302049,PRIVATE DRIVE,,,,URBAN,N,N,N,,DAYLIGHT,CLEAR,DRY,,NO JUNCTION INVOLVED,,ASPHALT,IMPROPER TURNING,UNDER $1001,SAME DIRECTION SIDESWIPE,SWOODSCRESTDR,0,
BLOOMINGTON PD,B22-24520,MONROE,PERRY,BLOOMINGTON,6/29/22,2:07 PM,1,,1,0,0,,S ROGERS ST,,,,,S ROGERS ST,W CHAMBERS DR,,,,Y,,0,,39.14628977,-86.53882736,LOCAL/CITY ROAD,,,,URBAN,N,N,N,,DAYLIGHT,CLEAR,DRY,,T-INTERSECTION,,ASPHALT,LEFT OF CENTER,$5001 TO $10000,RAN OFF ROAD,WCHAMBERSDRSROGERSST,0,
BLOOMINGTON PD,B22-36506,MONROE,PERRY,BLOOMINGTON,9/10/22,7:15 PM,2,,0,0,0,,W BLOOMFIELD RD,,,,,W BLOOMFIELD RD,S BASSWOOD DR,,,,Y,,0,,39.14979109,-86.56891162,LOCAL/CITY ROAD,,,,URBAN,N,N,N,,DARK (LIGHTED),RAIN,WET,,FOUR-WAY INTERSECTION,,ASPHALT,FOLLOWING TOO CLOSELY,$2501 TO $5000,REAR END,WBLOOMFIELDRDSBASSWOODDR,0,
INDIANA UNIV BLOOMINGTON PD,220313,MONROE,BLOOMINGTON,BLOOMINGTON,1/28/22,2:40 PM,2,,0,0,0,,E 17TH ST,,,,,E 17TH ST,,,,,Y,,0,,39.17796092,-86.51009537,,,,,URBAN,N,N,N,,DAYLIGHT,CLOUDY,ICE,,NO JUNCTION INVOLVED,,ASPHALT,ROADWAY SURFACE CONDITION,UNDER $1001,OPPOSITE DIRECTION SIDESWIPE,E17THST,0,
MONROE SD,M22A8520,MONROE,RICHLAND,BLOOMINGTON,4/15/22,8:54 PM,1,,0,0,1,,2200 N CURRY PIKE,,,,,2200 N CURRY PIKE,,,,,N,,0,,39.18743764,-86.58308631,LOCAL/CITY ROAD,,,,URBAN,N,N,Y,LANE CLOSURE,DARK (NOT LIGHTED),CLEAR,DRY,,NO JUNCTION INVOLVED,,ASPHALT,ANIMAL/OBJECT IN ROADWAY,$5001 TO $10000,COLLISION WITH DEER,2200NCURRYPIKE,0,
MONROE SD,M22A4163,MONROE,BLOOMINGTON,BLOOMINGTON,2/21/22,2:05 PM,2,,0,0,0,,N RUSSELL RD,,,,,N RUSSELL RD,COMMODORE TRAIL,,,,N,,0,,39.18692265,-86.48181056,COUNTY ROAD,,,,RURAL,N,N,N,,DAYLIGHT,CLEAR,DRY,,T-INTERSECTION,,ASPHALT,IMPROPER TURNING,$5001 TO $10000,OPPOSITE DIRECTION SIDESWIPE,NRUSSELLRDCOMMODORETRAIL,0,
BLOOMINGTON PD,B22-22969,MONROE,PERRY,BLOOMINGTON,6/19/22,5:20 AM,1,,0,0,1,,,,,I69,1,I69117,,,,,Y,,0,,,,INTERSTATE,,,,URBAN,N,N,N,,DARK (LIGHTED),CLEAR,DRY,,NO JUNCTION INVOLVED,,ASPHALT,ANIMAL/OBJECT IN ROADWAY,$1001 TO $2500,COLLISION WITH DEER,I69117,0,
BLOOMINGTON PD,B22-03715,MONROE,BLOOMINGTON,BLOOMINGTON,2/2/22,6:25 AM,2,,0,0,0,,E 3RD ST,,,,,E 3RD ST,S GRANT ST,,,,Y,,0,,39.16456478,-86.52987189,LOCAL/CITY ROAD,,,,URBAN,N,N,N,,DARK (LIGHTED),RAIN,WET,,FOUR-WAY INTERSECTION,,ASPHALT,DISREGARD SIGNAL/REG SIGN,$25001 TO $50000,RIGHT ANGLE,SGRANTSTE3RDST,0,
INDIANA UNIV BLOOMINGTON PD,223561,MONROE,BLOOMINGTON,BLOOMINGTON,9/25/22,6:10 PM,2,,0,0,0,,E 3RD ST,,,,,E 3RD ST,S WOODLAWN AVE,,,,Y,,0,,39.16424591,-86.52253694,LOCAL/CITY ROAD,,,,URBAN,N,N,N,,DAYLIGHT,CLEAR,DRY,,T-INTERSECTION,,ASPHALT,IMPROPER LANE USAGE,$1001 TO $2500,LEFT TURN,SWOODLAWNAVEE3RDST,0,
MONROE SD,M22A6836,MONROE,VAN BUREN,BLOOMINGTON,3/25/22,4:00 AM,2,,0,0,0,,S CURRY PIKE,,,,,S CURRY PIKE,SIERRA DR,,,,N,,0,,39.15258054,-86.58259942,LOCAL/CITY ROAD,,,,RURAL,N,N,N,,DAYLIGHT,CLEAR,DRY,,T-INTERSECTION,,ASPHALT,FOLLOWING TOO CLOSELY,$1001 TO $2500,REAR END,SIERRADRSCURRYPIKE,0,
BLOOMINGTON PD,B22-10327,MONROE,BLOOMINGTON,BLOOMINGTON,3/26/22,1:55 PM,2,,1,0,0,,N GRANT ST,,,,,N GRANT ST,E 7TH ST,,,,Y,,0,,39.16853978,-86.52977247,LOCAL/CITY ROAD,,,,URBAN,N,N,N,,DAYLIGHT,CLEAR,DRY,,FOUR-WAY INTERSECTION,,ASPHALT,DISREGARD SIGNAL/REG SIGN,$2501 TO $5000,RIGHT ANGLE,NGRANTSTE7THST,0,
INDIANA UNIV BLOOMINGTON PD,223440,MONROE,BLOOMINGTON,BLOOMINGTON,9/21/22,11:35 AM,2,,0,0,0,,E 10TH ST,,,,,E 10TH ST,N WALNUT GROVE AVE,,,,Y,,0,,39.1716261,-86.52063928,LOCAL/CITY ROAD,,,,URBAN,N,Y,N,,DAYLIGHT,CLEAR,DRY,,NO JUNCTION INVOLVED,,CONCRETE,FOLLOWING TOO CLOSELY,$2501 TO $5000,REAR END,NWALNUTGROVEAVEE10THST,0,
MONROE SD,M22A5748,MONROE,RICHLAND,BLOOMINGTON,3/12/22,1:45 PM,2,,2,0,0,,N SMITH PIKE,,,,,N SMITH PIKE,W WOODYARD RD,,,,N,,0,,39.19071865,-86.58312268,COUNTY ROAD,,,,RURAL,N,N,Y,WORK ON SHOULDER,DAYLIGHT,CLEAR,DRY,,T-INTERSECTION,,ASPHALT,FAILURE TO YIELD RIGHT OF WAY,$2501 TO $5000,RIGHT ANGLE,WWOODYARDRDNSMITHPIKE,0,
MONROE SD,M22A16854,MONROE,VAN BUREN,BLOOMINGTON,7/14/22,7:03 AM,2,,1,0,0,,W STATE RD 45,,,,,W STATE RD 45,S DUNCAN RD,,,,N,,0,,39.13502164,-86.59636646,STATE ROAD,,,,RURAL,N,Y,N,,DAYLIGHT,CLEAR,DRY,,NO JUNCTION INVOLVED,,ASPHALT,FAILURE TO YIELD RIGHT OF WAY,$2501 TO $5000,RIGHT ANGLE,WSTATERD45SDUNCANRD,0,
INDIANA UNIV BLOOMINGTON PD,223341,MONROE,BLOOMINGTON,BLOOMINGTON,9/14/22,5:30 PM,2,,0,0,0,,E JONES AVE,,,,,E JONES AVE,,,,,Y,,0,,39.16541257,-86.51471964,PRIVATE DRIVE,,,,URBAN,N,N,N,,UNKNOWN,CLEAR,DRY,,NO JUNCTION INVOLVED,,ASPHALT,OTHER (DRIVER) - EXPLAIN IN NARRATIVE,UNDER $1001,BACKING CRASH,EJONESAVE,0,
MONROE SD,M22A23152,MONROE,RICHLAND,BLOOMINGTON,9/20/22,3:45 AM,1,,0,1,0,,W RATLIFF RD,,,,,W RATLIFF RD,N LOUDEN RD,,,,N,,320,,39.21658295,-86.64224929,LOCAL/CITY ROAD,,,,RURAL,N,N,N,,DAYLIGHT,CLEAR,DRY,,NO JUNCTION INVOLVED,,ASPHALT,UNSAFE SPEED,$10001 TO $25000,RAN OFF ROAD,WRATLIFFRDNLOUDENRD,0,