Agency,Local Code,County,Township,City,Collision Date,Collision Time,Vehicles Involved,Trailers Involved,Number Injured,Number Dead,Number Deer,House Number,Roadway Name,Roadway Suffix,Roadway Number,Roadway Interchange,Roadway Ramp,Roadway Id,Intersecting Road,Intersecting Road Number,Mile Marker,Interchange,Corporate Limits?,Property Type,Feet From,Direction,Latitude,Longitude,Roadway Class,Traffic Control Devices?,Aggressive Driving?,Hit and Run?,Locality,School Zone?,Rumble Strips?,Construction?,Construction Type,Light Condition,Weather Conditions,Surface Condition,Type of Median,Roadway Junction Type,Road Character,Roadway Surface,Primary Factor,Damage Estimate,Manner of Collision,Unique Location Id,State Property Damage?,Traffic Control
INDIANA UNIV BLOOMINGTON PD,221780,MONROE,BLOOMINGTON,BLOOMINGTON,5/6/22,10:55 AM,2,,0,0,0,,E 17TH ST,,,,,E 17TH ST,N FEE LN,,,,Y,,0,,39.17901224,-86.51897124,LOCAL/CITY ROAD,,,,URBAN,N,N,N,,DARK (LIGHTED),CLEAR,WET,,FOUR-WAY INTERSECTION,,ASPHALT,FOLLOWING TOO CLOSELY,UNDER $1001,REAR END,NFEELNE17THST,0,
MONROE SD,M22A15924,MONROE,RICHLAND,BLOOMINGTON,7/4/22,3:26 PM,1,,0,0,0,,N MT TABOR RD,,,,,N MT TABOR RD,N BARR RD,,,,N,,950,,39.27258542,-86.62072725,LOCAL/CITY ROAD,,,,RURAL,N,N,N,,DAYLIGHT,CLEAR,DRY,,NO JUNCTION INVOLVED,,ASPHALT,OVERCORRECTING/OVERSTEERING,$2501 TO $5000,RAN OFF ROAD,NMTTABORRDNBARRRD,0,
BLOOMINGTON PD,B22-12876,MONROE,PERRY,BLOOMINGTON,4/13/22,10:55 AM,2,,2,0,0,,E. 7TH ST,,,,,E. 7TH ST,N. DUNN ST,,,,Y,,0,,39.168516,-86.52827,LOCAL/CITY ROAD,,,,URBAN,N,N,N,,DAYLIGHT,RAIN,WET,,FOUR-WAY INTERSECTION,,ASPHALT,FAILURE TO YIELD RIGHT OF WAY,$5001 TO $10000,RIGHT ANGLE,N.DUNNSTE.7THST,0,
BLOOMINGTON PD,B22-18540,MONROE,,BLOOMINGTON,5/20/22,12:52 PM,2,,0,0,0,,528 S. COLLEGE AVE,,,,,528 S. COLLEGE AVE,,,,,Y,,0,,0,0,PRIVATE DRIVE,,,,URBAN,N,N,N,,DAYLIGHT,CLEAR,DRY,,NO JUNCTION INVOLVED,,ASPHALT,UNSAFE BACKING,$1001 TO $2500,BACKING CRASH,528S.COLLEGEAVE,0,
BLOOMINGTON PD,B22-19688,MONROE,BLOOMINGTON,BLOOMINGTON,5/28/22,10:24 AM,2,,0,0,0,321,E. 14TH STREET,,,,,E. 14TH STREET,,,,,Y,,0,,39.1763015,-86.529906,PRIVATE DRIVE,,,,URBAN,N,N,N,,DAYLIGHT,CLEAR,DRY,,NO JUNCTION INVOLVED,,ASPHALT,UNSAFE BACKING,$5001 TO $10000,RIGHT ANGLE,E.14THSTREET,0,
BLOOMINGTON PD,B22-38097,MONROE,PERRY,BLOOMINGTON,9/20/22,4:28 PM,2,,0,0,0,,S HENDERSON ST,,,,,S HENDERSON ST,E WINSLOW RD,,,,Y,,264,,39.13645135,-86.52691115,LOCAL/CITY ROAD,,,,URBAN,N,N,N,,DAYLIGHT,CLEAR,DRY,,FOUR-WAY INTERSECTION,,ASPHALT,FAILURE TO YIELD RIGHT OF WAY,$2501 TO $5000,RIGHT ANGLE,SHENDERSONSTEWINSLOWRD,0,
INDIANA UNIV BLOOMINGTON PD,221235,MONROE,BLOOMINGTON,BLOOMINGTON,4/3/22,9:30 PM,2,,0,0,0,,STATE RD 45,,,,,STATE RD 45,DISCOVERY PKWY,,,,Y,,0,,39.17529439,-86.50409789,STATE ROAD,,,,URBAN,N,N,N,,DARK (LIGHTED),CLEAR,DRY,,T-INTERSECTION,,ASPHALT,HEADLIGHT DEFECTIVE OR NOT ON,$5001 TO $10000,RIGHT ANGLE,STATERD45DISCOVERYPKWY,0,
BLOOMINGTON PD,B22-19943,MONROE,PERRY,BLOOMINGTON,5/30/22,1:07 PM,2,,0,0,0,2966,E. 3RD STREET,,,,,E. 3RD STREET,,,,,Y,,0,,39.161776,-86.494241,PRIVATE DRIVE,,,,URBAN,N,N,N,,DAYLIGHT,CLEAR,DRY,,NO JUNCTION INVOLVED,,ASPHALT,UNSAFE BACKING,$1001 TO $2500,BACKING CRASH,E.3RDSTREET,0,
BLOOMINGTON PD,B22-14219,MONROE,VAN BUREN,BLOOMINGTON,4/22/22,1:43 PM,3,,0,0,0,,W 3RD ST,,,,,W 3RD ST,S LIBERTY DR,,,,N,,0,,39.1645966,-86.57915446,LOCAL/CITY ROAD,,,,URBAN,N,N,N,,DAYLIGHT,CLEAR,DRY,,FOUR-WAY INTERSECTION,,ASPHALT,FOLLOWING TOO CLOSELY,$1001 TO $2500,REAR END,W3RDSTSLIBERTYDR,0,
INDIANA UNIV BLOOMINGTON PD,220675,MONROE,BLOOMINGTON,BLOOMINGTON,2/21/22,2:05 PM,2,,0,0,0,1110,N EAGLESON AVE,,,,,N EAGLESON AVE,,,,,Y,,0,,39.17694504,-86.51220605,LOCAL/CITY ROAD,,,,URBAN,N,N,N,,DAYLIGHT,CLEAR,DRY,,NO JUNCTION INVOLVED,,ASPHALT,UNSAFE BACKING,$1001 TO $2500,BACKING CRASH,NEAGLESONAVE,0,
BLOOMINGTON PD,B22-23538,MONROE,PERRY,BLOOMINGTON,6/23/22,8:49 AM,2,,0,0,0,,S WALNUT ST,,,,,S WALNUT ST,E HILLSIDE DR,,,,Y,,0,,39.15050099,-86.53365153,LOCAL/CITY ROAD,,,,URBAN,N,N,N,,DAYLIGHT,CLEAR,DRY,,FOUR-WAY INTERSECTION,,ASPHALT,FAILURE TO YIELD RIGHT OF WAY,$5001 TO $10000,RIGHT ANGLE,SWALNUTSTEHILLSIDEDR,0,
BLOOMINGTON PD,B22-39526,MONROE,PERRY,BLOOMINGTON,9/28/22,1:21 PM,2,,0,0,0,,S WASHINGTON ST,,,,,S WASHINGTON ST,E 2ND ST,,,,Y,,150,,39.16045428,-86.53247304,LOCAL/CITY ROAD,,,,URBAN,N,N,N,,DAYLIGHT,CLEAR,DRY,,NO JUNCTION INVOLVED,,ASPHALT,UNSAFE BACKING,$1001 TO $2500,BACKING CRASH,SWASHINGTONSTE2NDST,0,
BLOOMINGTON PD,B22-38753,MONROE,PERRY,BLOOMINGTON,9/24/22,11:31 AM,2,,0,0,0,,S WALNUT ST,,,,,S WALNUT ST,E NORTH DR,,,,Y,,475,,39.14487145,-86.53204518,LOCAL/CITY ROAD,,,,URBAN,N,N,N,,DAYLIGHT,CLEAR,DRY,,NO JUNCTION INVOLVED,,ASPHALT,UNSAFE LANE MOVEMENT,$1001 TO $2500,SAME DIRECTION SIDESWIPE,SWALNUTSTENORTHDR,0,
BLOOMINGTON PD,B22-31954,MONROE,PERRY,BLOOMINGTON,8/16/22,10:10 PM,2,,0,0,0,,W COOLIDGE DR,,,,,W COOLIDGE DR,S BROADVIEW DR,,,,Y,,0,,39.14133422,-86.54294299,LOCAL/CITY ROAD,,,,URBAN,N,N,N,,DARK (LIGHTED),CLOUDY,DRY,,NO JUNCTION INVOLVED,,ASPHALT,UNSAFE SPEED,$10001 TO $25000,SAME DIRECTION SIDESWIPE,WCOOLIDGEDRSBROADVIEWDR,0,
INDIANA UNIV BLOOMINGTON PD,220836,MONROE,BLOOMINGTON,BLOOMINGTON,3/3/22,11:05 AM,2,,0,0,0,,E JONES AVE,,,,,E JONES AVE,S JORDAN AVE,,,,Y,,200,,39.1654934,-86.51524406,LOCAL/CITY ROAD,,,,URBAN,N,N,N,,DARK (LIGHTED),CLEAR,DRY,,T-INTERSECTION,,ASPHALT,FAILURE TO YIELD RIGHT OF WAY,$5001 TO $10000,RIGHT ANGLE,SJORDANAVEEJONESAVE,0,
INDIANA UNIV BLOOMINGTON PD,220611,MONROE,PERRY,BLOOMINGTON,2/16/22,12:50 PM,3,,1,0,0,,E ATWATER AVE,,,,,E ATWATER AVE,S PARK AVE,,,,Y,,0,,39.16311875,-86.5245325,LOCAL/CITY ROAD,,,,URBAN,N,N,N,,DAYLIGHT,CLOUDY,DRY,,NO JUNCTION INVOLVED,,ASPHALT,FOLLOWING TOO CLOSELY,$5001 TO $10000,REAR END,SPARKAVEEATWATERAVE,0,
BLOOMINGTON PD,B22-32726,MONROE,PERRY,BLOOMINGTON,8/20/22,6:40 PM,2,,0,0,0,,S WALNUT ST,,,,,S WALNUT ST,E RHORER RD,,,,Y,,0,,39.12146649,-86.53137137,LOCAL/CITY ROAD,,,,URBAN,N,N,N,,DAYLIGHT,CLEAR,DRY,,FOUR-WAY INTERSECTION,,ASPHALT,FAILURE TO YIELD RIGHT OF WAY,$2501 TO $5000,RIGHT ANGLE,SWALNUTSTERHORERRD,0,
BLOOMINGTON PD,B22-31500,MONROE,BLOOMINGTON,BLOOMINGTON,8/14/22,2:50 AM,1,,0,0,0,,W 3RD ST,,,,,W 3RD ST,S COLLEGE AVE,,,,Y,,264,,39.16464519,-86.53542227,LOCAL/CITY ROAD,,,,URBAN,N,N,N,,DARK (LIGHTED),CLEAR,DRY,,NO JUNCTION INVOLVED,,CONCRETE,OTHER (DRIVER) - EXPLAIN IN NARRATIVE,$5001 TO $10000,RAN OFF ROAD,W3RDSTSCOLLEGEAVE,0,
ELLETTSVILLE PD,E22-03286,MONROE,RICHLAND,ELLETTSVILLE,8/29/22,4:14 PM,2,,0,0,0,,W PERRY DR,,,,,W PERRY DR,N SHELLY DR,,,,N,,0,,39.24060862,-86.60318595,,,,,RURAL,N,N,N,,DAYLIGHT,CLEAR,DRY,,T-INTERSECTION,,CONCRETE,FAILURE TO MAINTAIN LANE,$5001 TO $10000,HEAD ON BETWEEN TWO MOTOR VEHICLES,WPERRYDRNSHELLYDR,0,
BLOOMINGTON PD,B22-12145,MONROE,PERRY,BLOOMINGTON,4/8/22,11:10 AM,1,,0,0,0,885,S COLLEGE MALL RD,,,,,S COLLEGE MALL RD,,,,,Y,,0,,39.156867,-86.497037,PRIVATE DRIVE,,,,URBAN,N,N,N,,DAYLIGHT,CLOUDY,WET,,NO JUNCTION INVOLVED,,ASPHALT,OTHER (VEHICLE) - EXPLAIN IN NARRATIVE,$10001 TO $25000,OTHER - EXPLAIN IN NARRATIVE,SCOLLEGEMALLRD,0,
BLOOMINGTON PD,B22-14267,MONROE,VAN BUREN,BLOOMINGTON,4/22/22,5:35 AM,3,,2,0,0,,N GATES DR,,,,,N GATES DR,W 3RD ST,,,,Y,,0,,39.16459043,-86.576199,LOCAL/CITY ROAD,,,,URBAN,N,N,N,,DAYLIGHT,CLEAR,DRY,,FOUR-WAY INTERSECTION,,CONCRETE,FAILURE TO YIELD RIGHT OF WAY,$10001 TO $25000,LEFT TURN,W3RDSTNGATESDR,0,
BLOOMINGTON PD,B22-26600,MONROE,PERRY,BLOOMINGTON,7/12/22,4:20 PM,3,,2,0,0,,S ROGERS ST,,,,,S ROGERS ST,S ROCKPORT RD,,,,Y,,0,,39.14676291,-86.53891145,,,,,RURAL,N,N,N,,DAYLIGHT,CLEAR,DRY,,NO JUNCTION INVOLVED,,ASPHALT,FOLLOWING TOO CLOSELY,$10001 TO $25000,REAR END,SROGERSSTSROCKPORTRD,0,
BLOOMINGTON PD,B22-32010,MONROE,,BLOOMINGTON,8/17/22,9:03 AM,2,,0,0,0,,I69 S RAMP,,,,,I69 S RAMP,W SR46,,,,Y,,200,,39.1309148,-86.57319368,INTERSTATE,,,,URBAN,N,N,N,,DAYLIGHT,CLEAR,DRY,,RAMP,,ASPHALT,UNSAFE LANE MOVEMENT,$2501 TO $5000,SAME DIRECTION SIDESWIPE,WSR46I69SRAMP,0,
INDIANA UNIV BLOOMINGTON PD,222644,MONROE,BLOOMINGTON,BLOOMINGTON,8/16/22,4:45 PM,2,,0,0,0,,E. 10TH ST.,,,,,E. 10TH ST.,N. JEFFERSON ST.,,,,Y,,0,,39.17140776,-86.5071947,LOCAL/CITY ROAD,,,,URBAN,N,N,N,,DAYLIGHT,CLEAR,DRY,,T-INTERSECTION,,ASPHALT,FOLLOWING TOO CLOSELY,$2501 TO $5000,REAR END,N.JEFFERSONST.E.10THST.,0,
BLOOMINGTON PD,B22-03318,MONROE,BLOOMINGTON,BLOOMINGTON,1/30/22,12:20 AM,3,,0,0,0,,E 7TH ST,,,,,E 7TH ST,N WASHINGTON ST,,,,Y,,0,,39.16855475,-86.53236885,LOCAL/CITY ROAD,,,,URBAN,N,N,N,,DARK (LIGHTED),CLEAR,DRY,,FOUR-WAY INTERSECTION,,ASPHALT,DISREGARD SIGNAL/REG SIGN,$10001 TO $25000,RIGHT TURN,NWASHINGTONSTE7THST,0,
BLOOMINGTON PD,B22-16929,MONROE,BLOOMINGTON,BLOOMINGTON,5/9/22,4:47 PM,2,,0,0,0,,W 3RD ST,,,,,W 3RD ST,S CURRY PIKE,,,,Y,,211,,39.1646549,-86.58344455,LOCAL/CITY ROAD,,,,URBAN,N,N,N,,DAYLIGHT,CLEAR,DRY,,FOUR-WAY INTERSECTION,,ASPHALT,FOLLOWING TOO CLOSELY,$2501 TO $5000,REAR END,W3RDSTSCURRYPIKE,0,
BLOOMINGTON PD,B22-24050,MONROE,VAN BUREN,BLOOMINGTON,6/26/22,5:45 PM,2,,2,0,0,,FLEENER AVE,,,,,FLEENER AVE,S LEONARD SPRINGS RD,,,,Y,,0,,39.13734466,-86.5826819,LOCAL/CITY ROAD,,,,URBAN,N,N,N,,DAYLIGHT,CLEAR,DRY,,T-INTERSECTION,,ASPHALT,FAILURE TO YIELD RIGHT OF WAY,$10001 TO $25000,RIGHT ANGLE,SLEONARDSPRINGSRDFLEENERAVE,0,
INDIANA UNIV BLOOMINGTON PD,222798,MONROE,BLOOMINGTON,BLOOMINGTON,8/24/22,7:32 AM,3,,0,0,0,,N JORDAN AVE,,,,,N JORDAN AVE,E LAW LN,,,,Y,,686,,39.17447274,-86.51487119,LOCAL/CITY ROAD,,,,URBAN,N,N,N,,DAYLIGHT,CLEAR,DRY,,NO JUNCTION INVOLVED,,ASPHALT,FAILURE TO YIELD RIGHT OF WAY,$5001 TO $10000,LEFT TURN,NJORDANAVEELAWLN,0,
BLOOMINGTON PD,B22-33365,MONROE,PERRY,BLOOMINGTON,8/24/22,11:14 AM,1,,0,0,0,,E 3RD ST,,,,,E 3RD ST,S COLLEGE MALL RD,,,,Y,,0,,39.16423502,-86.49825976,LOCAL/CITY ROAD,,,,URBAN,N,N,N,,DAYLIGHT,CLEAR,DRY,,FOUR-WAY INTERSECTION,,ASPHALT,FAILURE TO YIELD RIGHT OF WAY,UNDER $1001,RIGHT ANGLE,SCOLLEGEMALLRDE3RDST,0,
BLOOMINGTON PD,B22-18418,MONROE,VAN BUREN,BLOOMINGTON,5/19/22,5:12 PM,2,,0,0,0,,W 3RD ST,,,,,W 3RD ST,S CURRY PIKE,,,,Y,,0,,39.16461868,-86.58299799,LOCAL/CITY ROAD,,,,URBAN,N,N,N,,DARK (LIGHTED),RAIN,WET,,FOUR-WAY INTERSECTION,,ASPHALT,DISREGARD SIGNAL/REG SIGN,$2501 TO $5000,RIGHT ANGLE,W3RDSTSCURRYPIKE,0,
BLOOMINGTON PD,B22-18372,MONROE,BLOOMINGTON,BLOOMINGTON,5/19/22,1:37 PM,2,,0,0,0,3207,E 3RD ST,,,,,E 3RD ST,,,,,Y,,0,,39.1644581,-86.49301468,PRIVATE DRIVE,,,,URBAN,N,N,N,,DAYLIGHT,CLEAR,DRY,,NO JUNCTION INVOLVED,,ASPHALT,IMPROPER PASSING,$1001 TO $2500,SAME DIRECTION SIDESWIPE,E3RDST,0,
BLOOMINGTON PD,B22-18041,MONROE,PERRY,BLOOMINGTON,5/17/22,8:18 AM,1,,1,0,0,,S CLARIZZ BLVD,,,,,S CLARIZZ BLVD,E BRYN MAWR DR,,,,Y,,0,,39.15245569,-86.49006314,,,,,URBAN,N,N,N,,DAYLIGHT,CLEAR,DRY,,T-INTERSECTION,,ASPHALT,FAILURE TO YIELD RIGHT OF WAY,UNDER $1001,RIGHT ANGLE,SCLARIZZBLVDEBRYNMAWRDR,1,
BLOOMINGTON PD,B22-16941,MONROE,BLOOMINGTON,BLOOMINGTON,5/9/22,5:21 PM,2,,0,0,0,,W 10TH ST,,,,,W 10TH ST,N COLLEGE AVE,,,,Y,,0,,39.1716961,-86.53485722,LOCAL/CITY ROAD,,,,URBAN,N,N,N,,DAYLIGHT,CLEAR,DRY,,FOUR-WAY INTERSECTION,,ASPHALT,IMPROPER LANE USAGE,$2501 TO $5000,SAME DIRECTION SIDESWIPE,W10THSTNCOLLEGEAVE,0,
ELLETTSVILLE PD,E2201170,MONROE,RICHLAND,ELLETTSVILLE,4/2/22,1:53 PM,2,0,1,0,0,,,,SR46W,,,SR46W,SALE,,,,Y,,,,39.23384,-86.624704,STATE ROAD,Y,N,N,URBAN,Y,N,N,,DAYLIGHT,CLEAR,DRY,,NO JUNCTION INVOLVED,STRAIGHT/LEVEL,ASPHALT,DISREGARD SIGNAL/REG SIGN,$10001 TO $25000,RIGHT ANGLE,SALESTSR46W,0,TRAFFIC CONTROL SIGNAL
MONROE SD,M22A11095,MONROE,CLEAR CREEK,BLOOMINGTON,5/14/22,2:38 AM,1,,0,0,0,,I-69,,,,,I-69,,,,,N,,0,,39.27810526,-86.52334008,,,,,RURAL,N,N,N,,DAYLIGHT,RAIN,WET,,NO JUNCTION INVOLVED,,ASPHALT,SPEED TOO FAST FOR WEATHER CONDITIONS,$1001 TO $2500,COLLISION WITH OBJECT IN ROAD,I-69,0,
BLOOMINGTON PD,B22-36745,MONROE,PERRY,BLOOMINGTON,9/12/22,12:42 PM,2,,0,0,0,,W BLOOMFIELD RD,,,,,W BLOOMFIELD RD,S OAKDALE DR,,,,Y,,0,,39.14930497,-86.56955298,LOCAL/CITY ROAD,,,,URBAN,N,N,N,,DAYLIGHT,CLEAR,DRY,,NO JUNCTION INVOLVED,,ASPHALT,UNSAFE LANE MOVEMENT,$1001 TO $2500,SAME DIRECTION SIDESWIPE,WBLOOMFIELDRDSOAKDALEDR,0,
MONROE SD,M22A22262,MONROE,CLEAR CREEK,BLOOMINGTON,9/10/22,12:52 AM,1,,0,0,1,,STATE ROAD 37,,,,,STATE ROAD 37,E INGRAM RD,,,,N,,5000,,38.9918222,-86.5371992,STATE ROAD,,,,RURAL,N,Y,N,,DARK (NOT LIGHTED),CLEAR,DRY,,NO JUNCTION INVOLVED,,ASPHALT,ANIMAL/OBJECT IN ROADWAY,$2501 TO $5000,COLLISION WITH DEER,STATEROAD37EINGRAMRD,0,
MONROE SD,M22A5022,MONROE,SALT CREEK,BLOOMINGTON,3/3/22,7:15 AM,1,,0,0,1,,SOUTH HWY 446,,,,,SOUTH HWY 446,SOUTH SWARTZ RIDGE RD,,,,N,,0,,0,0,STATE ROAD,,,,RURAL,N,N,N,,DAWN/DUSK,CLOUDY,DRY,,NO JUNCTION INVOLVED,,ASPHALT,ANIMAL/OBJECT IN ROADWAY,$5001 TO $10000,SAME DIRECTION SIDESWIPE,SOUTHSWARTZRIDGERDSOUTHHWY446,0,
BLOOMINGTON PD,B22-21509,MONROE,BLOOMINGTON,BLOOMINGTON,6/9/22,1:58 PM,2,,0,0,0,1681,N COLLEGE AVE,,,,,N COLLEGE AVE,,,,,Y,,0,,39.18137446,-86.53641652,PRIVATE DRIVE,,,,URBAN,N,N,N,,DAYLIGHT,CLEAR,DRY,,NO JUNCTION INVOLVED,,ASPHALT,UNSAFE BACKING,UNDER $1001,SAME DIRECTION SIDESWIPE,NCOLLEGEAVE,0,
BLOOMINGTON PD,B22-32160,MONROE,RICHLAND,BLOOMINGTON,8/17/22,8:30 PM,2,,0,0,0,,1439 N TELLURIDE ST,,,,,1439 N TELLURIDE ST,,,,,Y,,0,,0,0,PRIVATE DRIVE,,,,URBAN,N,N,N,,DARK (LIGHTED),CLEAR,DRY,,NO JUNCTION INVOLVED,,CONCRETE,UNSAFE BACKING,$2501 TO $5000,SAME DIRECTION SIDESWIPE,1439NTELLURIDEST,0,
BLOOMINGTON PD,B22-09633,MONROE,PERRY,BLOOMINGTON,3/22/22,7:00 AM,3,,0,0,0,,S OLD STATE ROAD 37,,,,,S OLD STATE ROAD 37,S WALNUT ST,,,,Y,,0,,39.1375362,-86.53052807,LOCAL/CITY ROAD,,,,URBAN,N,N,N,,DARK (LIGHTED),RAIN,WET,,T-INTERSECTION,,ASPHALT,FAILURE TO YIELD RIGHT OF WAY,$10001 TO $25000,SAME DIRECTION SIDESWIPE,SWALNUTSTSOLDSTATEROAD37,0,
BLOOMINGTON PD,B22-06677,MONROE,BLOOMINGTON,BLOOMINGTON,2/28/22,11:53 AM,2,,0,0,0,,I 69,,,,,I 69,W 3RD ST,,,,Y,,0,,39.164522,-86.573015,,,,,URBAN,N,N,N,,DAYLIGHT,CLEAR,DRY,,FOUR-WAY INTERSECTION,,ASPHALT,DISREGARD SIGNAL/REG SIGN,$2501 TO $5000,RIGHT ANGLE,W3RDSTI69,0,
MONROE SD,M22A5554,MONROE,PERRY,BLOOMINGTON,3/10/22,12:10 AM,1,,0,0,0,,W FULLERTON PIKE,,,,,W FULLERTON PIKE,S ROCKPORT RD,,,,N,,0,,39.12217037,-86.5622245,COUNTY ROAD,,,,RURAL,N,N,N,,DARK (NOT LIGHTED),CLEAR,DRY,,T-INTERSECTION,,ASPHALT,ANIMAL/OBJECT IN ROADWAY,$5001 TO $10000,RAN OFF ROAD,WFULLERTONPIKESROCKPORTRD,0,
BLOOMINGTON PD,B22-05526,MONROE,BLOOMINGTON,BLOOMINGTON,2/19/22,12:40 AM,2,,0,0,0,2819,3RD STREET,,,,,3RD STREET,,,,,Y,,0,,39.16481098,-86.49534849,OTHER,,,,URBAN,N,N,N,,DARK (LIGHTED),CLOUDY,DRY,,NO JUNCTION INVOLVED,,ASPHALT,DRIVER DISTRACTED - EXPLAIN IN NARRATIVE,$1001 TO $2500,REAR END,3RDSTREET,0,
BLOOMINGTON PD,B22-09765,MONROE,BLOOMINGTON,BLOOMINGTON,3/22/22,9:30 PM,2,,0,0,0,,318 N WALNUT ST,,,,,318 N WALNUT ST,,,,,Y,,0,,39.1689332,-86.53358099,,,,,URBAN,N,N,N,,DARK (LIGHTED),CLEAR,DRY,,NO JUNCTION INVOLVED,,CONCRETE,IMPROPER TURNING,$1001 TO $2500,RIGHT TURN,318NWALNUTST,0,
BLOOMINGTON PD,B22-30008,MONROE,VAN BUREN,BLOOMINGTON,8/4/22,9:00 AM,2,,0,0,0,,S SUGAR MAPLE CT,,,,,S SUGAR MAPLE CT,S SUGAR MAPLE PL,,,,Y,,0,,39.15643132,-86.58807119,PRIVATE DRIVE,,,,URBAN,N,N,N,,DAYLIGHT,CLOUDY,DRY,,NO JUNCTION INVOLVED,,ASPHALT,UNSAFE BACKING,$2501 TO $5000,RIGHT ANGLE,SSUGARMAPLEPLSSUGARMAPLECT,0,
BLOOMINGTON PD,B22-18862,MONROE,PERRY,BLOOMINGTON,5/22/22,10:29 PM,1,,1,0,0,,W 1ST ST,,,,,W 1ST ST,S ROGERS ST,,,,Y,,0,,39.15942611,-86.53868624,LOCAL/CITY ROAD,,,,URBAN,N,N,N,,DARK (LIGHTED),CLOUDY,DRY,,FOUR-WAY INTERSECTION,,ASPHALT,PEDESTRIAN ACTION,$1001 TO $2500,RIGHT ANGLE,W1STSTSROGERSST,1,
INDIANA UNIV BLOOMINGTON PD,223037,MONROE,BLOOMINGTON,BLOOMINGTON,9/1/22,10:10 PM,2,,0,0,0,,E 13TH ST,,,,,E 13TH ST,N WALNUT GROVE AVE,,,,Y,,0,,39.1749731,-86.52014839,PRIVATE DRIVE,,,,URBAN,N,N,N,,DARK (NOT LIGHTED),CLEAR,DRY,,NO JUNCTION INVOLVED,,ASPHALT,IMPROPER TURNING,$2501 TO $5000,SAME DIRECTION SIDESWIPE,NWALNUTGROVEAVEE13THST,0,
MONROE SD,M22A15074,MONROE,PERRY,BLOOMINGTON,6/25/22,6:15 PM,2,,0,0,0,,RHORER ROAD,,,,,RHORER ROAD,HARRELL ROAD,,,,N,,0,,39.121534,-86.498784,LOCAL/CITY ROAD,,,,RURAL,N,N,N,,DAYLIGHT,CLEAR,DRY,,T-INTERSECTION,,ASPHALT,FOLLOWING TOO CLOSELY,$10001 TO $25000,REAR END,RHORERROADHARRELLROAD,0,
ELLETTSVILLE PD,E2203936,MONROE,RICHLAND,ELLETTSVILLE,9/30/22,1:23 PM,2,0,0,0,0,,UNION VALLEY,DR,,,,UNION VALLEY,,,,,Y,,,,39.215152,-86.5928,LOCAL/CITY ROAD,Y,N,N,URBAN,N,N,N,,DAYLIGHT,CLEAR,DRY,,NO JUNCTION INVOLVED,STRAIGHT/LEVEL,ASPHALT,FAILURE TO YIELD RIGHT OF WAY,$2501 TO $5000,REAR END,SR46WUNIONVALLEYDR,0,TRAFFIC CONTROL SIGNAL
BLOOMINGTON PD,B22-04927,MONROE,BLOOMINGTON,BLOOMINGTON,2/13/22,12:00 AM,2,,0,0,0,115,STATE RD 46,,,,,STATE RD 46,,,,,Y,,0,,39.16550615,-86.49826295,LOCAL/CITY ROAD,,,,URBAN,N,N,N,,DAYLIGHT,CLEAR,DRY,,NO JUNCTION INVOLVED,,ASPHALT,IMPROPER TURNING,$1001 TO $2500,LEFT TURN,STATERD46,0,
BLOOMINGTON PD,B22-30423,MONROE,BLOOMINGTON,BLOOMINGTON,8/6/22,7:07 PM,2,,2,1,0,,STATE RD 46,,,,,STATE RD 46,I-69 ON-RAMP SB,,,,Y,,0,,39.18715752,-86.55802793,STATE ROAD,,,,URBAN,N,N,N,,DAYLIGHT,CLEAR,DRY,,RAMP,,ASPHALT,DISREGARD SIGNAL/REG SIGN,$10001 TO $25000,RIGHT ANGLE,STATERD46I-69ON-RAMPSB,0,
ISP BLOOMINGTON 33,2022-00346969,MONROE,WASHINGTON,BLOOMINGTON,8/6/22,11:34 AM,2,,1,0,0,,,,69,,,69,PENTACOSTAL CHURCH RD,,127.5,,N,,739,,39.28897261,-86.51829193,INTERSTATE,,,,RURAL,N,Y,N,,DAYLIGHT,CLEAR,DRY,,NO JUNCTION INVOLVED,,ASPHALT,UNSAFE LANE MOVEMENT,$5001 TO $10000,REAR END,PENTACOSTALCHURCHRD69,0,
BLOOMINGTON PD,B22-27853,MONROE,BLOOMINGTON,BLOOMINGTON,7/19/22,2:00 PM,2,,1,0,0,3021,E 3RD ST,,,,,E 3RD ST,,,,,Y,,0,,39.16440667,-86.49338777,PRIVATE DRIVE,,,,URBAN,N,N,N,,DAYLIGHT,CLEAR,DRY,,NO JUNCTION INVOLVED,,CONCRETE,UNSAFE BACKING,$2501 TO $5000,BACKING CRASH,E3RDST,0,
MONROE SD,M22A12428,MONROE,VAN BUREN,BLOOMINGTON,5/28/22,3:38 PM,2,,1,0,0,,HARMONY RD,,,,,HARMONY RD,ROCKPORT RD,,,,N,,0,,39.05018286,-86.60923189,COUNTY ROAD,,,,RURAL,N,N,N,,DAYLIGHT,CLEAR,DRY,,T-INTERSECTION,,ASPHALT,FAILURE TO YIELD RIGHT OF WAY,$1001 TO $2500,RIGHT ANGLE,ROCKPORTRDHARMONYRD,0,
BLOOMINGTON PD,B22-38846,MONROE,BLOOMINGTON,BLOOMINGTON,9/25/22,12:00 AM,1,,1,0,0,,I-69,,,,,I-69,,,120,,Y,,792,,39.18564611,-86.5547163,STATE ROAD,,,,RURAL,N,Y,N,,DARK (LIGHTED),CLEAR,DRY,,RAMP,,CONCRETE,ANIMAL/OBJECT IN ROADWAY,$25001 TO $50000,RAN OFF ROAD,I-69120,0,