Agency,Local Code,County,Township,City,Collision Date,Collision Time,Vehicles Involved,Trailers Involved,Number Injured,Number Dead,Number Deer,House Number,Roadway Name,Roadway Suffix,Roadway Number,Roadway Interchange,Roadway Ramp,Roadway Id,Intersecting Road,Intersecting Road Number,Mile Marker,Interchange,Corporate Limits?,Property Type,Feet From,Direction,Latitude,Longitude,Roadway Class,Traffic Control Devices?,Aggressive Driving?,Hit and Run?,Locality,School Zone?,Rumble Strips?,Construction?,Construction Type,Light Condition,Weather Conditions,Surface Condition,Type of Median,Roadway Junction Type,Road Character,Roadway Surface,Primary Factor,Damage Estimate,Manner of Collision,Unique Location Id,State Property Damage?,Traffic Control
ELLETTSVILLE PD,E2203776,MONROE,RICHLAND,ELLETTSVILLE,9/22/22,11:06 AM,2,0,0,0,0,,,,SR46W,,,SR46W,SALE,,,,Y,,100,E,39.23365777,-86.62443977,STATE ROAD,,N,N,URBAN,N,N,N,,DAYLIGHT,CLEAR,DRY,,NO JUNCTION INVOLVED,STRAIGHT/LEVEL,ASPHALT,IMPROPER TURNING,$5001 TO $10000,SAME DIRECTION SIDESWIPE,SALESTSR46W,0,NONE
BLOOMINGTON PD,B22-23805,MONROE,PERRY,BLOOMINGTON,6/24/22,8:25 AM,2,,1,0,0,,S WALNUT ST,,,,,S WALNUT ST,E MILLER DR,,,,Y,,0,,39.14690806,-86.53267569,LOCAL/CITY ROAD,,,,URBAN,N,N,N,,DAWN/DUSK,CLEAR,DRY,,T-INTERSECTION,,ASPHALT,FAILURE TO YIELD RIGHT OF WAY,$10001 TO $25000,LEFT/RIGHT TURN,SWALNUTSTEMILLERDR,0,
ELLETTSVILLE PD,E22-04048,MONROE,RICHLAND,ELLETTSVILLE,10/5/22,9:50 PM,1,,0,0,1,,W STATE RD 46,,,,,W STATE RD 46,N CAPITOL AVE,,,,Y,,0,,39.22369943,-86.60990718,STATE ROAD,,,,URBAN,N,N,N,,DARK (NOT LIGHTED),CLEAR,DRY,,NO JUNCTION INVOLVED,,ASPHALT,ANIMAL/OBJECT IN ROADWAY,$5001 TO $10000,COLLISION WITH DEER,WSTATERD46NCAPITOLAVE,0,
INDIANA UNIV BLOOMINGTON PD,223761,MONROE,BLOOMINGTON,BLOOMINGTON,10/5/22,6:35 PM,2,,1,0,0,,N JORDAN AVE,,,,,N JORDAN AVE,E 17TH ST,,,,Y,,0,,39.17886828,-86.5109498,LOCAL/CITY ROAD,,,,URBAN,N,N,N,,DAWN/DUSK,CLEAR,DRY,,T-INTERSECTION,,ASPHALT,DISREGARD SIGNAL/REG SIGN,$2501 TO $5000,RIGHT ANGLE,NJORDANAVEE17THST,0,
BLOOMINGTON PD,B22-16201,MONROE,BLOOMINGTON,BLOOMINGTON,5/4/22,4:48 PM,2,,0,0,0,,W 3RD ST,,,,,W 3RD ST,S WESTPLEX AVE,,,,Y,,0,,39.1643998,-86.55389376,LOCAL/CITY ROAD,,,,URBAN,N,N,N,,DAYLIGHT,CLOUDY,DRY,,FOUR-WAY INTERSECTION,,ASPHALT,FAILURE TO YIELD RIGHT OF WAY,$5001 TO $10000,RIGHT ANGLE,W3RDSTSWESTPLEXAVE,0,
ELLETTSVILLE PD,E22-03856,MONROE,RICHLAND,ELLETTSVILLE,9/26/22,4:30 AM,2,,0,0,0,,ENDWRIGHT LANE,,,,,ENDWRIGHT LANE,W. STATE ROAD 46,,,,N,,0,,39.2254911,-86.6128475,STATE ROAD,,,,RURAL,N,N,N,,DAYLIGHT,CLEAR,DRY,,NO JUNCTION INVOLVED,,ASPHALT,FOLLOWING TOO CLOSELY,$2501 TO $5000,REAR END,W.STATEROAD46ENDWRIGHTLANE,0,
INDIANA UNIV BLOOMINGTON PD,221787,MONROE,BLOOMINGTON,BLOOMINGTON,5/6/22,3:30 PM,2,,0,0,0,,ACCESS DRIVE TO HILLTOP GARDEN,,,,,ACCESS DRIVE TO HILLTOP GARDENS,,,,,Y,,0,,39.17344742,-86.50445874,PRIVATE DRIVE,,,,URBAN,N,N,N,,DAYLIGHT,RAIN,WET,,NO JUNCTION INVOLVED,,ASPHALT,IMPROPER TURNING,$2501 TO $5000,RIGHT TURN,ACCESSDRIVETOHILLTOPGARDENS,0,
INDIANA UNIV BLOOMINGTON PD,221449,MONROE,BLOOMINGTON,BLOOMINGTON,4/10/22,4:45 PM,2,,0,0,0,,N SUNRISE DR,,,,,N SUNRISE DR,E 7TH ST,,,,Y,,634,,39.16965271,-86.51242769,LOCAL/CITY ROAD,,,,URBAN,N,N,N,,DAYLIGHT,CLOUDY,DRY,,NO JUNCTION INVOLVED,,ASPHALT,FAILURE TO YIELD RIGHT OF WAY,$1001 TO $2500,SAME DIRECTION SIDESWIPE,NSUNRISEDRE7THST,0,
INDIANA UNIV BLOOMINGTON PD,221756,MONROE,BLOOMINGTON,BLOOMINGTON,5/4/22,5:40 PM,2,,0,0,0,,E LINGELBACH LN,,,,,E LINGELBACH LN,,,,,Y,,0,,39.17833164,-86.5080006,PRIVATE DRIVE,,,,URBAN,N,N,N,,DAYLIGHT,CLEAR,DRY,,NO JUNCTION INVOLVED,,ASPHALT,UNSAFE BACKING,$2501 TO $5000,BACKING CRASH,ELINGELBACHLN,0,
BLOOMINGTON PD,B22-12759,MONROE,PERRY,BLOOMINGTON,4/12/22,1:00 AM,2,,0,0,0,504,S BASSWOOD DR APT B,,,,,S BASSWOOD DR APT B,,,,,Y,,0,,39.16166636,-86.56968697,LOCAL/CITY ROAD,,,,URBAN,N,N,N,,DARK (LIGHTED),CLEAR,DRY,,NO JUNCTION INVOLVED,,ASPHALT,FAILURE TO YIELD RIGHT OF WAY,$1001 TO $2500,OTHER - EXPLAIN IN NARRATIVE,SBASSWOODDRAPTB,0,
INDIANA UNIV BLOOMINGTON PD,221774,MONROE,BLOOMINGTON,BLOOMINGTON,5/5/22,4:25 PM,2,,0,0,0,,45/46 BYPASS,,,,,45/46 BYPASS,DISCOVERY PARKWAY,,,,Y,,0,,39.17542506,-86.50436229,STATE ROAD,,,,URBAN,N,N,N,,DAYLIGHT,RAIN,WET,,NO JUNCTION INVOLVED,,ASPHALT,FAILURE TO YIELD RIGHT OF WAY,$2501 TO $5000,SAME DIRECTION SIDESWIPE,DISCOVERYPARKWAY45/46BYPASS,0,
BLOOMINGTON PD,B22-28709,MONROE,PERRY,BLOOMINGTON,7/27/22,8:40 AM,2,,1,0,0,,W BLOOMFIELD RD,,,,,W BLOOMFIELD RD,S WEIMER RD,,,,Y,,581,,39.15372408,-86.56531432,LOCAL/CITY ROAD,,,,URBAN,N,N,N,,DAYLIGHT,RAIN,WET,,NO JUNCTION INVOLVED,,ASPHALT,FOLLOWING TOO CLOSELY,$2501 TO $5000,REAR END,WBLOOMFIELDRDSWEIMERRD,0,
MONROE SD,M22A24360,MONROE,INDIAN CREEK,BLOOMINGTON,10/4/22,11:28 AM,2,,0,0,0,,S INTERSTATE 69,,,,,S INTERSTATE 69,,,,,N,,0,,39.07125482,-86.60991581,,,,,RURAL,N,Y,N,,DAYLIGHT,CLEAR,DRY,,NO JUNCTION INVOLVED,,ASPHALT,IMPROPER LANE USAGE,$2501 TO $5000,SAME DIRECTION SIDESWIPE,SINTERSTATE69,0,
BLOOMINGTON PD,B22-23105,MONROE,PERRY,BLOOMINGTON,6/20/22,2:50 PM,2,,0,0,0,,W 3RD ST,,,,,W 3RD ST,S FRANKLIN RD,,,,Y,,0,,,,LOCAL/CITY ROAD,,,,URBAN,N,N,N,,DAYLIGHT,CLEAR,DRY,,FOUR-WAY INTERSECTION,,ASPHALT,DISREGARD SIGNAL/REG SIGN,$5001 TO $10000,LEFT TURN,W3RDSTSFRANKLINRD,0,
INDIANA UNIV BLOOMINGTON PD,220510,MONROE,BLOOMINGTON,BLOOMINGTON,2/10/22,7:00 AM,1,,0,0,0,,N DUNN ST,,,,,N DUNN ST,,,,,Y,,0,,39.18182293,-86.52659102,LOCAL/CITY ROAD,,,,URBAN,N,N,N,,DARK (NOT LIGHTED),CLEAR,WET,,NO JUNCTION INVOLVED,,ASPHALT,IMPROPER TURNING,$2501 TO $5000,SAME DIRECTION SIDESWIPE,NDUNNST,0,
BLOOMINGTON PD,B22-28667,MONROE,BLOOMINGTON,BLOOMINGTON,7/25/22,12:00 AM,2,,0,0,0,,N SASSAFRAS DR,,,,,N SASSAFRAS DR,W ARLINGTON VALLEY DR,,,,Y,,0,,39.18224376,-86.54752172,PRIVATE DRIVE,,,,URBAN,N,N,N,,DARK (LIGHTED),RAIN,WET,,NO JUNCTION INVOLVED,,ASPHALT,UNSAFE LANE MOVEMENT,$1001 TO $2500,SAME DIRECTION SIDESWIPE,WARLINGTONVALLEYDRNSASSAFRASDR,0,
MONROE SD,M22A13183,MONROE,VAN BUREN,BLOOMINGTON,6/5/22,8:40 PM,2,,2,0,0,,W STATE RD 45,,,,,W STATE RD 45,W STATE RD 45,,,,N,,0,,39.11487875,-86.63167141,STATE ROAD,,,,RURAL,N,N,N,,DAWN/DUSK,CLEAR,DRY,,Y-INTERSECTION,,ASPHALT,LEFT OF CENTER,$10001 TO $25000,SAME DIRECTION SIDESWIPE,WSTATERD45WSTATERD45,0,
BLOOMINGTON PD,B22-41758,MONROE,PERRY,BLOOMINGTON,10/10/22,8:21 AM,2,,0,0,0,,2800 S. REX GROSSMAN BLVD,,,,,2800 S. REX GROSSMAN BLVD,,,,,Y,,0,,0,0,PRIVATE DRIVE,,,,URBAN,N,N,N,,DAYLIGHT,CLEAR,DRY,,NO JUNCTION INVOLVED,,ASPHALT,UNSAFE BACKING,$2501 TO $5000,BACKING CRASH,2800S.REXGROSSMANBLVD,0,
INDIANA UNIV BLOOMINGTON PD,221480,MONROE,BLOOMINGTON,BLOOMINGTON,4/19/22,3:10 PM,2,,0,0,0,,STATE RD 45,,,,,STATE RD 45,WALKWAY,,,,Y,,528,,39.17427728,-86.50383658,STATE ROAD,,,,URBAN,N,N,N,,DAYLIGHT,CLEAR,DRY,,NO JUNCTION INVOLVED,,ASPHALT,UNSAFE SPEED,$5001 TO $10000,REAR END,WALKWAYSTATERD45,0,
MONROE SD,M22A13022,MONROE,PERRY,BLOOMINGTON,6/3/22,10:50 PM,1,,0,0,0,,S FAIRFAX RD,,,,,S FAIRFAX RD,,,,,N,,0,,39.10755863,-86.5246566,PRIVATE DRIVE,,,,URBAN,N,N,N,,DARK (LIGHTED),CLEAR,DRY,,NO JUNCTION INVOLVED,,GRAVEL,OTHER (DRIVER) - EXPLAIN IN NARRATIVE,$2501 TO $5000,BACKING CRASH,SFAIRFAXRD,0,
BLOOMINGTON PD,B22-06219,MONROE,BLOOMINGTON,BLOOMINGTON,2/24/22,5:15 PM,2,,1,0,0,,E 14TH ST,,,,,E 14TH ST,N WALNUT ST,,,,Y,,0,,39.17596659,-86.53349773,LOCAL/CITY ROAD,,,,URBAN,N,N,N,,DAYLIGHT,RAIN,WET,,FOUR-WAY INTERSECTION,,ASPHALT,FAILURE TO YIELD RIGHT OF WAY,$2501 TO $5000,RIGHT ANGLE,NWALNUTSTE14THST,0,
ELLETTSVILLE PD,E2200535,MONROE,RICHLAND,ELLETTSVILLE,2/11/22,4:18 PM,2,0,0,0,0,,,,SR46W,,,SR46W,SMITH,,,,Y,,200,W,39.21047397,-86.5837645,STATE ROAD,,N,N,URBAN,N,N,N,,DAYLIGHT,RAIN,WET,,FOUR-WAY INTERSECTION,STRAIGHT/LEVEL,ASPHALT,FAILURE TO YIELD RIGHT OF WAY,$5001 TO $10000,RIGHT ANGLE,SMITHPIKESR46W,0,STOP SIGN
INDIANA UNIV BLOOMINGTON PD,222255,MONROE,BLOOMINGTON,BLOOMINGTON,6/27/22,4:10 PM,2,,0,0,0,,E 10TH ST,,,,,E 10TH ST,STATE RD 45,,,,Y,,0,,39.1715911,-86.50217405,STATE ROAD,,,,URBAN,N,N,N,,DAYLIGHT,CLEAR,DRY,,FOUR-WAY INTERSECTION,,ASPHALT,FOLLOWING TOO CLOSELY,$1001 TO $2500,REAR END,STATERD45E10THST,0,
BLOOMINGTON PD,B22-05021,MONROE,VAN BUREN,BLOOMINGTON,2/14/22,12:28 PM,2,,0,0,0,,W 3RD ST,,,,,W 3RD ST,LIBERTY DR,,,,Y,,300,,39.164606,-86.579131,LOCAL/CITY ROAD,,,,URBAN,N,N,N,,DAYLIGHT,CLEAR,DRY,,NO JUNCTION INVOLVED,,ASPHALT,FOLLOWING TOO CLOSELY,UNDER $1001,REAR END,W3RDSTLIBERTYDR,0,
MONROE SD,M22A11341,MONROE,PERRY,,5/17/22,8:02 AM,2,,0,0,0,,STATE RD 46,,,,,STATE RD 46,,,,,N,,0,,39.18724622,-86.55808248,STATE ROAD,,,,RURAL,N,N,N,,DAYLIGHT,CLEAR,DRY,,NO JUNCTION INVOLVED,,ASPHALT,FOLLOWING TOO CLOSELY,$5001 TO $10000,REAR END,STATERD46,0,
BLOOMINGTON PD,B22-24826,MONROE,BLOOMINGTON,BLOOMINGTON,7/1/22,8:51 AM,1,,1,0,0,,S. PATTERSON DR,,,,,S. PATTERSON DR,,,,,Y,,0,,,,,,,,URBAN,N,N,N,,DAYLIGHT,CLEAR,DRY,,NO JUNCTION INVOLVED,,ASPHALT,FAILURE TO YIELD RIGHT OF WAY,UNDER $1001,SAME DIRECTION SIDESWIPE,S.PATTERSONDR,1,
INDIANA UNIV BLOOMINGTON PD,222968,MONROE,BLOOMINGTON,BLOOMINGTON,9/1/22,11:10 AM,2,,0,0,0,,N UNION ST,,,,,N UNION ST,E 10TH ST,,,,Y,,0,,39.17113535,-86.5094263,LOCAL/CITY ROAD,,,,URBAN,N,N,N,,DAYLIGHT,CLEAR,DRY,,T-INTERSECTION,,ASPHALT,IMPROPER LANE USAGE,$1001 TO $2500,SAME DIRECTION SIDESWIPE,NUNIONSTE10THST,0,
BLOOMINGTON PD,B22-32719,MONROE,PERRY,BLOOMINGTON,8/20/22,5:49 PM,3,,0,0,0,310,S COLLEGE AVE,,,,,S COLLEGE AVE,,,,,Y,,0,,39.16363779,-86.53499928,PRIVATE DRIVE,,,,URBAN,N,N,N,,DAYLIGHT,CLEAR,DRY,,NO JUNCTION INVOLVED,,ASPHALT,OVERCORRECTING/OVERSTEERING,$5001 TO $10000,LEFT TURN,SCOLLEGEAVE,0,
INDIANA UNIV BLOOMINGTON PD,222055,MONROE,BLOOMINGTON,BLOOMINGTON,6/6/22,7:22 AM,2,,0,0,0,,N FEE LN,,,,,N FEE LN,N FEE LN,,,,Y,,0,,39.17329757,-86.51928555,PRIVATE DRIVE,,,,URBAN,N,N,N,,DAYLIGHT,CLEAR,DRY,,NO JUNCTION INVOLVED,,CONCRETE,UNSAFE BACKING,$1001 TO $2500,BACKING CRASH,NFEELNNFEELN,0,
BLOOMINGTON PD,B22-14814,MONROE,,BLOOMINGTON,4/25/22,12:15 PM,2,,0,0,0,,E 3RD ST,,,,,E 3RD ST,COLLEGE MALL RD,,,,Y,,100,,39.1640097,-86.4959764,,,,,URBAN,N,N,N,,DAYLIGHT,CLOUDY,DRY,,FOUR-WAY INTERSECTION,,ASPHALT,FAILURE TO YIELD RIGHT OF WAY,$10001 TO $25000,REAR END,E3RDSTCOLLEGEMALLRD,0,
MONROE SD,M22A10368,MONROE,PERRY,BLOOMINGTON,5/6/22,5:48 PM,2,,0,0,0,,W DILLMAN RD,,,,,W DILLMAN RD,W DILLMAN RD,,,,N,,0,,39.09325502,-86.54608792,STATE ROAD,,,,RURAL,N,N,N,,DAYLIGHT,RAIN,WET,,FOUR-WAY INTERSECTION,,ASPHALT,ROADWAY SURFACE CONDITION,$2501 TO $5000,SAME DIRECTION SIDESWIPE,WDILLMANRDWDILLMANRD,0,
BLOOMINGTON PD,B22-38393,MONROE,PERRY,BLOOMINGTON,9/22/22,1:06 PM,2,,0,0,0,2901,W JULIES WAY,,,,,W JULIES WAY,,,,,Y,,0,,39.15374618,-86.57097007,PRIVATE DRIVE,,,,URBAN,N,N,N,,DAYLIGHT,CLEAR,DRY,,NO JUNCTION INVOLVED,,ASPHALT,UNSAFE BACKING,$1001 TO $2500,BACKING CRASH,WJULIESWAY,0,
INDIANA UNIV BLOOMINGTON PD,222898,MONROE,BLOOMINGTON,BLOOMINGTON,8/29/22,1:00 PM,2,,0,0,0,518,E. 7TH ST.,,,,,E. 7TH ST.,,,,,Y,,0,,39.1682145,-86.527265,PRIVATE DRIVE,,,,URBAN,N,N,N,,DAYLIGHT,CLEAR,DRY,,NO JUNCTION INVOLVED,,GRAVEL,UNSAFE BACKING,$1001 TO $2500,OPPOSITE DIRECTION SIDESWIPE,E.7THST.,0,
ISP BLOOMINGTON 33,2.022E+11,MONROE,PERRY,BLOOMINGTON,4/21/22,9:30 AM,2,,0,0,0,,STATE RD 37,,,,,STATE RD 37,,,,,N,,0,,39.0885841,-86.54506474,STATE ROAD,,,,RURAL,N,N,N,,DAYLIGHT,RAIN,WET,,T-INTERSECTION,,ASPHALT,FAILURE TO MAINTAIN LANE,UNDER $1001,SAME DIRECTION SIDESWIPE,STATERD37,0,
BLOOMINGTON PD,B22-36154,MONROE,BLOOMINGTON,BLOOMINGTON,9/8/22,9:40 PM,2,,1,0,0,,S MORTON ST,,,,,S MORTON ST,W 2ND ST,,,,Y,,0,,39.16140509,-86.53631277,LOCAL/CITY ROAD,,,,URBAN,N,N,N,,DARK (LIGHTED),CLEAR,DRY,,TRAIL CROSSINGS,,ASPHALT,FOLLOWING TOO CLOSELY,$2501 TO $5000,REAR END,W2NDSTSMORTONST,0,
MONROE SD,M22A23388,MONROE,CLEAR CREEK,,9/23/22,6:40 AM,1,,1,0,0,,W FLUCK MILL RD,,,,,W FLUCK MILL RD,S VICTOR PIKE,,,,N,,0,,39.07378881,-86.57096027,,,,,RURAL,N,N,N,,DARK (NOT LIGHTED),CLEAR,DRY,,Y-INTERSECTION,,ASPHALT,UNSAFE SPEED,$5001 TO $10000,RAN OFF ROAD,WFLUCKMILLRDSVICTORPIKE,0,
ELLETTSVILLE PD,E2203791,MONROE,RICHLAND,ELLETTSVILLE,9/23/22,11:52 AM,2,0,0,0,0,,CHAFIN CHAPEL,RD,,,,CHAFIN CHAPEL,RODEO,,,,Y,,400,N,0,0,LOCAL/CITY ROAD,,N,N,URBAN,N,N,N,,DAYLIGHT,CLEAR,DRY,,NO JUNCTION INVOLVED,STRAIGHT/LEVEL,ASPHALT,LEFT OF CENTER,$1001 TO $2500,OPPOSITE DIRECTION SIDESWIPE,CHAFINCHAPELRDRODEODR,0,NONE
BLOOMINGTON PD,B22-41393,MONROE,,,10/7/22,11:08 PM,2,,0,0,0,3160,S WALNUT STREET,,,,,S WALNUT STREET,,,,,N,,0,,42.84580029,-87.84804467,,,,,URBAN,Y,N,N,,DARK (LIGHTED),CLOUDY,DRY,,NO JUNCTION INVOLVED,,ASPHALT,UNSAFE BACKING,$2501 TO $5000,BACKING CRASH,SWALNUTSTREET,0,
BLOOMINGTON PD,B22-41982,MONROE,PERRY,BLOOMINGTON,10/11/22,3:03 PM,2,,0,0,0,,E NORTH DR,,,,,E NORTH DR,S HENDERSON ST,,,,Y,,106,,39.14456717,-86.52767963,LOCAL/CITY ROAD,,,,URBAN,Y,N,N,,DAYLIGHT,CLOUDY,DRY,,T-INTERSECTION,,ASPHALT,FAILURE TO YIELD RIGHT OF WAY,$5001 TO $10000,RIGHT ANGLE,SHENDERSONSTENORTHDR,0,
BLOOMINGTON PD,B22-48279,MONROE,BLOOMINGTON,BLOOMINGTON,11/19/22,5:33 PM,2,,0,0,0,,E 10TH ST,,,,,E 10TH ST,N LINCOLN ST,,,,Y,,0,,39.17168875,-86.53106985,PRIVATE DRIVE,,,,URBAN,N,N,N,,DARK (LIGHTED),CLEAR,DRY,,FOUR-WAY INTERSECTION,,ASPHALT,FAILURE TO YIELD RIGHT OF WAY,$1001 TO $2500,RIGHT ANGLE,NLINCOLNSTE10THST,0,
BLOOMINGTON PD,B22-43827,MONROE,BLOOMINGTON,BLOOMINGTON,10/21/22,11:55 PM,1,,0,0,0,,N MADISON ST,,,,,N MADISON ST,W 6TH ST,,,,Y,,0,,39.16737598,-86.53740249,LOCAL/CITY ROAD,,,,URBAN,N,N,N,,DARK (LIGHTED),CLEAR,DRY,,FOUR-WAY INTERSECTION,,ASPHALT,DRIVER DISTRACTED - EXPLAIN IN NARRATIVE,$5001 TO $10000,RAN OFF ROAD,W6THSTNMADISONST,0,
MONROE SD,M22A25625,MONROE,VAN BUREN,BLOOMINGTON,10/18/22,6:48 PM,2,,0,0,0,,W STATE ROAD 45,,,,,W STATE ROAD 45,W AIRPORT RD,,,,N,,0,,39.13639134,-86.59440109,STATE ROAD,,,,RURAL,N,N,N,,DAYLIGHT,CLEAR,DRY,,T-INTERSECTION,,ASPHALT,FOLLOWING TOO CLOSELY,$2501 TO $5000,REAR END,WSTATEROAD45WAIRPORTRD,0,
BLOOMINGTON PD,B2253088,MONROE,BLOOMINGTON,BLOOMINGTON,12/22/22,9:37 AM,8,,3,0,0,,SR 46,,,,,SR 46,N WALNUT ST,,,,Y,,0,,39.18636959,-86.53434939,,,,,URBAN,N,N,N,,DAYLIGHT,RAIN,WET,,FOUR-WAY INTERSECTION,,ASPHALT,FOLLOWING TOO CLOSELY,$25001 TO $50000,REAR END,SR46NWALNUTST,0,
BLOOMINGTON PD,B22-50607,MONROE,PERRY,BLOOMINGTON,12/6/22,10:38 AM,2,,0,0,0,,W BLOOMFIELD RD,,,69,1,W BLOOMFIELD RD,,,,,Y,,0,,39.14686922,-86.57498575,STATE ROAD,,,,URBAN,N,N,N,,DAYLIGHT,CLOUDY,WET,,FIVE POINT OR MORE,,ASPHALT,FOLLOWING TOO CLOSELY,$5001 TO $10000,REAR END,WBLOOMFIELDRD69117,0,
BLOOMINGTON PD,B22-49869,MONROE,PERRY,BLOOMINGTON,12/1/22,1:21 PM,2,,0,0,0,,2600 BLK E. 3RD ST,,,,,2600 BLK E. 3RD ST,S. OVERHILL DR,,,,Y,,300,,39.1639133,-86.4987233,LOCAL/CITY ROAD,,,,URBAN,N,N,N,,DAYLIGHT,CLEAR,DRY,,NO JUNCTION INVOLVED,,ASPHALT,FOLLOWING TOO CLOSELY,$2501 TO $5000,REAR END,S.OVERHILLDR2600BLKE.3RDST,0,
MONROE SD,M22A29063,MONROE,BENTON,BLOOMINGTON,11/27/22,5:59 PM,1,,0,0,0,,E NORTH SHORE DR,,,,,E NORTH SHORE DR,,,,,N,,0,,39.26964516,-86.40263683,LOCAL/CITY ROAD,,,,RURAL,N,N,N,,DARK (NOT LIGHTED),RAIN,WET,,NO JUNCTION INVOLVED,,ASPHALT,SPEED TOO FAST FOR WEATHER CONDITIONS,$10001 TO $25000,RAN OFF ROAD,ENORTHSHOREDR,0,
ELLETTSVILLE PD,E22-05333,MONROE,RICHLAND,ELLETTSVILLE,12/19/22,4:07 PM,1,,0,0,0,7398,W. STATE RD. 46,,,,,W. STATE RD. 46,,,,,Y,,0,,39.24569099,-86.63566595,PRIVATE DRIVE,,,,URBAN,N,N,N,,DAYLIGHT,CLEAR,DRY,,NO JUNCTION INVOLVED,,CONCRETE,UNSAFE BACKING,$2501 TO $5000,BACKING CRASH,W.STATERD.46,0,
BLOOMINGTON PD,B22-51911,MONROE,VAN BUREN,BLOOMINGTON,12/14/22,3:16 PM,3,,1,0,0,,S LIBERTY DR,,,,,S LIBERTY DR,W CONSTITUTION AVE,,,,Y,,370,,39.15060261,-86.57684529,LOCAL/CITY ROAD,,,,URBAN,N,N,N,,DAYLIGHT,RAIN,WET,,NO JUNCTION INVOLVED,,ASPHALT,FOLLOWING TOO CLOSELY,$5001 TO $10000,REAR END,WCONSTITUTIONAVESLIBERTYDR,0,
BLOOMINGTON PD,B22-49202,MONROE,BLOOMINGTON,BLOOMINGTON,11/26/22,10:00 PM,2,,0,0,0,,W 3RD ST,,,,,W 3RD ST,STATE RD 37,,,,Y,,0,,39.16450208,-86.5738441,LOCAL/CITY ROAD,,,,URBAN,N,N,N,,DARK (LIGHTED),RAIN,WET,,FOUR-WAY INTERSECTION,,ASPHALT,FAILURE TO YIELD RIGHT OF WAY,$2501 TO $5000,LEFT TURN,W3RDSTSTATERD37,0,
MONROE SD,M22A29688,MONROE,BLOOMINGTON,BLOOMINGTON,12/4/22,10:01 AM,1,,0,0,1,,E ROBINSON RD,,,,,E ROBINSON RD,N MILLER RD,,,,N,,0,,39.24621136,-86.48347654,LOCAL/CITY ROAD,,,,RURAL,N,N,N,,DAYLIGHT,CLEAR,DRY,,NO JUNCTION INVOLVED,,ASPHALT,ANIMAL/OBJECT IN ROADWAY,$2501 TO $5000,COLLISION WITH DEER,NMILLERRDEROBINSONRD,0,
MONROE SD,M22A29150,MONROE,VAN BUREN,BLOOMINGTON,11/28/22,4:20 AM,1,,0,0,0,,S ROCKPORT RD,,,,,S ROCKPORT RD,W BOLIN LN,,,,N,,0,,39.10476806,-86.57536029,COUNTY ROAD,,,,RURAL,N,N,N,,DAYLIGHT,CLOUDY,DRY,,NO JUNCTION INVOLVED,,ASPHALT,FAILURE TO MAINTAIN LANE,$5001 TO $10000,RAN OFF ROAD,WBOLINLNSROCKPORTRD,0,
BLOOMINGTON PD,B22-49777,MONROE,BLOOMINGTON,BLOOMINGTON,11/30/22,7:35 PM,2,,0,0,0,,W 6TH ST,,,,,W 6TH ST,N COLLEGE AVE,,,,Y,,0,,39.16757458,-86.53476819,LOCAL/CITY ROAD,,,,URBAN,N,N,N,,DARK (LIGHTED),CLEAR,DRY,,FOUR-WAY INTERSECTION,,ASPHALT,UNSAFE BACKING,$1001 TO $2500,BACKING CRASH,W6THSTNCOLLEGEAVE,0,
BLOOMINGTON PD,B22-50868,MONROE,BLOOMINGTON,BLOOMINGTON,12/7/22,11:00 PM,2,,0,0,0,,N KINSER PIKE,,,,,N KINSER PIKE,W BRIARCLIFF DR,,,,Y,,0,,39.19420426,-86.54112153,LOCAL/CITY ROAD,,,,URBAN,N,N,N,,DARK (LIGHTED),CLEAR,DRY,,T-INTERSECTION,,ASPHALT,IMPROPER LANE USAGE,$1001 TO $2500,RIGHT ANGLE,WBRIARCLIFFDRNKINSERPIKE,0,
BLOOMINGTON PD,B22-49276,MONROE,BLOOMINGTON,BLOOMINGTON,11/27/22,5:29 PM,2,,0,0,0,,W 17TH ST,,,,,W 17TH ST,N COLLEGE AVE,,,,Y,,0,,,,LOCAL/CITY ROAD,,,,URBAN,N,N,N,,DARK (LIGHTED),CLOUDY,DRY,,FOUR-WAY INTERSECTION,,ASPHALT,DISREGARD SIGNAL/REG SIGN,$1001 TO $2500,SAME DIRECTION SIDESWIPE,W17THSTNCOLLEGEAVE,0,
BLOOMINGTON PD,B22-52995,MONROE,PERRY,BLOOMINGTON,12/21/22,2:51 PM,2,,0,0,0,,E 3RD ST,,,,,E 3RD ST,S SMITH RD,,,,N,,0,,39.16416575,-86.48129452,STATE ROAD,,,,URBAN,N,N,N,,DAYLIGHT,CLEAR,DRY,,FOUR-WAY INTERSECTION,,ASPHALT,FOLLOWING TOO CLOSELY,$5001 TO $10000,REAR END,SSMITHRDE3RDST,0,
BLOOMINGTON PD,B22-43477,MONROE,PERRY,BLOOMINGTON,10/20/22,8:18 AM,2,,0,0,0,,E. 3RD ST,,,,,E. 3RD ST,S. COLLEGE MALL RD,,,,Y,,0,,39.1641839,-86.4982356,LOCAL/CITY ROAD,,,,URBAN,N,N,N,,DAYLIGHT,CLOUDY,DRY,,FOUR-WAY INTERSECTION,,ASPHALT,FAILURE TO YIELD RIGHT OF WAY,$5001 TO $10000,RIGHT ANGLE,S.COLLEGEMALLRDE.3RDST,0,