Agency,Local Code,County,Township,City,Collision Date,Collision Time,Vehicles Involved,Trailers Involved,Number Injured,Number Dead,Number Deer,House Number,Roadway Name,Roadway Suffix,Roadway Number,Roadway Interchange,Roadway Ramp,Roadway Id,Intersecting Road,Intersecting Road Number,Mile Marker,Interchange,Corporate Limits?,Property Type,Feet From,Direction,Latitude,Longitude,Roadway Class,Traffic Control Devices?,Aggressive Driving?,Hit and Run?,Locality,School Zone?,Rumble Strips?,Construction?,Construction Type,Light Condition,Weather Conditions,Surface Condition,Type of Median,Roadway Junction Type,Road Character,Roadway Surface,Primary Factor,Damage Estimate,Manner of Collision,Unique Location Id,State Property Damage?,Traffic Control
BLOOMINGTON PD,B22-50942,MONROE,PERRY,BLOOMINGTON,12/8/22,11:58 AM,2,,0,0,0,,E. CATHCART ST,,,,,E. CATHCART ST,S. RENWICK BLVD,,,,Y,,0,,39.1494211,-86.5013227,LOCAL/CITY ROAD,,,,URBAN,N,N,N,,DAYLIGHT,RAIN,WET,,FOUR-WAY INTERSECTION,,ASPHALT,FAILURE TO YIELD RIGHT OF WAY,$2501 TO $5000,RIGHT ANGLE,S.RENWICKBLVDE.CATHCARTST,0,
MONROE SD,M22A30125,MONROE,BLOOMINGTON,BLOOMINGTON,12/9/22,8:06 PM,1,,1,0,0,,I-69,,,,,I-69,,,,,N,,845,,39.23769227,-86.5385491,INTERSTATE,,,,RURAL,N,N,N,,DARK (LIGHTED),FOG/SMOKE/SMOG,WET,,NO JUNCTION INVOLVED,,ASPHALT,FAILURE TO MAINTAIN LANE,$5001 TO $10000,RAN OFF ROAD,I-69,0,
INDIANA UNIV BLOOMINGTON PD,224766,MONROE,BLOOMINGTON,BLOOMINGTON,12/6/22,4:30 AM,1,,0,0,0,,E 17TH ST,,,,,E 17TH ST,E LINGELBACH LN,,,,Y,,0,,39.17928828,-86.50833196,LOCAL/CITY ROAD,,,,URBAN,N,N,N,,DARK (NOT LIGHTED),FOG/SMOKE/SMOG,WET,,T-INTERSECTION,,ASPHALT,OTHER (DRIVER) - EXPLAIN IN NARRATIVE,$1001 TO $2500,RAN OFF ROAD,ELINGELBACHLNE17THST,0,
ISP BLOOMINGTON 33,2.022E+11,MONROE,BLOOMINGTON,BLOOMINGTON,10/25/22,4:05 PM,2,,0,0,0,,I69,,,,,I69,,,119,,Y,,0,,39.17818464,-86.56037754,INTERSTATE,,,,URBAN,N,N,N,,DAYLIGHT,RAIN,WET,,NO JUNCTION INVOLVED,,ASPHALT,FAILURE TO MAINTAIN LANE,$1001 TO $2500,REAR END,I69119,0,
MONROE SD,M22A30163,MONROE,PERRY,BLOOMINGTON,12/9/22,1:10 AM,2,,0,0,0,,4380 E MOORES CREEK ROAD,,,,,4380 E MOORES CREEK ROAD,,,,,N,,0,,0,0,PRIVATE DRIVE,,,,RURAL,N,N,N,,DAYLIGHT,RAIN,WET,,NO JUNCTION INVOLVED,,GRAVEL,IMPROPER TURNING,$2501 TO $5000,SAME DIRECTION SIDESWIPE,4380EMOORESCREEKROAD,0,
BLOOMINGTON PD,B22-51822,MONROE,PERRY,BLOOMINGTON,12/14/22,7:50 AM,2,,0,0,0,,E. ATWATER AVE,,,,,E. ATWATER AVE,S. CLIFTON AVE,,,,Y,,0,,39.16309,-86.509681,LOCAL/CITY ROAD,,,,URBAN,N,N,N,,DAWN/DUSK,RAIN,WET,,FOUR-WAY INTERSECTION,,ASPHALT,FOLLOWING TOO CLOSELY,$5001 TO $10000,REAR END,S.CLIFTONAVEE.ATWATERAVE,0,
ISP BLOOMINGTON 33,2.022E+11,MONROE,SALT CREEK,BLOOMINGTON,10/12/22,3:55 PM,2,,0,0,0,,SR46,,,,,SR46,SEWELL ROAD,,,,N,,500,,39.15156574,-86.38418431,STATE ROAD,,,,RURAL,N,N,N,,DAYLIGHT,CLOUDY,DRY,,NO JUNCTION INVOLVED,,ASPHALT,OTHER (DRIVER) - EXPLAIN IN NARRATIVE,$1001 TO $2500,OTHER - EXPLAIN IN NARRATIVE,SR46SEWELLROAD,0,
BLOOMINGTON PD,B22-47422,MONROE,PERRY,BLOOMINGTON,11/13/22,9:41 AM,2,,0,0,0,,W BLOOMFIELD RD,,,,,W BLOOMFIELD RD,S PATTERSON DR,,,,Y,,0,,39.16083569,-86.54838755,LOCAL/CITY ROAD,,,,URBAN,N,N,N,,DAYLIGHT,CLEAR,DRY,,FOUR-WAY INTERSECTION,,ASPHALT,OTHER (DRIVER) - EXPLAIN IN NARRATIVE,$1001 TO $2500,REAR END,WBLOOMFIELDRDSPATTERSONDR,0,
MONROE SD,M22A27449,MONROE,,BLOOMINGTON,11/8/22,9:22 AM,2,,2,0,0,,W STATE ROAD 45,,,,,W STATE ROAD 45,S HARMONY RD,,,,N,,0,,39.1112305,-86.637945,STATE ROAD,,,,RURAL,N,N,N,,DAYLIGHT,CLEAR,DRY,,FOUR-WAY INTERSECTION,,ASPHALT,FAILURE TO YIELD RIGHT OF WAY,$5001 TO $10000,LEFT TURN,WSTATEROAD45SHARMONYRD,0,
ISP BLOOMINGTON 33,2022-00613134,MONROE,INDIAN CREEK,BLOOMINGTON,12/23/22,11:25 AM,1,,0,0,0,,,,69,,,69,,,106,,N,,410,,39.064939,-86.68014215,INTERSTATE,,,,RURAL,N,N,N,,DAYLIGHT,CLOUDY,SNOW/SLUSH,,NO JUNCTION INVOLVED,,CONCRETE,SPEED TOO FAST FOR WEATHER CONDITIONS,$1001 TO $2500,RAN OFF ROAD,69106,0,
INDIANA UNIV BLOOMINGTON PD,224118,MONROE,BLOOMINGTON,BLOOMINGTON,10/25/22,8:05 PM,2,,0,0,0,,E 7TH ST,,,,,E 7TH ST,N INDIANA AVE,,,,Y,,0,,39.16853811,-86.52680165,LOCAL/CITY ROAD,,,,RURAL,N,N,N,,DARK (LIGHTED),RAIN,WET,,FOUR-WAY INTERSECTION,,ASPHALT,FAILURE TO MAINTAIN LANE,$2501 TO $5000,OPPOSITE DIRECTION SIDESWIPE,NINDIANAAVEE7THST,0,
INDIANA UNIV BLOOMINGTON PD,224496,MONROE,BLOOMINGTON,BLOOMINGTON,11/15/22,11:30 AM,2,,0,0,0,,E 17TH ST,,,,,E 17TH ST,,,,,Y,,0,,39.18034668,-86.52394963,PRIVATE DRIVE,,,,URBAN,N,N,N,,DAYLIGHT,CLOUDY,DRY,,NO JUNCTION INVOLVED,,ASPHALT,FAILURE TO YIELD RIGHT OF WAY,$1001 TO $2500,RIGHT ANGLE,E17THST,0,
BLOOMINGTON PD,B22-54046,MONROE,PERRY,BLOOMINGTON,12/31/22,3:39 PM,2,,0,0,0,,S WALNUT ST,,,,,S WALNUT ST,E MILLER DR,,,,Y,,0,,39.14688648,-86.53263974,LOCAL/CITY ROAD,,,,URBAN,N,N,N,,DAYLIGHT,CLEAR,DRY,,T-INTERSECTION,,ASPHALT,DRIVER ASLEEP OR FATIGUED,$5001 TO $10000,REAR END,SWALNUTSTEMILLERDR,0,
BLOOMINGTON PD,B22-41475,MONROE,VAN BUREN,BLOOMINGTON,10/8/22,11:24 AM,1,,1,0,0,,I-69,,,,S,I-69,,,,,N,,0,,39.1384658,-86.57370161,INTERSTATE,,,,URBAN,N,N,N,,DAYLIGHT,CLEAR,DRY,,RAMP,,ASPHALT,OVERCORRECTING/OVERSTEERING,$10001 TO $25000,NON-COLLISION,I-69SBOFFRAMP,0,
BLOOMINGTON PD,B22-51515,MONROE,PERRY,BLOOMINGTON,12/12/22,9:11 AM,2,,0,0,0,,1511 S. STRONG DR,,,,,1511 S. STRONG DR,,,,,Y,,0,,0,0,PRIVATE DRIVE,,,,URBAN,N,N,N,,DAYLIGHT,CLEAR,WET,,NO JUNCTION INVOLVED,,GRAVEL,UNSAFE BACKING,UNDER $1001,BACKING CRASH,1511S.STRONGDR,0,
MONROE SD,M22A26213,MONROE,VAN BUREN,BLOOMINGTON,10/25/22,2:44 PM,2,,0,0,0,1531,S CURRY PIKE,,,,,S CURRY PIKE,,,,,Y,,0,,39.15280031,-86.58255629,PRIVATE DRIVE,,,,URBAN,N,N,N,,DAYLIGHT,RAIN,WET,,NO JUNCTION INVOLVED,,ASPHALT,UNSAFE BACKING,UNDER $1001,BACKING CRASH,SCURRYPIKE,0,
BLOOMINGTON PD,B22-53675,MONROE,PERRY,BLOOMINGTON,12/28/22,4:27 PM,2,,1,0,0,,S ADAMS ST,,,,,S ADAMS ST,W 3RD ST,,,,Y,,422,,39.16463133,-86.55104346,LOCAL/CITY ROAD,,,,URBAN,N,N,N,,DAYLIGHT,CLEAR,DRY,,NO JUNCTION INVOLVED,,ASPHALT,FAILURE TO YIELD RIGHT OF WAY,$25001 TO $50000,RIGHT ANGLE,W3RDSTSADAMSST,0,
MONROE SD,M22A29096,MONROE,PERRY,BLOOMINGTON,11/28/22,7:07 AM,1,,2,0,1,,S VICTOR PIKE,,,,,S VICTOR PIKE,W TRAMWAY RD,,,,N,,1500,,39.085787,-86.566236,LOCAL/CITY ROAD,,,,RURAL,N,N,N,,DARK (NOT LIGHTED),RAIN,WET,,NO JUNCTION INVOLVED,,ASPHALT,ANIMAL/OBJECT IN ROADWAY,$10001 TO $25000,RAN OFF ROAD,WTRAMWAYRDSVICTORPIKE,0,
MONROE SD,M22A26665,MONROE,SALT CREEK,BLOOMINGTON,10/30/22,2:49 PM,2,,1,0,0,,STATE RD 46,,,,,STATE RD 46,,,,,N,,0,,39.16015305,-86.41045407,STATE ROAD,,,,RURAL,N,N,N,,DAYLIGHT,CLEAR,WET,,NO JUNCTION INVOLVED,,ASPHALT,DRIVER ASLEEP OR FATIGUED,$10001 TO $25000,HEAD ON BETWEEN TWO MOTOR VEHICLES,STATERD46,0,
BLOOMINGTON PD,B22-50783,MONROE,PERRY,BLOOMINGTON,12/7/22,11:59 AM,2,,0,0,0,,S COLLEGE MALL RD,,,,,S COLLEGE MALL RD,E BUICK CADILLAC BLVD,,,,Y,,0,,39.15809841,-86.49788758,LOCAL/CITY ROAD,,,,URBAN,N,N,N,,DAYLIGHT,CLOUDY,DRY,,FOUR-WAY INTERSECTION,,ASPHALT,DISREGARD SIGNAL/REG SIGN,$2501 TO $5000,RIGHT ANGLE,SCOLLEGEMALLRDEBUICKCADILLACBLVD,0,
BLOOMINGTON PD,B22-51109,MONROE,BLOOMINGTON,BLOOMINGTON,12/9/22,12:21 PM,2,,0,0,0,,I-69 NORTHBOUND,,,118,B,I-69 NORTHBOUND,,,,,Y,,0,,39.16474909,-86.57241423,INTERSTATE,,,,URBAN,N,N,N,,DAYLIGHT,RAIN,WET,,RAMP,,ASPHALT,SPEED TOO FAST FOR WEATHER CONDITIONS,$2501 TO $5000,HEAD ON BETWEEN TWO MOTOR VEHICLES,I-69NORTHBOUND118B,0,
BLOOMINGTON PD,B22-44955,MONROE,PERRY,BLOOMINGTON,10/28/22,10:10 AM,2,,1,0,0,,W 3RD ST,,,,,W 3RD ST,S WESTPLEX DR,,,,Y,,0,,39.16444905,-86.55389284,LOCAL/CITY ROAD,,,,URBAN,N,N,N,,DAYLIGHT,CLEAR,DRY,,FOUR-WAY INTERSECTION,,ASPHALT,FOLLOWING TOO CLOSELY,$5001 TO $10000,REAR END,W3RDSTSWESTPLEXDR,0,
ISP BLOOMINGTON 33,2.02201E+11,MONROE,SALT CREEK,BLOOMINGTON,12/14/22,3:55 PM,1,,0,0,0,,STATE ROAD 46,,,,,STATE ROAD 46,TRAILWAY DRIVE,,,,Y,,1056,,39.16360101,-86.42655158,STATE ROAD,,,,URBAN,N,N,N,,DAYLIGHT,RAIN,WET,,NO JUNCTION INVOLVED,,ASPHALT,OVERCORRECTING/OVERSTEERING,$5001 TO $10000,RAN OFF ROAD,TRAILWAYDRIVESTATEROAD46,0,
INDIANA UNIV BLOOMINGTON PD,225027,MONROE,BLOOMINGTON,BLOOMINGTON,12/30/22,12:45 PM,2,,0,0,0,,STATE RD 45,,,,,STATE RD 45,E 17TH ST,,,,N,,0,,39.17959814,-86.50721337,STATE ROAD,,,,URBAN,N,N,N,,DARK (LIGHTED),CLOUDY,WET,,T-INTERSECTION,,ASPHALT,UNSAFE LANE MOVEMENT,UNDER $1001,SAME DIRECTION SIDESWIPE,STATERD45E17THST,0,
BLOOMINGTON PD,B22-51435,MONROE,BLOOMINGTON,BLOOMINGTON,12/11/22,3:02 PM,2,,0,0,0,,W 17TH ST,,,,,W 17TH ST,N KINSER PIKE,,,,Y,,0,,39.17905132,-86.53780641,LOCAL/CITY ROAD,,,,URBAN,N,N,N,,DAYLIGHT,CLOUDY,DRY,,FOUR-WAY INTERSECTION,,ASPHALT,FAILURE TO YIELD RIGHT OF WAY,$2501 TO $5000,RIGHT ANGLE,W17THSTNKINSERPIKE,0,
BLOOMINGTON PD,B22-47949,MONROE,BLOOMINGTON,BLOOMINGTON,11/14/22,12:38 PM,1,,1,0,0,,N DUNN ST,,,,,N DUNN ST,E 7TH ST,,,,Y,,0,,39.16848613,-86.52826614,LOCAL/CITY ROAD,,,,URBAN,N,N,N,,DAYLIGHT,CLEAR,DRY,,FOUR-WAY INTERSECTION,,ASPHALT,FAILURE TO YIELD RIGHT OF WAY,$5001 TO $10000,RIGHT ANGLE,NDUNNSTE7THST,1,
MONROE SD,M22A30962,MONROE,PERRY,BLOOMINGTON,12/20/22,4:36 PM,2,,0,0,0,,S OLD STATE ROAD 37,,,,,S OLD STATE ROAD 37,,,,,N,,0,,39.11997374,-86.53131865,PRIVATE DRIVE,,,,URBAN,N,N,N,,DAYLIGHT,CLEAR,DRY,,NO JUNCTION INVOLVED,,ASPHALT,FAILURE TO YIELD RIGHT OF WAY,$1001 TO $2500,RIGHT ANGLE,SOLDSTATEROAD37,0,
ELLETTSVILLE PD,E22-04309,MONROE,RICHLAND,ELLETTSVILLE,10/21/22,1:41 AM,1,,0,0,0,,POPLAR CIR,,,,,POPLAR CIR,POPLAR DR,,,,Y,,0,,39.23743954,-86.63114326,LOCAL/CITY ROAD,,,,RURAL,N,N,N,,UNKNOWN,CLEAR,DRY,,T-INTERSECTION,,ASPHALT,OTHER (DRIVER) - EXPLAIN IN NARRATIVE,$1001 TO $2500,OTHER - EXPLAIN IN NARRATIVE,POPLARDRPOPLARCIR,0,
MONROE SD,M22A30374,MONROE,VAN BUREN,BLOOMINGTON,12/12/22,1:21 PM,2,,1,0,0,,S CURRY PIKE,,,,,S CURRY PIKE,W GIFFORD RD,,,,N,,317,,39.1572804,-86.58272796,LOCAL/CITY ROAD,,,,URBAN,N,N,N,,DAYLIGHT,CLEAR,DRY,,NO JUNCTION INVOLVED,,ASPHALT,FAILURE TO YIELD RIGHT OF WAY,$5001 TO $10000,RIGHT ANGLE,WGIFFORDRDSCURRYPIKE,0,
BLOOMINGTON PD,B22-44989,MONROE,PERRY,BLOOMINGTON,10/28/22,1:46 PM,2,,0,0,0,2966,E 3RD ST; TARGET,,,,,E 3RD ST; TARGET,,,,,Y,,0,,39.16144913,-86.4909823,PRIVATE DRIVE,,,,URBAN,N,N,N,,DAYLIGHT,CLEAR,DRY,,NO JUNCTION INVOLVED,,ASPHALT,BRAKE FAILURE OR DEFECTIVE,UNDER $1001,HEAD ON BETWEEN TWO MOTOR VEHICLES,E3RDST;TARGET,0,
MONROE SD,M22A28796,MONROE,CLEAR CREEK,BLOOMINGTON,11/23/22,8:24 PM,1,,0,0,1,,STATE RD 37,,,,,STATE RD 37,ZIKES ROAD,,,,N,,2000,,39.05649065,-86.5360146,STATE ROAD,,,,RURAL,N,N,N,,DARK (NOT LIGHTED),CLEAR,DRY,,NO JUNCTION INVOLVED,,ASPHALT,ANIMAL/OBJECT IN ROADWAY,$2501 TO $5000,COLLISION WITH DEER,ZIKESROADSTATERD37,0,
BLOOMINGTON PD,B22-47725,MONROE,BLOOMINGTON,BLOOMINGTON,11/15/22,7:27 PM,2,,0,0,0,,STATE ROAD 45/46 BYPASS,,,,,STATE ROAD 45/46 BYPASS,E 3RD ST,,,,Y,,0,,39.16429998,-86.4983005,LOCAL/CITY ROAD,,,,URBAN,N,N,N,,DARK (LIGHTED),CLOUDY,DRY,,FOUR-WAY INTERSECTION,,ASPHALT,FOLLOWING TOO CLOSELY,UNDER $1001,REAR END,STATEROAD45/46BYPASSE3RDST,0,
BLOOMINGTON PD,B22-47435,MONROE,VAN BUREN,BLOOMINGTON,11/13/22,1:16 PM,2,,0,0,0,3233,W 3RD ST,,,,,W 3RD ST,,,,,Y,,0,,39.16426182,-86.57580387,PRIVATE DRIVE,,,,URBAN,N,N,N,,DAYLIGHT,CLOUDY,DRY,,NO JUNCTION INVOLVED,,ASPHALT,OTHER (DRIVER) - EXPLAIN IN NARRATIVE,$2501 TO $5000,OTHER - EXPLAIN IN NARRATIVE,W3RDST,0,
INDIANA UNIV BLOOMINGTON PD,225018,MONROE,BLOOMINGTON,BLOOMINGTON,12/28/22,6:45 PM,2,,0,0,0,2600,E 10TH ST,,,,,E 10TH ST,,,,,Y,,0,,39.17110494,-86.50077225,PRIVATE DRIVE,,,,URBAN,N,N,N,,DARK (LIGHTED),CLEAR,WET,,NO JUNCTION INVOLVED,,ASPHALT,UNSAFE BACKING,UNDER $1001,BACKING CRASH,E10THST,0,
MONROE SD,M22A28198,MONROE,INDIAN CREEK,BLOOMINGTON,11/17/22,5:16 AM,1,,0,0,1,,S INTERSTATE 69,,,,,S INTERSTATE 69,,,,,N,,0,,39.0617528,-86.68162269,INTERSTATE,,,,RURAL,N,N,N,,DARK (NOT LIGHTED),CLEAR,DRY,,NO JUNCTION INVOLVED,,CONCRETE,ANIMAL/OBJECT IN ROADWAY,$5001 TO $10000,COLLISION WITH DEER,SINTERSTATE69,0,
BLOOMINGTON PD,B22-49693,MONROE,BLOOMINGTON,BLOOMINGTON,11/30/22,12:36 PM,2,,0,0,0,,N. WALNUT ST,,,,,N. WALNUT ST,W SR 45/46 BYPASS,,,,Y,,0,,39.186268,-86.534589,LOCAL/CITY ROAD,,,,URBAN,N,N,N,,DAYLIGHT,CLEAR,DRY,,FOUR-WAY INTERSECTION,,ASPHALT,FOLLOWING TOO CLOSELY,$2501 TO $5000,REAR END,WSR45/46BYPASSN.WALNUTST,0,
BLOOMINGTON PD,B22-51823,MONROE,PERRY,BLOOMINGTON,12/14/22,7:53 AM,2,,0,0,0,,S ROGERS ST,,,,,S ROGERS ST,W SOUTAR DR,,,,Y,,100,,39.1335955,-86.53842097,LOCAL/CITY ROAD,,,,URBAN,N,N,Y,WORK ON SHOULDER,DAYLIGHT,RAIN,MUDDY,,NO JUNCTION INVOLVED,,ASPHALT,FOLLOWING TOO CLOSELY,$1001 TO $2500,REAR END,WSOUTARDRSROGERSST,0,
MONROE SD,M22A26940,MONROE,RICHLAND,ELLETTSVILLE,11/2/22,1:20 PM,1,,0,0,0,,W SR 46,,,,,W SR 46,N SISCO LN,,,,N,,1000,,39.243164,-86.6336415,STATE ROAD,,,,RURAL,N,Y,N,,DAYLIGHT,CLEAR,DRY,,NO JUNCTION INVOLVED,,ASPHALT,ANIMAL/OBJECT IN ROADWAY,$5001 TO $10000,COLLISION WITH DEER,WSR46NSISCOLN,0,
BLOOMINGTON PD,B22-46158,MONROE,PERRY,BLOOMINGTON,11/4/22,11:06 AM,1,,4,0,0,,885 S. COLLEGE MALL ROAD,,,,,885 S. COLLEGE MALL ROAD,,,,,Y,,0,,0,0,PRIVATE DRIVE,,,,URBAN,N,N,N,,DAYLIGHT,CLEAR,DRY,,NO JUNCTION INVOLVED,,ASPHALT,OTHER (DRIVER) - EXPLAIN IN NARRATIVE,$25001 TO $50000,RAN OFF ROAD,885S.COLLEGEMALLROAD,4,
MONROE SD,M22A25803,MONROE,PERRY,BLOOMINGTON,10/20/22,8:14 PM,2,,0,0,0,,S OLD STATE ROAD 37,,,,,S OLD STATE ROAD 37,S OLD STATE ROAD 37,,,,N,,0,,39.08532585,-86.5428359,STATE ROAD,,,,RURAL,N,N,N,,DARK (NOT LIGHTED),CLEAR,DRY,,FOUR-WAY INTERSECTION,,ASPHALT,OTHER (DRIVER) - EXPLAIN IN NARRATIVE,$10001 TO $25000,REAR END,SOLDSTATEROAD37SOLDSTATEROAD37,0,
BLOOMINGTON PD,B22-48845,MONROE,VAN BUREN,BLOOMINGTON,11/23/22,1:46 PM,2,,0,0,0,,S. LEONARD SPRINGS RD,,,,,S. LEONARD SPRINGS RD,W. WALNUT LEAF DR,,,,Y,,300,,39.14012,-86.582605,LOCAL/CITY ROAD,,,,URBAN,N,N,N,,DAYLIGHT,CLEAR,DRY,,T-INTERSECTION,,ASPHALT,FAILURE TO YIELD RIGHT OF WAY,$2501 TO $5000,RIGHT ANGLE,W.WALNUTLEAFDRS.LEONARDSPRINGSRD,0,
MONROE SD,M22A25727,MONROE,PERRY,BLOOMINGTON,10/20/22,7:33 AM,2,,0,0,0,,S ROGERS ST,,,,,S ROGERS ST,W CHURCH LN,,,,N,,0,,39.10674224,-86.54023908,LOCAL/CITY ROAD,,,,URBAN,N,N,N,,DAWN/DUSK,CLEAR,DRY,,T-INTERSECTION,,ASPHALT,FAILURE TO YIELD RIGHT OF WAY,$5001 TO $10000,RIGHT ANGLE,WCHURCHLNSROGERSST,0,
MONROE SD,M22A29062,MONROE,BLOOMINGTON,BLOOMINGTON,11/27/22,5:55 PM,1,,0,0,0,,W STATE RD 45,,,,,W STATE RD 45,INDUSTRIAL BLVD,,,,Y,,0,,39.14210683,-86.58033936,PRIVATE DRIVE,,,,URBAN,N,N,N,,DARK (LIGHTED),RAIN,WET,,NO JUNCTION INVOLVED,,ASPHALT,OTHER (VEHICLE) - EXPLAIN IN NARRATIVE,$1001 TO $2500,BACKING CRASH,WSTATERD45INDUSTRIALBLVD,0,
ISP BLOOMINGTON 33,2.022E+11,MONROE,INDIAN CREEK,BLOOMINGTON,11/4/22,11:35 AM,1,,0,0,1,,I69,,,,,I69,,,106,,N,,0,,39.06036851,-86.6816308,INTERSTATE,,,,RURAL,N,N,N,,DAYLIGHT,CLOUDY,DRY,,NO JUNCTION INVOLVED,,CONCRETE,ANIMAL/OBJECT IN ROADWAY,$5001 TO $10000,COLLISION WITH DEER,I69106,0,
ISP BLOOMINGTON 33,2.02201E+11,MONROE,CLEAR CREEK,BLOOMINGTON,11/22/22,5:30 PM,1,,0,0,0,,SR37,,,,,SR37,SMITHVILLE ROAD,,,,N,,500,,39.07334181,-86.53640256,STATE ROAD,,,,RURAL,N,N,N,,DAYLIGHT,CLEAR,DRY,,NO JUNCTION INVOLVED,,ASPHALT,ANIMAL/OBJECT IN ROADWAY,$1001 TO $2500,COLLISION WITH ANIMAL OTHER,SR37SMITHVILLEROAD,0,
BLOOMINGTON PD,B22-46890,MONROE,PERRY,BLOOMINGTON,11/9/22,12:58 PM,2,,0,0,0,2780,S WALNUT STREET PIKE,,,,,S WALNUT STREET PIKE,,,,,Y,,0,,39.13347561,-86.52783242,PRIVATE DRIVE,,,,URBAN,N,N,N,,DAYLIGHT,CLEAR,DRY,,NO JUNCTION INVOLVED,,ASPHALT,UNSAFE BACKING,$2501 TO $5000,BACKING CRASH,SWALNUTSTREETPIKE,0,
INDIANA UNIV BLOOMINGTON PD,224844,MONROE,BLOOMINGTON,BLOOMINGTON,12/9/22,1:00 PM,2,,0,0,0,,DAVID BAKER AVENUE,,,,,DAVID BAKER AVENUE,17TH STREET,,,,Y,,0,,39.18019063,-86.51098198,LOCAL/CITY ROAD,,,,URBAN,N,N,N,,UNKNOWN,RAIN,WET,,NO JUNCTION INVOLVED,,ASPHALT,UNSAFE LANE MOVEMENT,$5001 TO $10000,SAME DIRECTION SIDESWIPE,DAVIDBAKERAVENUE17THSTREET,0,
BLOOMINGTON PD,B22-52120,MONROE,BLOOMINGTON,BLOOMINGTON,12/15/22,6:37 PM,2,,0,0,0,380,N JACOB DR; CRACKER BARREL,,,,,N JACOB DR; CRACKER BARREL,,,,,Y,,0,,39.17119091,-86.57125074,PRIVATE DRIVE,,,,URBAN,N,N,N,,DARK (LIGHTED),SLEET/HAIL/FREEZING RAIN,WET,,NO JUNCTION INVOLVED,,ASPHALT,FAILURE TO MAINTAIN LANE,$2501 TO $5000,OPPOSITE DIRECTION SIDESWIPE,NJACOBDR;CRACKERBARREL,0,
MONROE SD,M22A27241,MONROE,SALT CREEK,BLOOMINGTON,11/5/22,9:33 PM,1,,0,0,1,,STATE RD 46,,,,,STATE RD 46,,,,,N,,0,,39.1638925,-86.42358725,STATE ROAD,,,,RURAL,N,N,N,,DARK (NOT LIGHTED),CLEAR,DRY,,NO JUNCTION INVOLVED,,ASPHALT,ANIMAL/OBJECT IN ROADWAY,$5001 TO $10000,COLLISION WITH DEER,STATERD46,0,
ISP BLOOMINGTON 33,2.02201E+11,MONROE,PERRY,BLOOMINGTON,12/27/22,1:11 PM,2,,1,0,0,,SR37,,,,,SR37,W DILLMAN RD,,,,N,,0,,39.09296282,-86.54577535,STATE ROAD,,,,RURAL,N,N,N,,DAYLIGHT,CLEAR,DRY,,FOUR-WAY INTERSECTION,,ASPHALT,FAILURE TO YIELD RIGHT OF WAY,$5001 TO $10000,RIGHT ANGLE,WDILLMANRDSR37,0,
INDIANA UNIV BLOOMINGTON PD,224308,MONROE,BLOOMINGTON,BLOOMINGTON,11/3/22,7:50 PM,2,,0,0,0,,E LINGELBACH LN,,,,,E LINGELBACH LN,N UNION ST,,,,Y,,100,,39.17682233,-86.51062793,LOCAL/CITY ROAD,,,,URBAN,N,N,N,,DAYLIGHT,CLEAR,DRY,,NO JUNCTION INVOLVED,,ASPHALT,IMPROPER LANE USAGE,UNDER $1001,SAME DIRECTION SIDESWIPE,NUNIONSTELINGELBACHLN,0,
MONROE SD,M22A30289,MONROE,SALT CREEK,BLOOMINGTON,12/11/22,4:54 AM,1,,0,0,0,,STATE RD 446,,,,,STATE RD 446,OLD RICHARDSON RD,,,,N,,0,,39.11230348,-86.43098028,STATE ROAD,,,,RURAL,N,N,N,,DARK (NOT LIGHTED),CLEAR,WET,,NO JUNCTION INVOLVED,,ASPHALT,OTHER (DRIVER) - EXPLAIN IN NARRATIVE,$25001 TO $50000,RAN OFF ROAD,STATERD446OLDRICHARDSONRD,0,
BLOOMINGTON PD,B22-44378,MONROE,BLOOMINGTON,BLOOMINGTON,10/25/22,10:14 AM,2,,0,0,0,,E. 7TH ST,,,,,E. 7TH ST,N. FESS AVE,,,,Y,,0,,39.168507,-86.525798,LOCAL/CITY ROAD,,,,URBAN,N,N,N,,DAYLIGHT,CLOUDY,DRY,,NO JUNCTION INVOLVED,,ASPHALT,LEFT OF CENTER,$1001 TO $2500,OPPOSITE DIRECTION SIDESWIPE,N.FESSAVEE.7THST,0,
BLOOMINGTON PD,B22-50440,MONROE,PERRY,BLOOMINGTON,12/5/22,8:54 AM,2,,0,0,0,,S SR 45/46 BYPASS,,,,,S SR 45/46 BYPASS,E. 3RD ST,,,,Y,,0,,0,0,STATE ROAD,,,,URBAN,N,N,N,,DAYLIGHT,CLOUDY,DRY,,FOUR-WAY INTERSECTION,,ASPHALT,UNSAFE LANE MOVEMENT,$2501 TO $5000,SAME DIRECTION SIDESWIPE,SSR45/46BYPASSE.3RDST,0,