Agency,Local Code,County,Township,City,Collision Date,Collision Time,Vehicles Involved,Trailers Involved,Number Injured,Number Dead,Number Deer,House Number,Roadway Name,Roadway Suffix,Roadway Number,Roadway Interchange,Roadway Ramp,Roadway Id,Intersecting Road,Intersecting Road Number,Mile Marker,Interchange,Corporate Limits?,Property Type,Feet From,Direction,Latitude,Longitude,Roadway Class,Traffic Control Devices?,Aggressive Driving?,Hit and Run?,Locality,School Zone?,Rumble Strips?,Construction?,Construction Type,Light Condition,Weather Conditions,Surface Condition,Type of Median,Roadway Junction Type,Road Character,Roadway Surface,Primary Factor,Damage Estimate,Manner of Collision,Unique Location Id,State Property Damage?,Traffic Control
MONROE SD,M22A26315,MONROE,VAN BUREN,BLOOMINGTON,10/26/22,3:28 AM,2,,0,0,0,,W STATE RD 45,,,,,W STATE RD 45,S LEONARD SPRINGS RD,,,,N,,0,,39.1417079,-86.58299412,STATE ROAD,,,,RURAL,N,N,N,,DAYLIGHT,CLEAR,DRY,,FOUR-WAY INTERSECTION,,ASPHALT,FOLLOWING TOO CLOSELY,$5001 TO $10000,REAR END,WSTATERD45SLEONARDSPRINGSRD,0,
MONROE SD,M22A27494,MONROE,VAN BUREN,BLOOMINGTON,11/8/22,9:50 PM,1,,0,0,1,,W LEONARD SPRINGS RD,,,,,W LEONARD SPRINGS RD,W ORCHARD DR,,,,N,,950,,39.12234988,-86.5998382,LOCAL/CITY ROAD,,,,RURAL,N,N,N,,DARK (NOT LIGHTED),CLEAR,DRY,,NO JUNCTION INVOLVED,,ASPHALT,ANIMAL/OBJECT IN ROADWAY,$5001 TO $10000,COLLISION WITH DEER,WORCHARDDRWLEONARDSPRINGSRD,0,
MONROE SD,M22A28482,MONROE,VAN BUREN,BLOOMINGTON,11/20/22,3:52 PM,2,,0,0,0,,GARRISON CHAPEL,,,,,GARRISON CHAPEL,ELLER RD,,,,N,,0,,39.11873702,-86.64274562,,,,,RURAL,N,N,N,,DAYLIGHT,CLEAR,DRY,,NO JUNCTION INVOLVED,,ASPHALT,FOLLOWING TOO CLOSELY,$2501 TO $5000,RIGHT ANGLE,GARRISONCHAPELELLERRD,0,
BLOOMINGTON PD,B22-47986,MONROE,VAN BUREN,BLOOMINGTON,11/17/22,4:36 PM,2,,1,0,0,,S LIBERTY DR,,,,,S LIBERTY DR,W STATE RD 45,,,,Y,,0,,39.14515131,-86.5779591,LOCAL/CITY ROAD,,,,URBAN,N,N,N,,DAYLIGHT,CLEAR,DRY,,FOUR-WAY INTERSECTION,,ASPHALT,FAILURE TO YIELD RIGHT OF WAY,$2501 TO $5000,RIGHT ANGLE,WSTATERD45SLIBERTYDR,0,
DNR LAW ENFORCEMENT,06-22-02642,MONROE,BLOOMINGTON,BLOOMINGTON,10/1/22,3:00 PM,2,,0,0,0,,STATE RD 46,,,,,STATE RD 46,N CURRY PIKE,,,,N,,0,,39.1936456,-86.57132096,STATE ROAD,,,,RURAL,N,N,N,,DAYLIGHT,CLEAR,DRY,,FOUR-WAY INTERSECTION,,ASPHALT,DRIVER DISTRACTED - EXPLAIN IN NARRATIVE,$1001 TO $2500,REAR END,STATERD46NCURRYPIKE,0,
BLOOMINGTON PD,B22-47465,MONROE,PERRY,BLOOMINGTON,11/13/22,5:48 PM,2,,0,0,0,1115,W 2ND STREET,,,,,W 2ND STREET,,,,,Y,,0,,39.16111282,-86.54763915,PRIVATE DRIVE,,,,URBAN,N,N,N,,DARK (NOT LIGHTED),CLOUDY,DRY,,NO JUNCTION INVOLVED,,ASPHALT,FAILURE TO YIELD RIGHT OF WAY,$2501 TO $5000,BACKING CRASH,W2NDSTREET,0,
BLOOMINGTON PD,B22-42767,MONROE,BLOOMINGTON,BLOOMINGTON,10/16/22,10:00 AM,2,,0,0,0,,S WALNUT ST,,,,,S WALNUT ST,W 4TH ST,,,,Y,,0,,39.16561012,-86.53364844,,,,,URBAN,N,N,N,,DAYLIGHT,CLEAR,DRY,,T-INTERSECTION,,ASPHALT,DISREGARD SIGNAL/REG SIGN,$2501 TO $5000,RIGHT ANGLE,W4THSTSWALNUTST,0,
MONROE SD,M22A29183,MONROE,BLOOMINGTON,BLOOMINGTON,11/29/22,3:46 AM,1,,1,0,0,,N PROW RD,,,,,N PROW RD,,,,,N,,0,,39.20312554,-86.5520386,COUNTY ROAD,,,,RURAL,N,N,N,,DARK (NOT LIGHTED),CLEAR,DRY,,NO JUNCTION INVOLVED,,ASPHALT,DRIVER DISTRACTED - EXPLAIN IN NARRATIVE,$25001 TO $50000,RAN OFF ROAD,NPROWRD,0,
BLOOMINGTON PD,B22-51773,MONROE,BLOOMINGTON,BLOOMINGTON,12/13/22,7:23 PM,2,,0,0,0,,N COLLEGE AVE,,,,,N COLLEGE AVE,W 8TH ST,,,,Y,,0,,39.16952856,-86.53481399,LOCAL/CITY ROAD,,,,URBAN,N,N,N,,DARK (LIGHTED),CLEAR,DRY,,FOUR-WAY INTERSECTION,,ASPHALT,IMPROPER TURNING,$5001 TO $10000,SAME DIRECTION SIDESWIPE,W8THSTNCOLLEGEAVE,0,
INDIANA UNIV BLOOMINGTON PD,224119,MONROE,BLOOMINGTON,BLOOMINGTON,10/26/22,9:35 PM,2,,2,0,0,,E 7TH ST,,,,,E 7TH ST,,,,,Y,,0,,39.16798497,-86.52220703,PRIVATE DRIVE,,,,URBAN,N,N,N,,DARK (LIGHTED),RAIN,WET,,NO JUNCTION INVOLVED,,ASPHALT,FOLLOWING TOO CLOSELY,UNDER $1001,REAR END,E7THST,0,
MONROE SD,M22A26331,MONROE,RICHLAND,BLOOMINGTON,10/26/22,5:21 AM,3,,2,0,0,,N HARTSTRAIT RD,,,,,N HARTSTRAIT RD,SEKIU CT,,,,N,,0,,39.20249741,-86.61129555,COUNTY ROAD,,,,RURAL,N,N,N,,DAYLIGHT,CLEAR,DRY,,T-INTERSECTION,,ASPHALT,FOLLOWING TOO CLOSELY,$10001 TO $25000,REAR END,SEKIUCTNHARTSTRAITRD,0,
BLOOMINGTON PD,B22-46093,MONROE,PERRY,BLOOMINGTON,11/3/22,9:44 PM,1,,1,0,0,,E 2ND ST,,,,,E 2ND ST,S WOODLAWN AVE,,,,Y,,0,,39.16108,-86.522618,LOCAL/CITY ROAD,,,,URBAN,N,N,N,,DARK (LIGHTED),CLEAR,DRY,,FOUR-WAY INTERSECTION,,ASPHALT,DISREGARD SIGNAL/REG SIGN,$1001 TO $2500,RIGHT ANGLE,SWOODLAWNAVEE2NDST,1,
BLOOMINGTON PD,B22-47035,MONROE,BLOOMINGTON,BLOOMINGTON,11/10/22,3:56 PM,2,,0,0,0,,E 3RD ST,,,,,E 3RD ST,S COLLEGE MALL RD,,,,Y,,0,,39.16421273,-86.49822807,LOCAL/CITY ROAD,,,,URBAN,N,N,N,,DAYLIGHT,CLEAR,DRY,,FOUR-WAY INTERSECTION,,ASPHALT,FAILURE TO YIELD RIGHT OF WAY,$2501 TO $5000,RIGHT ANGLE,SCOLLEGEMALLRDE3RDST,0,
BLOOMINGTON PD,B22-48136,MONROE,BLOOMINGTON,BLOOMINGTON,11/18/22,5:50 PM,2,,1,0,0,,N WALNUT ST,,,,,N WALNUT ST,W 17TH ST,,,,Y,,0,,39.17903739,-86.53351253,LOCAL/CITY ROAD,,,,URBAN,N,N,N,,DARK (LIGHTED),CLEAR,DRY,,FOUR-WAY INTERSECTION,,ASPHALT,FOLLOWING TOO CLOSELY,UNDER $1001,REAR END,W17THSTNWALNUTST,0,
ELLETTSVILLE PD,E22-05397,MONROE,RICHLAND,ELLETTSVILLE,12/24/22,1:01 PM,2,,0,0,0,,RICHLAND PLAZA DRIVWE,,,,,RICHLAND PLAZA DRIVWE,UNION VALLEY,,,,Y,,0,,39.21675378,-86.59276441,LOCAL/CITY ROAD,,,,URBAN,N,N,N,,DAYLIGHT,CLEAR,SNOW/SLUSH,,T-INTERSECTION,,ASPHALT,OTHER (DRIVER) - EXPLAIN IN NARRATIVE,$1001 TO $2500,BACKING CRASH,UNIONVALLEYRICHLANDPLAZADRIVWE,0,
BLOOMINGTON PD,B22-46518,MONROE,BLOOMINGTON,BLOOMINGTON,11/6/22,1:45 PM,1,,0,0,0,,N PROW RD,,,,,N PROW RD,W ARLINGTON RD,,,,Y,,0,,39.19248804,-86.5526114,LOCAL/CITY ROAD,,,,URBAN,N,N,N,,DAYLIGHT,CLEAR,DRY,,T-INTERSECTION,,ASPHALT,IMPROPER TURNING,$5001 TO $10000,RAN OFF ROAD,WARLINGTONRDNPROWRD,0,
BLOOMINGTON PD,B22-50639,MONROE,BLOOMINGTON,BLOOMINGTON,12/6/22,2:17 PM,2,,1,0,0,,SR 45/46,,,,,SR 45/46,N DUNN ST,,,,Y,,0,,39.18627232,-86.52844288,STATE ROAD,,,,URBAN,N,N,N,,DAYLIGHT,CLOUDY,DRY,,FOUR-WAY INTERSECTION,,ASPHALT,FOLLOWING TOO CLOSELY,$2501 TO $5000,REAR END,SR45/46NDUNNST,0,
MONROE SD,M22A26066,MONROE,PERRY,BLOOMINGTON,10/24/22,7:58 AM,1,,0,0,1,,S HARRELL RD,,,,,S HARRELL RD,E RHORER RD,,,,N,,0,,39.12037977,-86.49873862,LOCAL/CITY ROAD,,,,RURAL,N,N,N,,DAWN/DUSK,CLEAR,DRY,,NO JUNCTION INVOLVED,,ASPHALT,ANIMAL/OBJECT IN ROADWAY,$1001 TO $2500,COLLISION WITH DEER,SHARRELLRDERHORERRD,0,
BLOOMINGTON PD,B22-52838,MONROE,PERRY,BLOOMINGTON,12/20/22,3:33 PM,2,,0,0,0,500,S LIBERTY DR,,,,,S LIBERTY DR,,,,,Y,,0,,39.16343477,-86.57993594,PRIVATE DRIVE,,,,URBAN,N,N,N,,DAYLIGHT,CLEAR,DRY,,NO JUNCTION INVOLVED,,ASPHALT,OTHER (DRIVER) - EXPLAIN IN NARRATIVE,$2501 TO $5000,OTHER - EXPLAIN IN NARRATIVE,SLIBERTYDR,0,
BLOOMINGTON PD,B22-46056,MONROE,BLOOMINGTON,BLOOMINGTON,11/3/22,5:08 PM,2,,0,0,0,,STATE RD 46,,,,,STATE RD 46,E 7TH ST,,,,Y,,634,,39.16660555,-86.4996273,STATE ROAD,,,,URBAN,N,N,N,,DAYLIGHT,CLEAR,DRY,,NO JUNCTION INVOLVED,,ASPHALT,FOLLOWING TOO CLOSELY,$10001 TO $25000,REAR END,STATERD46E7THST,0,
MONROE SD,M22A25665,MONROE,RICHLAND,BLOOMINGTON,10/19/22,9:08 AM,3,,0,0,0,,STATE RD 46,,,,,STATE RD 46,N CURRY PIKE,,,,N,,0,,39.19389505,-86.57153553,STATE ROAD,,,,RURAL,N,Y,N,,DAYLIGHT,CLEAR,DRY,,FOUR-WAY INTERSECTION,,ASPHALT,FOLLOWING TOO CLOSELY,$5001 TO $10000,REAR END,STATERD46NCURRYPIKE,0,
INDIANA UNIV BLOOMINGTON PD,224225,MONROE,BLOOMINGTON,BLOOMINGTON,10/31/22,12:30 PM,2,,0,0,0,,E 10TH ST,,,,,E 10TH ST,E DISCOVERY PKWY,,,,Y,,0,,39.17152005,-86.49547882,LOCAL/CITY ROAD,,,,URBAN,N,N,N,,DAYLIGHT,RAIN,WET,,FOUR-WAY INTERSECTION,,ASPHALT,SPEED TOO FAST FOR WEATHER CONDITIONS,$5001 TO $10000,OPPOSITE DIRECTION SIDESWIPE,EDISCOVERYPKWYE10THST,0,
BLOOMINGTON PD,B22-01192,MONROE,BLOOMINGTON,BLOOMINGTON,1/11/22,8:49 PM,2,,1,0,0,,E 2ND ST,,,,,E 2ND ST,S COLLEGE MALL RD,,,,Y,,0,,39.1609319,-86.4977835,LOCAL/CITY ROAD,,,,URBAN,N,N,N,,DARK (LIGHTED),CLEAR,DRY,,FOUR-WAY INTERSECTION,,ASPHALT,FAILURE TO YIELD RIGHT OF WAY,$25001 TO $50000,LEFT TURN,SCOLLEGEMALLRDE2NDST,0,
BLOOMINGTON PD,B22-01419,MONROE,BLOOMINGTON,BLOOMINGTON,1/14/22,6:17 AM,2,,0,0,0,,1119 N. MADISON,,,,,1119 N. MADISON,,,,,Y,,0,,0,0,LOCAL/CITY ROAD,,,,URBAN,N,N,N,,DARK (NOT LIGHTED),FOG/SMOKE/SMOG,DRY,,NO JUNCTION INVOLVED,,ASPHALT,DRIVER DISTRACTED - EXPLAIN IN NARRATIVE,$5001 TO $10000,SAME DIRECTION SIDESWIPE,1119N.MADISON,0,
BLOOMINGTON PD,B22-01161,MONROE,BLOOMINGTON,BLOOMINGTON,1/11/22,4:40 PM,1,,1,0,0,,S WILLIAMSBURG DR,,,,,S WILLIAMSBURG DR,E 3RD ST,,,,Y,,0,,39.16438732,-86.49653381,LOCAL/CITY ROAD,,,,URBAN,N,N,N,,DAYLIGHT,CLEAR,DRY,,NO JUNCTION INVOLVED,,ASPHALT,FAILURE TO YIELD RIGHT OF WAY,UNDER $1001,OTHER - EXPLAIN IN NARRATIVE,SWILLIAMSBURGDRE3RDST,1,
MONROE SD,M22A472,MONROE,PERRY,BLOOMINGTON,1/7/22,5:14 AM,1,0,0,0,0,,,,I69N,,,I69N,STATE RD 37,,,,N,,9500,S,38.32972271,-86.5092264,INTERSTATE,,N,N,RURAL,N,N,N,,DARK (NOT LIGHTED),CLEAR,DRY,,NO JUNCTION INVOLVED,STRAIGHT/GRADE,ASPHALT,ANIMAL/OBJECT IN ROADWAY,$1001 TO $2500,COLLISION WITH ANIMAL OTHER,I69NSTATERD37RD,0,NONE
BLOOMINGTON PD,B22-01763,MONROE,BLOOMINGTON,BLOOMINGTON,1/17/22,2:30 AM,1,,0,0,0,,STATE RD 46,,,,,STATE RD 46,STATE RD 37,,,,Y,,0,,39.1869472,-86.55135776,STATE ROAD,,,,URBAN,N,N,N,,DARK (LIGHTED),SNOW,SNOW/SLUSH,,RAMP,,ASPHALT,OTHER (ENVIRONMENTAL) - EXPLAIN IN NARR,$5001 TO $10000,COLLISION WITH OBJECT IN ROAD,STATERD46STATERD37,0,
BLOOMINGTON PD,B22-02169,MONROE,PERRY,BLOOMINGTON,1/20/22,3:35 PM,2,,0,0,0,528,S COLLEGE AVE,,,,,S COLLEGE AVE,,,,,Y,,0,,39.16026616,-86.53563011,LOCAL/CITY ROAD,,,,URBAN,N,N,N,,DAYLIGHT,CLEAR,DRY,,NO JUNCTION INVOLVED,,ASPHALT,FAILURE TO YIELD RIGHT OF WAY,$1001 TO $2500,OTHER - EXPLAIN IN NARRATIVE,SCOLLEGEAVE,0,
MONROE SD,M22A850,MONROE,PERRY,BLOOMINGTON,1/12/22,4:24 AM,1,0,0,0,0,,E RHORER,RD,,,,E RHORER,S DEERFIELD,,,,N,PRIVATE,,,39.121467,-86.504609,LOCAL/CITY ROAD,,N,N,URBAN,N,N,N,,DARK (NOT LIGHTED),CLEAR,DRY,,NO JUNCTION INVOLVED,STRAIGHT/GRADE,ASPHALT,RAN OFF ROAD RIGHT,$5001 TO $10000,RAN OFF ROAD,ERHORERRDSDEERFIELDDR,0,LANE CONTROL
BLOOMINGTON PD,B22-13050,MONROE,BLOOMINGTON,BLOOMINGTON,4/14/22,2:35 PM,2,,0,0,0,,N MAPLE ST,,,,,N MAPLE ST,W 15TH ST,,,,Y,,317,,39.17606271,-86.542067,LOCAL/CITY ROAD,,,,URBAN,N,N,N,,DAYLIGHT,CLEAR,DRY,,NO JUNCTION INVOLVED,,ASPHALT,UNSAFE BACKING,$10001 TO $25000,RIGHT ANGLE,W15THSTNMAPLEST,0,
BLOOMINGTON PD,B22-02612,MONROE,BLOOMINGTON,BLOOMINGTON,1/24/22,3:22 AM,2,,0,0,0,,N WALNUT ST,,,,,N WALNUT ST,SR 45/46 BYPASS,,,,Y,,0,,39.18639731,-86.53442806,STATE ROAD,,,,URBAN,N,N,N,,DAYLIGHT,CLOUDY,WET,,FOUR-WAY INTERSECTION,,ASPHALT,FOLLOWING TOO CLOSELY,$2501 TO $5000,REAR END,SR45/46BYPASSNWALNUTST,0,
INDIANA UNIV BLOOMINGTON PD,220144,MONROE,BLOOMINGTON,BLOOMINGTON,1/18/22,6:15 AM,1,,0,0,0,,N UNION ST,,,,,N UNION ST,E LAW LN,,,,Y,,0,,39.17338525,-86.50971866,LOCAL/CITY ROAD,,,,URBAN,N,N,N,,DARK (LIGHTED),CLOUDY,ICE,,NO JUNCTION INVOLVED,,ASPHALT,SPEED TOO FAST FOR WEATHER CONDITIONS,$10001 TO $25000,RAN OFF ROAD,NUNIONSTELAWLN,0,
BLOOMINGTON PD,B22-02010,MONROE,,BLOOMINGTON,1/19/22,10:16 AM,2,,0,0,0,,645 S. ROGERS ST,,,,,645 S. ROGERS ST,,,,,Y,,0,,0,0,LOCAL/CITY ROAD,,,,URBAN,N,N,N,,DAYLIGHT,CLOUDY,DRY,,NO JUNCTION INVOLVED,,ASPHALT,OTHER (VEHICLE) - EXPLAIN IN NARRATIVE,$1001 TO $2500,RIGHT ANGLE,645S.ROGERSST,0,
INDIANA UNIV BLOOMINGTON PD,220051,MONROE,BLOOMINGTON,BLOOMINGTON,1/9/22,2:30 AM,1,,0,0,0,,E 17TH ST,,,,,E 17TH ST,,,,,Y,,0,,39.17997519,-86.52587956,,,,,URBAN,N,N,N,,DARK (LIGHTED),RAIN,WET,,NO JUNCTION INVOLVED,,CONCRETE,SPEED TOO FAST FOR WEATHER CONDITIONS,$2501 TO $5000,SAME DIRECTION SIDESWIPE,E17THST,0,
BLOOMINGTON PD,B2202598,MONROE,BLOOMINGTON,BLOOMINGTON,1/24/22,1:30 PM,4,,4,0,0,,W 3RD ST,,,,,W 3RD ST,S MULLER PKWY,,,,Y,,0,,39.1644095,-86.56275219,LOCAL/CITY ROAD,,,,URBAN,N,N,N,,DAYLIGHT,SNOW,SNOW/SLUSH,,FOUR-WAY INTERSECTION,,ASPHALT,FOLLOWING TOO CLOSELY,$25001 TO $50000,REAR END,W3RDSTSMULLERPKWY,0,
MONROE SD,M22A1607,MONROE,PERRY,BLOOMINGTON,1/22/22,12:32 PM,2,,0,0,0,,S OLD STATE ROAD 37,,,,,S OLD STATE ROAD 37,,,,,N,,0,,39.12031586,-86.53044991,LOCAL/CITY ROAD,,,,URBAN,N,N,N,,DAYLIGHT,CLEAR,DRY,,NO JUNCTION INVOLVED,,ASPHALT,UNSAFE BACKING,UNDER $1001,BACKING CRASH,SOLDSTATEROAD37,0,
BLOOMINGTON PD,B22-02822,MONROE,PERRY,BLOOMINGTON,1/25/22,4:20 PM,2,,0,0,0,,1400 S. BRENDA LN,,,,,1400 S. BRENDA LN,FESS AVE,,,,Y,,300,,39.1512172,-86.5260973,LOCAL/CITY ROAD,,,,URBAN,Y,N,N,,DAYLIGHT,CLEAR,DRY,,NO JUNCTION INVOLVED,,ASPHALT,OVERCORRECTING/OVERSTEERING,$2501 TO $5000,SAME DIRECTION SIDESWIPE,FESSAVE1400S.BRENDALN,0,
BLOOMINGTON PD,B22-16547,MONROE,PERRY,BLOOMINGTON,5/6/22,6:47 PM,2,,0,0,0,,S SWAIN AVE,,,,,S SWAIN AVE,E ATWATER AVE,,,,Y,,0,,39.16330753,-86.51525819,LOCAL/CITY ROAD,,,,URBAN,N,N,N,,DAYLIGHT,CLOUDY,WET,,T-INTERSECTION,,ASPHALT,UNSAFE LANE MOVEMENT,$1001 TO $2500,SAME DIRECTION SIDESWIPE,SSWAINAVEEATWATERAVE,0,
BLOOMINGTON PD,B22-03450,MONROE,BLOOMINGTON,BLOOMINGTON,1/31/22,2:42 AM,2,,0,0,0,,S WALNUT ST,,,,,S WALNUT ST,E KIRKWOOD AVE,,,,Y,,0,,39.16644265,-86.53359837,LOCAL/CITY ROAD,,,,URBAN,N,N,N,,DAYLIGHT,CLEAR,DRY,,NO JUNCTION INVOLVED,,ASPHALT,FAILURE TO MAINTAIN LANE,UNDER $1001,SAME DIRECTION SIDESWIPE,SWALNUTSTEKIRKWOODAVE,0,
MONROE SD,M22A2459,MONROE,PERRY,BLOOMINGTON,1/31/22,8:30 PM,2,,0,0,0,,W FULLERTON PIKE,,,,,W FULLERTON PIKE,S MONROE MEDICAL PARK BLVD,,,,N,,0,,39.12220209,-86.57314679,LOCAL/CITY ROAD,,,,RURAL,N,N,N,,DARK (NOT LIGHTED),CLEAR,DRY,,TRAFFIC CIRCLE/ROUNDABOUT,,ASPHALT,FAILURE TO YIELD RIGHT OF WAY,$5001 TO $10000,RIGHT TURN,WFULLERTONPIKESMONROEMEDICALPARKBLVD,0,
BLOOMINGTON PD,B22-01339,MONROE,BLOOMINGTON,BLOOMINGTON,1/13/22,11:00 AM,2,,1,0,0,,W 15TH ST,,,,,W 15TH ST,N WALNUT ST,,,,Y,,0,,39.17684728,-86.53355546,LOCAL/CITY ROAD,,,,URBAN,N,N,N,,DAYLIGHT,CLOUDY,DRY,,FOUR-WAY INTERSECTION,,ASPHALT,DISREGARD SIGNAL/REG SIGN,$5001 TO $10000,RIGHT ANGLE,W15THSTNWALNUTST,0,
BLOOMINGTON PD,B22-02865,MONROE,BLOOMINGTON,BLOOMINGTON,1/26/22,3:25 AM,2,,0,0,0,,STATE RD 46,,,,,STATE RD 46,EASTGATE LN,,,,Y,,158,,39.16992304,-86.50141902,STATE ROAD,,,,URBAN,N,N,N,,DAYLIGHT,CLEAR,DRY,,NO JUNCTION INVOLVED,,ASPHALT,FOLLOWING TOO CLOSELY,$2501 TO $5000,REAR END,STATERD46EASTGATELN,0,
BLOOMINGTON PD,B22-00281,MONROE,,BLOOMINGTON,1/4/22,9:30 AM,2,,0,0,0,,N KINSER PIKE,,,,,N KINSER PIKE,W CLUB HOUSE DR,,,,Y,,0,,39.200815,-86.542843,LOCAL/CITY ROAD,,,,URBAN,N,N,N,,DAYLIGHT,CLEAR,DRY,,NO JUNCTION INVOLVED,,ASPHALT,LEFT OF CENTER,$1001 TO $2500,OPPOSITE DIRECTION SIDESWIPE,WCLUBHOUSEDRNKINSERPIKE,0,
BLOOMINGTON PD,B22-01529,MONROE,BLOOMINGTON,BLOOMINGTON,1/14/22,10:58 PM,3,,0,0,0,,N WALNUT ST,,,,,N WALNUT ST,W 7TH ST,,,,Y,,0,,39.16861714,-86.53361089,LOCAL/CITY ROAD,,,,URBAN,N,N,N,,DARK (LIGHTED),CLEAR,DRY,,FOUR-WAY INTERSECTION,,ASPHALT,FOLLOWING TOO CLOSELY,$2501 TO $5000,REAR END,W7THSTNWALNUTST,0,
BLOOMINGTON PD,B22-25843,MONROE,RICHLAND,BLOOMINGTON,7/7/22,12:56 PM,3,,0,0,0,,N GATES DR,,,,,N GATES DR,N GATES DR,,,,Y,,0,,39.16561286,-86.57595961,LOCAL/CITY ROAD,,,,URBAN,N,N,N,,DAYLIGHT,CLOUDY,DRY,,T-INTERSECTION,,ASPHALT,FOLLOWING TOO CLOSELY,$1001 TO $2500,REAR END,NGATESDRNGATESDR,0,
BLOOMINGTON PD,B22-07135,MONROE,BLOOMINGTON,BLOOMINGTON,3/3/22,8:12 PM,2,,0,0,0,,W 7TH ST,,,,,W 7TH ST,N JACKSON ST,,,,Y,,0,,39.16862684,-86.53936691,LOCAL/CITY ROAD,,,,URBAN,Y,N,N,,DARK (NOT LIGHTED),CLEAR,DRY,,NO JUNCTION INVOLVED,,CONCRETE,UNSAFE BACKING,$1001 TO $2500,BACKING CRASH,W7THSTNJACKSONST,0,
BLOOMINGTON PD,B22-12724,MONROE,PERRY,BLOOMINGTON,4/12/22,9:26 AM,2,,0,0,0,,1011 W. 2ND ST,,,,,1011 W. 2ND ST,,,,,Y,,0,,0,0,PRIVATE DRIVE,,,,URBAN,N,N,N,,DAYLIGHT,CLOUDY,DRY,,NO JUNCTION INVOLVED,,ASPHALT,UNSAFE BACKING,$2501 TO $5000,BACKING CRASH,1011W.2NDST,0,
BLOOMINGTON PD,B22-00153,MONROE,PERRY,BLOOMINGTON,1/2/22,6:24 PM,1,,0,0,0,,500 SOUTH MULLER PARKWAY,,,,,500 SOUTH MULLER PARKWAY,,,,,Y,,0,,0,0,LOCAL/CITY ROAD,,,,URBAN,N,N,N,,DARK (LIGHTED),CLEAR,DRY,,NO JUNCTION INVOLVED,,ASPHALT,STEERING FAILURE,$2501 TO $5000,OTHER - EXPLAIN IN NARRATIVE,500SOUTHMULLERPARKWAY,0,
BLOOMINGTON PD,B2200220,MONROE,BLOOMINGTON,BLOOMINGTON,1/3/22,3:20 PM,2,,0,0,0,,N WOODBRIDGE DR,,,,,N WOODBRIDGE DR,E 10TH ST,,,,Y,,0,,39.17156163,-86.49086542,LOCAL/CITY ROAD,,,,URBAN,N,N,N,,DAYLIGHT,CLEAR,DRY,,FOUR-WAY INTERSECTION,,ASPHALT,FAILURE TO YIELD RIGHT OF WAY,$10001 TO $25000,RIGHT ANGLE,NWOODBRIDGEDRE10THST,0,
BLOOMINGTON PD,B22-00661,MONROE,BLOOMINGTON,BLOOMINGTON,1/7/22,7:55 AM,2,,0,0,0,,W17TH ST,,,,,W17TH ST,N. MADISON ST,,,,Y,,0,,39.178997,-86.53773,LOCAL/CITY ROAD,,,,URBAN,N,N,N,,DAYLIGHT,CLEAR,DRY,,FOUR-WAY INTERSECTION,,ASPHALT,FOLLOWING TOO CLOSELY,$2501 TO $5000,REAR END,W17THSTN.MADISONST,0,
BLOOMINGTON PD,B22-01277,MONROE,PERRY,BLOOMINGTON,1/12/22,5:21 PM,1,,0,0,0,574,S LANDMARK AVE,,,,,S LANDMARK AVE,,,,,N,,0,,39.1601593,-86.5539649,LOCAL/CITY ROAD,,,,URBAN,N,N,N,,DAYLIGHT,CLEAR,DRY,,NO JUNCTION INVOLVED,,ASPHALT,OTHER (DRIVER) - EXPLAIN IN NARRATIVE,$5001 TO $10000,OTHER - EXPLAIN IN NARRATIVE,SLANDMARKAVE,0,
BLOOMINGTON PD,B22-01061,MONROE,BLOOMINGTON,BLOOMINGTON,1/10/22,5:19 AM,2,,0,0,0,,N PROW RD,,,,,N PROW RD,W ACUFF RD,,,,Y,,300,,39.20651189,-86.55203409,,,,,URBAN,N,N,N,,DAYLIGHT,CLEAR,DRY,,NO JUNCTION INVOLVED,,ASPHALT,FAILURE TO YIELD RIGHT OF WAY,$25001 TO $50000,REAR END,WACUFFRDNPROWRD,0,
DNR LAW ENFORCEMENT,06-22-01772,MONROE,BENTON,BLOOMINGTON,7/4/22,12:50 AM,1,,2,0,0,,N TUNNEL RD,,,,,N TUNNEL RD,,,,,N,,0,,39.23262176,-86.43306918,LOCAL/CITY ROAD,,,,RURAL,N,N,N,,DARK (LIGHTED),CLEAR,DRY,,NO JUNCTION INVOLVED,,ASPHALT,UNSAFE SPEED,$5001 TO $10000,RAN OFF ROAD,NTUNNELRD,0,
BLOOMINGTON PD,B22-38674,MONROE,BLOOMINGTON,BLOOMINGTON,9/23/22,9:00 PM,2,,0,0,0,,N KINSER PIKE,,,,,N KINSER PIKE,STATE RD 46,,,,Y,,0,,39.18650264,-86.53766818,LOCAL/CITY ROAD,,,,URBAN,N,N,N,,DARK (LIGHTED),RAIN,WET,,FOUR-WAY INTERSECTION,,ASPHALT,FAILURE TO YIELD RIGHT OF WAY,$5001 TO $10000,RIGHT ANGLE,STATERD46NKINSERPIKE,0,
MONROE SD,M22A21011,MONROE,RICHLAND,BLOOMINGTON,8/27/22,1:08 PM,3,,1,0,0,,W STATE RD 46,,,,,W STATE RD 46,N CURRY PIKE,,,,N,,0,,39.19365391,-86.57140679,STATE ROAD,,,,RURAL,N,N,N,,DAYLIGHT,CLEAR,DRY,,NO JUNCTION INVOLVED,,ASPHALT,OTHER (DRIVER) - EXPLAIN IN NARRATIVE,$10001 TO $25000,RIGHT TURN,NCURRYPIKEWSTATERD46,0,