Agency,Local Code,County,Township,City,Collision Date,Collision Time,Vehicles Involved,Trailers Involved,Number Injured,Number Dead,Number Deer,House Number,Roadway Name,Roadway Suffix,Roadway Number,Roadway Interchange,Roadway Ramp,Roadway Id,Intersecting Road,Intersecting Road Number,Mile Marker,Interchange,Corporate Limits?,Property Type,Feet From,Direction,Latitude,Longitude,Roadway Class,Traffic Control Devices?,Aggressive Driving?,Hit and Run?,Locality,School Zone?,Rumble Strips?,Construction?,Construction Type,Light Condition,Weather Conditions,Surface Condition,Type of Median,Roadway Junction Type,Road Character,Roadway Surface,Primary Factor,Damage Estimate,Manner of Collision,Unique Location Id,State Property Damage?,Traffic Control
MONROE SD,M22A22765,MONROE,PERRY,BLOOMINGTON,9/15/22,5:40 PM,3,,1,0,0,,S OLD STATE ROAD 37,,,,,S OLD STATE ROAD 37,S OLD STATE ROAD 37,,,,N,,0,,39.08531033,-86.54242754,STATE ROAD,,,,RURAL,N,N,N,,DAYLIGHT,CLEAR,DRY,,FOUR-WAY INTERSECTION,,ASPHALT,FOLLOWING TOO CLOSELY,$10001 TO $25000,REAR END,SOLDSTATEROAD37SOLDSTATEROAD37,0,
INDIANA UNIV BLOOMINGTON PD,222440,MONROE,BLOOMINGTON,BLOOMINGTON,7/21/22,11:00 AM,2,,0,0,0,,N JEFFERSON ST,,,,,N JEFFERSON ST,N UNION ST,,,,Y,,0,,39.17139986,-86.50720478,,,,,URBAN,N,N,N,,DAYLIGHT,CLEAR,DRY,,T-INTERSECTION,,ASPHALT,IMPROPER PASSING,$1001 TO $2500,SAME DIRECTION SIDESWIPE,NUNIONSTNJEFFERSONST,0,
BLOOMINGTON PD,B22-04873,MONROE,BLOOMINGTON,BLOOMINGTON,2/12/22,8:27 PM,2,,0,0,0,,W 10TH ST,,,,,W 10TH ST,N COLLEGE AVE,,,,Y,,0,,39.17167739,-86.53484649,,,,,URBAN,N,N,N,,DARK (LIGHTED),CLEAR,WET,,FOUR-WAY INTERSECTION,,ASPHALT,UNSAFE LANE MOVEMENT,$2501 TO $5000,LEFT TURN,W10THSTNCOLLEGEAVE,0,
BLOOMINGTON PD,B22-06494,MONROE,BLOOMINGTON,BLOOMINGTON,2/26/22,9:50 PM,2,,0,0,0,,E WYLIE FARM RD,,,,,E WYLIE FARM RD,S BAYBERRY DR,,,,Y,,0,,0,0,LOCAL/CITY ROAD,,,,URBAN,N,N,N,,DARK (NOT LIGHTED),CLEAR,DRY,,FOUR-WAY INTERSECTION,,ASPHALT,DRIVER DISTRACTED - EXPLAIN IN NARRATIVE,$2501 TO $5000,REAR END,SBAYBERRYDREWYLIEFARMRD,0,
BLOOMINGTON PD,B22-10316,MONROE,BLOOMINGTON,BLOOMINGTON,3/26/22,11:59 AM,2,,0,0,0,,N WASHINGTON ST,,,,,N WASHINGTON ST,E 10TH ST,,,,Y,,0,,39.17167669,-86.53233952,LOCAL/CITY ROAD,,,,URBAN,N,N,N,,DAYLIGHT,CLOUDY,DRY,,FOUR-WAY INTERSECTION,,ASPHALT,DISREGARD SIGNAL/REG SIGN,$5001 TO $10000,RIGHT ANGLE,NWASHINGTONSTE10THST,0,
BLOOMINGTON PD,B22-30664,MONROE,PERRY,BLOOMINGTON,8/8/22,4:57 PM,1,,0,0,0,,E MOORES PIKE,,,,,E MOORES PIKE,E CAPE COD CT,,,,Y,,0,,39.15048364,-86.50666969,LOCAL/CITY ROAD,,,,URBAN,N,N,N,,DAYLIGHT,CLOUDY,DRY,,T-INTERSECTION,,ASPHALT,OBSTRUCTION NOT MARKED,$2501 TO $5000,OTHER - EXPLAIN IN NARRATIVE,EMOORESPIKEECAPECODCT,0,
DNR LAW ENFORCEMENT,06-22-02247,MONROE,SALT CREEK,BLOOMINGTON,8/12/22,11:25 AM,2,,0,0,0,,STATE RD 446,,,,,STATE RD 446,,,,,N,,0,,39.09153267,-86.42295873,PRIVATE DRIVE,,,,RURAL,N,N,N,,DAYLIGHT,CLEAR,DRY,,NO JUNCTION INVOLVED,,ASPHALT,UNSAFE BACKING,$1001 TO $2500,BACKING CRASH,STATERD446,0,
INDIANA UNIV BLOOMINGTON PD,221043,MONROE,BLOOMINGTON,BLOOMINGTON,3/20/22,2:34 PM,2,,0,0,0,,S HIGHLAND AVE,,,,,S HIGHLAND AVE,E 3RD ST,,,,Y,,0,,39.16425997,-86.51773567,LOCAL/CITY ROAD,,,,URBAN,N,N,N,,DAYLIGHT,CLEAR,DRY,,T-INTERSECTION,,ASPHALT,IMPROPER TURNING,$25001 TO $50000,LEFT TURN,SHIGHLANDAVEE3RDST,0,
BLOOMINGTON PD,B22-03135,MONROE,PERRY,BLOOMINGTON,1/28/22,2:31 AM,2,,0,0,0,,S DEBORAH DR,,,,,S DEBORAH DR,W COTA DR,,,,Y,,0,,39.13591993,-86.56778044,LOCAL/CITY ROAD,,,,URBAN,N,N,N,,DAYLIGHT,SNOW,SNOW/SLUSH,,T-INTERSECTION,,ASPHALT,ROADWAY SURFACE CONDITION,$1001 TO $2500,HEAD ON BETWEEN TWO MOTOR VEHICLES,WCOTADRSDEBORAHDR,0,
BLOOMINGTON PD,B22-28724,MONROE,PERRY,BLOOMINGTON,7/27/22,8:52 AM,2,,0,0,0,,W 3RD ST,,,,,W 3RD ST,S PATTERSON DR,,,,Y,,0,,39.1644313,-86.55198002,LOCAL/CITY ROAD,,,,URBAN,N,N,N,,DAYLIGHT,RAIN,WET,,FOUR-WAY INTERSECTION,,ASPHALT,FOLLOWING TOO CLOSELY,$2501 TO $5000,REAR END,W3RDSTSPATTERSONDR,0,
BLOOMINGTON PD,B22-20605,MONROE,BLOOMINGTON,BLOOMINGTON,6/3/22,3:41 PM,2,,0,0,0,,S WASHINGTON ST,,,,,S WASHINGTON ST,E DODDS ST,,,,Y,,0,,39.15737173,-86.5324182,LOCAL/CITY ROAD,,,,URBAN,N,N,N,,DAYLIGHT,CLEAR,DRY,,FOUR-WAY INTERSECTION,,ASPHALT,DISREGARD SIGNAL/REG SIGN,$2501 TO $5000,RIGHT TURN,SWASHINGTONSTEDODDSST,0,
BLOOMINGTON PD,B22-20737,MONROE,BLOOMINGTON,BLOOMINGTON,6/4/22,9:40 AM,2,,1,0,0,,E COVENANTER DR,,,,,E COVENANTER DR,S COLLEGE MALL RD,,,,Y,,0,,39.15521787,-86.49770471,LOCAL/CITY ROAD,,,,URBAN,N,N,N,,DAYLIGHT,CLEAR,DRY,,FOUR-WAY INTERSECTION,,ASPHALT,FAILURE TO YIELD RIGHT OF WAY,$25001 TO $50000,LEFT TURN,SCOLLEGEMALLRDECOVENANTERDR,0,
INDIANA UNIV BLOOMINGTON PD,223426,MONROE,BLOOMINGTON,BLOOMINGTON,9/20/22,9:35 PM,1,,0,0,0,,NORTH EAGLESON AVENUE,,,,,NORTH EAGLESON AVENUE,EAST LAW LANE,,,,Y,,0,,39.17327366,-86.51549524,LOCAL/CITY ROAD,,,,URBAN,N,N,N,,DARK (NOT LIGHTED),CLEAR,DRY,,NO JUNCTION INVOLVED,,ASPHALT,OBSTRUCTION NOT MARKED,$2501 TO $5000,COLLISION WITH OBJECT IN ROAD,NORTHEAGLESONAVENUEEASTLAWLANE,0,
BLOOMINGTON PD,B22-03593,MONROE,PERRY,BLOOMINGTON,2/1/22,7:14 PM,2,,1,0,0,,E ALLEN ST,,,,,E ALLEN ST,S WASHINGTON ST,,,,Y,,0,,39.15560994,-86.53244596,LOCAL/CITY ROAD,,,,URBAN,N,N,N,,DARK (NOT LIGHTED),CLEAR,DRY,,FOUR-WAY INTERSECTION,,ASPHALT,DISREGARD SIGNAL/REG SIGN,$5001 TO $10000,RIGHT ANGLE,SWASHINGTONSTEALLENST,0,
BLOOMINGTON PD,B22-13032,MONROE,BLOOMINGTON,BLOOMINGTON,4/14/22,1:20 PM,2,,1,0,0,,N ADAMS ST,,,,,N ADAMS ST,W FOUNTAIN DR,,,,Y,,0,,39.16958063,-86.54965586,LOCAL/CITY ROAD,,,,URBAN,N,N,N,,DAYLIGHT,CLEAR,DRY,,NO JUNCTION INVOLVED,,ASPHALT,FAILURE TO YIELD RIGHT OF WAY,$5001 TO $10000,HEAD ON BETWEEN TWO MOTOR VEHICLES,WFOUNTAINDRNADAMSST,0,
BLOOMINGTON PD,B22-29457,MONROE,BLOOMINGTON,BLOOMINGTON,8/1/22,6:02 AM,1,,1,0,0,,STATE RD 46,,,,,STATE RD 46,W CASCADE AVE,,,,Y,,1056,,39.18678684,-86.54224546,STATE ROAD,,,,URBAN,N,N,N,,DARK (NOT LIGHTED),CLOUDY,DRY,,NO JUNCTION INVOLVED,,ASPHALT,PEDESTRIAN ACTION,UNDER $1001,OPPOSITE DIRECTION SIDESWIPE,WCASCADEAVESTATERD46,1,
BLOOMINGTON PD,B22-16936,MONROE,BLOOMINGTON,BLOOMINGTON,5/9/22,5:08 PM,4,,1,0,0,,E MATTLOCK RD,,,,,E MATTLOCK RD,N DUNN ST,,,,Y,,0,,39.18629475,-86.52871943,LOCAL/CITY ROAD,,,,URBAN,N,N,N,,DAYLIGHT,CLEAR,DRY,,FOUR-WAY INTERSECTION,,ASPHALT,OTHER (DRIVER) - EXPLAIN IN NARRATIVE,$10001 TO $25000,REAR END,NDUNNSTEMATTLOCKRD,0,
BLOOMINGTON PD,B22-40462,MONROE,PERRY,BLOOMINGTON,10/3/22,1:18 PM,1,,1,0,0,,S SMITH RD,,,,,S SMITH RD,E STONEGATE DR,,,,Y,,264,,39.16159695,-86.48072704,LOCAL/CITY ROAD,,,,URBAN,N,N,N,,DAYLIGHT,CLEAR,DRY,,NO JUNCTION INVOLVED,,ASPHALT,FAILURE TO MAINTAIN LANE,$10001 TO $25000,RAN OFF ROAD,SSMITHRDESTONEGATEDR,0,
MONROE SD,M22A3047,MONROE,CLEAR CREEK,BLOOMINGTON,2/8/22,6:55 PM,2,,0,0,0,,S STRAIN RIDGE RD,,,,,S STRAIN RIDGE RD,S FAIRFAX RD,,,,N,,0,,39.07432879,-86.50587605,LOCAL/CITY ROAD,,,,RURAL,N,N,N,,DARK (NOT LIGHTED),CLEAR,SNOW/SLUSH,,T-INTERSECTION,,ASPHALT,FAILURE TO YIELD RIGHT OF WAY,$2501 TO $5000,LEFT TURN,SSTRAINRIDGERDSFAIRFAXRD,0,
BLOOMINGTON PD,B22-34100,MONROE,BLOOMINGTON,BLOOMINGTON,8/28/22,3:50 AM,1,,0,0,0,,E 3RD ST,,,,,E 3RD ST,STATE RD 446,,,,Y,,0,,39.16433186,-86.47204346,LOCAL/CITY ROAD,,,,URBAN,N,N,N,,DARK (NOT LIGHTED),CLEAR,DRY,,FOUR-WAY INTERSECTION,,ASPHALT,DISREGARD SIGNAL/REG SIGN,UNDER $1001,RAN OFF ROAD,STATERD446E3RDST,0,
INDIANA UNIV BLOOMINGTON PD,223747,MONROE,BLOOMINGTON,BLOOMINGTON,10/5/22,12:19 PM,2,,0,0,0,,S WOODLAWN AVE,,,,,S WOODLAWN AVE,E 3RD ST,,,,Y,,0,,39.16422095,-86.5226335,LOCAL/CITY ROAD,,,,URBAN,N,N,N,,DAYLIGHT,CLEAR,DRY,,T-INTERSECTION,,ASPHALT,IMPROPER TURNING,$2501 TO $5000,LEFT TURN,SWOODLAWNAVEE3RDST,0,
MONROE SD,M22A5312,MONROE,BEAN BLOSSOM,BLOOMINGTON,3/7/22,7:12 AM,1,,0,0,0,,LOW GAP RD,,,,,LOW GAP RD,,,,,N,,0,,39.33215426,-86.39487857,,,,,RURAL,N,N,N,,DARK (NOT LIGHTED),RAIN,WATER (STANDING OR MOVING),,NO JUNCTION INVOLVED,,ASPHALT,ANIMAL/OBJECT IN ROADWAY,$10001 TO $25000,COLLISION WITH OBJECT IN ROAD,LOWGAPRD,0,
BLOOMINGTON PD,B22-15993,MONROE,VAN BUREN,BLOOMINGTON,5/3/22,9:23 AM,1,,1,0,0,,S LIBERTY DR,,,,,S LIBERTY DR,,,,,Y,,0,,39.14779562,-86.57711614,LOCAL/CITY ROAD,,,,URBAN,N,N,N,,DAYLIGHT,RAIN,WET,,T-INTERSECTION,,ASPHALT,UNSAFE SPEED,$2501 TO $5000,RAN OFF ROAD,SLIBERTYDR,0,
ISP BLOOMINGTON 33,2022-00304470,MONROE,BEAN BLOSSOM,BLOOMINGTON,7/8/22,10:30 AM,1,,0,0,0,,STATE RD 45,,,,,STATE RD 45,N MARTIN DR,,,,N,,0,,39.2042456,-86.46326441,STATE ROAD,,,,RURAL,N,N,N,,DAYLIGHT,RAIN,WET,,T-INTERSECTION,,ASPHALT,SPEED TOO FAST FOR WEATHER CONDITIONS,$5001 TO $10000,RAN OFF ROAD,STATERD45NMARTINDR,0,
ISP BLOOMINGTON 33,2022-00299480,MONROE,RICHLAND,BLOOMINGTON,7/5/22,3:46 PM,2,,0,0,0,,STATE RD 46,,,,,STATE RD 46,CURRY PIKE,,,,N,,1000,,39.19602491,-86.57286289,STATE ROAD,,,,RURAL,N,Y,Y,LANE CLOSURE,DAYLIGHT,CLEAR,DRY,,NO JUNCTION INVOLVED,,ASPHALT,FOLLOWING TOO CLOSELY,$5001 TO $10000,REAR END,STATERD46CURRYPIKE,0,
BLOOMINGTON PD,B22-16133,MONROE,PERRY,BLOOMINGTON,5/4/22,10:50 AM,2,,0,0,0,857,S. AUTO MALL ROAD,,,,,S. AUTO MALL ROAD,,,,,Y,,0,,39.155983,-86.495678,PRIVATE DRIVE,,,,URBAN,N,N,N,,DAYLIGHT,CLOUDY,DRY,,NO JUNCTION INVOLVED,,ASPHALT,UNSAFE BACKING,$1001 TO $2500,BACKING CRASH,S.AUTOMALLROAD,0,
BLOOMINGTON PD,B22-41019,MONROE,PERRY,BLOOMINGTON,10/6/22,9:21 AM,2,,0,0,0,,S HIGH ST,,,,,S HIGH ST,E COVENANTER DR,,,,Y,,0,,39.15363169,-86.50845366,LOCAL/CITY ROAD,,,,URBAN,N,N,N,,DAYLIGHT,CLOUDY,WET,,FOUR-WAY INTERSECTION,,ASPHALT,FOLLOWING TOO CLOSELY,$2501 TO $5000,REAR END,SHIGHSTECOVENANTERDR,0,
BLOOMINGTON PD,B22-22884,MONROE,PERRY,BLOOMINGTON,6/18/22,3:00 PM,2,,0,0,0,3205,W STATE ROAD 45,,,,,W STATE ROAD 45,,,,,Y,,0,,39.14479907,-86.57368041,PRIVATE DRIVE,,,,URBAN,N,N,N,,DAYLIGHT,CLEAR,DRY,,T-INTERSECTION,,ASPHALT,FAILURE TO YIELD RIGHT OF WAY,$1001 TO $2500,RIGHT ANGLE,WSTATEROAD45,0,
BLOOMINGTON PD,B22-38232,MONROE,PERRY,BLOOMINGTON,9/21/22,2:11 PM,2,,0,0,0,,705 W. COOLIDGE DRIVE,,,,,705 W. COOLIDGE DRIVE,,,,,Y,,0,,0,0,PRIVATE DRIVE,,,,URBAN,Y,N,N,,DAYLIGHT,CLEAR,DRY,,NO JUNCTION INVOLVED,,ASPHALT,UNSAFE BACKING,$2501 TO $5000,BACKING CRASH,705W.COOLIDGEDRIVE,0,
ISP BLOOMINGTON 33,2022-00301310,MONROE,RICHLAND,BLOOMINGTON,7/6/22,3:42 PM,2,,0,0,0,,STATE RD 46,,,,,STATE RD 46,CURRY PIKE,,,,N,,700,,39.19648341,-86.57309242,STATE ROAD,,,,RURAL,N,Y,Y,LANE CLOSURE,DAYLIGHT,CLEAR,DRY,,NO JUNCTION INVOLVED,,ASPHALT,UNSAFE SPEED,$5001 TO $10000,REAR END,STATERD46CURRYPIKE,0,
MONROE SD,M22A3921,MONROE,PERRY,BLOOMINGTON,2/18/22,5:05 PM,2,,0,0,0,5006,S ROGERS ST,,,,,S ROGERS ST,,,,,N,,0,,39.11128054,-86.54029614,LOCAL/CITY ROAD,,,,RURAL,N,N,N,,DAYLIGHT,CLEAR,DRY,,NO JUNCTION INVOLVED,,ASPHALT,UNSAFE BACKING,$2501 TO $5000,BACKING CRASH,SROGERSST,0,
BLOOMINGTON PD,B22-13671,MONROE,PERRY,BLOOMINGTON,4/19/22,2:29 PM,2,,2,0,0,,S ROGERS ST,,,,,S ROGERS ST,S ROCKPORT RD,,,,Y,,0,,39.14609541,-86.5388698,LOCAL/CITY ROAD,,,,URBAN,N,N,B,,DAYLIGHT,CLEAR,DRY,,FOUR-WAY INTERSECTION,,ASPHALT,IMPROPER TURNING,$5001 TO $10000,SAME DIRECTION SIDESWIPE,SROGERSSTSROCKPORTRD,0,
BLOOMINGTON PD,B22-33223,MONROE,PERRY,BLOOMINGTON,8/23/22,5:25 PM,2,,0,0,0,,1372 S COLLEGE MALL RD,,,,,1372 S COLLEGE MALL RD,,,,,Y,,0,,39.15181765,-86.49781025,,,,,URBAN,N,N,N,,DAYLIGHT,CLEAR,DRY,,NO JUNCTION INVOLVED,,ASPHALT,UNSAFE BACKING,UNDER $1001,BACKING CRASH,1372SCOLLEGEMALLRD,0,
INDIANA UNIV BLOOMINGTON PD,222787,MONROE,BLOOMINGTON,BLOOMINGTON,8/23/22,6:44 PM,2,,0,0,0,,N UNION ST,,,,,N UNION ST,,,,,Y,,0,,39.17392761,-86.51064123,PRIVATE DRIVE,,,,URBAN,N,N,N,,DAYLIGHT,CLEAR,DRY,,NO JUNCTION INVOLVED,,ASPHALT,UNSAFE BACKING,$2501 TO $5000,BACKING CRASH,NUNIONST,0,
BLOOMINGTON PD,B22-32706,MONROE,PERRY,BLOOMINGTON,8/20/22,4:23 PM,1,,0,0,0,,E DRISCOLL DR,,,,,E DRISCOLL DR,S WASHINGTON ST,,,,Y,,0,,39.15252142,-86.53309054,LOCAL/CITY ROAD,,,,URBAN,N,N,N,,DAYLIGHT,CLEAR,DRY,,T-INTERSECTION,,ASPHALT,IMPROPER LANE USAGE,UNDER $1001,RIGHT ANGLE,SWASHINGTONSTEDRISCOLLDR,1,
INDIANA UNIV BLOOMINGTON PD,222423,MONROE,BLOOMINGTON,BLOOMINGTON,7/19/22,3:25 PM,2,,0,0,0,,STATE RD 45,,,,,STATE RD 45,N BROWNCLIFF LN,,,,Y,,0,,39.18586232,-86.51852436,STATE ROAD,,,,URBAN,N,N,N,,DAYLIGHT,CLEAR,DRY,,NO JUNCTION INVOLVED,,ASPHALT,FOLLOWING TOO CLOSELY,$5001 TO $10000,REAR END,STATERD45NBROWNCLIFFLN,0,
MONROE SD,M22A20241,MONROE,RICHLAND,BLOOMINGTON,8/18/22,5:30 AM,2,,1,0,0,,W 3RD ST,,,,,W 3RD ST,W 3RD ST,,,,N,,0,,39.16504448,-86.59260697,STATE ROAD,,,,URBAN,N,N,N,,DAYLIGHT,CLEAR,DRY,,FOUR-WAY INTERSECTION,,ASPHALT,DISREGARD SIGNAL/REG SIGN,$5001 TO $10000,REAR END,W3RDSTW3RDST,0,
ELLETTSVILLE PD,E2203877,MONROE,RICHLAND,ELLETTSVILLE,9/27/22,2:30 PM,2,,0,0,0,,W STATE RD 46,,,,,W STATE RD 46,N LAKEVIEW DR,,,,Y,,0,,39.22073654,-86.60488469,STATE ROAD,,,,URBAN,N,N,N,,DAYLIGHT,CLEAR,DRY,,NO JUNCTION INVOLVED,,ASPHALT,FAILURE TO YIELD RIGHT OF WAY,$10001 TO $25000,LEFT TURN,WSTATERD46NLAKEVIEWDR,0,
BLOOMINGTON PD,B22-27882,MONROE,BLOOMINGTON,BLOOMINGTON,7/20/22,9:00 PM,2,,0,0,0,528,S COLLEGE AVE,,,,,S COLLEGE AVE,,,,,Y,,0,,39.16021965,-86.53557828,PRIVATE DRIVE,,,,URBAN,N,N,N,,DAYLIGHT,CLEAR,DRY,,NO JUNCTION INVOLVED,,ASPHALT,UNSAFE BACKING,$1001 TO $2500,SAME DIRECTION SIDESWIPE,SCOLLEGEAVE,0,
ISP BLOOMINGTON 33,2.022E+11,MONROE,INDIAN CREEK,BLOOMINGTON,6/17/22,10:00 AM,1,,0,0,0,,I69,,,,,I69,,,109.5,,N,,0,,39.07100836,-86.61955364,INTERSTATE,,,,RURAL,N,N,N,,DAYLIGHT,RAIN,WET,,NO JUNCTION INVOLVED,,CONCRETE,,$2501 TO $5000,RAN OFF ROAD,I69109.5,0,
BLOOMINGTON PD,B22-34182,MONROE,BLOOMINGTON,BLOOMINGTON,8/28/22,5:58 PM,1,,1,0,0,,I-69,,,,,I-69,,,,,Y,,898,,39.18850555,-86.55378787,INTERSTATE,,,,URBAN,N,N,N,,DAYLIGHT,CLEAR,DRY,,RAMP,,CONCRETE,UNSAFE SPEED,$2501 TO $5000,RAN OFF ROAD,I-69,0,
BLOOMINGTON PD,B22-26842,MONROE,PERRY,BLOOMINGTON,7/14/22,8:01 AM,1,,0,0,0,,"325 E WINSLOW RD BLOOMINGTON,",,,,,"325 E WINSLOW RD BLOOMINGTON, IN",,,,,Y,,0,,,,PRIVATE DRIVE,,,,URBAN,N,N,N,,DAWN/DUSK,CLEAR,DRY,,NO JUNCTION INVOLVED,,ASPHALT,UNSAFE SPEED,$10001 TO $25000,RAN OFF ROAD,"325EWINSLOWRDBLOOMINGTON,IN",0,
MONROE SD,M22A24572,MONROE,VAN BUREN,BLOOMINGTON,10/6/22,8:36 PM,1,,1,0,0,,W STATE RD 45,,,,,W STATE RD 45,INDUSTRIAL BLVD,,,,Y,,0,,39.14248843,-86.57951347,,,,,URBAN,N,N,N,,DARK (LIGHTED),CLEAR,DRY,,NO JUNCTION INVOLVED,,CONCRETE,UNSAFE BACKING,UNDER $1001,BACKING CRASH,WSTATERD45INDUSTRIALBLVD,1,
INDIANA UNIV BLOOMINGTON PD,221097,MONROE,BLOOMINGTON,BLOOMINGTON,2/24/22,4:00 AM,2,,0,0,0,1225,N FEE LN,,,,,N FEE LN,,,,,Y,,0,,39.17797297,-86.51957535,PRIVATE DRIVE,,,,URBAN,N,N,N,,DARK (NOT LIGHTED),RAIN,WET,,NO JUNCTION INVOLVED,,ASPHALT,UNSAFE BACKING,$1001 TO $2500,BACKING CRASH,NFEELN,0,
ISP BLOOMINGTON 33,2022-00259673,MONROE,VAN BUREN,BLOOMINGTON,6/10/22,9:15 AM,1,,0,0,1,,W STATE RD 45,,,,,W STATE RD 45,S RENDY LN,,,,N,,0,,39.12164586,-86.61534694,STATE ROAD,,,,RURAL,N,N,N,,DAYLIGHT,CLOUDY,DRY,,NO JUNCTION INVOLVED,,ASPHALT,ANIMAL/OBJECT IN ROADWAY,$2501 TO $5000,COLLISION WITH DEER,WSTATERD45SRENDYLN,0,
INDIANA UNIV BLOOMINGTON PD,220315,MONROE,BLOOMINGTON,BLOOMINGTON,1/28/22,6:00 PM,2,,0,0,0,,STATE RD 45,,,,,STATE RD 45,E 17TH ST,,,,Y,,0,,39.17971668,-86.50723192,STATE ROAD,,,,URBAN,N,N,N,,DAWN/DUSK,SNOW,WET,,T-INTERSECTION,,ASPHALT,FAILURE TO YIELD RIGHT OF WAY,$5001 TO $10000,LEFT TURN,STATERD45E17THST,0,
INDIANA UNIV BLOOMINGTON PD,220924,MONROE,BLOOMINGTON,BLOOMINGTON,3/9/22,9:07 PM,2,,0,0,0,,N STATE ROAD 45/46 BYPASS,,,,,N STATE ROAD 45/46 BYPASS,E 10TH ST,,,,Y,,0,,39.17181532,-86.50247402,STATE ROAD,,,,URBAN,N,N,N,,DARK (LIGHTED),CLEAR,DRY,,FOUR-WAY INTERSECTION,,ASPHALT,FOLLOWING TOO CLOSELY,$5001 TO $10000,REAR END,NSTATEROAD45/46BYPASSE10THST,0,
ISP BLOOMINGTON 33,2.022E+11,MONROE,PERRY,BLOOMINGTON,1/28/22,1:45 PM,2,,0,0,0,,S OLD STATE ROAD 37,,,,,S OLD STATE ROAD 37,S OLD STATE ROAD 37,,,,N,,0,,39.08548073,-86.54259344,STATE ROAD,,,,RURAL,N,N,N,,DAYLIGHT,SNOW,SNOW/SLUSH,,FOUR-WAY INTERSECTION,,ASPHALT,ROADWAY SURFACE CONDITION,$1001 TO $2500,OPPOSITE DIRECTION SIDESWIPE,SOLDSTATEROAD37SOLDSTATEROAD37,0,
BLOOMINGTON PD,B22-13844,MONROE,PERRY,BLOOMINGTON,4/20/22,1:13 PM,2,,0,0,0,,W. BLOOMFIELD RD,,,,,W. BLOOMFIELD RD,S. LANDMARK AVE,,,,Y,,0,,39.159933,-86.55386,LOCAL/CITY ROAD,,,,URBAN,N,N,N,,DAYLIGHT,CLOUDY,DRY,,FOUR-WAY INTERSECTION,,ASPHALT,OVERCORRECTING/OVERSTEERING,$2501 TO $5000,OPPOSITE DIRECTION SIDESWIPE,W.BLOOMFIELDRDS.LANDMARKAVE,0,
ELLETTSVILLE PD,E22-00735,MONROE,RICHLAND,ELLETTSVILLE,2/27/22,3:58 PM,2,,0,0,0,4682,W RICHLAND PLAZA DR,,,,,W RICHLAND PLAZA DR,,,,,Y,,0,,39.21740132,-86.59464209,PRIVATE DRIVE,,,,RURAL,N,N,N,,DAYLIGHT,CLEAR,DRY,,NO JUNCTION INVOLVED,,ASPHALT,UNSAFE BACKING,$1001 TO $2500,BACKING CRASH,WRICHLANDPLAZADR,0,
BLOOMINGTON PD,B22-26259,MONROE,PERRY,BLOOMINGTON,7/10/22,8:44 AM,3,,0,0,0,,S WASHINGTON ST,,,,,S WASHINGTON ST,E DIXIE ST,,,,Y,,0,,39.15647229,-86.53243958,LOCAL/CITY ROAD,,,,URBAN,N,N,N,,DAYLIGHT,CLEAR,DRY,,NO JUNCTION INVOLVED,,ASPHALT,DRIVER DISTRACTED - EXPLAIN IN NARRATIVE,$10001 TO $25000,REAR END,SWASHINGTONSTEDIXIEST,0,
INDIANA UNIV BLOOMINGTON PD,221474,MONROE,BLOOMINGTON,BLOOMINGTON,4/19/22,8:10 AM,2,,0,0,0,,S INDIANA AVE,,,,,S INDIANA AVE,E 3RD ST,,,,Y,,0,,39.1643544,-86.52687183,LOCAL/CITY ROAD,,,,URBAN,N,N,N,,DAYLIGHT,CLEAR,DRY,,FOUR-WAY INTERSECTION,,ASPHALT,DISREGARD SIGNAL/REG SIGN,$5001 TO $10000,RIGHT ANGLE,SINDIANAAVEE3RDST,0,
MONROE SD,M22A20812,MONROE,PERRY,BLOOMINGTON,8/25/22,8:44 AM,1,,0,0,0,,S INTERSTATE 69,,,,,S INTERSTATE 69,,,69,,N,,0,,39.09168082,-86.56702639,,,,,RURAL,N,Y,N,,DAYLIGHT,CLEAR,DRY,,NO JUNCTION INVOLVED,,ASPHALT,DRIVER ASLEEP OR FATIGUED,$1001 TO $2500,RAN OFF ROAD,SINTERSTATE69,0,
BLOOMINGTON PD,B22-36259,MONROE,BLOOMINGTON,BLOOMINGTON,9/9/22,2:10 AM,1,,1,0,0,1635,W 3RD ST,,,,,W 3RD ST,,,,,N,,0,,39.16440437,-86.55452469,PRIVATE DRIVE,,,,URBAN,N,N,N,,DAYLIGHT,CLEAR,DRY,,NO JUNCTION INVOLVED,,CONCRETE,FAILURE TO YIELD RIGHT OF WAY,UNDER $1001,RIGHT TURN,W3RDST,1,
BLOOMINGTON PD,B22-10185,MONROE,BLOOMINGTON,BLOOMINGTON,3/25/22,2:20 PM,2,,1,0,0,,S COLLEGE AVE,,,,,S COLLEGE AVE,W 3RD ST,,,,Y,,0,,39.16462357,-86.53490299,LOCAL/CITY ROAD,,,,URBAN,N,N,N,,DAYLIGHT,CLOUDY,WET,,FOUR-WAY INTERSECTION,,ASPHALT,FAILURE TO YIELD RIGHT OF WAY,$2501 TO $5000,RIGHT ANGLE,W3RDSTSCOLLEGEAVE,0,