Agency,Local Code,County,Township,City,Collision Date,Collision Time,Vehicles Involved,Trailers Involved,Number Injured,Number Dead,Number Deer,House Number,Roadway Name,Roadway Suffix,Roadway Number,Roadway Interchange,Roadway Ramp,Roadway Id,Intersecting Road,Intersecting Road Number,Mile Marker,Interchange,Corporate Limits?,Property Type,Feet From,Direction,Latitude,Longitude,Roadway Class,Traffic Control Devices?,Aggressive Driving?,Hit and Run?,Locality,School Zone?,Rumble Strips?,Construction?,Construction Type,Light Condition,Weather Conditions,Surface Condition,Type of Median,Roadway Junction Type,Road Character,Roadway Surface,Primary Factor,Damage Estimate,Manner of Collision,Unique Location Id,State Property Damage?,Traffic Control
BLOOMINGTON PD,B22-38646,MONROE,BLOOMINGTON,BLOOMINGTON,9/23/22,3:30 PM,2,,0,0,0,,E 3RD ST,,,,,E 3RD ST,S HILLSDALE DR,,,,Y,,0,,39.16427887,-86.50257725,LOCAL/CITY ROAD,,,,URBAN,N,N,N,,DAYLIGHT,CLOUDY,DRY,,FOUR-WAY INTERSECTION,,ASPHALT,FAILURE TO YIELD RIGHT OF WAY,$2501 TO $5000,SAME DIRECTION SIDESWIPE,SHILLSDALEDRE3RDST,0,
ISP BLOOMINGTON 33,2022-00054927,MONROE,WASHINGTON,BLOOMINGTON,2/4/22,12:40 AM,1,,0,0,0,,I-69,,,,,I-69,,,,,N,,739,,39.3153373,-86.51126286,INTERSTATE,,,,RURAL,N,N,N,,DARK (NOT LIGHTED),SNOW,SNOW/SLUSH,,NO JUNCTION INVOLVED,,CONCRETE,BRAKE FAILURE OR DEFECTIVE,$5001 TO $10000,OTHER - EXPLAIN IN NARRATIVE,I-69,0,
MONROE SD,M22A14290,MONROE,PERRY,,6/17/22,9:30 AM,1,,0,0,0,,W CHURCH LN,,,,,W CHURCH LN,S COLLEGE DR,,,,N,,0,,39.10729408,-86.53584448,,,,,RURAL,N,N,N,,DAYLIGHT,RAIN,WET,,NO JUNCTION INVOLVED,,ASPHALT,OTHER (ENVIRONMENTAL) - EXPLAIN IN NARR,$1001 TO $2500,COLLISION WITH OBJECT IN ROAD,WCHURCHLNSCOLLEGEDR,0,
BLOOMINGTON PD,B22-29843,MONROE,BLOOMINGTON,BLOOMINGTON,8/3/22,12:42 PM,2,,0,0,0,1305,W 13TH ST,,,,,W 13TH ST,,,,,Y,,0,,39.1746162,-86.5502373,PRIVATE DRIVE,,,,URBAN,N,N,N,,DAYLIGHT,CLEAR,DRY,,NO JUNCTION INVOLVED,,CONCRETE,UNSAFE BACKING,$1001 TO $2500,BACKING CRASH,W13THST,0,
BLOOMINGTON PD,B22-34371,MONROE,BLOOMINGTON,BLOOMINGTON,8/29/22,9:00 PM,2,,0,0,0,,W KIRKWOOD AVE,,,,,W KIRKWOOD AVE,N ADAMS ST,,,,Y,,0,,39.16673032,-86.54958433,LOCAL/CITY ROAD,,,,URBAN,N,N,N,,DARK (LIGHTED),CLEAR,DRY,,FOUR-WAY INTERSECTION,,ASPHALT,FAILURE TO YIELD RIGHT OF WAY,$1001 TO $2500,SAME DIRECTION SIDESWIPE,WKIRKWOODAVENADAMSST,0,
INDIANA UNIV BLOOMINGTON PD,223776,MONROE,BLOOMINGTON,BLOOMINGTON,10/6/22,3:20 PM,2,,0,0,0,500,E 4TH ST,,,,,E 4TH ST,,,,,Y,,0,,39.16532314,-86.52726836,PRIVATE DRIVE,,,,URBAN,N,N,N,,DAYLIGHT,CLEAR,DRY,,NO JUNCTION INVOLVED,,ASPHALT,DRIVER DISTRACTED - EXPLAIN IN NARRATIVE,$1001 TO $2500,LEFT TURN,E4THST,0,
INDIANA UNIV BLOOMINGTON PD,220429,MONROE,BLOOMINGTON,BLOOMINGTON,2/5/22,1:20 AM,1,,1,0,0,,N JORDAN AVE,,,,,N JORDAN AVE,S JORDAN AVE,,,,Y,,0,,39.1677479,-86.51612914,LOCAL/CITY ROAD,,,,URBAN,N,N,N,,DARK (LIGHTED),SNOW,SNOW/SLUSH,,NO JUNCTION INVOLVED,,ASPHALT,UNSAFE SPEED,$10001 TO $25000,COLLISION WITH OBJECT IN ROAD,SJORDANAVENJORDANAVE,0,
BLOOMINGTON PD,B22-30133,MONROE,BLOOMINGTON,BLOOMINGTON,8/4/22,11:55 PM,1,,0,0,0,,W BLOOMFIELD RD,,,,,W BLOOMFIELD RD,S PATTERSON DR,,,,Y,,0,,39.16077702,-86.54846317,LOCAL/CITY ROAD,,,,URBAN,N,N,N,,DARK (LIGHTED),CLEAR,DRY,,NO JUNCTION INVOLVED,,ASPHALT,UNSAFE SPEED,$1001 TO $2500,RAN OFF ROAD,WBLOOMFIELDRDSPATTERSONDR,0,
INDIANA UNIV BLOOMINGTON PD,223596,MONROE,BLOOMINGTON,BLOOMINGTON,9/27/22,9:00 AM,2,,0,0,0,,N FEE LN,,,,,N FEE LN,E 13TH ST,,,,Y,,0,,39.17481791,-86.51901788,LOCAL/CITY ROAD,,,,URBAN,N,N,N,,DAYLIGHT,CLEAR,DRY,,T-INTERSECTION,,ASPHALT,DRIVER DISTRACTED - EXPLAIN IN NARRATIVE,$2501 TO $5000,REAR END,NFEELNE13THST,0,
MONROE SD,M22A2700,MONROE,BLOOMINGTON,BLOOMINGTON,2/4/22,7:22 AM,2,,0,0,0,,TRAILRIDGE RD,,,,,TRAILRIDGE RD,N BRAMBLE DR,,,,N,,1000,,39.20565559,-86.47662825,,,,,RURAL,N,N,N,,DAWN/DUSK,CLOUDY,SNOW/SLUSH,,NO JUNCTION INVOLVED,,ASPHALT,UNSAFE BACKING,$2501 TO $5000,BACKING CRASH,TRAILRIDGERDNBRAMBLEDR,0,
INDIANA UNIV BLOOMINGTON PD,220493,MONROE,BLOOMINGTON,BLOOMINGTON,2/8/22,8:20 PM,2,,0,0,0,,N JORDAN AVE,,,,,N JORDAN AVE,,,,,Y,,0,,39.1812824,-86.51039514,OTHER,,,,URBAN,N,N,N,,DARK (NOT LIGHTED),CLEAR,ICE,,NO JUNCTION INVOLVED,,ASPHALT,SPEED TOO FAST FOR WEATHER CONDITIONS,$2501 TO $5000,HEAD ON BETWEEN TWO MOTOR VEHICLES,NJORDANAVE,0,
BLOOMINGTON PD,B22-18261,MONROE,BLOOMINGTON,BLOOMINGTON,5/18/22,5:59 PM,2,,2,0,0,,E 3RD ST,,,,,E 3RD ST,S COLLEGE MALL RD,,,,Y,,0,,39.16427225,-86.49812526,LOCAL/CITY ROAD,,,,URBAN,N,N,N,,DAYLIGHT,RAIN,WET,,FOUR-WAY INTERSECTION,,ASPHALT,FOLLOWING TOO CLOSELY,$10001 TO $25000,REAR END,SCOLLEGEMALLRDE3RDST,0,
BLOOMINGTON PD,B22-08542,MONROE,BLOOMINGTON,BLOOMINGTON,3/14/22,5:47 PM,2,,0,0,0,,W GRIMES LN,,,,,W GRIMES LN,S WALNUT ST,,,,Y,,0,,39.1533534,-86.53380222,LOCAL/CITY ROAD,,,,URBAN,N,N,N,,DAYLIGHT,CLEAR,DRY,,FOUR-WAY INTERSECTION,,ASPHALT,FOLLOWING TOO CLOSELY,$2501 TO $5000,REAR END,WGRIMESLNSWALNUTST,0,
BLOOMINGTON PD,B2204760,MONROE,PERRY,BLOOMINGTON,2/11/22,4:40 PM,3,,0,0,0,,E HILLSIDE DR,,,,,E HILLSIDE DR,S WALNUT ST,,,,Y,,0,,39.15049411,-86.53361267,LOCAL/CITY ROAD,,,,URBAN,N,N,N,,DAYLIGHT,RAIN,WET,,FOUR-WAY INTERSECTION,,ASPHALT,FOLLOWING TOO CLOSELY,$5001 TO $10000,REAR END,SWALNUTSTEHILLSIDEDR,0,
BLOOMINGTON PD,B22-12474,MONROE,BLOOMINGTON,BLOOMINGTON,4/9/22,12:00 AM,2,,0,0,0,,N COLLEGE AVE,,,,,N COLLEGE AVE,W. 8TH ST,,,,Y,,50,,39.17012858,-86.53482298,LOCAL/CITY ROAD,,,,URBAN,N,N,N,,DARK (NOT LIGHTED),CLOUDY,DRY,,NO JUNCTION INVOLVED,,ASPHALT,UNSAFE LANE MOVEMENT,$1001 TO $2500,SAME DIRECTION SIDESWIPE,W.8THSTNCOLLEGEAVE,0,
ISP BLOOMINGTON 33,2022-00138187,MONROE,VAN BUREN,BLOOMINGTON,3/26/22,12:20 PM,2,,0,0,0,,S HARMONY RD,,,,,S HARMONY RD,W STATE RD 45,,,,N,,0,,39.11099911,-86.63821152,LOCAL/CITY ROAD,,,,RURAL,N,N,N,,DAYLIGHT,CLEAR,DRY,,FOUR-WAY INTERSECTION,,ASPHALT,FAILURE TO YIELD RIGHT OF WAY,UNDER $1001,REAR END,WSTATERD45SHARMONYRD,0,
BLOOMINGTON PD,B22-30051,MONROE,BLOOMINGTON,BLOOMINGTON,8/3/22,6:35 AM,2,,0,0,0,,N MORTON ST,,,,,N MORTON ST,,,,,Y,,0,,39.16790025,-86.5361231,PRIVATE DRIVE,,,,URBAN,N,N,N,,UNKNOWN,CLEAR,DRY,,NO JUNCTION INVOLVED,,CONCRETE,UNSAFE BACKING,UNDER $1001,REAR TO REAR,NMORTONST,0,
BLOOMINGTON PD,B22-29218,MONROE,PERRY,BLOOMINGTON,7/30/22,12:40 PM,2,,0,0,0,2475,S WALNUT STREET PIKE,,,,,S WALNUT STREET PIKE,,,,,Y,,0,,39.13460323,-86.52688442,PRIVATE DRIVE,,,,URBAN,N,N,N,,DAYLIGHT,CLEAR,DRY,,NO JUNCTION INVOLVED,,ASPHALT,UNSAFE BACKING,$5001 TO $10000,BACKING CRASH,SWALNUTSTREETPIKE,0,
ISP BLOOMINGTON 33,2022-00275293,MONROE,BLOOMINGTON,BLOOMINGTON,6/11/22,9:00 AM,2,,0,0,0,,N PACKING HOUSE RD,,,,,N PACKING HOUSE RD,,,,,Y,,0,,39.18077449,-86.56051203,PRIVATE DRIVE,,,,RURAL,N,N,N,,DAYLIGHT,CLEAR,DRY,,NO JUNCTION INVOLVED,,ASPHALT,UNSAFE BACKING,$2501 TO $5000,BACKING CRASH,NPACKINGHOUSERD,0,
MONROE SD,M22A8786,MONROE,CLEAR CREEK,BLOOMINGTON,4/19/22,1:50 PM,2,,0,0,0,,LEIGHTON LN,,,,,LEIGHTON LN,MCDOUGAL ST,,,,N,,0,,39.123384,-86.553477,LOCAL/CITY ROAD,,,,URBAN,N,N,N,,DAYLIGHT,CLOUDY,DRY,,NO JUNCTION INVOLVED,,ASPHALT,OTHER (VEHICLE) - EXPLAIN IN NARRATIVE,$5001 TO $10000,BACKING CRASH,MCDOUGALSTLEIGHTONLN,0,
INDIANA UNIV BLOOMINGTON PD,220631,MONROE,BLOOMINGTON,BLOOMINGTON,2/17/22,9:30 PM,2,,0,0,0,,10TH STREET,,,,,10TH STREET,SR45/46,,,,Y,,0,,39.17163079,-86.50211441,STATE ROAD,,,,URBAN,N,N,N,,DARK (NOT LIGHTED),SNOW,SNOW/SLUSH,,FOUR-WAY INTERSECTION,,ASPHALT,DISREGARD SIGNAL/REG SIGN,$25001 TO $50000,LEFT TURN,SR45/4610THSTREET,0,
MONROE SD,M22A18041,MONROE,RICHLAND,BLOOMINGTON,7/26/22,7:00 AM,2,,0,0,0,,N UNION VALLEY RD,,,,,N UNION VALLEY RD,N UNION VALLEY RD,,,,N,,0,,39.21518183,-86.59271633,STATE ROAD,,,,URBAN,N,N,N,,UNKNOWN,RAIN,WET,,FIVE POINT OR MORE,,ASPHALT,OTHER (VEHICLE) - EXPLAIN IN NARRATIVE,$2501 TO $5000,REAR END,NUNIONVALLEYRDNUNIONVALLEYRD,0,
BLOOMINGTON PD,B22-31247,MONROE,BLOOMINGTON,BLOOMINGTON,8/12/22,11:26 AM,2,,0,0,0,,W 4TH ST,,,,,W 4TH ST,S COLLEGE AVE,,1,,Y,,100,,39.16560296,-86.53429621,LOCAL/CITY ROAD,,,,URBAN,N,N,N,,DARK (LIGHTED),CLEAR,DRY,,NO JUNCTION INVOLVED,,ASPHALT,OTHER (DRIVER) - EXPLAIN IN NARRATIVE,$2501 TO $5000,BACKING CRASH,W4THSTSCOLLEGEAVE,0,
BLOOMINGTON PD,B22-07588,MONROE,BLOOMINGTON,BLOOMINGTON,3/7/22,11:12 AM,2,,0,0,0,,N. ADAMS ST,,,,,N. ADAMS ST,W. FOUNTAIN DR,,,,Y,,50,,39.169759,-86.549643,LOCAL/CITY ROAD,,,,URBAN,N,N,N,,DAYLIGHT,CLOUDY,DRY,,T-INTERSECTION,,ASPHALT,UNSAFE BACKING,$5001 TO $10000,BACKING CRASH,W.FOUNTAINDRN.ADAMSST,0,
MONROE SD,M22A23684,MONROE,PERRY,BLOOMINGTON,9/26/22,12:33 PM,2,,0,0,0,4025,SOUTH OLD ST RD 37,,,,,SOUTH OLD ST RD 37,,,,,N,,0,,39.120322,-86.529233,PRIVATE DRIVE,,,,RURAL,N,N,N,,DAYLIGHT,CLEAR,DRY,,NO JUNCTION INVOLVED,,ASPHALT,UNSAFE BACKING,UNDER $1001,REAR TO REAR,SOUTHOLDSTRD37,0,
BLOOMINGTON PD,B22-18738,MONROE,BLOOMINGTON,BLOOMINGTON,5/21/22,7:15 PM,2,,3,0,0,,E ATWATER AVE,,,,,E ATWATER AVE,S JORDAN AVE,,,,Y,,0,,39.16310419,-86.51628739,LOCAL/CITY ROAD,,,,URBAN,N,N,N,,DAYLIGHT,CLEAR,DRY,,T-INTERSECTION,,ASPHALT,DISREGARD SIGNAL/REG SIGN,$10001 TO $25000,RIGHT ANGLE,SJORDANAVEEATWATERAVE,0,
BLOOMINGTON PD,B22-42777,MONROE,BLOOMINGTON,BLOOMINGTON,10/16/22,11:17 AM,2,,0,0,0,,N WALNUT ST,,,,,N WALNUT ST,E 7TH ST,,,,Y,,0,,39.1685492,-86.53358406,LOCAL/CITY ROAD,,,,URBAN,N,N,N,,DAYLIGHT,CLEAR,DRY,,FOUR-WAY INTERSECTION,,ASPHALT,DISREGARD SIGNAL/REG SIGN,$2501 TO $5000,RIGHT ANGLE,NWALNUTSTE7THST,0,
MONROE SD,M22A4035,MONROE,SALT CREEK,BLOOMINGTON,2/20/22,3:08 AM,1,,0,0,0,,STATE RD 46,,,,,STATE RD 46,E KENT RD,,,,N,,0,,39.15161363,-86.40234321,STATE ROAD,,,,RURAL,N,N,N,,DARK (NOT LIGHTED),CLEAR,DRY,,NO JUNCTION INVOLVED,,ASPHALT,OTHER (DRIVER) - EXPLAIN IN NARRATIVE,$10001 TO $25000,RAN OFF ROAD,STATERD46EKENTRD,0,
BLOOMINGTON PD,B22-32466,MONROE,PERRY,BLOOMINGTON,8/19/22,12:17 PM,3,,0,0,0,550,S ADAMS ST,,,,,S ADAMS ST,,,,,Y,,0,,39.16191549,-86.55130927,PRIVATE DRIVE,,,,URBAN,N,N,N,,DAYLIGHT,CLEAR,DRY,,NO JUNCTION INVOLVED,,ASPHALT,DRIVER DISTRACTED - EXPLAIN IN NARRATIVE,$5001 TO $10000,SAME DIRECTION SIDESWIPE,SADAMSST,0,
MONROE SD,M22A9995,MONROE,VAN BUREN,BLOOMINGTON,5/2/22,4:14 PM,1,,0,0,0,,E BETHEL LN,,,,,E BETHEL LN,,,,,Y,,0,,39.21283401,-86.49065084,COUNTY ROAD,,,,RURAL,N,N,N,,DAYLIGHT,CLEAR,DRY,,NO JUNCTION INVOLVED,,ASPHALT,UNSAFE SPEED,$5001 TO $10000,RAN OFF ROAD,EBETHELLN,0,
INDIANA UNIV BLOOMINGTON PD,223083,MONROE,BLOOMINGTON,BLOOMINGTON,9/3/22,8:00 PM,2,,0,0,0,,STATE RD 45,,,,,STATE RD 45,N DUNN ST,,,,Y,,475,,39.18629651,-86.52734078,STATE ROAD,,,,URBAN,N,N,N,,DAWN/DUSK,RAIN,WET,,NO JUNCTION INVOLVED,,ASPHALT,FOLLOWING TOO CLOSELY,$1001 TO $2500,REAR END,STATERD45NDUNNST,0,
BLOOMINGTON PD,B22-08172,MONROE,VAN BUREN,BLOOMINGTON,3/11/22,4:25 PM,2,,0,0,0,,S LIBERTY DR,,,,,S LIBERTY DR,W 3RD ST,,,,Y,,2200,,39.16275089,-86.57916332,LOCAL/CITY ROAD,,,,URBAN,N,N,N,,DAYLIGHT,CLOUDY,WET,,T-INTERSECTION,,ASPHALT,FOLLOWING TOO CLOSELY,$5001 TO $10000,REAR END,W3RDSTSLIBERTYDR,0,
BLOOMINGTON PD,B22-42314,MONROE,BLOOMINGTON,BLOOMINGTON,10/13/22,10:30 AM,1,,0,0,0,,S ADAMS ST,,,,,S ADAMS ST,S ADAMS ST,,,,Y,,0,,39.15655921,-86.55058212,LOCAL/CITY ROAD,,,,URBAN,N,N,N,,DAYLIGHT,CLEAR,WET,,NO JUNCTION INVOLVED,,ASPHALT,DRIVER DISTRACTED - EXPLAIN IN NARRATIVE,$5001 TO $10000,RAN OFF ROAD,SADAMSSTSADAMSST,0,
BLOOMINGTON PD,B22-32996,MONROE,BLOOMINGTON,BLOOMINGTON,8/22/22,12:46 PM,2,,0,0,0,,N COLLEGE AVE,,,,,N COLLEGE AVE,W 6TH ST,,,,Y,,317,,39.16805321,-86.53489924,LOCAL/CITY ROAD,,,,URBAN,N,N,N,,DAYLIGHT,CLEAR,DRY,,NO JUNCTION INVOLVED,,ASPHALT,UNSAFE BACKING,$2501 TO $5000,BACKING CRASH,W6THSTNCOLLEGEAVE,0,
MONROE SD,M22A19436,MONROE,PERRY,BLOOMINGTON,8/9/22,4:36 PM,2,,0,0,0,,STATE RD 37,,,,,STATE RD 37,SOUTH OLD STATE ROAD 37,,,,N,,2000,,39.08088176,-86.53796555,STATE ROAD,,,,RURAL,N,N,N,,DAYLIGHT,CLEAR,DRY,,NO JUNCTION INVOLVED,,ASPHALT,TIRE FAILURE OR DEFECTIVE,$5001 TO $10000,OTHER - EXPLAIN IN NARRATIVE,STATERD37SOUTHOLDSTATEROAD37,0,
BLOOMINGTON PD,B22-03113,MONROE,VAN BUREN,BLOOMINGTON,1/28/22,1:39 PM,2,,0,0,0,,W. 3RD ST,,,,,W. 3RD ST,I69/37 OVERPASS,,,,Y,,0,,0,0,LOCAL/CITY ROAD,,,,URBAN,N,N,N,,DAYLIGHT,SNOW,SNOW/SLUSH,,FOUR-WAY INTERSECTION,,CONCRETE,FOLLOWING TOO CLOSELY,$2501 TO $5000,REAR END,W.3RDSTI69/37OVERPASS,0,
INDIANA UNIV BLOOMINGTON PD,221113,MONROE,BLOOMINGTON,BLOOMINGTON,3/24/22,7:00 PM,2,,0,0,0,,E 6TH ST,,,,,E 6TH ST,N GRANT ST,,,,Y,,0,,39.16753808,-86.52909249,PRIVATE DRIVE,,,,URBAN,N,N,N,,DAWN/DUSK,CLOUDY,DRY,,NO JUNCTION INVOLVED,,CONCRETE,UNSAFE BACKING,UNDER $1001,OPPOSITE DIRECTION SIDESWIPE,NGRANTSTE6THST,0,
MONROE SD,M22A6831,MONROE,VAN BUREN,BLOOMINGTON,3/25/22,3:35 AM,2,,0,0,0,,INDUSTRIAL BLVD,,,,,INDUSTRIAL BLVD,,,,,N,,0,,39.14394074,-86.5823023,PRIVATE DRIVE,,,,RURAL,N,N,N,,DAYLIGHT,CLEAR,DRY,,NO JUNCTION INVOLVED,,ASPHALT,UNSAFE BACKING,UNDER $1001,BACKING CRASH,INDUSTRIALBLVD,0,
BLOOMINGTON PD,B22-23268,MONROE,BLOOMINGTON,BLOOMINGTON,6/21/22,4:25 PM,2,,0,0,0,,E STATE RD 45/46,,,,,E STATE RD 45/46,N DUNN ST,,,,Y,,0,,39.18623302,-86.52842848,STATE ROAD,,,,URBAN,N,N,N,,DAYLIGHT,CLEAR,DRY,,FOUR-WAY INTERSECTION,,ASPHALT,BRAKE FAILURE OR DEFECTIVE,$1001 TO $2500,REAR END,NDUNNSTESTATERD45/46,0,
BLOOMINGTON PD,B22-40756,MONROE,VAN BUREN,BLOOMINGTON,10/4/22,8:00 PM,2,,0,0,0,,N GATES DR,,,,,N GATES DR,W 3RD ST,,,,Y,,0,,39.16461296,-86.57620124,LOCAL/CITY ROAD,,,,URBAN,N,N,N,,DARK (LIGHTED),CLEAR,DRY,,FOUR-WAY INTERSECTION,,ASPHALT,UNSAFE LANE MOVEMENT,$1001 TO $2500,LEFT TURN,W3RDSTNGATESDR,0,
INDIANA UNIV BLOOMINGTON PD,221178,MONROE,BLOOMINGTON,BLOOMINGTON,3/30/22,5:38 PM,2,,1,0,0,,N MILO B SAMPSON LN,,,,,N MILO B SAMPSON LN,STATE RD 45,,,,N,,0,,39.18635296,-86.52218289,STATE ROAD,,,,URBAN,N,N,N,,DAYLIGHT,CLEAR,DRY,,NO JUNCTION INVOLVED,,ASPHALT,FOLLOWING TOO CLOSELY,UNDER $1001,REAR END,STATERD45NMILOBSAMPSONLN,0,
ISP BLOOMINGTON 33,2.022E+11,MONROE,INDIAN CREEK,BLOOMINGTON,6/29/22,10:10 AM,2,,2,0,0,,I-69,,,,,I-69,,,107.2,,N,,50,,39.07260994,-86.66003183,INTERSTATE,,,,RURAL,N,N,N,,DAYLIGHT,CLEAR,DRY,,NO JUNCTION INVOLVED,,CONCRETE,DRIVER ASLEEP OR FATIGUED,$25001 TO $50000,REAR END,I-69107.2,0,
BLOOMINGTON PD,B22-03663,MONROE,PERRY,BLOOMINGTON,2/2/22,12:44 PM,2,,0,0,0,,2812 E. 3RD ST,,,,,2812 E. 3RD ST,,,,,Y,,0,,0,0,LOCAL/CITY ROAD,,,,URBAN,N,N,N,,DAYLIGHT,RAIN,WET,,NO JUNCTION INVOLVED,,ASPHALT,OVERCORRECTING/OVERSTEERING,$1001 TO $2500,SAME DIRECTION SIDESWIPE,2812E.3RDST,0,
BLOOMINGTON PD,B22-13580,MONROE,BLOOMINGTON,BLOOMINGTON,4/18/22,6:22 PM,2,,0,0,0,,STATE RD 45/46 BYPASS,,,,,STATE RD 45/46 BYPASS,N DUNN ST,,,,Y,,475,,39.18632247,-86.52737564,LOCAL/CITY ROAD,,,,URBAN,N,N,N,,DAYLIGHT,CLOUDY,WET,,NO JUNCTION INVOLVED,,ASPHALT,FOLLOWING TOO CLOSELY,$2501 TO $5000,REAR END,STATERD45/46BYPASSNDUNNST,0,
INDIANA UNIV BLOOMINGTON PD,223831,MONROE,BLOOMINGTON,BLOOMINGTON,10/9/22,1:16 PM,2,,0,0,0,,E 7TH ST,,,,,E 7TH ST,E 7TH ST,,,,Y,,0,,39.16889371,-86.52302376,PRIVATE DRIVE,,,,URBAN,N,N,N,,DAYLIGHT,CLEAR,DRY,,NO JUNCTION INVOLVED,,ASPHALT,UNSAFE BACKING,$1001 TO $2500,BACKING CRASH,E7THSTE7THST,0,
BLOOMINGTON PD,B22-34643,MONROE,BLOOMINGTON,BLOOMINGTON,8/31/22,1:00 PM,2,,0,0,0,,S DUNN ST,,,,,S DUNN ST,E 3RD ST,,,,Y,,0,,39.16462264,-86.52820337,LOCAL/CITY ROAD,,,,URBAN,N,N,N,,DAYLIGHT,CLEAR,DRY,,FOUR-WAY INTERSECTION,,ASPHALT,DISREGARD SIGNAL/REG SIGN,$10001 TO $25000,RIGHT ANGLE,SDUNNSTE3RDST,0,
INDIANA UNIV BLOOMINGTON PD,222955,MONROE,BLOOMINGTON,BLOOMINGTON,8/31/22,8:20 PM,2,,0,0,0,,N JORDAN AVE,,,,,N JORDAN AVE,E 17TH ST,,,,Y,,106,,39.17863333,-86.5124572,LOCAL/CITY ROAD,,,,URBAN,N,N,N,,DARK (NOT LIGHTED),CLEAR,DRY,,NO JUNCTION INVOLVED,,ASPHALT,FAILURE TO YIELD RIGHT OF WAY,$2501 TO $5000,SAME DIRECTION SIDESWIPE,NJORDANAVEE17THST,0,
INDIANA UNIV BLOOMINGTON PD,223802,MONROE,BLOOMINGTON,BLOOMINGTON,10/7/22,6:02 PM,2,,0,0,0,,STATE RD 45,,,,,STATE RD 45,N MILO B SAMPSON LN,,,,Y,,250,,39.18624486,-86.52306265,STATE ROAD,,,,RURAL,N,N,N,,DAYLIGHT,CLEAR,DRY,,NO JUNCTION INVOLVED,,ASPHALT,FOLLOWING TOO CLOSELY,UNDER $1001,REAR END,STATERD45NMILOBSAMPSONLN,0,
ELLETTSVILLE PD,E2201333,MONROE,RICHLAND,ELLETTSVILLE,4/12/22,4:28 PM,2,0,0,0,0,,SALE,ST,,,,SALE,TEMPERANE,,,,Y,,30,N,39.23764049,-86.62577999,LOCAL/CITY ROAD,Y,N,N,URBAN,N,N,N,,DAYLIGHT,CLEAR,DRY,,FOUR-WAY INTERSECTION,STRAIGHT/GRADE,ASPHALT,IMPROPER PASSING,$5001 TO $10000,LEFT TURN,SALESTTEMPERANEST,0,TRAFFIC CONTROL SIGNAL
INDIANA UNIV BLOOMINGTON PD,223913,MONROE,BLOOMINGTON,BLOOMINGTON,10/12/22,4:46 PM,2,,0,0,0,,STATE RD 45,,,,,STATE RD 45,E 17TH ST,,,,Y,,0,,39.17992606,-86.5074465,STATE ROAD,,,,URBAN,N,N,N,,DAYLIGHT,RAIN,WET,,T-INTERSECTION,,ASPHALT,FOLLOWING TOO CLOSELY,$2501 TO $5000,REAR END,STATERD45E17THST,0,
ISP BLOOMINGTON 33,2.022E+11,MONROE,VAN BUREN,BLOOMINGTON,6/8/22,4:50 PM,2,,0,0,0,,LEONARD SPRINGS ROAD,,,,,LEONARD SPRINGS ROAD,TAPP ROAD,,,,Y,,100,,39.13717173,-86.58267732,LOCAL/CITY ROAD,,,,URBAN,N,N,N,,DAYLIGHT,CLOUDY,WET,,NO JUNCTION INVOLVED,,ASPHALT,UNSAFE SPEED,$2501 TO $5000,RIGHT ANGLE,TAPPROADLEONARDSPRINGSROAD,0,
BLOOMINGTON PD,B22-26043,MONROE,PERRY,BLOOMINGTON,7/8/22,6:36 PM,2,,0,0,0,1300,S PATTERSON DR,,,,,S PATTERSON DR,,,,,Y,,0,,39.15351202,-86.54352568,PRIVATE DRIVE,,,,URBAN,N,N,N,,DAYLIGHT,CLOUDY,DRY,,NO JUNCTION INVOLVED,,ASPHALT,UNSAFE BACKING,$1001 TO $2500,BACKING CRASH,SPATTERSONDR,0,
MONROE SD,M22A13015,MONROE,PERRY,BLOOMINGTON,6/3/22,8:21 PM,2,,2,0,0,,S ROGERS ST,,,,,S ROGERS ST,W THAT RD,,,,N,,0,,39.11460299,-86.5398071,LOCAL/CITY ROAD,,,,RURAL,N,N,N,,DAYLIGHT,CLEAR,DRY,,T-INTERSECTION,,ASPHALT,FAILURE TO YIELD RIGHT OF WAY,$25001 TO $50000,OTHER - EXPLAIN IN NARRATIVE,WTHATRDSROGERSST,0,
BLOOMINGTON PD,B22-19292,MONROE,BLOOMINGTON,BLOOMINGTON,5/25/22,3:37 PM,1,,0,0,0,,W 11TH ST,,,,,W 11TH ST,N SUMMIT ST,,,,Y,,158,,39.1732085,-86.54783196,PRIVATE DRIVE,,,,URBAN,N,N,N,,DAYLIGHT,CLOUDY,DRY,,NO JUNCTION INVOLVED,,ASPHALT,BRAKE FAILURE OR DEFECTIVE,$5001 TO $10000,RAN OFF ROAD,W11THSTNSUMMITST,0,
MONROE SD,M22A12508,MONROE,PERRY,BLOOMINGTON,5/29/22,6:50 AM,2,,0,0,0,,W HEDGEWOOD DR,,,,,W HEDGEWOOD DR,W ESTATE DR,,,,N,,0,,39.12075177,-86.54119439,LOCAL/CITY ROAD,,,,URBAN,N,N,N,,DAYLIGHT,CLEAR,DRY,,NO JUNCTION INVOLVED,,ASPHALT,UNSAFE BACKING,$10001 TO $25000,BACKING CRASH,WHEDGEWOODDRWESTATEDR,0,