Agency,Local Code,County,Township,City,Collision Date,Collision Time,Vehicles Involved,Trailers Involved,Number Injured,Number Dead,Number Deer,House Number,Roadway Name,Roadway Suffix,Roadway Number,Roadway Interchange,Roadway Ramp,Roadway Id,Intersecting Road,Intersecting Road Number,Mile Marker,Interchange,Corporate Limits?,Property Type,Feet From,Direction,Latitude,Longitude,Roadway Class,Traffic Control Devices?,Aggressive Driving?,Hit and Run?,Locality,School Zone?,Rumble Strips?,Construction?,Construction Type,Light Condition,Weather Conditions,Surface Condition,Type of Median,Roadway Junction Type,Road Character,Roadway Surface,Primary Factor,Damage Estimate,Manner of Collision,Unique Location Id,State Property Damage?,Traffic Control
INDIANA UNIV BLOOMINGTON PD,223782,MONROE,BLOOMINGTON,BLOOMINGTON,10/6/22,7:45 PM,2,,2,0,0,,S FESS AVE,,,,,S FESS AVE,E ATWATER AVE,,,,Y,,0,,39.16310835,-86.52587897,LOCAL/CITY ROAD,,,,URBAN,N,N,N,,DARK (LIGHTED),CLEAR,DRY,,T-INTERSECTION,,ASPHALT,FAILURE TO YIELD RIGHT OF WAY,$5001 TO $10000,RIGHT ANGLE,SFESSAVEEATWATERAVE,0,
BLOOMINGTON PD,B22-28026,MONROE,BLOOMINGTON,BLOOMINGTON,7/21/22,5:30 PM,2,,0,0,0,,S LIBERTY DR,,,,,S LIBERTY DR,W STATE RD 45,,,,Y,,0,,39.14557398,-86.5781588,LOCAL/CITY ROAD,,,,URBAN,N,N,N,,DAYLIGHT,CLEAR,DRY,,FOUR-WAY INTERSECTION,,ASPHALT,FAILURE TO MAINTAIN LANE,$2501 TO $5000,SAME DIRECTION SIDESWIPE,WSTATERD45SLIBERTYDR,0,
BLOOMINGTON PD,B22-42860,MONROE,PERRY,BLOOMINGTON,10/16/22,7:16 PM,2,,1,0,0,,S CURRY PIKE,,,,,S CURRY PIKE,W STATE ROAD 45,,,,Y,,0,,39.14786705,-86.57226195,LOCAL/CITY ROAD,,,,URBAN,N,N,N,,DARK (LIGHTED),CLEAR,DRY,,FOUR-WAY INTERSECTION,,ASPHALT,FAILURE TO YIELD RIGHT OF WAY,$5001 TO $10000,LEFT TURN,WSTATEROAD45SCURRYPIKE,0,
BLOOMINGTON PD,B22-19208,MONROE,BLOOMINGTON,BLOOMINGTON,5/25/22,2:23 AM,3,,0,0,0,,N WALNUT ST,,,,,N WALNUT ST,W 7TH ST,,,,Y,,211,,39.16817042,-86.53360112,LOCAL/CITY ROAD,,,,URBAN,N,N,N,,DARK (NOT LIGHTED),RAIN,WET,,NO JUNCTION INVOLVED,,ASPHALT,FAILURE TO MAINTAIN LANE,$5001 TO $10000,SAME DIRECTION SIDESWIPE,W7THSTNWALNUTST,0,
BLOOMINGTON PD,B22-41048,MONROE,PERRY,BLOOMINGTON,10/6/22,12:25 PM,2,,0,0,0,120,E MILLER DR,,,,,E MILLER DR,,,,,Y,,0,,39.14692867,-86.53164819,PRIVATE DRIVE,,,,URBAN,N,N,N,,DAYLIGHT,CLOUDY,DRY,,NO JUNCTION INVOLVED,,ASPHALT,OTHER (DRIVER) - EXPLAIN IN NARRATIVE,$5001 TO $10000,OPPOSITE DIRECTION SIDESWIPE,EMILLERDR,0,
MONROE SD,M22A23397,MONROE,BLOOMINGTON,BLOOMINGTON,9/23/22,8:09 AM,2,,0,0,0,,STATE RD 46,,,,,STATE RD 46,I 69,,120,,N,,0,,39.18710758,-86.55595067,,,,,RURAL,N,N,N,,DAYLIGHT,CLEAR,DRY,,T-INTERSECTION,,ASPHALT,OTHER (ENVIRONMENTAL) - EXPLAIN IN NARR,$2501 TO $5000,RIGHT ANGLE,STATERD46I69,0,
BLOOMINGTON PD,B22-10169,MONROE,BLOOMINGTON,BLOOMINGTON,3/25/22,12:54 PM,2,,0,0,0,,100 E. 6TH ST,,,,,100 E. 6TH ST,N. WALNUT ST,,,,Y,,300,,39.166725,-86.53323,LOCAL/CITY ROAD,,,,URBAN,N,N,N,,DAYLIGHT,CLOUDY,DRY,,NO JUNCTION INVOLVED,,ASPHALT,OTHER (DRIVER) - EXPLAIN IN NARRATIVE,UNDER $1001,SAME DIRECTION SIDESWIPE,N.WALNUTST100E.6THST,0,
DNR LAW ENFORCEMENT,06-22-01801,MONROE,PERRY,BLOOMINGTON,7/4/22,11:00 PM,2,,0,0,0,,S FAIRFAX RD,,,,,S FAIRFAX RD,,,,,N,,0,,39.01631706,-86.48281879,,,,,RURAL,N,N,N,,DARK (NOT LIGHTED),CLEAR,DRY,,NO JUNCTION INVOLVED,,ASPHALT,UNSAFE BACKING,$2501 TO $5000,BACKING CRASH,SFAIRFAXRD,0,
MONROE SD,M22A17664,MONROE,BLOOMINGTON,BLOOMINGTON,7/22/22,7:19 AM,1,,0,0,1,,N OLD STATE ROAD 37,,,,,N OLD STATE ROAD 37,E OLD MYERS RD,,,,N,,250,,39.23392892,-86.50445524,COUNTY ROAD,,,,RURAL,N,N,N,,DAWN/DUSK,CLEAR,DRY,,NO JUNCTION INVOLVED,,ASPHALT,ANIMAL/OBJECT IN ROADWAY,$5001 TO $10000,COLLISION WITH DEER,NOLDSTATEROAD37EOLDMYERSRD,0,
BLOOMINGTON PD,B22-39958,MONROE,BLOOMINGTON,BLOOMINGTON,9/30/22,9:07 AM,2,,0,0,0,400,W NORTHLANE DR,,,,,W NORTHLANE DR,,,,,Y,,0,,39.18278484,-86.53856111,PRIVATE DRIVE,,,,URBAN,N,N,N,,DAYLIGHT,CLEAR,DRY,,NO JUNCTION INVOLVED,,ASPHALT,UNSAFE BACKING,$2501 TO $5000,RIGHT ANGLE,WNORTHLANEDR,0,
BLOOMINGTON PD,B22-05852,MONROE,PERRY,BLOOMINGTON,2/21/22,7:10 AM,2,,0,0,0,,N DUNN ST,,,,,N DUNN ST,E 7TH ST,,,,Y,,0,,39.16852148,-86.52825541,LOCAL/CITY ROAD,,,,URBAN,N,N,N,,DARK (NOT LIGHTED),CLOUDY,DRY,,T-INTERSECTION,,ASPHALT,FAILURE TO YIELD RIGHT OF WAY,$2501 TO $5000,LEFT/RIGHT TURN,NDUNNSTE7THST,0,
BLOOMINGTON PD,B22-34440,MONROE,PERRY,BLOOMINGTON,8/30/22,12:10 PM,1,,1,0,0,,BLOOMFIELD RD,,,,,BLOOMFIELD RD,S ADAMS ST,,,,Y,,0,,39.16037909,-86.5508253,LOCAL/CITY ROAD,,,,URBAN,N,N,N,,DAYLIGHT,CLEAR,DRY,,FOUR-WAY INTERSECTION,,ASPHALT,FAILURE TO YIELD RIGHT OF WAY,UNDER $1001,COLLISION WITH OBJECT IN ROAD,SADAMSSTBLOOMFIELDRD,1,
MONROE SD,M22A2972,MONROE,RICHLAND,ELLETTSVILLE,2/8/22,9:04 AM,2,,0,0,0,,W STATE RD 46,,,,,W STATE RD 46,DEER PARK,,,,N,,0,,39.24482887,-86.63496346,STATE ROAD,,,,URBAN,N,N,N,,DAYLIGHT,CLEAR,DRY,,FOUR-WAY INTERSECTION,,ASPHALT,FAILURE TO YIELD RIGHT OF WAY,$5001 TO $10000,RIGHT ANGLE,WSTATERD46DEERPARK,0,
BLOOMINGTON PD,B22-26603,MONROE,BLOOMINGTON,BLOOMINGTON,7/12/22,4:51 PM,2,,0,0,0,,STATE RD 46,,,,,STATE RD 46,N KINSER PIKE,,,,Y,,0,,39.18645899,-86.53838522,STATE ROAD,,,,URBAN,N,N,N,,DAYLIGHT,CLEAR,DRY,,NO JUNCTION INVOLVED,,ASPHALT,FOLLOWING TOO CLOSELY,$5001 TO $10000,REAR END,STATERD46NKINSERPIKE,0,
INDIANA UNIV BLOOMINGTON PD,221142,MONROE,BLOOMINGTON,BLOOMINGTON,3/28/22,3:05 PM,2,,0,0,0,,E 8TH ST,,,,,E 8TH ST,,,,,Y,,0,,39.16921248,-86.52290295,PRIVATE DRIVE,,,,URBAN,N,N,N,,DAYLIGHT,CLEAR,DRY,,NO JUNCTION INVOLVED,,ASPHALT,UNSAFE BACKING,$10001 TO $25000,BACKING CRASH,E8THST,0,
MONROE SD,M22A2487,MONROE,WASHINGTON,BLOOMINGTON,2/1/22,6:57 AM,1,,0,0,1,,N OLD STATE ROAD 37,,,,,N OLD STATE ROAD 37,E WYLIE RD,,,,N,,0,,39.25310856,-86.50091287,LOCAL/CITY ROAD,,,,RURAL,N,N,N,,DARK (NOT LIGHTED),CLEAR,DRY,,NO JUNCTION INVOLVED,,ASPHALT,ANIMAL/OBJECT IN ROADWAY,$2501 TO $5000,COLLISION WITH DEER,NOLDSTATEROAD37EWYLIERD,0,
BLOOMINGTON PD,B22-09221,MONROE,PERRY,BLOOMINGTON,3/18/22,8:40 AM,2,,0,0,0,,E WINSLOW RD,,,,,E WINSLOW RD,S HENDERSON ST,,,,Y,,0,,39.13600176,-86.52692503,LOCAL/CITY ROAD,,,,RURAL,N,N,N,,DARK (LIGHTED),RAIN,WET,,FOUR-WAY INTERSECTION,,ASPHALT,FAILURE TO YIELD RIGHT OF WAY,$2501 TO $5000,LEFT/RIGHT TURN,SHENDERSONSTEWINSLOWRD,0,
BLOOMINGTON PD,B22-20090,MONROE,BLOOMINGTON,BLOOMINGTON,5/31/22,2:32 PM,2,,0,0,0,,STATE RD 46,,,,,STATE RD 46,E 7TH ST,,,,Y,,0,,39.16750538,-86.50014889,LOCAL/CITY ROAD,,,,URBAN,N,N,Y,LANE CLOSURE,DAYLIGHT,CLEAR,DRY,,NO JUNCTION INVOLVED,,ASPHALT,FOLLOWING TOO CLOSELY,$2501 TO $5000,REAR END,STATERD46E7THST,0,
INDIANA UNIV BLOOMINGTON PD,221089,MONROE,BLOOMINGTON,BLOOMINGTON,3/23/22,11:25 AM,2,,0,0,0,,STATE RD 45,,,,,STATE RD 45,E 10TH ST,,,,Y,,370,,39.1721292,-86.50264398,LOCAL/CITY ROAD,,,,URBAN,N,N,N,,DAYLIGHT,CLOUDY,WET,,FOUR-WAY INTERSECTION,,ASPHALT,FOLLOWING TOO CLOSELY,$10001 TO $25000,REAR END,STATERD45E10THST,0,
MONROE SD,M22A11186,MONROE,CLEAR CREEK,BLOOMINGTON,5/15/22,2:07 PM,2,,0,0,0,7148,S FAIRFAX RD,,,,,S FAIRFAX RD,,,,,N,,0,,39.07336815,-86.50447166,PRIVATE DRIVE,,,,RURAL,N,N,N,,DAYLIGHT,CLEAR,DRY,,NO JUNCTION INVOLVED,,ASPHALT,UNSAFE BACKING,$1001 TO $2500,BACKING CRASH,SFAIRFAXRD,0,
MONROE SD,M22A22713,MONROE,RICHLAND,,9/15/22,8:09 AM,2,,0,0,0,,W RATLIFF RD,,,,,W RATLIFF RD,N HARTSTRAIT RD,,,,N,,0,,39.20909143,-86.61140258,,,,,RURAL,N,N,N,,DAYLIGHT,CLEAR,DRY,,T-INTERSECTION,,ASPHALT,FAILURE TO YIELD RIGHT OF WAY,$10001 TO $25000,LEFT/RIGHT TURN,WRATLIFFRDNHARTSTRAITRD,0,
BLOOMINGTON PD,B22-30530,MONROE,PERRY,BLOOMINGTON,8/7/22,9:56 PM,2,,3,0,0,,E 3RD ST,,,,,E 3RD ST,S PETE ELLIS DR,,,,Y,,0,,39.16420431,-86.49496025,LOCAL/CITY ROAD,,,,URBAN,N,N,N,,DARK (LIGHTED),CLOUDY,DRY,,T-INTERSECTION,,ASPHALT,FAILURE TO YIELD RIGHT OF WAY,$10001 TO $25000,RIGHT ANGLE,SPETEELLISDRE3RDST,0,
MONROE SD,M22A16275,MONROE,PERRY,BLOOMINGTON,7/7/22,5:34 AM,2,,0,0,0,,S FAIRFAX RD,,,,,S FAIRFAX RD,E MOFFETT LN,,,,N,,0,,39.09987171,-86.5178157,COUNTY ROAD,,,,RURAL,N,N,N,,DAYLIGHT,RAIN,WET,,T-INTERSECTION,,ASPHALT,FOLLOWING TOO CLOSELY,$10001 TO $25000,REAR END,SFAIRFAXRDEMOFFETTLN,0,
BLOOMINGTON PD,B22-29752,MONROE,RICHLAND,BLOOMINGTON,8/2/22,6:40 PM,1,,0,0,0,,WAPEHANI,,,,,WAPEHANI,WEIMER,,,,Y,,100,,39.14414292,-86.56882475,LOCAL/CITY ROAD,,,,URBAN,N,N,N,,DAYLIGHT,CLEAR,DRY,,NO JUNCTION INVOLVED,,GRAVEL,UNSAFE SPEED,$5001 TO $10000,RAN OFF ROAD,WEIMERWAPEHANI,0,
INDIANA UNIV BLOOMINGTON PD,221583,MONROE,BLOOMINGTON,BLOOMINGTON,4/24/22,6:50 PM,2,,0,0,0,,E 13TH ST,,,,,E 13TH ST,N FEE LN,,,,Y,,0,,39.17510277,-86.51907153,LOCAL/CITY ROAD,,,,URBAN,N,N,N,,DAYLIGHT,CLEAR,DRY,,T-INTERSECTION,,ASPHALT,IMPROPER TURNING,$1001 TO $2500,LEFT TURN,NFEELNE13THST,0,
BLOOMINGTON PD,B22-21880,MONROE,BLOOMINGTON,BLOOMINGTON,6/11/22,8:08 PM,2,,0,0,0,360,N JACOB DR,,,,,N JACOB DR,,,,,Y,,0,,39.17051999,-86.57239373,PRIVATE DRIVE,,,,URBAN,N,N,N,,DAYLIGHT,CLEAR,DRY,,NO JUNCTION INVOLVED,,ASPHALT,FAILURE TO YIELD RIGHT OF WAY,$2501 TO $5000,OTHER - EXPLAIN IN NARRATIVE,NJACOBDR,0,
MONROE SD,M22A5843,MONROE,RICHLAND,BLOOMINGTON,3/14/22,8:31 AM,2,,1,0,0,,W SR 46,,,,,W SR 46,N OUTBACK RD,,,,N,,0,,39.2150956,-86.59274914,STATE ROAD,,,,URBAN,N,N,N,,DAYLIGHT,CLEAR,DRY,,FOUR-WAY INTERSECTION,,ASPHALT,ANIMAL/OBJECT IN ROADWAY,$5001 TO $10000,RIGHT ANGLE,WSR46NOUTBACKRD,0,
BLOOMINGTON PD,B22-33928,MONROE,PERRY,BLOOMINGTON,8/27/22,12:05 PM,2,,2,0,0,,W 3RD ST,,,,,W 3RD ST,S OPPORTUNITY LN,,,,Y,,0,,39.16456123,-86.56730528,LOCAL/CITY ROAD,,,,URBAN,N,N,N,,DAYLIGHT,CLEAR,DRY,,T-INTERSECTION,,ASPHALT,FAILURE TO YIELD RIGHT OF WAY,UNDER $1001,RIGHT ANGLE,W3RDSTSOPPORTUNITYLN,0,
INDIANA UNIV BLOOMINGTON PD,220491,MONROE,BLOOMINGTON,BLOOMINGTON,2/8/22,5:55 PM,2,,0,0,0,,E 7TH ST,,,,,E 7TH ST,N DUNN ST,,,,Y,,0,,39.16854643,-86.52825541,LOCAL/CITY ROAD,,,,URBAN,N,N,N,,DAYLIGHT,CLEAR,WET,,FOUR-WAY INTERSECTION,,ASPHALT,DISREGARD SIGNAL/REG SIGN,$50001 TO $100000,RIGHT ANGLE,NDUNNSTE7THST,0,
ISP BLOOMINGTON 33,2.022E+11,MONROE,BENTON,UNIONVILLE(MONROE),4/9/22,11:36 AM,2,,0,0,0,,E STATE RD 45,,,,,E STATE RD 45,N BENTON DR,,,,N,,475,,39.21955074,-86.44318176,STATE ROAD,,,,RURAL,N,N,N,,DAYLIGHT,CLOUDY,DRY,,NO JUNCTION INVOLVED,,ASPHALT,LEFT OF CENTER,UNDER $1001,OPPOSITE DIRECTION SIDESWIPE,NBENTONDRESTATERD45,0,
INDIANA UNIV BLOOMINGTON PD,220434,MONROE,BLOOMINGTON,BLOOMINGTON,2/5/22,1:00 PM,2,,0,0,0,1206,N FORREST AVE,,,,,N FORREST AVE,,,,,Y,,0,,39.17732966,-86.52253694,LOCAL/CITY ROAD,,,,URBAN,N,N,N,,DAYLIGHT,CLEAR,DRY,,NO JUNCTION INVOLVED,,ASPHALT,IMPROPER TURNING,UNDER $1001,RIGHT TURN,NFORRESTAVE,0,
MONROE SD,M22A20107,MONROE,PERRY,BLOOMINGTON,8/17/22,8:36 AM,2,,0,0,0,,S OLD STATE ROAD 37,,,,,S OLD STATE ROAD 37,W DILLMAN RD,,,,N,,500,,39.09065846,-86.54410296,STATE ROAD,,,,RURAL,N,N,N,,DAYLIGHT,CLEAR,DRY,,NO JUNCTION INVOLVED,,ASPHALT,FOLLOWING TOO CLOSELY,$1001 TO $2500,REAR END,WDILLMANRDSOLDSTATEROAD37,0,
BLOOMINGTON PD,B22-13240,MONROE,BLOOMINGTON,BLOOMINGTON,4/15/22,8:50 PM,2,,0,0,0,,N KINSER PIKE,,,,,N KINSER PIKE,STATE RD 46,,,,Y,,0,,39.18651095,-86.53774685,LOCAL/CITY ROAD,,,,URBAN,N,N,N,,DARK (LIGHTED),RAIN,WET,,FOUR-WAY INTERSECTION,,CONCRETE,FAILURE TO YIELD RIGHT OF WAY,$5001 TO $10000,LEFT TURN,STATERD46NKINSERPIKE,0,
MONROE SD,M22A3329,MONROE,VAN BUREN,BLOOMINGTON,2/11/22,9:14 PM,1,,0,0,0,,W 3RD ST,,,,,W 3RD ST,,,,,N,,0,,39.16363744,-86.6358488,STATE ROAD,,,,RURAL,N,N,N,,DARK (NOT LIGHTED),CLOUDY,WET,,NO JUNCTION INVOLVED,,ASPHALT,SPEED TOO FAST FOR WEATHER CONDITIONS,$5001 TO $10000,RAN OFF ROAD,W3RDST,0,
BLOOMINGTON PD,B22-23876,MONROE,PERRY,BLOOMINGTON,6/25/22,11:20 AM,2,,0,0,0,1155,S COLLEGE MALL RD,,,,,S COLLEGE MALL RD,,,,,Y,,0,,39.15428577,-86.49720367,PRIVATE DRIVE,,,,URBAN,N,N,N,,DAYLIGHT,CLOUDY,DRY,,NO JUNCTION INVOLVED,,ASPHALT,UNSAFE BACKING,$1001 TO $2500,REAR TO REAR,SCOLLEGEMALLRD,0,
MONROE SD,M22A17813,MONROE,CLEAR CREEK,BLOOMINGTON,7/23/22,5:44 PM,1,,0,0,0,,S OLD STATE ROAD 37,,,,,S OLD STATE ROAD 37,,,,,Y,,0,,39.12019312,-86.53018359,PRIVATE DRIVE,,,,URBAN,N,N,N,,DAYLIGHT,CLEAR,DRY,,NO JUNCTION INVOLVED,,ASPHALT,OTHER (DRIVER) - EXPLAIN IN NARRATIVE,UNDER $1001,OTHER - EXPLAIN IN NARRATIVE,SOLDSTATEROAD37,0,
BLOOMINGTON PD,B22-32106,MONROE,VAN BUREN,BLOOMINGTON,8/17/22,6:29 PM,2,,0,0,0,3374,W 3RD ST,,,,,W 3RD ST,,,,,Y,,0,,39.16313056,-86.58026548,,,,,URBAN,N,N,N,,DAYLIGHT,CLEAR,DRY,,NO JUNCTION INVOLVED,,ASPHALT,UNSAFE BACKING,$1001 TO $2500,BACKING CRASH,W3RDST,0,
BLOOMINGTON PD,B22-30984,MONROE,PERRY,BLOOMINGTON,8/10/22,5:45 PM,1,,1,0,0,,S WALNUT STREET,,,,,S WALNUT STREET,PRIVATE DRIVE TO CVS SOUTH,,,,Y,,739,,39.13475686,-86.53152906,PRIVATE DRIVE,,,,URBAN,N,N,N,,DAYLIGHT,CLEAR,DRY,,T-INTERSECTION,,ASPHALT,FAILURE TO YIELD RIGHT OF WAY,$1001 TO $2500,RIGHT ANGLE,SWALNUTSTREETPRIVATEDRIVETOCVSSOUTH,1,
BLOOMINGTON PD,B22-36306,MONROE,PERRY,BLOOMINGTON,9/9/22,6:08 PM,2,,1,0,0,,E HILLSIDE DR,,,,,E HILLSIDE DR,S WALNUT ST,,,,Y,,0,,39.15057223,-86.53361125,LOCAL/CITY ROAD,,,,URBAN,N,N,N,,DAYLIGHT,CLEAR,DRY,,FOUR-WAY INTERSECTION,,ASPHALT,FAILURE TO YIELD RIGHT OF WAY,$10001 TO $25000,RIGHT ANGLE,SWALNUTSTEHILLSIDEDR,0,
BLOOMINGTON PD,B22-17698,MONROE,BLOOMINGTON,BLOOMINGTON,5/14/22,6:15 AM,1,,1,0,0,,N HEADLEY RD,,,,,N HEADLEY RD,E TREADWELL LN,,,,Y,,0,,39.19054265,-86.51339598,,,,,URBAN,N,N,N,,DARK (NOT LIGHTED),CLEAR,DRY,,NO JUNCTION INVOLVED,,ASPHALT,ANIMAL/OBJECT IN ROADWAY,$5001 TO $10000,RAN OFF ROAD,NHEADLEYRDETREADWELLLN,0,
MONROE SD,M22A19561,MONROE,VAN BUREN,BLOOMINGTON,8/11/22,8:23 AM,2,,1,0,0,,S ROCKPORT RD,,,,,S ROCKPORT RD,W STANSIFER LN,,,,N,,0,,39.10613397,-86.57663173,COUNTY ROAD,,,,RURAL,N,N,N,,DAYLIGHT,CLEAR,DRY,,NO JUNCTION INVOLVED,,ASPHALT,IMPROPER LANE USAGE,$10001 TO $25000,HEAD ON BETWEEN TWO MOTOR VEHICLES,WSTANSIFERLNSROCKPORTRD,0,
BLOOMINGTON PD,B22-40858,MONROE,BLOOMINGTON,BLOOMINGTON,10/5/22,12:50 PM,2,,0,0,0,,E 10TH ST,,,,,E 10TH ST,N WALNUT ST,,,,Y,,0,,39.17169052,-86.53358888,LOCAL/CITY ROAD,,,,URBAN,N,N,N,,DAYLIGHT,CLEAR,DRY,,FOUR-WAY INTERSECTION,,ASPHALT,FOLLOWING TOO CLOSELY,$2501 TO $5000,REAR END,NWALNUTSTE10THST,0,
INDIANA UNIV BLOOMINGTON PD,220655,MONROE,BLOOMINGTON,BLOOMINGTON,2/19/22,7:25 PM,2,,1,0,0,,N INDIANA AVE,,,,,N INDIANA AVE,E KIRKWOOD AVE,,,,Y,,264,,39.167014,-86.52695443,LOCAL/CITY ROAD,,,,URBAN,N,N,N,,DARK (LIGHTED),CLEAR,DRY,,NO JUNCTION INVOLVED,,ASPHALT,IMPROPER TURNING,$10001 TO $25000,LEFT TURN,NINDIANAAVEEKIRKWOODAVE,0,
BLOOMINGTON PD,B22-11601,MONROE,PERRY,BLOOMINGTON,4/4/22,3:44 PM,1,,0,0,0,,891 S COLLEGE MALL RD,,,,,891 S COLLEGE MALL RD,,,,,Y,,0,,39.15688921,-86.49722404,PRIVATE DRIVE,,,,URBAN,N,N,N,,DAYLIGHT,CLEAR,DRY,,NO JUNCTION INVOLVED,,ASPHALT,OTHER (DRIVER) - EXPLAIN IN NARRATIVE,$5001 TO $10000,RAN OFF ROAD,891SCOLLEGEMALLRD,0,
INDIANA UNIV BLOOMINGTON PD,221644,MONROE,BLOOMINGTON,BLOOMINGTON,4/26/22,9:30 AM,2,,0,0,0,600,N EAGLESON AVE.,,,,,N EAGLESON AVE.,,,,,Y,,0,,39.17243922,-86.51456345,PRIVATE DRIVE,,,,RURAL,N,N,N,,DAYLIGHT,CLEAR,DRY,,NO JUNCTION INVOLVED,,ASPHALT,UNSAFE BACKING,UNDER $1001,BACKING CRASH,NEAGLESONAVE.,0,
ELLETTSVILLE PD,E22-02722,MONROE,RICHLAND,ELLETTSVILLE,7/21/22,12:57 PM,2,,0,0,0,,504 W. TEMPERANCE,,,,,504 W. TEMPERANCE,,,,,Y,,0,,,,STATE ROAD,,,,URBAN,N,N,N,,DAYLIGHT,CLEAR,DRY,,NO JUNCTION INVOLVED,,ASPHALT,IMPROPER TURNING,$25001 TO $50000,SAME DIRECTION SIDESWIPE,504W.TEMPERANCE,0,
INDIANA UNIV BLOOMINGTON PD,221397,MONROE,BLOOMINGTON,BLOOMINGTON,4/13/22,1:27 PM,2,,0,0,0,,STATE RD 45,,,,,STATE RD 45,WALKWAY,,,,N,,0,,39.17352872,-86.50332159,STATE ROAD,,,,URBAN,N,N,N,,DARK (LIGHTED),RAIN,WET,,NO JUNCTION INVOLVED,,ASPHALT,FOLLOWING TOO CLOSELY,UNDER $1001,REAR END,WALKWAYSTATERD45,0,
ELLETTSVILLE PD,E2202161,MONROE,RICHLAND,ELLETTSVILLE,6/12/22,2:53 PM,2,0,0,0,0,,,,SR46W,,,SR46W,EDGEWOOD,,,,Y,,,,39.236288,-86.628336,STATE ROAD,,N,N,URBAN,N,N,N,,DAYLIGHT,CLOUDY,DRY,,NO JUNCTION INVOLVED,STRAIGHT/GRADE,CONCRETE,UNSAFE SPEED,$2501 TO $5000,REAR END,EDGEWOODDRSR46W,0,LANE CONTROL
MONROE SD,M22A14524,MONROE,SALT CREEK,BLOOMINGTON,6/19/22,9:51 PM,1,,0,0,0,,PAYNETOWN RD,,,,,PAYNETOWN RD,,,,,N,,0,,39.08483605,-86.43525904,PRIVATE DRIVE,,,,RURAL,N,N,N,,DAWN/DUSK,CLEAR,DRY,,NO JUNCTION INVOLVED,,ASPHALT,OTHER (DRIVER) - EXPLAIN IN NARRATIVE,$1001 TO $2500,SAME DIRECTION SIDESWIPE,PAYNETOWNRD,0,
MONROE SD,M22A5557,MONROE,,,3/10/22,3:23 AM,1,,1,0,0,,S STATE ROAD 37,,,I69,N,S STATE ROAD 37,,,,,N,,0,,42.7187509,-94.2211072,,,,,RURAL,N,Y,N,,DARK (LIGHTED),CLEAR,DRY,,RAMP,,ASPHALT,DRIVER ASLEEP OR FATIGUED,$5001 TO $10000,RAN OFF ROAD,SSTATEROAD37I69NB,0,
ISP BLOOMINGTON 33,2.022E+11,MONROE,CLEAR CREEK,BLOOMINGTON,3/7/22,2:30 PM,2,,0,0,0,,S ROCKPORT RD,,,,,S ROCKPORT RD,W DUNCAN DR,,,,Y,,0,,39.14575149,-86.53944916,LOCAL/CITY ROAD,,,,URBAN,N,N,N,,DAYLIGHT,RAIN,WET,,T-INTERSECTION,,ASPHALT,SPEED TOO FAST FOR WEATHER CONDITIONS,$2501 TO $5000,RIGHT ANGLE,WDUNCANDRSROCKPORTRD,0,
BLOOMINGTON PD,B22-05955,MONROE,BLOOMINGTON,BLOOMINGTON,2/22/22,3:21 PM,2,,0,0,0,,STATE ROAD 45/46 BYPASS,,,,,STATE ROAD 45/46 BYPASS,NORTH WALNUT ST.,,,,Y,,0,,39.18626703,-86.53484292,STATE ROAD,,,,URBAN,N,N,N,,DAYLIGHT,RAIN,WET,,NO JUNCTION INVOLVED,,ASPHALT,FOLLOWING TOO CLOSELY,$1001 TO $2500,REAR END,STATEROAD45/46BYPASSNORTHWALNUTST.,0,
MONROE SD,M22A19438,MONROE,VAN BUREN,BLOOMINGTON,8/9/22,5:17 PM,1,,0,0,0,,S GARRISON CHAPEL RD,,,,,S GARRISON CHAPEL RD,W 3RD ST,,,,N,,0,,39.16239918,-86.64990968,LOCAL/CITY ROAD,,,,RURAL,N,N,N,,DAYLIGHT,RAIN,WET,,NO JUNCTION INVOLVED,,ASPHALT,SPEED TOO FAST FOR WEATHER CONDITIONS,$10001 TO $25000,RAN OFF ROAD,W3RDSTSGARRISONCHAPELRD,0,
ISP VERSAILLES 42,20220185126,MONROE,PERRY,BLOOMINGTON,4/25/22,7:51 AM,2,,0,0,0,,STATE RD 37,,,,,STATE RD 37,S OLD STATE ROAD 37,,,,N,,0,,39.08503438,-86.54202843,STATE ROAD,,,,RURAL,N,N,N,,DAYLIGHT,RAIN,WET,,NO JUNCTION INVOLVED,,ASPHALT,DRIVER DISTRACTED - EXPLAIN IN NARRATIVE,$2501 TO $5000,REAR END,STATERD37SOLDSTATEROAD37,0,
BLOOMINGTON PD,B22-41285,MONROE,BLOOMINGTON,BLOOMINGTON,10/7/22,2:25 PM,2,,0,0,0,,W STATE RD 45,,,,,W STATE RD 45,S CURRY PIKE,,,,Y,,211,,39.14224286,-86.58216781,STATE ROAD,,,,URBAN,N,N,N,,DAYLIGHT,CLEAR,DRY,,NO JUNCTION INVOLVED,,ASPHALT,OVERCORRECTING/OVERSTEERING,$10001 TO $25000,OPPOSITE DIRECTION SIDESWIPE,WSTATERD45SCURRYPIKE,0,