Agency,Local Code,County,Township,City,Collision Date,Collision Time,Vehicles Involved,Trailers Involved,Number Injured,Number Dead,Number Deer,House Number,Roadway Name,Roadway Suffix,Roadway Number,Roadway Interchange,Roadway Ramp,Roadway Id,Intersecting Road,Intersecting Road Number,Mile Marker,Interchange,Corporate Limits?,Property Type,Feet From,Direction,Latitude,Longitude,Roadway Class,Traffic Control Devices?,Aggressive Driving?,Hit and Run?,Locality,School Zone?,Rumble Strips?,Construction?,Construction Type,Light Condition,Weather Conditions,Surface Condition,Type of Median,Roadway Junction Type,Road Character,Roadway Surface,Primary Factor,Damage Estimate,Manner of Collision,Unique Location Id,State Property Damage?,Traffic Control
BLOOMINGTON PD,B22-34008,MONROE,BLOOMINGTON,BLOOMINGTON,8/27/22,7:56 PM,4,,0,0,0,,N GRANT ST,,,,,N GRANT ST,E 10TH ST,,,,Y,,0,,39.17169056,-86.5297789,LOCAL/CITY ROAD,,,,URBAN,N,N,N,,DAWN/DUSK,CLEAR,DRY,,FOUR-WAY INTERSECTION,,ASPHALT,DISREGARD SIGNAL/REG SIGN,$5001 TO $10000,RIGHT ANGLE,NGRANTSTE10THST,0,
MONROE SD,M22A18618,MONROE,RICHLAND,ELLETTSVILLE,8/1/22,10:43 AM,1,,0,0,0,,STATE RD 46,,,,,STATE RD 46,W ARLINGTON RD,,,,N,,528,,39.20693344,-86.57942516,,,,,RURAL,N,Y,N,,DAYLIGHT,CLEAR,WET,,NO JUNCTION INVOLVED,,ASPHALT,SPEED TOO FAST FOR WEATHER CONDITIONS,$2501 TO $5000,RAN OFF ROAD,WARLINGTONRDSTATERD46,0,
ISP BLOOMINGTON 33,2.022E+11,MONROE,PERRY,BLOOMINGTON,4/12/22,1:25 PM,2,,0,0,0,,SR37,,,,,SR37,S VICTOR PIKE,,,,N,,0,,39.10560548,-86.55114971,STATE ROAD,,,,RURAL,N,N,N,,DAYLIGHT,CLOUDY,DRY,,FOUR-WAY INTERSECTION,,ASPHALT,DISREGARD SIGNAL/REG SIGN,$25001 TO $50000,RIGHT ANGLE,SR37SVICTORPIKE,0,
BLOOMINGTON PD,B22-10849,MONROE,PERRY,BLOOMINGTON,3/30/22,3:24 PM,2,,0,0,0,,W. 3RD ST,,,,,W. 3RD ST,S. WESTPLEX AVE,,,,Y,,0,,39.164394,-86.5539028,LOCAL/CITY ROAD,,,,URBAN,N,N,N,,DAYLIGHT,CLOUDY,DRY,,T-INTERSECTION,,ASPHALT,FOLLOWING TOO CLOSELY,$2501 TO $5000,REAR END,W.3RDSTS.WESTPLEXAVE,0,
INDIANA UNIV BLOOMINGTON PD,222002,MONROE,BLOOMINGTON,BLOOMINGTON,5/29/22,6:08 PM,2,,0,0,0,,ATWATER AVENUE,,,,,ATWATER AVENUE,,,,,Y,,0,,39.16309795,-86.51641077,LOCAL/CITY ROAD,,,,URBAN,N,N,N,,DAYLIGHT,CLEAR,DRY,,FOUR-WAY INTERSECTION,,ASPHALT,DISREGARD SIGNAL/REG SIGN,$2501 TO $5000,RIGHT ANGLE,ATWATERAVENUE,0,
BLOOMINGTON PD,B22-25767,MONROE,BLOOMINGTON,BLOOMINGTON,7/7/22,12:38 AM,2,,0,0,0,,N WALNUT ST,,,,,N WALNUT ST,W 10TH ST,,,,Y,,0,,39.17154178,-86.53358426,LOCAL/CITY ROAD,,,,URBAN,N,N,N,,DARK (LIGHTED),CLEAR,DRY,,FOUR-WAY INTERSECTION,,ASPHALT,FAILURE TO MAINTAIN LANE,$10001 TO $25000,SAME DIRECTION SIDESWIPE,W10THSTNWALNUTST,0,
BLOOMINGTON PD,B22-29039,MONROE,PERRY,BLOOMINGTON,7/29/22,10:15 AM,1,,0,0,1,,S OLD STATE ROAD 37,,,,,S OLD STATE ROAD 37,E BURKS DR,,,,Y,,300,,39.1284044,-86.53136543,LOCAL/CITY ROAD,,,,URBAN,N,N,N,,DAYLIGHT,CLOUDY,DRY,,NO JUNCTION INVOLVED,,ASPHALT,ANIMAL/OBJECT IN ROADWAY,UNDER $1001,COLLISION WITH DEER,SOLDSTATEROAD37EBURKSDR,0,
MONROE SD,M22A20280,MONROE,VAN BUREN,BLOOMINGTON,8/19/22,9:26 AM,2,,0,0,0,9820,W GARDNER RD,,,,,W GARDNER RD,,,,,N,,0,,39.1336033,-86.67654,COUNTY ROAD,,,,RURAL,N,N,N,,DAYLIGHT,CLEAR,DRY,,NO JUNCTION INVOLVED,,ASPHALT,FAILURE TO YIELD RIGHT OF WAY,$2501 TO $5000,RIGHT ANGLE,WGARDNERRD,0,
MONROE SD,M22A21002,MONROE,VAN BUREN,BLOOMINGTON,8/27/22,10:42 AM,1,,0,0,0,,W GIFFORD RD,,,,,W GIFFORD RD,S CAVE RD,,,,N,,250,,39.151452,-86.628903,COUNTY ROAD,,,,RURAL,N,N,N,,DAYLIGHT,CLEAR,DRY,,NO JUNCTION INVOLVED,,ASPHALT,ROADWAY SURFACE CONDITION,$2501 TO $5000,OTHER - EXPLAIN IN NARRATIVE,WGIFFORDRDSCAVERD,0,
BLOOMINGTON PD,B22-13343,MONROE,PERRY,BLOOMINGTON,4/16/22,10:30 AM,1,,0,0,0,,E SMITH AVE,,,,,E SMITH AVE,S DUNN ST,,,,Y,,0,,39.16278884,-86.52795067,LOCAL/CITY ROAD,,,,URBAN,N,N,N,,DAYLIGHT,CLEAR,DRY,,NO JUNCTION INVOLVED,,ASPHALT,OTHER (DRIVER) - EXPLAIN IN NARRATIVE,$1001 TO $2500,OTHER - EXPLAIN IN NARRATIVE,SDUNNSTESMITHAVE,0,
BLOOMINGTON PD,B22-28650,MONROE,PERRY,BLOOMINGTON,7/26/22,4:55 AM,2,,0,0,0,2475,S WINSLOW CT,,,,,S WINSLOW CT,,,,,Y,,0,,39.13696421,-86.52384598,PRIVATE DRIVE,,,,URBAN,N,N,N,,DAYLIGHT,CLOUDY,DRY,,NO JUNCTION INVOLVED,,ASPHALT,UNSAFE BACKING,$1001 TO $2500,BACKING CRASH,SWINSLOWCT,0,
BLOOMINGTON PD,B22-37966,MONROE,BLOOMINGTON,BLOOMINGTON,9/19/22,4:00 PM,1,,1,0,0,1516,W ARLINGTON RD,,,,,W ARLINGTON RD,,,,,Y,,0,,39.18020842,-86.54864468,LOCAL/CITY ROAD,,,,RURAL,N,N,N,,DAYLIGHT,CLEAR,DRY,,NO JUNCTION INVOLVED,,CONCRETE,OVERCORRECTING/OVERSTEERING,UNDER $1001,RAN OFF ROAD,WARLINGTONRD,0,
MONROE SD,M22A15007,MONROE,VAN BUREN,BLOOMINGTON,6/24/22,7:46 PM,2,,0,0,0,,3835 W WOODHAVEN DRIVE,,,,,3835 W WOODHAVEN DRIVE,W WOODMERE WAY,,,,N,,0,,39.12735,-86.58036,LOCAL/CITY ROAD,,,,URBAN,N,N,N,,DAYLIGHT,CLEAR,DRY,,NO JUNCTION INVOLVED,,ASPHALT,UNSAFE BACKING,$5001 TO $10000,BACKING CRASH,WWOODMEREWAY3835WWOODHAVENDRIVE,0,
INDIANA UNIV BLOOMINGTON PD,221637,MONROE,BLOOMINGTON,BLOOMINGTON,4/26/22,2:45 PM,2,,1,0,0,,E ATWATER AVE,,,,,E ATWATER AVE,S HENDERSON ST,,,,Y,,0,,39.16313538,-86.52727909,LOCAL/CITY ROAD,,,,URBAN,N,N,N,,DAYLIGHT,CLEAR,DRY,,T-INTERSECTION,,ASPHALT,DISREGARD SIGNAL/REG SIGN,$25001 TO $50000,RIGHT ANGLE,SHENDERSONSTEATWATERAVE,0,
BLOOMINGTON PD,B22-19311,MONROE,BLOOMINGTON,BLOOMINGTON,5/25/22,6:11 PM,2,,0,0,0,,STATE RD 46,,,,,STATE RD 46,E 3RD ST,,,,Y,,898,,39.16559349,-86.49915881,STATE ROAD,,,,URBAN,N,N,Y,LANE CLOSURE,DAYLIGHT,RAIN,WET,,NO JUNCTION INVOLVED,,ASPHALT,BRAKE FAILURE OR DEFECTIVE,$2501 TO $5000,REAR END,STATERD46E3RDST,0,
BLOOMINGTON PD,B22-32588,MONROE,PERRY,BLOOMINGTON,8/19/22,11:30 PM,2,,0,0,0,,E STRATUM WAY,,,,,E STRATUM WAY,E STRATUM WAY,,,,Y,,0,,39.15635122,-86.49437374,LOCAL/CITY ROAD,,,,URBAN,N,N,N,,DARK (LIGHTED),CLEAR,DRY,,T-INTERSECTION,,ASPHALT,IMPROPER TURNING,UNDER $1001,LEFT TURN,ESTRATUMWAYESTRATUMWAY,0,
BLOOMINGTON PD,B22-35851,MONROE,BLOOMINGTON,BLOOMINGTON,9/7/22,9:14 AM,2,,0,0,0,,E. 10TH ST,,,,,E. 10TH ST,E. JOHN HINKLE PLACE,,,,Y,,0,,,,LOCAL/CITY ROAD,,,,URBAN,N,N,N,,DAYLIGHT,CLEAR,DRY,,FOUR-WAY INTERSECTION,,ASPHALT,FOLLOWING TOO CLOSELY,$5001 TO $10000,REAR END,E.JOHNHINKLEPLACEE.10THST,0,
BLOOMINGTON PD,B22-03634,MONROE,,,2/2/22,6:40 AM,2,,0,0,0,1300,S PATTERSON DR,,,,,S PATTERSON DR,,,,,Y,,0,,39.152462,-86.543128,,,,,URBAN,N,N,N,,DARK (LIGHTED),RAIN,WET,,NO JUNCTION INVOLVED,,ASPHALT,OTHER (DRIVER) - EXPLAIN IN NARRATIVE,$5001 TO $10000,SAME DIRECTION SIDESWIPE,SPATTERSONDR,0,
MONROE SD,M22A10432,MONROE,PERRY,BLOOMINGTON,5/7/22,12:26 PM,2,,0,0,0,4025,S OLD STATE ROAD 37,,,,,S OLD STATE ROAD 37,,,,,N,,0,,39.12046203,-86.52988394,PRIVATE DRIVE,,,,URBAN,N,N,N,,DAYLIGHT,CLEAR,DRY,,NO JUNCTION INVOLVED,,ASPHALT,DRIVER ILLNESS,$2501 TO $5000,OTHER - EXPLAIN IN NARRATIVE,SOLDSTATEROAD37,0,
MONROE SD,M22A9131,MONROE,RICHLAND,BLOOMINGTON,4/22/22,4:36 PM,2,,0,0,0,,N CURRY PIKE,,,,,N CURRY PIKE,W JONATHON DR,,,,N,,0,,39.16820561,-86.58294991,LOCAL/CITY ROAD,,,,URBAN,N,N,N,,DAYLIGHT,CLEAR,DRY,,FOUR-WAY INTERSECTION,,ASPHALT,FAILURE TO YIELD RIGHT OF WAY,$10001 TO $25000,RIGHT ANGLE,WJONATHONDRNCURRYPIKE,0,
BLOOMINGTON PD,B22-06825,MONROE,BLOOMINGTON,BLOOMINGTON,3/1/22,12:02 PM,2,,0,0,0,,W 4TH ST,,,,,W 4TH ST,S WALNUT ST,,,,Y,,0,,39.16560362,-86.53423859,LOCAL/CITY ROAD,,,,URBAN,N,N,N,,DAYLIGHT,CLEAR,DRY,,FOUR-WAY INTERSECTION,,ASPHALT,FAILURE TO YIELD RIGHT OF WAY,$1001 TO $2500,RIGHT ANGLE,W4THSTSWALNUTST,0,
INDIANA UNIV BLOOMINGTON PD,221715,MONROE,BLOOMINGTON,BLOOMINGTON,5/1/22,2:40 PM,2,,0,0,0,,N INDIANA AVE,,,,,N INDIANA AVE,E 7TH ST,,,,Y,,0,,39.16851316,-86.52694649,LOCAL/CITY ROAD,,,,URBAN,N,N,N,,DAYLIGHT,CLEAR,DRY,,FOUR-WAY INTERSECTION,,ASPHALT,FAILURE TO YIELD RIGHT OF WAY,$5001 TO $10000,RIGHT ANGLE,NINDIANAAVEE7THST,0,
BLOOMINGTON PD,B22-35542,MONROE,PERRY,BLOOMINGTON,9/5/22,4:00 PM,1,,0,0,0,,E SMITH AVE,,,,,E SMITH AVE,S WALNUT ST,,,,Y,,0,,39.16286503,-86.53351254,LOCAL/CITY ROAD,,,,URBAN,N,N,N,,DAYLIGHT,CLOUDY,DRY,,FOUR-WAY INTERSECTION,,ASPHALT,OTHER (DRIVER) - EXPLAIN IN NARRATIVE,$1001 TO $2500,RIGHT ANGLE,SWALNUTSTESMITHAVE,1,
ISP BLOOMINGTON 33,2.022E+11,MONROE,BLOOMINGTON,BLOOMINGTON,6/15/22,3:00 AM,2,,0,0,0,,W 3RD ST,,,,,W 3RD ST,STATE RD 37,,,,Y,,0,,39.164567,-86.57386155,LOCAL/CITY ROAD,,,,RURAL,N,N,N,,DAYLIGHT,CLEAR,DRY,,FOUR-WAY INTERSECTION,,ASPHALT,FAILURE TO YIELD RIGHT OF WAY,$5001 TO $10000,RIGHT ANGLE,W3RDSTSTATERD37,0,
BLOOMINGTON PD,B22-36346,MONROE,BLOOMINGTON,BLOOMINGTON,9/9/22,9:40 PM,2,,0,0,0,,W 10TH ST,,,,,W 10TH ST,N WALNUT ST,,,,Y,,0,,39.171653,-86.533578,LOCAL/CITY ROAD,,,,URBAN,N,N,N,,DARK (LIGHTED),CLEAR,DRY,,FOUR-WAY INTERSECTION,,ASPHALT,OVERCORRECTING/OVERSTEERING,$1001 TO $2500,OPPOSITE DIRECTION SIDESWIPE,W10THSTNWALNUTST,0,
INDIANA UNIV BLOOMINGTON PD,220905,MONROE,BLOOMINGTON,BLOOMINGTON,3/8/22,7:45 PM,2,,0,0,0,,E 10TH ST,,,,,E 10TH ST,STATE RD 46,,,,Y,,264,,39.17159466,-86.50166214,LOCAL/CITY ROAD,,,,URBAN,N,N,N,,DARK (NOT LIGHTED),CLEAR,DRY,,NO JUNCTION INVOLVED,,ASPHALT,UNSAFE LANE MOVEMENT,$5001 TO $10000,SAME DIRECTION SIDESWIPE,STATERD46E10THST,0,
BLOOMINGTON PD,B22-20795,MONROE,PERRY,BLOOMINGTON,6/4/22,6:17 PM,2,,0,0,0,,S WASHINGTON ST,,,,,S WASHINGTON ST,E DIXIE ST,,,,Y,,0,,39.15648664,-86.53244649,LOCAL/CITY ROAD,,,,URBAN,N,N,N,,DAYLIGHT,CLEAR,DRY,,FOUR-WAY INTERSECTION,,ASPHALT,FAILURE TO YIELD RIGHT OF WAY,UNDER $1001,RIGHT ANGLE,SWASHINGTONSTEDIXIEST,0,
BLOOMINGTON PD,B22-04902,MONROE,PERRY,BLOOMINGTON,2/12/22,10:52 PM,2,,0,0,0,848,E MILLER DR,,,,,E MILLER DR,,,,,Y,,0,,39.14589502,-86.52281053,,,,,URBAN,N,N,N,,DARK (LIGHTED),CLEAR,WET,,NO JUNCTION INVOLVED,,ASPHALT,OVERCORRECTING/OVERSTEERING,$1001 TO $2500,BACKING CRASH,EMILLERDR,0,
MONROE SD,M22A11839,MONROE,CLEAR CREEK,BLOOMINGTON,5/22/22,2:11 PM,1,,0,0,0,8660,S. FAIRFAX RD,,,,,S. FAIRFAX RD,,,,,N,,0,,39.08125589,-86.51732873,PRIVATE DRIVE,,,,RURAL,N,N,N,,DAYLIGHT,CLEAR,DRY,,NO JUNCTION INVOLVED,,ASPHALT,VIEW OBSTRUCTED,$1001 TO $2500,BACKING CRASH,S.FAIRFAXRD,0,
MONROE SD,M22A10269,MONROE,CLEAR CREEK,BLOOMINGTON,5/5/22,3:55 PM,2,,0,0,0,3585,W STATE ROAD 45,,,,,W STATE ROAD 45,,,,,N,,0,,39.141477,-86.58021,PRIVATE DRIVE,,,,RURAL,N,N,N,,DAYLIGHT,RAIN,WET,,NO JUNCTION INVOLVED,,ASPHALT,UNSAFE BACKING,$2501 TO $5000,BACKING CRASH,WSTATEROAD45,0,
INDIANA UNIV BLOOMINGTON PD,223689,MONROE,BLOOMINGTON,BLOOMINGTON,10/1/22,2:00 PM,2,,0,0,0,,N. DISCOVERY PARKWAY,,,,,N. DISCOVERY PARKWAY,,,,,N,,0,,39.1754209,-86.49999834,LOCAL/CITY ROAD,,,,URBAN,N,N,N,,DAYLIGHT,CLEAR,DRY,,NO JUNCTION INVOLVED,,ASPHALT,IMPROPER PASSING,$10001 TO $25000,SAME DIRECTION SIDESWIPE,N.DISCOVERYPARKWAY,0,
BLOOMINGTON PD,B2205705,MONROE,PERRY,BLOOMINGTON,2/20/22,12:39 PM,2,,0,0,0,,500 S LIBERTY DR BLOOMINGTON I,,,,,500 S LIBERTY DR BLOOMINGTON IN,,,,,Y,,0,,0,0,LOCAL/CITY ROAD,,,,URBAN,N,N,N,,DAYLIGHT,CLEAR,DRY,,NO JUNCTION INVOLVED,,ASPHALT,FAILURE TO YIELD RIGHT OF WAY,$2501 TO $5000,LEFT TURN,500SLIBERTYDRBLOOMINGTONIN,0,
BLOOMINGTON PD,B22-05435,MONROE,BLOOMINGTON,BLOOMINGTON,2/18/22,11:38 AM,2,,0,0,0,,533 W GRANITE DR,,,,,533 W GRANITE DR,,,,,Y,,0,,0,0,LOCAL/CITY ROAD,,,,URBAN,N,N,N,,DAYLIGHT,CLEAR,ICE,,NO JUNCTION INVOLVED,,ASPHALT,ROADWAY SURFACE CONDITION,$2501 TO $5000,REAR END,533WGRANITEDR,0,
BLOOMINGTON PD,B22-05472,MONROE,BLOOMINGTON,BLOOMINGTON,2/18/22,5:17 PM,2,,0,0,0,,S SMITH RD,,,,,S SMITH RD,E 3RD ST,,,,Y,,0,,39.16466183,-86.48132033,LOCAL/CITY ROAD,,,,URBAN,N,N,N,,DAYLIGHT,CLEAR,DRY,,NO JUNCTION INVOLVED,,ASPHALT,FOLLOWING TOO CLOSELY,$10001 TO $25000,REAR END,SSMITHRDE3RDST,0,
BLOOMINGTON PD,B22-39222,MONROE,PERRY,BLOOMINGTON,9/27/22,3:00 AM,1,,0,0,0,,S WALNUT SPRINGS DR,,,,,S WALNUT SPRINGS DR,E BURKS DR,,,,Y,,10,,39.12654997,-86.52873687,LOCAL/CITY ROAD,,,,URBAN,N,N,N,,DARK (NOT LIGHTED),CLEAR,DRY,,NO JUNCTION INVOLVED,,ASPHALT,DRIVER DISTRACTED - EXPLAIN IN NARRATIVE,$2501 TO $5000,RAN OFF ROAD,SWALNUTSPRINGSDREBURKSDR,0,
MONROE SD,M22A13513,MONROE,CLEAR CREEK,BLOOMINGTON,6/9/22,4:20 AM,1,,0,0,1,,S OLD SR 37,,,,,S OLD SR 37,MORMAN RD,,,,N,,0,,39.03863438,-86.54115434,STATE ROAD,,,,URBAN,N,N,N,,DARK (NOT LIGHTED),CLEAR,DRY,,NO JUNCTION INVOLVED,,ASPHALT,ANIMAL/OBJECT IN ROADWAY,$10001 TO $25000,COLLISION WITH DEER,SOLDSR37MORMANRD,0,
BLOOMINGTON PD,B22-33954,MONROE,PERRY,BLOOMINGTON,8/27/22,2:53 PM,2,,0,0,0,,878 E. MILLER DRIVE,,,,,878 E. MILLER DRIVE,,,,,Y,,0,,39.14591227,-86.52206444,PRIVATE DRIVE,,,,URBAN,N,N,N,,DAYLIGHT,CLEAR,DRY,,NO JUNCTION INVOLVED,,ASPHALT,UNSAFE BACKING,$1001 TO $2500,BACKING CRASH,878E.MILLERDRIVE,0,
MONROE SD,M22A21725,MONROE,SALT CREEK,,9/4/22,3:54 AM,2,,0,0,0,,7370 E SR 46,,,,,7370 E SR 46,,,,,N,,0,,0,0,STATE ROAD,,,,RURAL,N,N,N,,DARK (NOT LIGHTED),CLEAR,WET,,NO JUNCTION INVOLVED,,ASPHALT,ANIMAL/OBJECT IN ROADWAY,$5001 TO $10000,COLLISION WITH OBJECT IN ROAD,7370ESR46,0,
BLOOMINGTON PD,B22-12917,MONROE,BLOOMINGTON,BLOOMINGTON,4/13/22,5:30 AM,1,,1,0,0,,S PETE ELLIS DR,,,,,S PETE ELLIS DR,E 3RD ST,,,,Y,,0,,39.1654701,-86.49494237,LOCAL/CITY ROAD,,,,URBAN,N,N,N,,DAYLIGHT,RAIN,WET,,NO JUNCTION INVOLVED,,ASPHALT,DRIVER ILLNESS,$5001 TO $10000,RAN OFF ROAD,SPETEELLISDRE3RDST,0,
BLOOMINGTON PD,B22-30089,MONROE,BLOOMINGTON,BLOOMINGTON,8/4/22,7:50 PM,1,,1,0,0,,S WESTPLEX AVE,,,,,S WESTPLEX AVE,,,,,Y,,0,,39.16533052,-86.55397306,PRIVATE DRIVE,,,,URBAN,N,N,N,,DAYLIGHT,CLOUDY,DRY,,NO JUNCTION INVOLVED,,ASPHALT,PEDESTRIAN ACTION,UNDER $1001,COLLISION WITH OBJECT IN ROAD,SWESTPLEXAVE,1,
BLOOMINGTON PD,B22-18252,MONROE,BLOOMINGTON,BLOOMINGTON,5/18/22,4:49 PM,2,,0,0,0,,S COLLEGE AVE,,,,,S COLLEGE AVE,W 1ST ST,,,,Y,,158,,39.1596959,-86.53497613,LOCAL/CITY ROAD,,,,URBAN,N,N,N,,DAYLIGHT,RAIN,WET,,NO JUNCTION INVOLVED,,ASPHALT,IMPROPER TURNING,$2501 TO $5000,SAME DIRECTION SIDESWIPE,W1STSTSCOLLEGEAVE,0,
MONROE SD,M22A18845,MONROE,VAN BUREN,BLOOMINGTON,8/3/22,2:30 PM,3,,0,0,0,3585,W STATE RD 45,,,,,W STATE RD 45,,,,,N,,0,,39.14238501,-86.58008732,PRIVATE DRIVE,,,,RURAL,N,N,N,,DAYLIGHT,CLEAR,DRY,,NO JUNCTION INVOLVED,,ASPHALT,FAILURE TO YIELD RIGHT OF WAY,$5001 TO $10000,OTHER - EXPLAIN IN NARRATIVE,WSTATERD45,0,
BLOOMINGTON PD,B22-03652,MONROE,PERRY,BLOOMINGTON,2/2/22,11:43 AM,2,,0,0,0,,E 3RD ST,,,,,E 3RD ST,S. LINCOLN ST,,,,Y,,200,,0,0,LOCAL/CITY ROAD,,,,URBAN,N,N,N,,DAYLIGHT,RAIN,WET,,NO JUNCTION INVOLVED,,ASPHALT,FAILURE TO YIELD RIGHT OF WAY,$5001 TO $10000,RIGHT ANGLE,S.LINCOLNSTE3RDST,0,
ISP BLOOMINGTON 33,2.022E+11,MONROE,WASHINGTON,BLOOMINGTON,1/28/22,7:00 PM,1,,0,0,0,,INTERSTATE 69,,,,,INTERSTATE 69,,,127,,N,,0,,39.28680611,-86.52011381,INTERSTATE,,,,RURAL,N,N,N,,DARK (NOT LIGHTED),CLEAR,SNOW/SLUSH,,NO JUNCTION INVOLVED,,CONCRETE,SPEED TOO FAST FOR WEATHER CONDITIONS,$2501 TO $5000,OTHER - EXPLAIN IN NARRATIVE,INTERSTATE69127,0,
BLOOMINGTON PD,B22-14294,MONROE,BLOOMINGTON,BLOOMINGTON,4/22/22,7:15 PM,2,,0,0,0,,N MORTON ST,,,,,N MORTON ST,W 7TH ST,,,,Y,,0,,39.16849731,-86.53613604,LOCAL/CITY ROAD,,,,URBAN,N,N,N,,DAYLIGHT,CLEAR,DRY,,FOUR-WAY INTERSECTION,,ASPHALT,UNSAFE BACKING,$1001 TO $2500,REAR TO REAR,W7THSTNMORTONST,0,
MONROE SD,M22A16603,MONROE,CLEAR CREEK,BLOOMINGTON,7/11/22,12:43 PM,2,,2,0,0,,S FAIRFAX RD,,,,,S FAIRFAX RD,S WALNUT ST PK,,,,N,,0,,,,COUNTY ROAD,,,,RURAL,N,N,N,,DAYLIGHT,CLEAR,DRY,,NO JUNCTION INVOLVED,,ASPHALT,FOLLOWING TOO CLOSELY,$5001 TO $10000,REAR END,SWALNUTSTPKSFAIRFAXRD,0,
INDIANA UNIV BLOOMINGTON PD,220685,MONROE,BLOOMINGTON,BLOOMINGTON,2/21/22,9:30 PM,2,,0,0,0,,E 3RD ST,,,,,E 3RD ST,S EAGLESON AVE,,,,Y,,0,,39.16429166,-86.516679,LOCAL/CITY ROAD,,,,URBAN,N,N,N,,DARK (LIGHTED),CLEAR,DRY,,NO JUNCTION INVOLVED,,ASPHALT,FAILURE TO MAINTAIN LANE,$1001 TO $2500,SAME DIRECTION SIDESWIPE,SEAGLESONAVEE3RDST,0,
BLOOMINGTON PD,B22-08047,MONROE,BLOOMINGTON,BLOOMINGTON,3/10/22,8:57 PM,1,,0,0,0,,N ADAMS ST,,,,,N ADAMS ST,W FOUNTAIN DR,,,,Y,,0,,39.16962406,-86.54964277,LOCAL/CITY ROAD,,,,URBAN,N,N,N,,DARK (LIGHTED),CLEAR,DRY,,T-INTERSECTION,,ASPHALT,FAILURE TO MAINTAIN LANE,$1001 TO $2500,RIGHT TURN,WFOUNTAINDRNADAMSST,0,
MONROE SD,M22A8714,MONROE,RICHLAND,BLOOMINGTON,4/18/22,5:19 PM,2,,0,0,0,,W STATE RD 46,,,,,W STATE RD 46,N SMITH PK,,,,N,,0,,39.20978536,-86.58255977,STATE ROAD,,,,RURAL,N,N,N,,DAYLIGHT,CLOUDY,WET,,FOUR-WAY INTERSECTION,,ASPHALT,DRIVER ASLEEP OR FATIGUED,$2501 TO $5000,REAR END,WSTATERD46NSMITHPK,0,
INDIANA UNIV BLOOMINGTON PD,223045,MONROE,BLOOMINGTON,BLOOMINGTON,9/2/22,12:20 PM,2,,0,0,0,1115,N JORDAN AVE,,,,,N JORDAN AVE,,,,,Y,,0,,39.17656632,-86.51368516,PRIVATE DRIVE,,,,URBAN,N,N,N,,DAYLIGHT,CLEAR,DRY,,NO JUNCTION INVOLVED,,ASPHALT,UNSAFE BACKING,$1001 TO $2500,BACKING CRASH,NJORDANAVE,0,
BLOOMINGTON PD,B22-33036,MONROE,PERRY,BLOOMINGTON,8/22/22,5:12 PM,2,,0,0,0,,E UNIVERSITY ST,,,,,E UNIVERSITY ST,S PARK AVE,,,,Y,,53,,39.16036987,-86.52408394,,,,,URBAN,N,N,N,,DAYLIGHT,CLEAR,DRY,,FOUR-WAY INTERSECTION,,ASPHALT,FAILURE TO YIELD RIGHT OF WAY,$1001 TO $2500,RIGHT ANGLE,SPARKAVEEUNIVERSITYST,0,
MONROE SD,M22A6214,MONROE,PERRY,,3/18/22,1:26 PM,2,,1,0,0,4025,S OLD STATE ROAD 37,,,,,S OLD STATE ROAD 37,,,,,N,,0,,39.12029493,-86.53073431,,,,,RURAL,N,N,N,,DAYLIGHT,RAIN,WET,,NO JUNCTION INVOLVED,,ASPHALT,FAILURE TO YIELD RIGHT OF WAY,$2501 TO $5000,RIGHT ANGLE,SOLDSTATEROAD37,0,
BLOOMINGTON PD,B22-31885,MONROE,BLOOMINGTON,BLOOMINGTON,8/16/22,5:23 PM,2,,0,0,0,,E 10TH ST,,,,,E 10TH ST,N WASHINGTON ST,,,,Y,,0,,39.1716896,-86.53239923,LOCAL/CITY ROAD,,,,URBAN,N,N,N,,DAYLIGHT,CLEAR,DRY,,FOUR-WAY INTERSECTION,,ASPHALT,FAILURE TO YIELD RIGHT OF WAY,$2501 TO $5000,RIGHT ANGLE,NWASHINGTONSTE10THST,0,
BLOOMINGTON PD,B22-03966,MONROE,PERRY,BLOOMINGTON,2/5/22,12:57 PM,3,,0,0,0,,2700 BLK E. 3RD ST,,,,,2700 BLK E. 3RD ST,S. COLLEGE MALL RD,,,,Y,,300,,39.164001,-86.498742,LOCAL/CITY ROAD,,,,URBAN,N,N,N,,DAYLIGHT,CLEAR,WET,,NO JUNCTION INVOLVED,,ASPHALT,FOLLOWING TOO CLOSELY,$5001 TO $10000,REAR END,S.COLLEGEMALLRD2700BLKE.3RDST,0,
MONROE SD,M22A13983,MONROE,BLOOMINGTON,BLOOMINGTON,6/14/22,1:27 PM,1,,0,0,0,,I-69,,,,,I-69,,,,,N,,686,,39.14600943,-86.57330579,INTERSTATE,,,,RURAL,N,N,N,,DAYLIGHT,CLEAR,DRY,,NO JUNCTION INVOLVED,,ASPHALT,OTHER (ENVIRONMENTAL) - EXPLAIN IN NARR,UNDER $1001,NON-COLLISION,I-69,0,