Agency,Local Code,County,Township,City,Collision Date,Collision Time,Vehicles Involved,Trailers Involved,Number Injured,Number Dead,Number Deer,House Number,Roadway Name,Roadway Suffix,Roadway Number,Roadway Interchange,Roadway Ramp,Roadway Id,Intersecting Road,Intersecting Road Number,Mile Marker,Interchange,Corporate Limits?,Property Type,Feet From,Direction,Latitude,Longitude,Roadway Class,Traffic Control Devices?,Aggressive Driving?,Hit and Run?,Locality,School Zone?,Rumble Strips?,Construction?,Construction Type,Light Condition,Weather Conditions,Surface Condition,Type of Median,Roadway Junction Type,Road Character,Roadway Surface,Primary Factor,Damage Estimate,Manner of Collision,Unique Location Id,State Property Damage?,Traffic Control
BLOOMINGTON PD,B22-23611,MONROE,PERRY,BLOOMINGTON,6/23/22,5:23 PM,2,,0,0,0,,S COLLEGE AVE,,,,,S COLLEGE AVE,W 1ST ST,,,,Y,,0,,39.15937613,-86.53498959,LOCAL/CITY ROAD,,,,URBAN,N,N,N,,DAYLIGHT,CLEAR,DRY,,FOUR-WAY INTERSECTION,,ASPHALT,FAILURE TO YIELD RIGHT OF WAY,$1001 TO $2500,SAME DIRECTION SIDESWIPE,W1STSTSCOLLEGEAVE,0,
MONROE SD,M22A9843,MONROE,VAN BUREN,BLOOMINGTON,4/30/22,5:47 PM,2,,0,0,0,,WESTERN DRIVE,,,,,WESTERN DRIVE,GRAND AVE,,,,N,,0,,39.166519,-86.586451,LOCAL/CITY ROAD,,,,URBAN,N,N,N,,DAYLIGHT,CLOUDY,DRY,,NO JUNCTION INVOLVED,,ASPHALT,IMPROPER PASSING,$2501 TO $5000,LEFT/RIGHT TURN,WESTERNDRIVEGRANDAVE,0,
BLOOMINGTON PD,B22-31099,MONROE,PERRY,BLOOMINGTON,8/11/22,1:06 PM,2,,0,0,0,,S HIGHLAND AVE,,,,,S HIGHLAND AVE,E RIDGEMONT CT,,,,Y,,0,,39.1488716,-86.51750717,,,,,URBAN,N,N,N,,DAYLIGHT,CLEAR,DRY,,NO JUNCTION INVOLVED,,ASPHALT,IMPROPER PASSING,$1001 TO $2500,SAME DIRECTION SIDESWIPE,SHIGHLANDAVEERIDGEMONTCT,0,
ISP BLOOMINGTON 33,2.022E+11,MONROE,BLOOMINGTON,BLOOMINGTON,6/7/22,12:00 AM,3,,1,0,0,,STATE RD 46,,,,,STATE RD 46,E 3RD ST,,,,Y,,0,,39.16471875,-86.49849481,STATE ROAD,,,,URBAN,N,N,Y,LANE CLOSURE,DAYLIGHT,CLOUDY,DRY,,FOUR-WAY INTERSECTION,,CONCRETE,UNSAFE SPEED,$1001 TO $2500,REAR END,STATERD46E3RDST,0,
BLOOMINGTON PD,B22-20097,MONROE,BLOOMINGTON,BLOOMINGTON,5/29/22,1:00 PM,2,,0,0,0,,W 6TH ST,,,,,W 6TH ST,N COLLEGE AVE,,,,Y,,0,,39.16761828,-86.53507895,LOCAL/CITY ROAD,,,,URBAN,N,N,N,,DAYLIGHT,CLEAR,DRY,,NO JUNCTION INVOLVED,,ASPHALT,IMPROPER TURNING,$1001 TO $2500,SAME DIRECTION SIDESWIPE,W6THSTNCOLLEGEAVE,0,
BLOOMINGTON PD,B22-06724,MONROE,PERRY,BLOOMINGTON,2/28/22,5:14 PM,2,,0,0,0,,W 1ST ST,,,,,W 1ST ST,S ROGERS ST,,,,Y,,0,,39.15942102,-86.53866953,LOCAL/CITY ROAD,,,,URBAN,N,N,N,,DAYLIGHT,CLEAR,DRY,,FOUR-WAY INTERSECTION,,ASPHALT,FAILURE TO YIELD RIGHT OF WAY,$10001 TO $25000,RIGHT ANGLE,W1STSTSROGERSST,0,
MONROE SD,M22A10818,MONROE,VAN BUREN,BLOOMINGTON,5/11/22,2:37 PM,2,,0,0,0,,W STATE RD 45,,,,,W STATE RD 45,S DUNLAP RD,,,,Y,,0,,39.12010407,-86.61760634,STATE ROAD,,,,RURAL,N,N,N,,DAYLIGHT,CLEAR,DRY,,NO JUNCTION INVOLVED,,ASPHALT,FOLLOWING TOO CLOSELY,$2501 TO $5000,REAR END,WSTATERD45SDUNLAPRD,0,
MONROE SD,M22A7984,MONROE,VAN BUREN,BLOOMINGTON,4/9/22,2:38 AM,1,,0,0,0,,W FULLERTON PIKE,,,,,W FULLERTON PIKE,W REDDY WAY,,,,N,,0,,39.12200862,-86.57511897,LOCAL/CITY ROAD,,,,RURAL,N,N,N,,DARK (LIGHTED),RAIN,WET,,T-INTERSECTION,,ASPHALT,SPEED TOO FAST FOR WEATHER CONDITIONS,$10001 TO $25000,RAN OFF ROAD,WREDDYWAYWFULLERTONPIKE,0,
INDIANA UNIV BLOOMINGTON PD,221857,MONROE,BLOOMINGTON,BLOOMINGTON,5/12/22,3:21 PM,3,,0,0,0,,STATE RD 45,,,,,STATE RD 45,WALKWAY,,,,N,,581,,39.17469599,-86.50399111,STATE ROAD,,,,URBAN,N,N,N,,DAYLIGHT,CLEAR,DRY,,NO JUNCTION INVOLVED,,ASPHALT,FOLLOWING TOO CLOSELY,$10001 TO $25000,REAR END,WALKWAYSTATERD45,0,
MONROE SD,M22A19999,MONROE,BLOOMINGTON,BLOOMINGTON,8/16/22,1:41 AM,1,,0,0,0,,N ADAMS ST,,,,,N ADAMS ST,W 10TH ST,,,,Y,,264,,39.17166395,-86.54979979,LOCAL/CITY ROAD,,,,URBAN,N,N,N,,DARK (LIGHTED),CLEAR,DRY,,NO JUNCTION INVOLVED,,ASPHALT,UNSAFE SPEED,$5001 TO $10000,RAN OFF ROAD,W10THSTNADAMSST,0,
BLOOMINGTON PD,B22-37452,MONROE,PERRY,BLOOMINGTON,9/16/22,12:10 PM,2,,0,0,0,,S. MEADOWBROOK DR,,,,,S. MEADOWBROOK DR,E. 3RD ST,,,,Y,,0,,39.164241,-86.484467,LOCAL/CITY ROAD,,,,URBAN,N,N,N,,DAYLIGHT,CLEAR,DRY,,FOUR-WAY INTERSECTION,,ASPHALT,UNSAFE BACKING,$5001 TO $10000,BACKING CRASH,S.MEADOWBROOKDRE.3RDST,0,
BLOOMINGTON PD,B22-37292,MONROE,PERRY,BLOOMINGTON,9/15/22,2:57 PM,2,,0,0,0,,S COLLEGE MALL RD,,,,,S COLLEGE MALL RD,E COVENANTER DR,,,,Y,,0,,39.15452114,-86.49765993,LOCAL/CITY ROAD,,,,URBAN,N,N,N,,DAYLIGHT,CLEAR,DRY,,FOUR-WAY INTERSECTION,,ASPHALT,FOLLOWING TOO CLOSELY,$2501 TO $5000,REAR END,SCOLLEGEMALLRDECOVENANTERDR,0,
BLOOMINGTON PD,B22-11057,MONROE,BLOOMINGTON,BLOOMINGTON,3/31/22,7:06 PM,2,,0,0,0,,E 7TH ST,,,,,E 7TH ST,N GRANT ST,,,,Y,,0,,39.16852647,-86.52980895,LOCAL/CITY ROAD,,,,URBAN,N,N,N,,DAYLIGHT,CLOUDY,WET,,FOUR-WAY INTERSECTION,,ASPHALT,DISREGARD SIGNAL/REG SIGN,$2501 TO $5000,RIGHT ANGLE,NGRANTSTE7THST,0,
BLOOMINGTON PD,B22-24998,MONROE,BLOOMINGTON,BLOOMINGTON,7/2/22,2:40 AM,1,,0,0,0,,N SKYLINE DR,,,,,N SKYLINE DR,,,,,Y,,0,,39.19299354,-86.53987249,,,,,URBAN,N,N,N,,DARK (LIGHTED),CLEAR,DRY,,NO JUNCTION INVOLVED,,ASPHALT,LEFT OF CENTER,$2501 TO $5000,RAN OFF ROAD,NSKYLINEDR,0,
BLOOMINGTON PD,B22-25665,MONROE,PERRY,BLOOMINGTON,7/6/22,12:56 PM,2,,0,0,0,410,S WOODSCREST DR,,,,,S WOODSCREST DR,,,,,Y,,0,,39.16297577,-86.50309163,PRIVATE DRIVE,,,,URBAN,N,N,N,,DAYLIGHT,CLEAR,DRY,,NO JUNCTION INVOLVED,,ASPHALT,UNSAFE BACKING,$1001 TO $2500,BACKING CRASH,SWOODSCRESTDR,0,
INDIANA UNIV BLOOMINGTON PD,223556,MONROE,BLOOMINGTON,BLOOMINGTON,9/25/22,1:30 AM,2,,0,0,0,415,E 6TH ST,,,,,E 6TH ST,,,,,Y,,0,,39.1676503,-86.5288489,PRIVATE DRIVE,,,,URBAN,N,N,N,,DARK (LIGHTED),CLEAR,DRY,,NO JUNCTION INVOLVED,,CONCRETE,OTHER (DRIVER) - EXPLAIN IN NARRATIVE,$1001 TO $2500,OTHER - EXPLAIN IN NARRATIVE,E6THST,0,
ISP BLOOMINGTON 33,2.022E+11,MONROE,VAN BUREN,BLOOMINGTON,9/9/22,7:30 AM,1,,0,0,0,,SR45,,,,,SR45,CHAPEL RD,,,,N,,250,,39.08674655,-86.68198246,STATE ROAD,,,,RURAL,N,N,N,,DAYLIGHT,CLEAR,DRY,,NO JUNCTION INVOLVED,,ASPHALT,FAILURE TO MAINTAIN LANE,$5001 TO $10000,RAN OFF ROAD,SR45CHAPELRD,0,
BLOOMINGTON PD,B22-11820,MONROE,PERRY,BLOOMINGTON,4/6/22,8:07 AM,1,,0,0,0,,1700 BLK S. HUNTINGTON DR,,,,,1700 BLK S. HUNTINGTON DR,MILLER DRIVE,,,,Y,,1000,,,,LOCAL/CITY ROAD,,,,URBAN,N,N,N,,DAYLIGHT,RAIN,WET,,NO JUNCTION INVOLVED,,ASPHALT,OTHER (VEHICLE) - EXPLAIN IN NARRATIVE,$2501 TO $5000,OTHER - EXPLAIN IN NARRATIVE,MILLERDRIVE1700BLKS.HUNTINGTONDR,0,
MONROE SD,M22A15493,MONROE,,BLOOMINGTON,6/29/22,3:40 AM,2,,0,0,0,,STATE RD 46,,,,,STATE RD 46,,,,,N,,0,,39.20045526,-86.57531208,STATE ROAD,,,,RURAL,N,Y,Y,LANE CLOSURE,DAYLIGHT,CLEAR,DRY,,NO JUNCTION INVOLVED,,ASPHALT,FOLLOWING TOO CLOSELY,$2501 TO $5000,REAR END,STATERD46,0,
MONROE SD,M22A20660,MONROE,RICHLAND,BLOOMINGTON,8/23/22,4:32 AM,2,,0,0,0,,N SMITH PIKE,,,,,N SMITH PIKE,W JONATHON DR,,,,N,,0,,39.16862129,-86.58301539,COUNTY ROAD,,,,RURAL,N,N,N,,DAYLIGHT,CLEAR,DRY,,NO JUNCTION INVOLVED,,ASPHALT,UNSAFE LANE MOVEMENT,$5001 TO $10000,SAME DIRECTION SIDESWIPE,WJONATHONDRNSMITHPIKE,0,
MONROE SD,M22A17585,MONROE,BLOOMINGTON,,7/21/22,12:35 PM,2,,0,0,0,,I-69,,,,,I-69,,,,,N,,317,,39.24134131,-86.53652455,,,,,URBAN,N,Y,N,,DAYLIGHT,CLEAR,DRY,,NO JUNCTION INVOLVED,,ASPHALT,ANIMAL/OBJECT IN ROADWAY,UNDER $1001,COLLISION WITH OBJECT IN ROAD,I-69,0,
BLOOMINGTON PD,B22-17348,MONROE,BLOOMINGTON,BLOOMINGTON,5/12/22,9:15 AM,1,,0,0,0,,W 11TH ST,,,,,W 11TH ST,N FAIRVIEW ST,,,,Y,,0,,39.1730971,-86.54086052,LOCAL/CITY ROAD,,,,URBAN,N,N,N,,DAYLIGHT,CLEAR,DRY,,Y-INTERSECTION,,ASPHALT,OTHER (ENVIRONMENTAL) - EXPLAIN IN NARR,$1001 TO $2500,OTHER - EXPLAIN IN NARRATIVE,W11THSTNFAIRVIEWST,0,
MONROE SD,M22A14502,MONROE,CLEAR CREEK,BLOOMINGTON,6/19/22,2:13 PM,1,,0,0,0,,VALLEY MISSION RD,,,,,VALLEY MISSION RD,E PEDIGO BAY DR,,,,N,,0,,39.00429032,-86.50058903,COUNTY ROAD,,,,RURAL,N,N,N,,DAYLIGHT,CLEAR,DRY,,NO JUNCTION INVOLVED,,ASPHALT,IMPROPER PASSING,UNDER $1001,SAME DIRECTION SIDESWIPE,VALLEYMISSIONRDEPEDIGOBAYDR,0,
BLOOMINGTON PD,B22-21042,MONROE,PERRY,BLOOMINGTON,6/6/22,2:05 PM,1,,1,0,0,,E 3RD ST,,,,,E 3RD ST,S PETE ELLIS DR,,,,Y,,0,,39.16421402,-86.49428791,LOCAL/CITY ROAD,,,,URBAN,N,N,N,,DAYLIGHT,CLEAR,DRY,,NO JUNCTION INVOLVED,,ASPHALT,PEDESTRIAN ACTION,UNDER $1001,RIGHT ANGLE,SPETEELLISDRE3RDST,1,
MONROE SD,M22A10935,MONROE,PERRY,BLOOMINGTON,5/12/22,3:10 PM,2,,0,0,0,,,,45,,,45,W JOHN WILLIAMS LN,,,,N,,500,,39.1000284,-86.65118259,STATE ROAD,,,,RURAL,N,N,N,,DAYLIGHT,CLEAR,DRY,,NO JUNCTION INVOLVED,,ASPHALT,LEFT OF CENTER,$2501 TO $5000,OPPOSITE DIRECTION SIDESWIPE,WJOHNWILLIAMSLN45,0,
MONROE SD,M22A16638,MONROE,BLOOMINGTON,BLOOMINGTON,7/11/22,6:50 PM,1,,0,0,0,,STATE RD 45,,,,,STATE RD 45,STATE RD 45,,,,N,,53,,39.20046397,-86.46792375,STATE ROAD,,,,RURAL,N,N,N,,DAYLIGHT,CLEAR,DRY,,NO JUNCTION INVOLVED,,ASPHALT,OVERCORRECTING/OVERSTEERING,$2501 TO $5000,RAN OFF ROAD,STATERD45STATERD45,0,
BLOOMINGTON PD,B22-36329,MONROE,BLOOMINGTON,BLOOMINGTON,9/9/22,8:00 PM,1,,1,0,0,,W KIRKWOOD AVE,,,,,W KIRKWOOD AVE,S ROGERS ST,,,,Y,,0,,39.16661069,-86.53870069,LOCAL/CITY ROAD,,,,URBAN,N,N,N,,DAWN/DUSK,CLEAR,DRY,,FOUR-WAY INTERSECTION,,ASPHALT,FAILURE TO YIELD RIGHT OF WAY,$1001 TO $2500,OTHER - EXPLAIN IN NARRATIVE,WKIRKWOODAVESROGERSST,1,
BLOOMINGTON PD,B22-10063,MONROE,PERRY,BLOOMINGTON,3/24/22,5:00 PM,1,,0,0,0,,E GOODNIGHT WAY,,,,,E GOODNIGHT WAY,S CLARIZZ BLVD,,,,Y,,100,,39.156827,-86.4903593,PRIVATE DRIVE,,,,URBAN,N,N,N,,DAYLIGHT,CLOUDY,DRY,,TRAFFIC CIRCLE/ROUNDABOUT,,ASPHALT,UNSAFE SPEED,$5001 TO $10000,RAN OFF ROAD,SCLARIZZBLVDEGOODNIGHTWAY,0,
BLOOMINGTON PD,B22-14436,MONROE,BLOOMINGTON,BLOOMINGTON,4/23/22,9:29 AM,2,,0,0,0,,I-69,,,,,I-69,SR 46,,120,,Y,,0,,39.18325384,-86.55680841,INTERSTATE,,,,URBAN,N,N,N,,DAYLIGHT,CLEAR,DRY,,RAMP,,ASPHALT,FAILURE TO MAINTAIN LANE,$2501 TO $5000,SAME DIRECTION SIDESWIPE,SR46I-69,0,
MONROE SD,M22A15609,MONROE,RICHLAND,BLOOMINGTON,6/30/22,3:36 PM,2,,0,0,0,,N OARD RD,,,,,N OARD RD,W VERNAL PIKE,,,,N,,800,,39.17777463,-86.63126728,LOCAL/CITY ROAD,,,,RURAL,N,N,N,,DAYLIGHT,CLEAR,DRY,,NO JUNCTION INVOLVED,,ASPHALT,FAILURE TO YIELD RIGHT OF WAY,$2501 TO $5000,RIGHT ANGLE,WVERNALPIKENOARDRD,0,
BLOOMINGTON PD,B22-03695,MONROE,PERRY,BLOOMINGTON,2/2/22,4:03 AM,2,,0,0,0,,S HIGH ST,,,,,S HIGH ST,E HILLSIDE DR,,,,Y,,0,,39.15050243,-86.50843568,LOCAL/CITY ROAD,,,,URBAN,N,N,N,,DAYLIGHT,RAIN,WET,,FOUR-WAY INTERSECTION,,ASPHALT,FAILURE TO YIELD RIGHT OF WAY,$5001 TO $10000,HEAD ON BETWEEN TWO MOTOR VEHICLES,SHIGHSTEHILLSIDEDR,0,
BLOOMINGTON PD,B22-28743,MONROE,VAN BUREN,BLOOMINGTON,7/27/22,12:20 PM,3,,0,0,0,,W 3RD ST,,,,,W 3RD ST,S YANCEY LN,,,,Y,,0,,39.16459528,-86.56913227,LOCAL/CITY ROAD,,,,URBAN,N,N,N,,DAYLIGHT,CLEAR,DRY,,T-INTERSECTION,,ASPHALT,FOLLOWING TOO CLOSELY,$10001 TO $25000,REAR END,W3RDSTSYANCEYLN,0,
BLOOMINGTON PD,B22-04244,MONROE,BLOOMINGTON,BLOOMINGTON,2/7/22,6:46 PM,1,,0,0,1,,STATE RD 446,,,,,STATE RD 446,E MOORES PIKE,,,,Y,,422,,39.15109316,-86.47138542,STATE ROAD,,,,URBAN,N,N,N,,DARK (NOT LIGHTED),CLEAR,DRY,,NO JUNCTION INVOLVED,,ASPHALT,ANIMAL/OBJECT IN ROADWAY,$2501 TO $5000,COLLISION WITH DEER,STATERD446EMOORESPIKE,0,
BLOOMINGTON PD,B22-15110,MONROE,BLOOMINGTON,BLOOMINGTON,4/27/22,8:20 AM,2,,0,0,0,,7TH ST,,,,,7TH ST,N. WALNUT ST,,,,Y,,0,,39.168539,-86.533599,LOCAL/CITY ROAD,,,,URBAN,N,N,N,,DAYLIGHT,CLEAR,DRY,,FOUR-WAY INTERSECTION,,ASPHALT,DISREGARD SIGNAL/REG SIGN,$2501 TO $5000,RIGHT ANGLE,N.WALNUTST7THST,0,
BLOOMINGTON PD,B22-29049,MONROE,PERRY,BLOOMINGTON,7/29/22,11:05 AM,2,,0,0,0,,E 1ST ST,,,,,E 1ST ST,S WASHINGTON ST,,,,Y,,50,,39.15933472,-86.53212857,LOCAL/CITY ROAD,,,,URBAN,N,N,N,,DAYLIGHT,CLEAR,DRY,,NO JUNCTION INVOLVED,,ASPHALT,OVERCORRECTING/OVERSTEERING,$2501 TO $5000,SAME DIRECTION SIDESWIPE,SWASHINGTONSTE1STST,0,
MONROE SD,M22A4894,MONROE,BEAN BLOSSOM,BLOOMINGTON,3/1/22,9:50 PM,1,,1,0,0,,W RATLIFF RD,,,,,W RATLIFF RD,WHITE RD,,,,N,,0,,39.21709227,-86.68354468,LOCAL/CITY ROAD,,,,RURAL,N,N,N,,DARK (NOT LIGHTED),CLEAR,DRY,,Y-INTERSECTION,,ASPHALT,UNSAFE SPEED,$5001 TO $10000,RAN OFF ROAD,WHITERDWRATLIFFRD,0,
INDIANA UNIV BLOOMINGTON PD,220956,MONROE,PERRY,BLOOMINGTON,3/11/22,2:10 PM,2,,0,0,0,,S PARK AVE,,,,,S PARK AVE,E ATWATER AVE,,,,Y,,0,,39.16310627,-86.52400679,LOCAL/CITY ROAD,,,,URBAN,N,N,N,,DAYLIGHT,CLOUDY,DRY,,T-INTERSECTION,,ASPHALT,FOLLOWING TOO CLOSELY,UNDER $1001,REAR END,SPARKAVEEATWATERAVE,0,
MONROE SD,M22A18362,MONROE,BLOOMINGTON,BLOOMINGTON,7/29/22,9:29 AM,2,,0,0,0,,E BETHEL LN,,,,,E BETHEL LN,N STIDD RD,,,,N,,0,,,,LOCAL/CITY ROAD,,,,RURAL,N,N,N,,DAYLIGHT,CLEAR,DRY,,T-INTERSECTION,,ASPHALT,LEFT OF CENTER,$1001 TO $2500,OPPOSITE DIRECTION SIDESWIPE,NSTIDDRDEBETHELLN,0,
BLOOMINGTON PD,B22-33658,MONROE,BLOOMINGTON,BLOOMINGTON,8/25/22,8:59 PM,2,,1,0,0,,E 3RD ST,,,,,E 3RD ST,S PETE ELLIS DR,,,,Y,,0,,39.16423183,-86.49508886,LOCAL/CITY ROAD,,,,URBAN,N,N,N,,DARK (NOT LIGHTED),CLEAR,DRY,,T-INTERSECTION,,ASPHALT,FAILURE TO YIELD RIGHT OF WAY,$1001 TO $2500,REAR END,SPETEELLISDRE3RDST,0,
INDIANA UNIV BLOOMINGTON PD,220421,MONROE,BLOOMINGTON,BLOOMINGTON,2/4/22,11:00 AM,1,,0,0,0,,E 9TH ST,,,,,E 9TH ST,,,,,Y,,0,,39.17054367,-86.52519994,LOCAL/CITY ROAD,,,,URBAN,N,N,N,,DAYLIGHT,SNOW,ICE,,NO JUNCTION INVOLVED,,ASPHALT,ROADWAY SURFACE CONDITION,UNDER $1001,BACKING CRASH,E9THST,0,
MONROE SD,M22A17997,MONROE,BLOOMINGTON,BLOOMINGTON,7/25/22,5:37 PM,1,,0,0,0,,W VERNAL PIKE,,,,,W VERNAL PIKE,N CURRY PIKE,,,,N,,0,,39.17916768,-86.58250041,LOCAL/CITY ROAD,,,,RURAL,N,N,N,,DAYLIGHT,CLEAR,DRY,,FOUR-WAY INTERSECTION,,ASPHALT,OTHER (ENVIRONMENTAL) - EXPLAIN IN NARR,$5001 TO $10000,OTHER - EXPLAIN IN NARRATIVE,WVERNALPIKENCURRYPIKE,0,
BLOOMINGTON PD,B22-21169,MONROE,PERRY,BLOOMINGTON,6/7/22,1:01 PM,1,,1,0,0,,E. 3RD ST,,,,,E. 3RD ST,S. LINCOLN ST,,,,Y,,0,,39.164581,-86.531081,LOCAL/CITY ROAD,,,,URBAN,N,N,N,,DAYLIGHT,CLOUDY,DRY,,FOUR-WAY INTERSECTION,,ASPHALT,OVERCORRECTING/OVERSTEERING,$2501 TO $5000,COLLISION WITH OBJECT IN ROAD,S.LINCOLNSTE.3RDST,0,
BLOOMINGTON PD,B22-07755,MONROE,BLOOMINGTON,BLOOMINGTON,3/6/22,10:00 PM,2,,0,0,0,1425,N DUNN ST EVOLVE APTS,,,,,N DUNN ST EVOLVE APTS,,,,,Y,,0,,39.17897264,-86.53134226,PRIVATE DRIVE,,,,URBAN,N,N,N,,DARK (LIGHTED),CLOUDY,DRY,,NO JUNCTION INVOLVED,,ASPHALT,FAILURE TO YIELD RIGHT OF WAY,$2501 TO $5000,RIGHT ANGLE,NDUNNSTEVOLVEAPTS,0,
DNR LAW ENFORCEMENT,06-22-02261,MONROE,SALT CREEK,BLOOMINGTON,8/13/22,2:10 PM,1,,1,0,0,,E MONROE DAM RD,,,,,E MONROE DAM RD,,,,,N,,0,,39.0126803,-86.5125195,STATE ROAD,,,,RURAL,N,N,N,,DAYLIGHT,CLEAR,DRY,,RAMP,,CONCRETE,BRAKE FAILURE OR DEFECTIVE,$1001 TO $2500,NON-COLLISION,EMONROEDAMRD,0,
BLOOMINGTON PD,B22-22178,MONROE,PERRY,BLOOMINGTON,6/14/22,7:48 AM,3,,0,0,0,,W 2ND ST,,,,,W 2ND ST,MAPLE ST,,,,Y,,0,,,,LOCAL/CITY ROAD,,,,URBAN,N,N,N,,DAYLIGHT,CLEAR,DRY,,T-INTERSECTION,,ASPHALT,FOLLOWING TOO CLOSELY,$1001 TO $2500,REAR END,W2NDSTMAPLEST,0,
BLOOMINGTON PD,B22-33812,MONROE,PERRY,BLOOMINGTON,8/26/22,6:29 PM,1,,0,0,0,,S HIGH ST,,,,,S HIGH ST,E ROCK CREEK DR,,,,Y,,0,,39.13978417,-86.50823329,,,,,URBAN,Y,N,N,,DAYLIGHT,CLEAR,DRY,,FOUR-WAY INTERSECTION,,ASPHALT,IMPROPER TURNING,$1001 TO $2500,RAN OFF ROAD,SHIGHSTEROCKCREEKDR,0,
BLOOMINGTON PD,B22-30450,MONROE,BLOOMINGTON,BLOOMINGTON,8/7/22,4:17 AM,1,,0,0,0,,W GOURLEY PIKE,,,,,W GOURLEY PIKE,W CASCADE AVE,,,,Y,,0,,39.18621744,-86.54180642,,,,,URBAN,N,N,N,,DARK (NOT LIGHTED),CLEAR,DRY,,NO JUNCTION INVOLVED,,ASPHALT,UNSAFE SPEED,$2501 TO $5000,RAN OFF ROAD,WGOURLEYPIKEWCASCADEAVE,0,
MONROE SD,M22A17811,MONROE,CLEAR CREEK,BLOOMINGTON,7/23/22,5:15 PM,1,,0,0,0,,S FAIRFAX RD,,,,,S FAIRFAX RD,,,,,N,,0,,39.05282326,-86.49447031,PRIVATE DRIVE,,,,RURAL,N,N,N,,UNKNOWN,CLEAR,DRY,,NO JUNCTION INVOLVED,,ASPHALT,OTHER (DRIVER) - EXPLAIN IN NARRATIVE,$1001 TO $2500,OTHER - EXPLAIN IN NARRATIVE,SFAIRFAXRD,0,
MONROE SD,M22A5683,MONROE,RICHLAND,BLOOMINGTON,3/11/22,1:47 AM,2,,1,0,0,,N CURRY PIKE,,,,,N CURRY PIKE,W PROFILE PKW,,,,N,,0,,39.17196011,-86.58307497,LOCAL/CITY ROAD,,,,URBAN,N,N,N,,DAYLIGHT,CLEAR,DRY,,FOUR-WAY INTERSECTION,,ASPHALT,DRIVER DISTRACTED - EXPLAIN IN NARRATIVE,$2501 TO $5000,REAR END,WPROFILEPKWNCURRYPIKE,0,
BLOOMINGTON PD,B22-36832,MONROE,BLOOMINGTON,BLOOMINGTON,9/12/22,8:40 AM,2,,0,0,0,,W MARQUIS DR,,,,,W MARQUIS DR,N CRESCENT RD,,,,N,,0,,39.17787026,-86.55638642,LOCAL/CITY ROAD,,,,URBAN,N,N,N,,DARK (LIGHTED),CLEAR,DRY,,T-INTERSECTION,,ASPHALT,UNSAFE LANE MOVEMENT,UNDER $1001,LEFT/RIGHT TURN,WMARQUISDRNCRESCENTRD,0,
BLOOMINGTON PD,B22-19305,MONROE,BLOOMINGTON,BLOOMINGTON,5/25/22,4:30 PM,2,,0,0,0,219 E,E 4TH ST,,,,,E 4TH ST,,,,,Y,,0,,39.1648884,-86.53158946,PRIVATE DRIVE,,,,URBAN,N,N,N,,UNKNOWN,CLEAR,DRY,,NO JUNCTION INVOLVED,,ASPHALT,FAILURE TO YIELD RIGHT OF WAY,$1001 TO $2500,OTHER - EXPLAIN IN NARRATIVE,E4THST,0,
MONROE SD,M22A14122,MONROE,PERRY,BLOOMINGTON,6/15/22,3:22 PM,2,,0,0,0,,S OLD STATE ROAD 37,,,,,S OLD STATE ROAD 37,,,,,N,,0,,39.12018078,-86.52995075,PRIVATE DRIVE,,,,RURAL,N,N,N,,DAYLIGHT,CLEAR,DRY,,NO JUNCTION INVOLVED,,ASPHALT,IMPROPER PASSING,$1001 TO $2500,OPPOSITE DIRECTION SIDESWIPE,SOLDSTATEROAD37,0,
MONROE SD,M22A15626,MONROE,VAN BUREN,BLOOMINGTON,6/30/22,6:55 PM,2,,0,0,0,,S. KIRBY,,,,,S. KIRBY,W GIFFORD,,,,N,,0,,39.1513666,-86.6103092,LOCAL/CITY ROAD,,,,RURAL,N,N,N,,DAYLIGHT,CLEAR,DRY,,T-INTERSECTION,,ASPHALT,FAILURE TO YIELD RIGHT OF WAY,$5001 TO $10000,LEFT TURN,WGIFFORDS.KIRBY,0,
BLOOMINGTON PD,B22-27352,MONROE,VAN BUREN,BLOOMINGTON,7/17/22,11:50 AM,2,,0,0,0,,S LEONARD SPRINGS RD,,,,,S LEONARD SPRINGS RD,W TAPP RD,,,,Y,,0,,39.13703366,-86.58260054,LOCAL/CITY ROAD,,,,URBAN,N,N,N,,DAYLIGHT,RAIN,WET,,T-INTERSECTION,,ASPHALT,SPEED TOO FAST FOR WEATHER CONDITIONS,$5001 TO $10000,REAR END,WTAPPRDSLEONARDSPRINGSRD,0,
INDIANA UNIV BLOOMINGTON PD,223102,MONROE,BLOOMINGTON,BLOOMINGTON,9/5/22,4:00 PM,2,,0,0,0,,E 17TH ST,,,,,E 17TH ST,STATE RD 45,,,,N,,0,,39.17966327,-86.50733379,STATE ROAD,,,,URBAN,N,N,N,,DAYLIGHT,CLEAR,DRY,,T-INTERSECTION,,ASPHALT,DISREGARD SIGNAL/REG SIGN,$1001 TO $2500,RIGHT ANGLE,STATERD45E17THST,0,
MONROE SD,M22A15776,MONROE,CLEAR CREEK,BLOOMINGTON,7/2/22,9:31 AM,2,,1,0,0,,E RAMP CREEK RD,,,,,E RAMP CREEK RD,S FAIRFAX RD,,,,N,,0,,39.07112551,-86.50312848,COUNTY ROAD,,,,RURAL,N,N,N,,DAYLIGHT,CLEAR,DRY,,NO JUNCTION INVOLVED,,ASPHALT,FAILURE TO YIELD RIGHT OF WAY,$10001 TO $25000,RIGHT ANGLE,SFAIRFAXRDERAMPCREEKRD,0,