Agency,Local Code,County,Township,City,Collision Date,Collision Time,Vehicles Involved,Trailers Involved,Number Injured,Number Dead,Number Deer,House Number,Roadway Name,Roadway Suffix,Roadway Number,Roadway Interchange,Roadway Ramp,Roadway Id,Intersecting Road,Intersecting Road Number,Mile Marker,Interchange,Corporate Limits?,Property Type,Feet From,Direction,Latitude,Longitude,Roadway Class,Traffic Control Devices?,Aggressive Driving?,Hit and Run?,Locality,School Zone?,Rumble Strips?,Construction?,Construction Type,Light Condition,Weather Conditions,Surface Condition,Type of Median,Roadway Junction Type,Road Character,Roadway Surface,Primary Factor,Damage Estimate,Manner of Collision,Unique Location Id,State Property Damage?,Traffic Control
BLOOMINGTON PD,B22-18815,MONROE,PERRY,BLOOMINGTON,5/22/22,1:30 PM,2,,0,0,0,,W 1ST ST,,,,,W 1ST ST,S COLLEGE AVE,,,,Y,,0,,39.15937943,-86.53499311,LOCAL/CITY ROAD,,,,URBAN,N,N,N,,DAYLIGHT,CLEAR,DRY,,FOUR-WAY INTERSECTION,,CONCRETE,DISREGARD SIGNAL/REG SIGN,$5001 TO $10000,RIGHT ANGLE,W1STSTSCOLLEGEAVE,0,
BLOOMINGTON PD,B22-09338,MONROE,BLOOMINGTON,BLOOMINGTON,3/19/22,8:12 PM,2,,0,0,0,1412,W 11TH ST,,,,,W 11TH ST,,,,,Y,,0,,39.17324706,-86.55316492,PRIVATE DRIVE,,,,URBAN,N,N,N,,DAYLIGHT,RAIN,WET,,NO JUNCTION INVOLVED,,ASPHALT,UNSAFE BACKING,$2501 TO $5000,BACKING CRASH,W11THST,0,
BLOOMINGTON PD,B22-39942,MONROE,PERRY,BLOOMINGTON,9/30/22,8:04 AM,1,,0,0,1,,2300 BLK W. BLOOMFIELD RD,,,,,2300 BLK W. BLOOMFIELD RD,BASSWOOD DRIVE,,,,Y,,1500,,39.15418883,-86.56450754,LOCAL/CITY ROAD,,,,URBAN,N,N,N,,DAYLIGHT,CLEAR,DRY,,NO JUNCTION INVOLVED,,ASPHALT,ANIMAL/OBJECT IN ROADWAY,$10001 TO $25000,RIGHT ANGLE,BASSWOODDRIVE2300BLKW.BLOOMFIELDRD,0,
ISP BLOOMINGTON 33,2.022E+11,MONROE,VAN BUREN,BLOOMINGTON,3/15/22,7:05 AM,2,,2,0,0,,W 3RD ST,,,,,W 3RD ST,W 3RD ST,,,,N,,0,,39.16313288,-86.6291451,STATE ROAD,,,,RURAL,N,N,N,,DARK (NOT LIGHTED),CLEAR,DRY,,T-INTERSECTION,,ASPHALT,LEFT OF CENTER,$10001 TO $25000,OPPOSITE DIRECTION SIDESWIPE,W3RDSTW3RDST,0,
BLOOMINGTON PD,B22-12763,MONROE,PERRY,BLOOMINGTON,4/12/22,4:29 PM,2,,0,0,0,,STATE RD 446,,,,,STATE RD 446,E BILL MALLORY BLVD,,,,Y,,0,,39.15927405,-86.47158569,LOCAL/CITY ROAD,,,,URBAN,N,N,N,,DAYLIGHT,CLOUDY,DRY,,T-INTERSECTION,,ASPHALT,FOLLOWING TOO CLOSELY,$5001 TO $10000,REAR END,STATERD446EBILLMALLORYBLVD,0,
INDIANA UNIV BLOOMINGTON PD,222041,MONROE,BLOOMINGTON,BLOOMINGTON,6/3/22,12:00 AM,2,,0,0,0,,E 10TH ST,,,,,E 10TH ST,STATE RD 45,,,,N,,0,,39.17165341,-86.50209647,,,,,URBAN,N,N,N,,DAYLIGHT,CLEAR,DRY,,FOUR-WAY INTERSECTION,,ASPHALT,FOLLOWING TOO CLOSELY,UNDER $1001,REAR END,STATERD45E10THST,0,
MONROE SD,M22A10089,MONROE,VAN BUREN,BLOOMINGTON,5/3/22,4:48 PM,2,,0,0,0,,W STATE RD 45,,,,,W STATE RD 45,,,,,Y,,0,,39.14231652,-86.58140725,PRIVATE DRIVE,,,,URBAN,N,N,N,,DAYLIGHT,CLOUDY,DRY,,NO JUNCTION INVOLVED,,ASPHALT,FAILURE TO YIELD RIGHT OF WAY,$1001 TO $2500,LEFT TURN,WSTATERD45,0,
BLOOMINGTON PD,B22-19288,MONROE,BLOOMINGTON,BLOOMINGTON,5/25/22,1:30 PM,2,,0,0,0,,S WALNUT ST,,,,,S WALNUT ST,W KIRKWOOD AVE,,,,N,,0,,39.16655372,-86.5336278,LOCAL/CITY ROAD,,,,URBAN,N,N,N,,DAYLIGHT,CLEAR,DRY,,NO JUNCTION INVOLVED,,ASPHALT,FAILURE TO YIELD RIGHT OF WAY,$1001 TO $2500,OTHER - EXPLAIN IN NARRATIVE,WKIRKWOODAVESWALNUTST,0,
ISP BLOOMINGTON 33,2.022E+11,MONROE,VAN BUREN,BLOOMINGTON,8/12/22,8:37 AM,1,,0,0,0,,S INTERSTATE 69,,,,,S INTERSTATE 69,,,,,N,,0,,39.07843379,-86.58290202,INTERSTATE,,,,RURAL,N,Y,N,,DAYLIGHT,CLEAR,DRY,,NO JUNCTION INVOLVED,,ASPHALT,ANIMAL/OBJECT IN ROADWAY,$10001 TO $25000,COLLISION WITH DEER,SINTERSTATE69,0,
BLOOMINGTON PD,B22-05616,MONROE,BLOOMINGTON,BLOOMINGTON,2/19/22,6:03 PM,2,,0,0,0,,W 15TH ST,,,,,W 15TH ST,N COLLEGE AVE,,,,Y,,0,,39.17685034,-86.53476782,LOCAL/CITY ROAD,,,,URBAN,N,N,N,,DAWN/DUSK,CLEAR,DRY,,FOUR-WAY INTERSECTION,,ASPHALT,FAILURE TO YIELD RIGHT OF WAY,$1001 TO $2500,REAR END,W15THSTNCOLLEGEAVE,0,
BLOOMINGTON PD,B22-07968,MONROE,BLOOMINGTON,BLOOMINGTON,3/10/22,11:02 AM,2,,0,0,0,,N. WALNUT ST,,,,,N. WALNUT ST,SR 45/46 BYPASS,,,,Y,,300,,39.186268,-86.534589,STATE ROAD,,,,URBAN,N,N,N,,DAYLIGHT,CLEAR,DRY,,FOUR-WAY INTERSECTION,,ASPHALT,FAILURE TO YIELD RIGHT OF WAY,$5001 TO $10000,RIGHT ANGLE,SR45/46BYPASSN.WALNUTST,0,
BLOOMINGTON PD,B22-12719,MONROE,PERRY,BLOOMINGTON,4/12/22,9:00 AM,2,,0,0,0,,S COLLEGE MALL RD,,,,,S COLLEGE MALL RD,E 2ND ST,,,,Y,,0,,39.16286087,-86.49861164,LOCAL/CITY ROAD,,,,URBAN,N,N,N,,DAYLIGHT,CLOUDY,WET,,FOUR-WAY INTERSECTION,,ASPHALT,FOLLOWING TOO CLOSELY,$1001 TO $2500,REAR END,SCOLLEGEMALLRDE2NDST,0,
BLOOMINGTON PD,B22-31642,MONROE,PERRY,BLOOMINGTON,8/14/22,6:45 PM,2,,0,0,0,2785,S WALNUT ST PK,,,,,S WALNUT ST PK,,,,,Y,,0,,39.13671681,-86.52883126,PRIVATE DRIVE,,,,URBAN,N,N,N,,DAYLIGHT,CLEAR,DRY,,NO JUNCTION INVOLVED,,ASPHALT,UNSAFE BACKING,$2501 TO $5000,BACKING CRASH,SWALNUTSTPK,0,
MONROE SD,M22A24041,MONROE,RICHLAND,BLOOMINGTON,9/30/22,9:22 AM,2,,0,0,0,,STATE RD 46,,,,,STATE RD 46,W ARLINGTON RD,,,,N,,0,,39.20764343,-86.57986709,STATE ROAD,,,,URBAN,N,Y,N,,DAYLIGHT,CLEAR,DRY,,FOUR-WAY INTERSECTION,,ASPHALT,FAILURE TO YIELD RIGHT OF WAY,$10001 TO $25000,RIGHT ANGLE,WARLINGTONRDSTATERD46,0,
MONROE SD,M22A24571,MONROE,PERRY,BLOOMINGTON,10/6/22,8:12 PM,3,,0,0,0,4011,S MONROE MEDICAL PARK BLVD,,,,,S MONROE MEDICAL PARK BLVD,,,,,N,,0,,39.12104033,-86.57253328,PRIVATE DRIVE,,,,RURAL,N,N,N,,DARK (LIGHTED),CLEAR,DRY,,NO JUNCTION INVOLVED,,ASPHALT,OTHER (DRIVER) - EXPLAIN IN NARRATIVE,$5001 TO $10000,OTHER - EXPLAIN IN NARRATIVE,SMONROEMEDICALPARKBLVD,0,
BLOOMINGTON PD,B22-19371,MONROE,PERRY,BLOOMINGTON,5/26/22,8:27 AM,2,,2,0,0,,E. 2ND ST,,,,,E. 2ND ST,S. EAGLESON AVE,,,,Y,,0,,0,0,LOCAL/CITY ROAD,,,,URBAN,N,N,N,,DAYLIGHT,RAIN,WET,,FOUR-WAY INTERSECTION,,ASPHALT,FAILURE TO YIELD RIGHT OF WAY,$5001 TO $10000,RIGHT ANGLE,S.EAGLESONAVEE.2NDST,0,
BLOOMINGTON PD,B22-29814,MONROE,BLOOMINGTON,BLOOMINGTON,8/3/22,9:03 AM,1,,0,0,0,,N COLLEGE AVE,,,,,N COLLEGE AVE,W 11TH ST,,,,Y,,0,,39.17329869,-86.53485048,LOCAL/CITY ROAD,,,,URBAN,N,N,N,,DAYLIGHT,CLEAR,DRY,,FIVE POINT OR MORE,,ASPHALT,DISREGARD SIGNAL/REG SIGN,$1001 TO $2500,SAME DIRECTION SIDESWIPE,W11THSTNCOLLEGEAVE,1,
MONROE SD,M22A8152,MONROE,BEAN BLOSSOM,ELLETTSVILLE,4/11/22,11:53 AM,2,,0,0,0,,W SR 46,,,,,W SR 46,W HEDRICK RD,,,,N,,0,,39.27755,-86.677262,STATE ROAD,,,,RURAL,N,Y,N,,DAYLIGHT,CLEAR,DRY,,NO JUNCTION INVOLVED,,ASPHALT,LEFT OF CENTER,$5001 TO $10000,OPPOSITE DIRECTION SIDESWIPE,WSR46WHEDRICKRD,0,
ELLETTSVILLE PD,E2203937,MONROE,RICHLAND,ELLETTSVILLE,9/30/22,1:56 PM,2,0,0,0,0,,,,SR46W,,,SR46W,HARTSTRAIT,,,,Y,,100,W,39.227624,-86.61591033,STATE ROAD,,N,N,URBAN,Y,N,N,,DAYLIGHT,CLEAR,DRY,,NO JUNCTION INVOLVED,STRAIGHT/LEVEL,ASPHALT,FOLLOWING TOO CLOSELY,$5001 TO $10000,REAR END,HARTSTRAITRDSR46W,0,NONE
BLOOMINGTON PD,B22-41470,MONROE,BLOOMINGTON,BLOOMINGTON,10/8/22,10:16 AM,2,,0,0,0,,W 3RD ST,,,,,W 3RD ST,S PATTERSON DR,,,,Y,,500,,39.16456551,-86.55142764,LOCAL/CITY ROAD,,,,URBAN,N,N,N,,DAYLIGHT,CLEAR,DRY,,T-INTERSECTION,,ASPHALT,FOLLOWING TOO CLOSELY,$2501 TO $5000,REAR END,W3RDSTSPATTERSONDR,0,
BLOOMINGTON PD,B22-07531,MONROE,BLOOMINGTON,BLOOMINGTON,3/6/22,7:36 AM,2,,0,0,0,,N WALNUT ST,,,,,N WALNUT ST,E 8TH ST,,,,N,,0,,39.16942813,-86.53351254,LOCAL/CITY ROAD,,,,URBAN,N,N,N,,DARK (LIGHTED),CLEAR,DRY,,FOUR-WAY INTERSECTION,,ASPHALT,IMPROPER TURNING,$2501 TO $5000,LEFT TURN,NWALNUTSTE8THST,0,
BLOOMINGTON PD,B22-02966,MONROE,VAN BUREN,BLOOMINGTON,1/27/22,11:24 AM,2,,0,0,0,,3800 BLK W. 3RD ST,,,,,3800 BLK W. 3RD ST,S. LIBERTY DR,,,,Y,,500,,39.165885,-86.582241,LOCAL/CITY ROAD,,,,URBAN,N,N,N,,DAYLIGHT,SNOW,WET,,NO JUNCTION INVOLVED,,ASPHALT,UNSAFE LANE MOVEMENT,$2501 TO $5000,SAME DIRECTION SIDESWIPE,S.LIBERTYDR3800BLKW.3RDST,0,
MONROE SD,M22A9926,MONROE,CLEAR CREEK,BLOOMINGTON,5/1/22,10:30 PM,1,,0,0,0,,S ROGERS ST,,,,,S ROGERS ST,W CHURCH LN,,,,N,,0,,39.10598514,-86.54023584,LOCAL/CITY ROAD,,,,RURAL,N,N,N,,DARK (NOT LIGHTED),CLOUDY,DRY,,NO JUNCTION INVOLVED,,ASPHALT,OTHER (DRIVER) - EXPLAIN IN NARRATIVE,$5001 TO $10000,RAN OFF ROAD,WCHURCHLNSROGERSST,0,
BLOOMINGTON PD,B22-03366,MONROE,PERRY,BLOOMINGTON,1/30/22,3:34 PM,3,,0,0,0,,W TAPP RD,,,,,W TAPP RD,S ROCKPORT RD,,,,Y,,0,,39.13638569,-86.54881895,LOCAL/CITY ROAD,,,,URBAN,N,N,N,,DAYLIGHT,CLEAR,DRY,,FOUR-WAY INTERSECTION,,ASPHALT,DISREGARD SIGNAL/REG SIGN,$2501 TO $5000,LEFT TURN,WTAPPRDSROCKPORTRD,0,
BLOOMINGTON PD,B22-36337,MONROE,BLOOMINGTON,BLOOMINGTON,9/9/22,7:50 AM,2,,0,0,0,,N COLLEGE AVE,,,,,N COLLEGE AVE,,,,,Y,,0,,39.17124171,-86.53513285,PRIVATE DRIVE,,,,URBAN,N,N,N,,UNKNOWN,CLEAR,DRY,,NO JUNCTION INVOLVED,,ASPHALT,UNSAFE BACKING,UNDER $1001,OPPOSITE DIRECTION SIDESWIPE,NCOLLEGEAVE,0,
BLOOMINGTON PD,B22-02285,MONROE,BLOOMINGTON,BLOOMINGTON,1/21/22,3:18 AM,2,,0,0,0,,S ROGERS ST,,,,,S ROGERS ST,W 4TH ST,,,,Y,,0,,39.16558656,-86.53869815,LOCAL/CITY ROAD,,,,URBAN,N,N,N,,DAYLIGHT,CLEAR,DRY,,FOUR-WAY INTERSECTION,,ASPHALT,FAILURE TO YIELD RIGHT OF WAY,$1001 TO $2500,RIGHT ANGLE,W4THSTSROGERSST,0,
MONROE SD,M22A2376,MONROE,PERRY,BLOOMINGTON,1/31/22,5:49 AM,1,,0,1,0,,STATE RD 37,,,,,STATE RD 37,E MONROE DAM ROAD,,,,N,,1700,,39.01531224,-86.5370525,STATE ROAD,,,,RURAL,N,N,N,,DARK (NOT LIGHTED),CLEAR,DRY,,NO JUNCTION INVOLVED,,ASPHALT,OTHER (DRIVER) - EXPLAIN IN NARRATIVE,$5001 TO $10000,RAN OFF ROAD,STATERD37EMONROEDAMROAD,0,
BLOOMINGTON PD,B22-11883,MONROE,PERRY,BLOOMINGTON,4/6/22,3:35 PM,2,,0,0,0,,E UNIVERSITY ST,,,,,E UNIVERSITY ST,S JORDAN AVE,,,,Y,,0,,39.16015886,-86.51644806,LOCAL/CITY ROAD,,,,RURAL,N,N,N,,DAYLIGHT,CLEAR,DRY,,FOUR-WAY INTERSECTION,,ASPHALT,FAILURE TO YIELD RIGHT OF WAY,$2501 TO $5000,RIGHT ANGLE,SJORDANAVEEUNIVERSITYST,0,
INDIANA UNIV BLOOMINGTON PD,222146,MONROE,BLOOMINGTON,BLOOMINGTON,6/14/22,11:00 AM,2,,0,0,0,,STATE ROAD 45/46,,,,,STATE ROAD 45/46,E 10TH ST,,,,Y,,0,,39.17174254,-86.50241769,STATE ROAD,,,,URBAN,N,N,N,,DAYLIGHT,CLEAR,DRY,,FOUR-WAY INTERSECTION,,ASPHALT,DRIVER DISTRACTED - EXPLAIN IN NARRATIVE,$2501 TO $5000,REAR END,STATEROAD45/46E10THST,0,
BLOOMINGTON PD,B22-03888,MONROE,BLOOMINGTON,BLOOMINGTON,2/4/22,5:08 PM,2,,0,0,0,,N COLLEGE AVE,,,,,N COLLEGE AVE,SR 46 BYPASS,,,,Y,,0,,39.18635151,-86.53446454,LOCAL/CITY ROAD,,,,URBAN,N,N,N,,DAYLIGHT,CLEAR,SNOW/SLUSH,,FOUR-WAY INTERSECTION,,ASPHALT,FAILURE TO YIELD RIGHT OF WAY,$2501 TO $5000,RIGHT ANGLE,SR46BYPASSNCOLLEGEAVE,0,
BLOOMINGTON PD,B22-24694,MONROE,RICHLAND,BLOOMINGTON,6/30/22,1:10 PM,2,,0,0,0,3910,W 3RD ST,,,,,W 3RD ST,S CURRY PIKE,,,,Y,,0,,39.16503854,-86.58228143,PRIVATE DRIVE,,,,URBAN,N,N,N,,DAYLIGHT,CLEAR,DRY,,T-INTERSECTION,,ASPHALT,UNSAFE BACKING,$1001 TO $2500,BACKING CRASH,W3RDSTSCURRYPIKE,0,
BLOOMINGTON PD,B22-37930,MONROE,BLOOMINGTON,BLOOMINGTON,9/19/22,11:30 AM,2,,0,0,0,,W SR45/46 BYPASS,,,,,W SR45/46 BYPASS,N. MONROE ST,,,,Y,,1000,,0,0,STATE ROAD,,,,URBAN,N,N,N,,DAYLIGHT,CLOUDY,DRY,,NO JUNCTION INVOLVED,,CONCRETE,FAILURE TO YIELD RIGHT OF WAY,$5001 TO $10000,SAME DIRECTION SIDESWIPE,WSR45/46BYPASSN.MONROEST,0,
MONROE SD,M22A20556,MONROE,PERRY,BLOOMINGTON,8/22/22,6:50 PM,1,,0,0,0,,S FAIRFAX RD,,,,,S FAIRFAX RD,E BERNICE DR,,,,N,,900,,39.06594854,-86.50179274,LOCAL/CITY ROAD,,,,URBAN,N,N,N,,DAYLIGHT,CLEAR,DRY,,NO JUNCTION INVOLVED,,ASPHALT,FAILURE TO MAINTAIN LANE,$10001 TO $25000,RAN OFF ROAD,SFAIRFAXRDEBERNICEDR,0,
MONROE SD,M22A4977,MONROE,PERRY,,3/2/22,5:42 PM,2,,0,0,0,,S OLD STATE ROAD 37,,,,,S OLD STATE ROAD 37,STATE RD 37,,,,N,,0,,39.08568808,-86.54243877,STATE ROAD,,,,URBAN,N,N,N,,DAYLIGHT,CLEAR,DRY,,T-INTERSECTION,,ASPHALT,IMPROPER PASSING,$2501 TO $5000,SAME DIRECTION SIDESWIPE,STATERD37SOLDSTATEROAD37,0,
MONROE SD,M22A6166,MONROE,WASHINGTON,UNIONVILLE(MONROE),3/17/22,8:00 PM,1,,1,0,0,,N MILLER RD,,,,,N MILLER RD,E ROBINSON RD,,,,N,,0,,39.25111384,-86.47002824,LOCAL/CITY ROAD,,,,RURAL,N,N,N,,DARK (NOT LIGHTED),CLEAR,DRY,,NO JUNCTION INVOLVED,,ASPHALT,OTHER (DRIVER) - EXPLAIN IN NARRATIVE,$2501 TO $5000,OTHER - EXPLAIN IN NARRATIVE,NMILLERRDEROBINSONRD,0,
MONROE SD,M22A20508,MONROE,PERRY,BLOOMINGTON,8/22/22,8:39 AM,3,,1,0,0,,S WICKENS ST,,,,,S WICKENS ST,W HENNESSEY ST,,,,N,,200,,39.12632535,-86.55273837,,,,,URBAN,N,N,N,,DAYLIGHT,CLEAR,DRY,,NO JUNCTION INVOLVED,,ASPHALT,UNSAFE SPEED,$2501 TO $5000,OPPOSITE DIRECTION SIDESWIPE,WHENNESSEYSTSWICKENSST,0,
BLOOMINGTON PD,B22-23613,MONROE,BLOOMINGTON,BLOOMINGTON,6/23/22,5:32 PM,2,,0,0,0,,I-69 SB ON-RAMP,,,,,I-69 SB ON-RAMP,STATE ROAD 45/46 BYPASS,,120,,Y,,0,,39.18342992,-86.55683766,INTERSTATE,,,,URBAN,N,N,N,,DAYLIGHT,CLEAR,DRY,,NO JUNCTION INVOLVED,,ASPHALT,FAILURE TO YIELD RIGHT OF WAY,$1001 TO $2500,SAME DIRECTION SIDESWIPE,STATEROAD45/46BYPASSI-69SBON-RAMP,0,
BLOOMINGTON PD,B22-27289,MONROE,BLOOMINGTON,BLOOMINGTON,7/16/22,9:35 PM,2,,0,0,0,,N WOODBURN AVE,,,,,N WOODBURN AVE,W 17TH ST,,,,Y,,0,,39.17901521,-86.53594441,LOCAL/CITY ROAD,,,,URBAN,N,N,N,,DARK (LIGHTED),CLEAR,DRY,,FOUR-WAY INTERSECTION,,CONCRETE,FAILURE TO YIELD RIGHT OF WAY,$10001 TO $25000,RIGHT ANGLE,W17THSTNWOODBURNAVE,0,
MONROE SD,M22A21112,MONROE,VAN BUREN,BLOOMINGTON,8/28/22,6:25 PM,2,,0,0,0,,S HARMONY ROAD,,,,,S HARMONY ROAD,KOONTZ ROAD,,,,N,,500,,39.079143,-86.630418,LOCAL/CITY ROAD,,,,RURAL,N,N,N,,DAYLIGHT,CLEAR,DRY,,NO JUNCTION INVOLVED,,ASPHALT,LEFT OF CENTER,UNDER $1001,OPPOSITE DIRECTION SIDESWIPE,SHARMONYROADKOONTZROAD,0,
MONROE SD,M22A18631,MONROE,,,8/1/22,12:33 PM,2,,0,0,0,1600,1600 E HILLSIDE DR,,,,,1600 E HILLSIDE DR,,,,,Y,,0,,39.15049982,-86.51361173,,,,,URBAN,N,N,N,,DAYLIGHT,CLEAR,DRY,,NO JUNCTION INVOLVED,,ASPHALT,OTHER (DRIVER) - EXPLAIN IN NARRATIVE,$1001 TO $2500,OTHER - EXPLAIN IN NARRATIVE,1600EHILLSIDEDR,0,
INDIANA UNIV BLOOMINGTON PD,223198,MONROE,BLOOMINGTON,BLOOMINGTON,9/9/22,8:15 PM,1,,1,0,0,,E 10TH ST,,,,,E 10TH ST,,,,,Y,,0,,39.17163421,-86.51096932,PRIVATE DRIVE,,,,URBAN,N,N,N,,DARK (NOT LIGHTED),CLEAR,DRY,,NO JUNCTION INVOLVED,,ASPHALT,FAILURE TO YIELD RIGHT OF WAY,$1001 TO $2500,LEFT TURN,E10THST,1,
MONROE SD,M22A8036,MONROE,RICHLAND,BLOOMINGTON,4/9/22,9:17 PM,1,,0,0,0,,W WOODYARD RD,,,,,W WOODYARD RD,N SMITH PIKE,,,,N,,0,,39.19065199,-86.58313284,LOCAL/CITY ROAD,,,,URBAN,N,N,Y,WORK ON SHOULDER,DARK (NOT LIGHTED),CLEAR,DRY,,T-INTERSECTION,,ASPHALT,UNSAFE SPEED,$2501 TO $5000,RAN OFF ROAD,WWOODYARDRDNSMITHPIKE,0,
INDIANA UNIV BLOOMINGTON PD,223631,MONROE,BLOOMINGTON,BLOOMINGTON,9/28/22,2:55 PM,2,,0,0,0,1320,EAST 10TH STREET,,,,,EAST 10TH STREET,,,,,Y,,0,,39.17006039,-86.51669001,PRIVATE DRIVE,,,,URBAN,N,N,N,,DAYLIGHT,CLEAR,DRY,,NO JUNCTION INVOLVED,,ASPHALT,UNSAFE SPEED,$5001 TO $10000,BACKING CRASH,EAST10THSTREET,0,
BLOOMINGTON PD,B22-05053,MONROE,BLOOMINGTON,BLOOMINGTON,2/14/22,7:14 PM,1,,0,0,0,,2200 S. WALNUT ST.,,,,,2200 S. WALNUT ST.,,,,,Y,,0,,39.14031716,-86.53126627,LOCAL/CITY ROAD,,,,URBAN,N,N,N,,DARK (LIGHTED),CLOUDY,DRY,,NO JUNCTION INVOLVED,,ASPHALT,DRIVER DISTRACTED - EXPLAIN IN NARRATIVE,$10001 TO $25000,COLLISION WITH OBJECT IN ROAD,2200S.WALNUTST.,0,
BLOOMINGTON PD,B22-04500,MONROE,PERRY,BLOOMINGTON,2/9/22,10:23 AM,2,,0,0,0,,E COVENANTER DR,,,,,E COVENANTER DR,S COLLEGE MALL RD,,,,Y,,0,,39.15516457,-86.49742088,LOCAL/CITY ROAD,,,,URBAN,N,N,N,,DAYLIGHT,CLEAR,ICE,,FOUR-WAY INTERSECTION,,ASPHALT,FAILURE TO YIELD RIGHT OF WAY,$2501 TO $5000,RIGHT ANGLE,SCOLLEGEMALLRDECOVENANTERDR,0,
BLOOMINGTON PD,B22-13575,MONROE,BLOOMINGTON,BLOOMINGTON,4/18/22,5:44 AM,4,,1,0,0,,W S.R. 45/46,,,,,W S.R. 45/46,N OLD STATE ROAD 37,,,,Y,,53,,39.18640979,-86.53498954,STATE ROAD,,,,RURAL,N,N,N,,DAYLIGHT,RAIN,WET,,NO JUNCTION INVOLVED,,CONCRETE,FOLLOWING TOO CLOSELY,$10001 TO $25000,REAR END,WS.R.45/46NOLDSTATEROAD37,0,
ELLETTSVILLE PD,E2200501,MONROE,RICHLAND,ELLETTSVILLE,2/8/22,3:29 AM,3,0,0,0,0,,,,SR46W,,,SR46W,GRANT,,,,Y,,100,W,39.24584897,-86.63834366,STATE ROAD,,N,N,URBAN,N,N,N,,DAYLIGHT,CLEAR,DRY,,NO JUNCTION INVOLVED,STRAIGHT/HILLCREST,ASPHALT,FOLLOWING TOO CLOSELY,$2501 TO $5000,REAR END,GRANTSTSR46W,0,LANE CONTROL
BLOOMINGTON PD,B22-14453,MONROE,BLOOMINGTON,BLOOMINGTON,4/23/22,11:20 AM,2,,0,0,0,,S PETE ELLIS DR,,,,,S PETE ELLIS DR,E 3RD ST,,,,Y,,0,,39.16432077,-86.49498886,STATE ROAD,,,,URBAN,N,N,N,,DAYLIGHT,CLEAR,DRY,,T-INTERSECTION,,ASPHALT,FAILURE TO YIELD RIGHT OF WAY,$5001 TO $10000,HEAD ON BETWEEN TWO MOTOR VEHICLES,SPETEELLISDRE3RDST,0,
BLOOMINGTON PD,B22-31670,MONROE,PERRY,BLOOMINGTON,8/15/22,11:18 AM,2,,0,0,0,2966,E 3RD ST,,,,,E 3RD ST,,,,,Y,,0,,39.1627229,-86.49411436,PRIVATE DRIVE,,,,URBAN,N,N,N,,DAYLIGHT,CLOUDY,DRY,,NO JUNCTION INVOLVED,,ASPHALT,OVERCORRECTING/OVERSTEERING,$2501 TO $5000,SAME DIRECTION SIDESWIPE,E3RDST,0,
ELLETTSVILLE PD,E2202079,MONROE,RICHLAND,ELLETTSVILLE,6/5/22,6:15 PM,2,,0,0,0,,STATE HIGH 46,,,,,STATE HIGH 46,UNIONVALLEY RD,,,,Y,,0,,39.2153592,-86.5930113,STATE ROAD,,,,URBAN,N,N,N,,DAYLIGHT,CLEAR,DRY,,FOUR-WAY INTERSECTION,,ASPHALT,FOLLOWING TOO CLOSELY,$1001 TO $2500,REAR END,UNIONVALLEYRDSTATEHIGH46,0,
ELLETTSVILLE PD,E22-03827,MONROE,RICHLAND,ELLETTSVILLE,9/25/22,11:07 AM,2,,0,0,0,,TEMPERANCE ST,,,,,TEMPERANCE ST,SALE ST,,,,Y,,0,,39.233762,-86.624752,LOCAL/CITY ROAD,,,,URBAN,N,N,N,,DAYLIGHT,CLEAR,DRY,,T-INTERSECTION,,ASPHALT,FAILURE TO YIELD RIGHT OF WAY,$1001 TO $2500,SAME DIRECTION SIDESWIPE,TEMPERANCESTSALEST,0,
BLOOMINGTON PD,B22-13879,MONROE,BLOOMINGTON,BLOOMINGTON,4/20/22,4:09 PM,2,,0,0,0,,STATE RD 46,,,,,STATE RD 46,N KINSER PIKE,,,,Y,,200,,39.18669956,-86.5390196,LOCAL/CITY ROAD,,,,URBAN,N,N,N,,DAYLIGHT,CLEAR,DRY,,NO JUNCTION INVOLVED,,ASPHALT,FAILURE TO YIELD RIGHT OF WAY,$1001 TO $2500,REAR END,STATERD46NKINSERPIKE,0,
BLOOMINGTON PD,B22-24201,MONROE,BLOOMINGTON,BLOOMINGTON,6/27/22,4:59 PM,1,,0,0,0,,S LANDMARK AVE,,,,,S LANDMARK AVE,W 3RD ST,,,,Y,,0,,39.16430483,-86.55636139,LOCAL/CITY ROAD,,,,URBAN,N,N,N,,DAYLIGHT,CLEAR,DRY,,FOUR-WAY INTERSECTION,,ASPHALT,DISREGARD SIGNAL/REG SIGN,$1001 TO $2500,SAME DIRECTION SIDESWIPE,W3RDSTSLANDMARKAVE,1,
BLOOMINGTON PD,B22-24166,MONROE,BLOOMINGTON,BLOOMINGTON,6/27/22,12:30 PM,2,,1,0,0,3307,W 3RD ST,,,,,W 3RD ST,,,,,Y,,0,,39.1634924,-86.57497035,PRIVATE DRIVE,,,,URBAN,N,N,N,,DAYLIGHT,CLEAR,DRY,,NO JUNCTION INVOLVED,,ASPHALT,FAILURE TO YIELD RIGHT OF WAY,$2501 TO $5000,REAR TO REAR,W3RDST,0,