Agency,Local Code,County,Township,City,Collision Date,Collision Time,Vehicles Involved,Trailers Involved,Number Injured,Number Dead,Number Deer,House Number,Roadway Name,Roadway Suffix,Roadway Number,Roadway Interchange,Roadway Ramp,Roadway Id,Intersecting Road,Intersecting Road Number,Mile Marker,Interchange,Corporate Limits?,Property Type,Feet From,Direction,Latitude,Longitude,Roadway Class,Traffic Control Devices?,Aggressive Driving?,Hit and Run?,Locality,School Zone?,Rumble Strips?,Construction?,Construction Type,Light Condition,Weather Conditions,Surface Condition,Type of Median,Roadway Junction Type,Road Character,Roadway Surface,Primary Factor,Damage Estimate,Manner of Collision,Unique Location Id,State Property Damage?,Traffic Control
MONROE SD,M22A19892,MONROE,PERRY,BLOOMINGTON,8/15/22,6:38 AM,2,,0,0,0,,S STATE RD 37,,,,,S STATE RD 37,S OLD SR 37,,,,N,,0,,39.08550871,-86.54253074,STATE ROAD,,,,RURAL,N,Y,N,,DARK (NOT LIGHTED),CLEAR,DRY,,FOUR-WAY INTERSECTION,,ASPHALT,FOLLOWING TOO CLOSELY,$1001 TO $2500,REAR END,SSTATERD37SOLDSR37,0,
BLOOMINGTON PD,B22-05040,MONROE,PERRY,,2/14/22,4:33 PM,2,,0,0,0,,S ROGERS ST,,,,,S ROGERS ST,W COUNTRY CLUB,,,,Y,,0,,39.13591885,-86.5382167,LOCAL/CITY ROAD,,,,URBAN,N,N,N,,DAYLIGHT,CLEAR,DRY,,FOUR-WAY INTERSECTION,,ASPHALT,FAILURE TO YIELD RIGHT OF WAY,$5001 TO $10000,LEFT TURN,WCOUNTRYCLUBSROGERSST,0,
INDIANA UNIV BLOOMINGTON PD,223654,MONROE,BLOOMINGTON,BLOOMINGTON,9/29/22,12:53 PM,1,,1,0,0,,E 10TH ST,,,,,E 10TH ST,N UNION ST,,1,,Y,,170,,39.17155955,-86.5101049,LOCAL/CITY ROAD,,,,URBAN,N,N,N,,DAYLIGHT,CLEAR,DRY,,NO JUNCTION INVOLVED,,ASPHALT,PEDESTRIAN ACTION,UNDER $1001,RIGHT ANGLE,NUNIONSTE10THST,1,
BLOOMINGTON PD,B22-18529,MONROE,PERRY,BLOOMINGTON,5/20/22,11:00 AM,2,,0,0,0,,E. DODDS ST,,,,,E. DODDS ST,S. LINCOLN ST,,,,Y,,0,,39.157369,-86.531301,LOCAL/CITY ROAD,,,,URBAN,N,N,N,,DAYLIGHT,CLEAR,DRY,,FOUR-WAY INTERSECTION,,ASPHALT,IMPROPER PASSING,$2501 TO $5000,SAME DIRECTION SIDESWIPE,S.LINCOLNSTE.DODDSST,0,
BLOOMINGTON PD,B22-22975,MONROE,BLOOMINGTON,BLOOMINGTON,6/19/22,10:36 AM,2,,0,0,0,,E 17TH ST,,,,,E 17TH ST,N WALNUT ST,,,,Y,,0,,39.17898471,-86.53349108,LOCAL/CITY ROAD,,,,URBAN,N,N,N,,DAYLIGHT,CLEAR,DRY,,FOUR-WAY INTERSECTION,,ASPHALT,FOLLOWING TOO CLOSELY,$2501 TO $5000,REAR END,NWALNUTSTE17THST,0,
INDIANA UNIV BLOOMINGTON PD,221543,MONROE,BLOOMINGTON,BLOOMINGTON,4/22/22,4:00 PM,2,,0,0,0,,N FEE LN,,,,,N FEE LN,N JORDAN AVE,,,,Y,,0,,39.18240177,-86.5191882,LOCAL/CITY ROAD,,,,URBAN,N,N,N,,DAYLIGHT,CLEAR,DRY,,NO JUNCTION INVOLVED,,ASPHALT,IMPROPER TURNING,$2501 TO $5000,LEFT TURN,NJORDANAVENFEELN,0,
BLOOMINGTON PD,B22-38427,MONROE,BLOOMINGTON,BLOOMINGTON,9/22/22,4:10 PM,2,,0,0,0,3021,E 3RD ST,,,,,E 3RD ST,,,,,Y,,0,,39.16450724,-86.49345107,PRIVATE DRIVE,,,,URBAN,N,N,N,,DAYLIGHT,CLEAR,DRY,,NO JUNCTION INVOLVED,,ASPHALT,UNSAFE LANE MOVEMENT,$2501 TO $5000,BACKING CRASH,E3RDST,0,
INDIANA UNIV BLOOMINGTON PD,221600,MONROE,BLOOMINGTON,BLOOMINGTON,4/25/22,2:50 PM,2,,0,0,0,,S JORDAN AVE,,,,,S JORDAN AVE,N JORDAN AVE,,,,Y,,0,,39.1661425,-86.51644296,LOCAL/CITY ROAD,,,,URBAN,N,N,N,,DAYLIGHT,CLOUDY,DRY,,NO JUNCTION INVOLVED,,ASPHALT,FOLLOWING TOO CLOSELY,UNDER $1001,REAR END,SJORDANAVENJORDANAVE,0,
BLOOMINGTON PD,B22-08426,MONROE,VAN BUREN,BLOOMINGTON,3/13/22,5:24 AM,3,,3,0,0,,STATE RD 45,,,,,STATE RD 45,W BLOOMFIELD RD,,,,N,,0,,39.14664537,-86.57457448,STATE ROAD,,,,URBAN,N,N,N,,DAYLIGHT,CLEAR,DRY,,FOUR-WAY INTERSECTION,,ASPHALT,DISREGARD SIGNAL/REG SIGN,$5001 TO $10000,RIGHT ANGLE,WBLOOMFIELDRDSTATERD45,0,
BLOOMINGTON PD,B22-36098,MONROE,PERRY,BLOOMINGTON,9/8/22,3:05 PM,2,,0,0,0,,WALNUT ST.,,,,,WALNUT ST.,W COUNTRY CLUB DR,,,,Y,,0,,39.13598628,-86.53111707,LOCAL/CITY ROAD,,,,URBAN,N,N,N,,DAYLIGHT,CLEAR,DRY,,FOUR-WAY INTERSECTION,,ASPHALT,FOLLOWING TOO CLOSELY,$2501 TO $5000,REAR END,WALNUTST.WCOUNTRYCLUBDR,0,
MONROE SD,M22A9536,MONROE,PERRY,BLOOMINGTON,4/27/22,7:23 AM,2,,0,0,0,,W CHURCH LN,,,,,W CHURCH LN,S COLLEGE DR,,,,N,,0,,39.107275,-86.535093,LOCAL/CITY ROAD,,,,URBAN,N,N,N,,DAYLIGHT,CLEAR,DRY,,T-INTERSECTION,,ASPHALT,FAILURE TO YIELD RIGHT OF WAY,$10001 TO $25000,RIGHT ANGLE,WCHURCHLNSCOLLEGEDR,0,
BLOOMINGTON PD,B22-23186,MONROE,BLOOMINGTON,BLOOMINGTON,6/21/22,8:33 AM,2,,0,0,0,,N. WALNUT ST,,,,,N. WALNUT ST,E. 10TH ST,,,,Y,,0,,,,LOCAL/CITY ROAD,,,,URBAN,N,N,Y,LANE CLOSURE,DAYLIGHT,CLEAR,DRY,,FOUR-WAY INTERSECTION,,ASPHALT,UNSAFE LANE MOVEMENT,$2501 TO $5000,SAME DIRECTION SIDESWIPE,N.WALNUTSTE.10THST,0,
ISP BLOOMINGTON 33,2.022E+11,MONROE,VAN BUREN,BLOOMINGTON,4/21/22,10:08 AM,2,,0,0,0,,W STATE RD 45,,,,,W STATE RD 45,S BREEDEN RD,,,,N,,0,,39.08677823,-86.67187856,STATE ROAD,,,,RURAL,N,N,Y,INTERMITTENT OR MOVING WORK,DAYLIGHT,RAIN,WET,,T-INTERSECTION,,ASPHALT,UNSAFE SPEED,$5001 TO $10000,REAR END,WSTATERD45SBREEDENRD,0,
ELLETTSVILLE PD,E2201659,MONROE,RICHLAND,ELLETTSVILLE,5/3/22,2:49 PM,2,0,0,0,0,,,,SR46W,,,SR46W,SALE,,,,Y,,,,39.23384,-86.624704,STATE ROAD,Y,N,N,URBAN,N,N,N,,DAYLIGHT,CLEAR,DRY,,FOUR-WAY INTERSECTION,STRAIGHT/LEVEL,ASPHALT,UNSAFE BACKING,UNDER $1001,BACKING CRASH,SALESTSR46W,0,TRAFFIC CONTROL SIGNAL
ELLETTSVILLE PD,E2201200,MONROE,RICHLAND,ELLETTSVILLE,4/4/22,2:21 PM,2,0,0,0,0,,,,SR46W,,,SR46W,LAKEVIEW,,,,Y,,,,39.221152,-86.6056,STATE ROAD,,N,N,URBAN,N,Y,N,,DAYLIGHT,CLEAR,DRY,,NO JUNCTION INVOLVED,STRAIGHT/LEVEL,ASPHALT,FAILURE TO YIELD RIGHT OF WAY,$10001 TO $25000,LEFT TURN,LAKEVIEWDRSR46W,0,STOP SIGN
BLOOMINGTON PD,B22-48021,MONROE,BLOOMINGTON,BLOOMINGTON,11/17/22,9:00 PM,2,,1,0,0,,E 3RD ST,,,,,E 3RD ST,SOUTH COLLEGE MALL ROAD,,,,Y,,0,,39.16428502,-86.49829163,,,,,URBAN,N,N,N,,DARK (NOT LIGHTED),CLEAR,DRY,,FOUR-WAY INTERSECTION,,ASPHALT,FOLLOWING TOO CLOSELY,UNDER $1001,REAR END,SOUTHCOLLEGEMALLROADE3RDST,0,
BLOOMINGTON PD,B22-52271,MONROE,PERRY,BLOOMINGTON,12/16/22,3:19 PM,2,,0,0,0,,S HENDERSON ST,,,,,S HENDERSON ST,E SOUTHERN DR,,,,Y,,0,,39.14975923,-86.52694133,LOCAL/CITY ROAD,,,,URBAN,N,N,N,,DAYLIGHT,CLOUDY,DRY,,T-INTERSECTION,,ASPHALT,FOLLOWING TOO CLOSELY,$1001 TO $2500,REAR END,SHENDERSONSTESOUTHERNDR,0,
MONROE SD,M22A28337,MONROE,BEAN BLOSSOM,BLOOMINGTON,11/18/22,3:50 PM,2,,0,0,0,,W STATE RD 46,,,,,W STATE RD 46,CENTENNIAL DR,,,,N,,634,,39.20918254,-86.58172525,STATE ROAD,,,,URBAN,N,N,N,,DAYLIGHT,CLOUDY,DRY,,NO JUNCTION INVOLVED,,ASPHALT,FAILURE TO YIELD RIGHT OF WAY,$2501 TO $5000,LEFT/RIGHT TURN,WSTATERD46CENTENNIALDR,0,
BLOOMINGTON PD,B22-45246,MONROE,,BLOOMINGTON,10/29/22,9:52 PM,2,,0,0,0,,E 7TH ST,,,,,E 7TH ST,N DUNN ST,,,,Y,,0,,39.168516,-86.52827,,,,,URBAN,N,N,N,,DARK (LIGHTED),CLEAR,DRY,,FOUR-WAY INTERSECTION,,ASPHALT,DISREGARD SIGNAL/REG SIGN,$10001 TO $25000,RIGHT ANGLE,NDUNNSTE7THST,0,
INDIANA UNIV BLOOMINGTON PD,224824,MONROE,BLOOMINGTON,BLOOMINGTON,12/8/22,8:10 PM,2,,0,0,0,,E 10TH ST,,,,,E 10TH ST,E 10TH ST,,,,Y,,0,,39.1719588,-86.50248743,STATE ROAD,,,,URBAN,N,N,N,,DARK (NOT LIGHTED),RAIN,WET,,FOUR-WAY INTERSECTION,,ASPHALT,FOLLOWING TOO CLOSELY,$2501 TO $5000,REAR END,E10THSTE10THST,0,
MONROE SD,M22A25916,MONROE,WASHINGTON,BLOOMINGTON,10/22/22,5:00 AM,1,,0,0,1,,W SYLVAN LN,,,,,W SYLVAN LN,SYLVAN LN,,,,N,,0,,39.30853089,-86.51582129,LOCAL/CITY ROAD,,,,RURAL,N,N,N,,DARK (NOT LIGHTED),CLEAR,DRY,,NO JUNCTION INVOLVED,,ASPHALT,ANIMAL/OBJECT IN ROADWAY,$2501 TO $5000,COLLISION WITH DEER,WSYLVANLNSYLVANLN,0,
MONROE SD,M22A26191,MONROE,RICHLAND,ELLETTSVILLE,10/25/22,10:30 AM,1,,0,0,0,,N WILLOW BEND,,,,,N WILLOW BEND,N CRESTWOOD DR,,,,Y,,0,,39.21733404,-86.59398418,PRIVATE DRIVE,,,,URBAN,N,N,N,,DAYLIGHT,CLOUDY,DRY,,NO JUNCTION INVOLVED,,ASPHALT,OTHER (VEHICLE) - EXPLAIN IN NARRATIVE,$2501 TO $5000,OTHER - EXPLAIN IN NARRATIVE,NWILLOWBENDNCRESTWOODDR,0,
BLOOMINGTON PD,B22-45463,MONROE,PERRY,BLOOMINGTON,10/31/22,10:57 AM,1,,0,0,0,,S. HIGH ST.,,,,,S. HIGH ST.,E. ATWATER ST,,,,Y,,200,,39.1632665,-86.5272601,LOCAL/CITY ROAD,,,,URBAN,Y,N,N,,DAYLIGHT,RAIN,WET,,NO JUNCTION INVOLVED,,ASPHALT,DRIVER DISTRACTED - EXPLAIN IN NARRATIVE,$5001 TO $10000,NON-COLLISION,S.HIGHST.E.ATWATERST,0,
BLOOMINGTON PD,B22-48782,MONROE,BLOOMINGTON,BLOOMINGTON,11/22/22,11:24 PM,1,,0,0,0,,S MADISON ST,,,,,S MADISON ST,W 3RD ST,,,,Y,,0,,39.16463441,-86.53740498,LOCAL/CITY ROAD,,,,URBAN,N,N,N,,DARK (NOT LIGHTED),CLEAR,DRY,,NO JUNCTION INVOLVED,,ASPHALT,OTHER (DRIVER) - EXPLAIN IN NARRATIVE,$2501 TO $5000,RAN OFF ROAD,W3RDSTSMADISONST,0,
BLOOMINGTON PD,B22-45454,MONROE,BLOOMINGTON,BLOOMINGTON,10/31/22,9:25 AM,2,,0,0,0,,S WALNUT ST.,,,,,S WALNUT ST.,E MILLER DR.,,,,Y,,0,,39.146897,-86.532597,LOCAL/CITY ROAD,,,,URBAN,N,N,N,,DAYLIGHT,CLOUDY,WET,,T-INTERSECTION,,ASPHALT,DISREGARD SIGNAL/REG SIGN,$1001 TO $2500,RIGHT ANGLE,SWALNUTST.EMILLERDR.,0,
BLOOMINGTON PD,B22-47799,MONROE,PERRY,BLOOMINGTON,11/16/22,11:59 AM,2,,1,0,0,,E RHORER RD,,,,,E RHORER RD,S SARE RD,,,,Y,,600,,39.12146279,-86.51309352,LOCAL/CITY ROAD,,,,URBAN,N,N,N,,DAYLIGHT,SNOW,WET,,NO JUNCTION INVOLVED,,ASPHALT,FOLLOWING TOO CLOSELY,$5001 TO $10000,REAR END,SSARERDERHORERRD,0,
MONROE SD,M22A27488,MONROE,PERRY,BLOOMINGTON,11/8/22,6:51 PM,2,,0,0,0,,S OLD STATE ROAD 37,,,,,S OLD STATE ROAD 37,E EMPIRE MILL RD,,,,N,,0,,39.08618505,-86.54221662,LOCAL/CITY ROAD,,,,RURAL,N,N,N,,DARK (NOT LIGHTED),CLEAR,DRY,,T-INTERSECTION,,ASPHALT,FAILURE TO YIELD RIGHT OF WAY,$5001 TO $10000,RIGHT ANGLE,SOLDSTATEROAD37EEMPIREMILLRD,0,
BLOOMINGTON PD,B22-52945,MONROE,PERRY,BLOOMINGTON,12/21/22,10:12 AM,2,,1,0,0,,S. COLLEGE AVE,,,,,S. COLLEGE AVE,W. 1ST ST,,,,Y,,0,,39.159376,-86.534971,LOCAL/CITY ROAD,,,,URBAN,N,N,N,,DAYLIGHT,CLEAR,DRY,,FOUR-WAY INTERSECTION,,ASPHALT,DISREGARD SIGNAL/REG SIGN,$5001 TO $10000,RIGHT ANGLE,W.1STSTS.COLLEGEAVE,0,
BLOOMINGTON PD,B22-47998,MONROE,BLOOMINGTON,BLOOMINGTON,11/17/22,6:04 PM,2,,0,0,0,,STATE ROAD 45/46 BYPASS,,,,,STATE ROAD 45/46 BYPASS,N WALNUT ST,,,,Y,,0,,39.18640298,-86.53508172,STATE ROAD,,,,URBAN,N,N,N,,DARK (LIGHTED),CLEAR,DRY,,NO JUNCTION INVOLVED,,ASPHALT,FOLLOWING TOO CLOSELY,$10001 TO $25000,REAR END,STATEROAD45/46BYPASSNWALNUTST,0,
BLOOMINGTON PD,B22-44034,MONROE,PERRY,BLOOMINGTON,10/23/22,9:15 AM,2,,0,0,0,300,S COLLEGE MALL RD,,,,,S COLLEGE MALL RD,,,,,Y,,0,,39.16355899,-86.49858184,PRIVATE DRIVE,,,,URBAN,N,N,N,,DAYLIGHT,CLEAR,DRY,,NO JUNCTION INVOLVED,,ASPHALT,FAILURE TO YIELD RIGHT OF WAY,$5001 TO $10000,RIGHT ANGLE,SCOLLEGEMALLRD,0,
ELLETTSVILLE PD,E22-04384,MONROE,RICHLAND,ELLETTSVILLE,10/24/22,2:44 PM,2,,0,0,0,,W ASSOCIATION ST,,,,,W ASSOCIATION ST,S SALE ST,,,,Y,,0,,39.23307251,-86.62541497,LOCAL/CITY ROAD,,,,URBAN,N,N,N,,DAYLIGHT,CLEAR,DRY,,FOUR-WAY INTERSECTION,,CONCRETE,OTHER (DRIVER) - EXPLAIN IN NARRATIVE,$10001 TO $25000,RIGHT ANGLE,WASSOCIATIONSTSSALEST,0,
BLOOMINGTON PD,B22-41204,MONROE,PERRY,BLOOMINGTON,10/7/22,2:00 AM,1,,0,0,0,3100,S WALNUT ST,,,,,S WALNUT ST,,,,,Y,,0,,39.12955001,-86.53140678,LOCAL/CITY ROAD,,,,URBAN,N,N,N,,DARK (LIGHTED),CLOUDY,DRY,,NO JUNCTION INVOLVED,,ASPHALT,UNSAFE BACKING,$5001 TO $10000,BACKING CRASH,SWALNUTST,0,
BLOOMINGTON PD,B22-45524,MONROE,PERRY,BLOOMINGTON,10/31/22,5:24 PM,2,,0,0,0,2966,E 3RD STREET,,,,,E 3RD STREET,,,,,Y,,0,,39.1631064,-86.49384698,PRIVATE DRIVE,,,,URBAN,N,N,N,,DAYLIGHT,CLOUDY,WET,,NO JUNCTION INVOLVED,,ASPHALT,IMPROPER TURNING,$1001 TO $2500,SAME DIRECTION SIDESWIPE,E3RDSTREET,0,
BLOOMINGTON PD,B22-49589,MONROE,PERRY,BLOOMINGTON,11/29/22,6:16 PM,2,,0,0,0,,612 S STATE RD 446,,,,,612 S STATE RD 446,,,,,Y,,0,,39.16098083,-86.47205419,PRIVATE DRIVE,,,,URBAN,N,N,N,,UNKNOWN,CLOUDY,DRY,,NO JUNCTION INVOLVED,,ASPHALT,IMPROPER TURNING,$1001 TO $2500,SAME DIRECTION SIDESWIPE,612SSTATERD446,0,
MONROE SD,M22A30056,MONROE,BLOOMINGTON,BLOOMINGTON,12/8/22,9:20 AM,3,,0,0,0,,,,,,,,,,,,Y,,0,,39.15884133,-86.57583795,LOCAL/CITY ROAD,,,,URBAN,N,N,N,,DAYLIGHT,RAIN,WET,,T-INTERSECTION,,ASPHALT,FOLLOWING TOO CLOSELY,$5001 TO $10000,REAR END,,0,
MONROE SD,M22A27080,MONROE,VAN BUREN,BLOOMINGTON,11/3/22,6:48 PM,2,,0,0,0,4100,W PROFILE PKWY,,,,,W PROFILE PKWY,,,,,N,,0,,39.17241967,-86.58984194,PRIVATE DRIVE,,,,RURAL,N,N,N,,DAYLIGHT,CLEAR,DRY,,NO JUNCTION INVOLVED,,CONCRETE,OTHER (DRIVER) - EXPLAIN IN NARRATIVE,UNDER $1001,BACKING CRASH,WPROFILEPKWY,0,
BLOOMINGTON PD,B22-52841,MONROE,PERRY,BLOOMINGTON,12/20/22,4:03 PM,2,,1,0,0,,E HILLSIDE DR,,,,,E HILLSIDE DR,S WOODLAWN AVE,,,,Y,,0,,39.1505346,-86.52269169,LOCAL/CITY ROAD,,,,URBAN,N,N,N,,DAYLIGHT,CLEAR,DRY,,FOUR-WAY INTERSECTION,,ASPHALT,FOLLOWING TOO CLOSELY,$5001 TO $10000,REAR END,SWOODLAWNAVEEHILLSIDEDR,0,
INDIANA UNIV BLOOMINGTON PD,224114,MONROE,BLOOMINGTON,BLOOMINGTON,10/25/22,5:15 PM,3,,0,0,0,,STATE RD 45/46 BYPASS,,,,,STATE RD 45/46 BYPASS,EAST DISCOVERY PKWY,,,,Y,,581,,39.17437338,-86.50388093,STATE ROAD,,,,URBAN,N,N,N,,DAYLIGHT,RAIN,WET,,NO JUNCTION INVOLVED,,ASPHALT,SPEED TOO FAST FOR WEATHER CONDITIONS,$5001 TO $10000,REAR END,STATERD45/46BYPASSEASTDISCOVERYPKWY,0,
BLOOMINGTON PD,B22-47523,MONROE,BLOOMINGTON,BLOOMINGTON,11/14/22,10:38 AM,2,,0,0,0,,S COLLEGE AVE,,,,,S COLLEGE AVE,W KIRKWOOD AVE,,,,Y,,0,,39.16653986,-86.53487269,LOCAL/CITY ROAD,,,,URBAN,N,N,N,,DAYLIGHT,CLEAR,DRY,,FOUR-WAY INTERSECTION,,ASPHALT,FAILURE TO YIELD RIGHT OF WAY,$2501 TO $5000,SAME DIRECTION SIDESWIPE,WKIRKWOODAVESCOLLEGEAVE,0,
BLOOMINGTON PD,B22-44453,MONROE,PERRY,BLOOMINGTON,10/25/22,4:36 PM,3,,0,0,0,,E 2ND ST,,,,,E 2ND ST,S FESS AVE,,,,Y,,0,,39.161324,-86.525936,LOCAL/CITY ROAD,,,,URBAN,N,N,N,,DAYLIGHT,RAIN,WET,,NO JUNCTION INVOLVED,,ASPHALT,SPEED TOO FAST FOR WEATHER CONDITIONS,$5001 TO $10000,SAME DIRECTION SIDESWIPE,SFESSAVEE2NDST,0,
MONROE SD,M22A25650,MONROE,BLOOMINGTON,BLOOMINGTON,10/19/22,2:46 AM,1,,0,0,1,,W BLOOMFIELD RD,,,,,W BLOOMFIELD RD,S LANDMARK AVE,,,,Y,,0,,39.15984267,-86.55398549,LOCAL/CITY ROAD,,,,URBAN,N,N,N,,DARK (LIGHTED),CLEAR,DRY,,NO JUNCTION INVOLVED,,ASPHALT,ANIMAL/OBJECT IN ROADWAY,$2501 TO $5000,COLLISION WITH DEER,WBLOOMFIELDRDSLANDMARKAVE,0,
BLOOMINGTON PD,B22-47042,MONROE,BLOOMINGTON,BLOOMINGTON,11/10/22,4:22 PM,2,,0,0,0,,S CURRY PIKE,,,,,S CURRY PIKE,W 3RD ST,,,,Y,,0,,39.16467084,-86.58293135,LOCAL/CITY ROAD,,,,URBAN,N,N,N,,DAYLIGHT,CLEAR,DRY,,FOUR-WAY INTERSECTION,,ASPHALT,FAILURE TO YIELD RIGHT OF WAY,$5001 TO $10000,HEAD ON BETWEEN TWO MOTOR VEHICLES,W3RDSTSCURRYPIKE,0,
MONROE SD,M22A29269,MONROE,BLOOMINGTON,BLOOMINGTON,11/29/22,5:27 PM,2,,1,0,0,,W CURRY PIKE,,,,,W CURRY PIKE,STATE RD 46,,,,Y,,0,,39.19368717,-86.57109565,STATE ROAD,,,,URBAN,N,N,N,,DARK (NOT LIGHTED),CLEAR,DRY,,FOUR-WAY INTERSECTION,,ASPHALT,UNSAFE SPEED,UNDER $1001,REAR END,WCURRYPIKESTATERD46,0,
BLOOMINGTON PD,B22-45033,MONROE,PERRY,BLOOMINGTON,10/28/22,5:00 PM,2,,0,0,0,,S SARE RD,,,,,S SARE RD,E RHORER RD,,,,Y,,0,,39.1214988,-86.5115971,LOCAL/CITY ROAD,,,,URBAN,N,N,N,,DAYLIGHT,CLEAR,DRY,,T-INTERSECTION,,ASPHALT,FOLLOWING TOO CLOSELY,$1001 TO $2500,REAR END,SSARERDERHORERRD,0,
BLOOMINGTON PD,N22-44970,MONROE,PERRY,BLOOMINGTON,10/28/22,1:00 AM,2,,0,0,0,,S LINCOLN ST,,,,,S LINCOLN ST,E 2ND ST,,,,Y,,422,,39.16208883,-86.53122777,LOCAL/CITY ROAD,,,,URBAN,N,N,N,,DARK (LIGHTED),CLEAR,DRY,,NO JUNCTION INVOLVED,,ASPHALT,OTHER (DRIVER) - EXPLAIN IN NARRATIVE,$1001 TO $2500,OTHER - EXPLAIN IN NARRATIVE,SLINCOLNSTE2NDST,0,
MONROE SD,M22A29737,MONROE,VAN BUREN,BLOOMINGTON,12/5/22,7:06 AM,1,,0,0,1,,N HARTSTRAIT RD,,,,,N HARTSTRAIT RD,,,,,N,,0,,39.17530862,-86.61123223,COUNTY ROAD,,,,RURAL,N,N,N,,DARK (NOT LIGHTED),CLEAR,DRY,,NO JUNCTION INVOLVED,,ASPHALT,ANIMAL/OBJECT IN ROADWAY,$5001 TO $10000,COLLISION WITH DEER,NHARTSTRAITRD,0,
INDIANA UNIV BLOOMINGTON PD,224938,MONROE,BLOOMINGTON,BLOOMINGTON,12/15/22,5:27 PM,2,,0,0,0,,E LAW LN,,,,,E LAW LN,,,,,Y,,0,,39.1738635,-86.51069499,PRIVATE DRIVE,,,,URBAN,N,N,N,,DAWN/DUSK,CLEAR,DRY,,NO JUNCTION INVOLVED,,ASPHALT,UNSAFE BACKING,$2501 TO $5000,BACKING CRASH,ELAWLN,0,
BLOOMINGTON PD,B22-48534,MONROE,PERRY,BLOOMINGTON,11/21/22,5:48 PM,1,,0,0,1,,S WEIMER RD,,,,,S WEIMER RD,W SUDBURY DR,,,,Y,,0,,39.14737789,-86.56400951,LOCAL/CITY ROAD,,,,URBAN,N,N,N,,DAWN/DUSK,CLEAR,DRY,,NO JUNCTION INVOLVED,,ASPHALT,ANIMAL/OBJECT IN ROADWAY,$5001 TO $10000,COLLISION WITH DEER,WSUDBURYDRSWEIMERRD,0,
ISP BLOOMINGTON 33,2.022E+11,MONROE,CLEAR CREEK,BLOOMINGTON,10/14/22,11:07 AM,1,,1,0,0,,VALLEY MISSION RD,,,,,VALLEY MISSION RD,MONROE DAM RD,,,,N,,0,,39.0091989,-86.51009888,COUNTY ROAD,,,,RURAL,N,N,N,,DAYLIGHT,CLEAR,DRY,,T-INTERSECTION,,ASPHALT,FAILURE TO MAINTAIN LANE,$10001 TO $25000,RAN OFF ROAD,VALLEYMISSIONRDMONROEDAMRD,0,
BLOOMINGTON PD,B22-53235,MONROE,PERRY,BLOOMINGTON,12/23/22,3:18 PM,1,,0,0,0,,S ROGERS ST,,,,,S ROGERS ST,W 2ND ST,,,,Y,,0,,39.1615784,-86.53862393,LOCAL/CITY ROAD,,,,URBAN,N,N,N,,DAYLIGHT,SNOW,SNOW/SLUSH,,FOUR-WAY INTERSECTION,,ASPHALT,ROADWAY SURFACE CONDITION,$1001 TO $2500,RAN OFF ROAD,W2NDSTSROGERSST,0,
INDIANA UNIV BLOOMINGTON PD,224445,MONROE,BLOOMINGTON,BLOOMINGTON,11/11/22,11:40 AM,1,,1,0,0,,E ATWATER AVE,,,,,E ATWATER AVE,,,,,N,,200,,39.16326298,-86.52792122,LOCAL/CITY ROAD,,,,URBAN,N,N,N,,DAYLIGHT,CLOUDY,DRY,,NO JUNCTION INVOLVED,,ASPHALT,DRIVER ILLNESS,$5001 TO $10000,RAN OFF ROAD,EATWATERAVE,0,
ISP BLOOMINGTON 33,2.022E+11,MONROE,BLOOMINGTON,BLOOMINGTON,10/6/22,7:20 PM,1,,0,0,0,,I-69,,,,,I-69,,,,,N,,0,,39.24916112,-86.53115661,INTERSTATE,,,,RURAL,N,Y,N,,DARK (NOT LIGHTED),CLEAR,DRY,,NO JUNCTION INVOLVED,,CONCRETE,INSECURE/LEAKY LOAD,$1001 TO $2500,NON-COLLISION,I-69,0,
MONROE SD,M22A27096,MONROE,RICHLAND,BLOOMINGTON,11/4/22,9:51 AM,2,,0,0,0,900 N,CURRY PIKE,,,,,CURRY PIKE,,,,,N,,0,,39.17561031,-86.58128558,PRIVATE DRIVE,,,,URBAN,N,N,N,,DAYLIGHT,CLEAR,DRY,,NO JUNCTION INVOLVED,,ASPHALT,FAILURE TO MAINTAIN LANE,$5001 TO $10000,REAR END,CURRYPIKE,0,
ELLETTSVILLE PD,E22-05504,MONROE,RICHLAND,BLOOMINGTON,12/31/22,12:20 AM,1,,1,0,0,,W STATE RD 46,,,,,W STATE RD 46,N CURRY PIKE,,,,N,,1500,,39.19729513,-86.57361657,STATE ROAD,,,,RURAL,N,N,N,,DARK (NOT LIGHTED),RAIN,WET,,NO JUNCTION INVOLVED,,ASPHALT,OTHER (DRIVER) - EXPLAIN IN NARRATIVE,$10001 TO $25000,RAN OFF ROAD,WSTATERD46NCURRYPIKE,0,
ISP BLOOMINGTON 33,2.02201E+11,MONROE,SALT CREEK,BLOOMINGTON,12/20/22,9:50 AM,1,,0,0,0,,STATE RD 46,,,,,STATE RD 46,BROWN COUNTY LINE RD,,,,N,,53,,39.15263067,-86.37110722,STATE ROAD,,,,RURAL,N,N,N,,DAYLIGHT,CLEAR,DRY,,NO JUNCTION INVOLVED,,ASPHALT,FAILURE TO MAINTAIN LANE,$25001 TO $50000,RAN OFF ROAD,STATERD46BROWNCOUNTYLINERD,0,