Agency,Local Code,County,Township,City,Collision Date,Collision Time,Vehicles Involved,Trailers Involved,Number Injured,Number Dead,Number Deer,House Number,Roadway Name,Roadway Suffix,Roadway Number,Roadway Interchange,Roadway Ramp,Roadway Id,Intersecting Road,Intersecting Road Number,Mile Marker,Interchange,Corporate Limits?,Property Type,Feet From,Direction,Latitude,Longitude,Roadway Class,Traffic Control Devices?,Aggressive Driving?,Hit and Run?,Locality,School Zone?,Rumble Strips?,Construction?,Construction Type,Light Condition,Weather Conditions,Surface Condition,Type of Median,Roadway Junction Type,Road Character,Roadway Surface,Primary Factor,Damage Estimate,Manner of Collision,Unique Location Id,State Property Damage?,Traffic Control
BLOOMINGTON PD,B2234903,MONROE,BLOOMINGTON,BLOOMINGTON,9/1/22,10:45 PM,2,0,0,0,0,,10TH,ST,,,,10TH,DUNN,,,,Y,,50,W,39.17168441,-86.52843233,LOCAL/CITY ROAD,,N,N,URBAN,N,N,N,,DARK (LIGHTED),CLEAR,DRY,,NO JUNCTION INVOLVED,STRAIGHT/GRADE,ASPHALT,FOLLOWING TOO CLOSELY,$5001 TO $10000,REAR END,10THSTDUNNST,0,LANE CONTROL
BLOOMINGTON PD,B22-50479,MONROE,BLOOMINGTON,BLOOMINGTON,12/5/22,12:40 PM,2,,0,0,0,,2200 BLK N. WALNUT ST,,,,,2200 BLK N. WALNUT ST,SR 45/56,,,,Y,,1000,,0,0,LOCAL/CITY ROAD,,,,URBAN,N,N,N,,DAYLIGHT,CLOUDY,DRY,,NO JUNCTION INVOLVED,,ASPHALT,UNSAFE LANE MOVEMENT,$2501 TO $5000,SAME DIRECTION SIDESWIPE,SR45/562200BLKN.WALNUTST,0,
MONROE SD,M22A29509,MONROE,CLEAR CREEK,BLOOMINGTON,12/2/22,6:40 AM,1,,0,0,1,,S INTERSTATE 69,,,,,S INTERSTATE 69,,,,,N,,0,,39.08360897,-86.57668266,INTERSTATE,,,,URBAN,N,Y,N,,DARK (NOT LIGHTED),RAIN,WET,,NO JUNCTION INVOLVED,,ASPHALT,ANIMAL/OBJECT IN ROADWAY,$2501 TO $5000,COLLISION WITH DEER,SINTERSTATE69,0,
MONROE SD,M22A31179,MONROE,RICHLAND,BLOOMINGTON,12/24/22,12:54 PM,2,,0,0,0,,N UNION VALLEY,,,,,N UNION VALLEY,W MCNEELEY ST,,,,N,,0,,39.23699362,-86.59272311,LOCAL/CITY ROAD,,,,URBAN,N,N,N,,DAYLIGHT,CLEAR,SNOW/SLUSH,,NO JUNCTION INVOLVED,,ASPHALT,LEFT OF CENTER,$1001 TO $2500,OPPOSITE DIRECTION SIDESWIPE,WMCNEELEYSTNUNIONVALLEY,0,
MONROE SD,M22A31255,MONROE,PERRY,,12/26/22,4:23 AM,1,,0,0,1,,W FULLERTON PIKE,,,,,W FULLERTON PIKE,W SHAW RD,,,,N,,0,,39.11483759,-86.57038153,COUNTY ROAD,,,,URBAN,N,N,N,,DARK (NOT LIGHTED),CLEAR,WET,,NO JUNCTION INVOLVED,,ASPHALT,ANIMAL/OBJECT IN ROADWAY,$2501 TO $5000,COLLISION WITH DEER,WSHAWRDWFULLERTONPIKE,0,
BLOOMINGTON PD,B22-45719,MONROE,PERRY,BLOOMINGTON,11/1/22,5:13 PM,2,,1,0,0,,S ROGERS ST,,,,,S ROGERS ST,W CHEROKEE DR,,,,Y,,0,,39.14703855,-86.53886463,LOCAL/CITY ROAD,,,,URBAN,N,N,N,,DAYLIGHT,CLEAR,DRY,,FOUR-WAY INTERSECTION,,ASPHALT,FOLLOWING TOO CLOSELY,$2501 TO $5000,REAR END,WCHEROKEEDRSROGERSST,0,
INDIANA UNIV BLOOMINGTON PD,224323,MONROE,BLOOMINGTON,BLOOMINGTON,11/5/22,12:04 PM,2,,0,0,0,,N FEE LN,,,,,N FEE LN,DAVID BAKER AVE.,,,,Y,,300,,39.18139653,-86.51915736,LOCAL/CITY ROAD,,,,URBAN,N,N,N,,DAYLIGHT,CLOUDY,WET,,NO JUNCTION INVOLVED,,ASPHALT,FOLLOWING TOO CLOSELY,$5001 TO $10000,REAR END,NFEELNDAVIDBAKERAVE.,0,
MONROE SD,M22A27001,MONROE,VAN BUREN,STANFORD,11/3/22,9:10 AM,1,,0,0,0,,W HINDS RD,,,,,W HINDS RD,W KIRKSVILLE RD,,,,N,,2000,,39.090435,-86.663381,LOCAL/CITY ROAD,,,,RURAL,N,N,N,,DAYLIGHT,CLEAR,DRY,,NO JUNCTION INVOLVED,,ASPHALT,ANIMAL/OBJECT IN ROADWAY,$1001 TO $2500,COLLISION WITH ANIMAL OTHER,WKIRKSVILLERDWHINDSRD,0,
ISP BLOOMINGTON 33,2.022E+11,MONROE,CLEAR CREEK,BLOOMINGTON,11/1/22,8:00 AM,1,,0,0,1,,SR37,,,,,SR37,E SMITHVILLE RD,,,,N,,55,,39.07072429,-86.53611413,STATE ROAD,,,,RURAL,N,N,N,,DAWN/DUSK,CLOUDY,WET,,NO JUNCTION INVOLVED,,ASPHALT,ANIMAL/OBJECT IN ROADWAY,$5001 TO $10000,COLLISION WITH DEER,SR37ESMITHVILLERD,0,
BLOOMINGTON PD,B22-46635,MONROE,PERRY,BLOOMINGTON,11/7/22,12:05 PM,2,,0,0,0,,S WALNUT STREET,,,,,S WALNUT STREET,E WINSLOW ROAD,,,,Y,,0,,39.1359818,-86.5310843,LOCAL/CITY ROAD,,,,URBAN,N,N,N,,DAYLIGHT,CLEAR,DRY,,NO JUNCTION INVOLVED,,ASPHALT,IMPROPER LANE USAGE,$1001 TO $2500,SAME DIRECTION SIDESWIPE,SWALNUTSTREETEWINSLOWROAD,0,
BLOOMINGTON PD,B22-46538,MONROE,BLOOMINGTON,BLOOMINGTON,11/6/22,4:35 PM,1,,0,0,0,,N MORTON ST,,,,,N MORTON ST,W 10TH ST,,,,Y,,0,,39.171168,-86.53604679,LOCAL/CITY ROAD,,,,URBAN,N,N,N,,DAYLIGHT,CLEAR,DRY,,NO JUNCTION INVOLVED,,ASPHALT,OTHER (ENVIRONMENTAL) - EXPLAIN IN NARR,$2501 TO $5000,REAR END,W10THSTNMORTONST,0,
BLOOMINGTON PD,B22-46199,MONROE,RICHLAND,BLOOMINGTON,11/4/22,3:13 PM,2,,0,0,0,180,N GATES DR,,,,,N GATES DR,,,,,Y,,0,,39.16970998,-86.5760977,PRIVATE DRIVE,,,,URBAN,N,N,N,,DAYLIGHT,CLEAR,DRY,,NO JUNCTION INVOLVED,,ASPHALT,UNSAFE BACKING,$1001 TO $2500,REAR TO REAR,NGATESDR,0,
BLOOMINGTON PD,B22-52901,MONROE,BLOOMINGTON,BLOOMINGTON,12/20/22,11:55 PM,1,,1,0,0,,N WOODBRIDGE DR,,,,,N WOODBRIDGE DR,,,,,Y,,0,,39.17310935,-86.49248983,PRIVATE DRIVE,,,,URBAN,N,N,N,,DARK (LIGHTED),CLEAR,DRY,,T-INTERSECTION,,ASPHALT,IMPROPER TURNING,$5001 TO $10000,RAN OFF ROAD,NWOODBRIDGEDR,0,
BLOOMINGTON PD,B22-43543,MONROE,PERRY,BLOOMINGTON,10/20/22,2:02 PM,2,,0,0,0,,S COLLEGE MALL RD,,,,,S COLLEGE MALL RD,E 2ND ST,,,,N,,634,,39.1619553,-86.49788729,LOCAL/CITY ROAD,,,,URBAN,N,N,N,,DAYLIGHT,CLOUDY,DRY,,NO JUNCTION INVOLVED,,ASPHALT,FAILURE TO YIELD RIGHT OF WAY,$2501 TO $5000,RIGHT ANGLE,SCOLLEGEMALLRDE2NDST,0,
BLOOMINGTON PD,B22-44458,MONROE,PERRY,BLOOMINGTON,10/25/22,4:39 PM,2,,0,0,0,,W GRIMES LN,,,,,W GRIMES LN,S WALNUT ST,,,,Y,,60,,39.15337329,-86.53474044,LOCAL/CITY ROAD,,,,URBAN,N,N,N,,DAYLIGHT,RAIN,WET,,T-INTERSECTION,,ASPHALT,FAILURE TO YIELD RIGHT OF WAY,$1001 TO $2500,SAME DIRECTION SIDESWIPE,WGRIMESLNSWALNUTST,0,
BLOOMINGTON PD,B22-49773,MONROE,BLOOMINGTON,BLOOMINGTON,11/30/22,7:30 PM,2,,0,0,0,,N WILLIS DR,,,,,N WILLIS DR,W WESTFIELD RD,,,,N,,0,,39.18086843,-86.54389269,LOCAL/CITY ROAD,,,,URBAN,N,N,N,,DARK (LIGHTED),CLEAR,DRY,,NO JUNCTION INVOLVED,,CONCRETE,UNSAFE BACKING,UNDER $1001,BACKING CRASH,WWESTFIELDRDNWILLISDR,0,
BLOOMINGTON PD,B22-43834,MONROE,PERRY,BLOOMINGTON,10/21/22,9:30 PM,2,,0,0,0,,E RIDGE CREST CT,,,,,E RIDGE CREST CT,E SUMMIT VIEW PL,,,,Y,,0,,39.1439126,-86.52519769,LOCAL/CITY ROAD,,,,URBAN,N,N,N,,DARK (NOT LIGHTED),CLEAR,DRY,,NO JUNCTION INVOLVED,,ASPHALT,OTHER (DRIVER) - EXPLAIN IN NARRATIVE,$1001 TO $2500,SAME DIRECTION SIDESWIPE,ESUMMITVIEWPLERIDGECRESTCT,0,
BLOOMINGTON PD,B22-48870,MONROE,BLOOMINGTON,BLOOMINGTON,11/22/22,12:00 AM,2,,0,0,0,,S OLD STATE ROAD 37,,,,,S OLD STATE ROAD 37,,,,,Y,,0,,39.1202978,-86.53131813,OTHER,,,,URBAN,N,N,N,,UNKNOWN,CLEAR,DRY,,NO JUNCTION INVOLVED,,ASPHALT,IMPROPER TURNING,$1001 TO $2500,LEFT TURN,SOLDSTATEROAD37,0,
BLOOMINGTON PD,B22-44071,MONROE,BLOOMINGTON,BLOOMINGTON,10/23/22,5:00 PM,1,,0,0,0,,W 7TH ST,,,,,W 7TH ST,B-LINE TRL,,,,Y,,0,,39.16857624,-86.53686575,,,,,URBAN,N,N,N,,DAYLIGHT,CLEAR,DRY,,NO JUNCTION INVOLVED,,CONCRETE,IMPROPER LANE USAGE,UNDER $1001,LEFT TURN,W7THSTB-LINETRL,1,
BLOOMINGTON PD,B22-36892,MONROE,PERRY,BLOOMINGTON,9/13/22,9:26 AM,2,,0,0,0,,E. 4TH ST,,,,,E. 4TH ST,S. LINCOLN ST,,,,Y,,0,,,,LOCAL/CITY ROAD,,,,URBAN,N,N,N,,DAYLIGHT,CLOUDY,DRY,,FOUR-WAY INTERSECTION,,ASPHALT,FAILURE TO YIELD RIGHT OF WAY,$2501 TO $5000,RIGHT ANGLE,S.LINCOLNSTE.4THST,0,
BLOOMINGTON PD,B22-47545,MONROE,PERRY,BLOOMINGTON,11/14/22,1:32 PM,2,,0,0,0,,S WOODLAWN AVE,,,,,S WOODLAWN AVE,E 2ND ST,,,,Y,,0,,39.16115389,-86.52263035,LOCAL/CITY ROAD,,,,URBAN,N,N,N,,DAYLIGHT,CLEAR,DRY,,FOUR-WAY INTERSECTION,,ASPHALT,VIEW OBSTRUCTED,$2501 TO $5000,RIGHT ANGLE,SWOODLAWNAVEE2NDST,0,
BLOOMINGTON PD,B2245150,MONROE,BLOOMINGTON,BLOOMINGTON,10/29/22,5:32 AM,2,,0,0,0,,N PETE ELLIS DR,,,,,N PETE ELLIS DR,E JOHN HINKLE PL,,,,Y,,0,,39.17053357,-86.49558025,,,,,URBAN,N,N,N,,DARK (NOT LIGHTED),CLEAR,DRY,,T-INTERSECTION,,ASPHALT,FAILURE TO YIELD RIGHT OF WAY,$2501 TO $5000,RIGHT ANGLE,NPETEELLISDREJOHNHINKLEPL,0,
BLOOMINGTON PD,B22-45887,MONROE,PERRY,BLOOMINGTON,11/2/22,5:15 PM,3,,1,0,0,,E WINSLOW RD,,,,,E WINSLOW RD,S WALNUT STREET PIKE,,,,Y,,0,,39.13600928,-86.52894549,LOCAL/CITY ROAD,,,,URBAN,N,N,N,,DAYLIGHT,CLEAR,DRY,,FOUR-WAY INTERSECTION,,ASPHALT,FOLLOWING TOO CLOSELY,$5001 TO $10000,REAR END,SWALNUTSTREETPIKEEWINSLOWRD,0,
BLOOMINGTON PD,B22-49815,MONROE,,BLOOMINGTON,12/1/22,6:55 AM,1,,1,0,0,,2440 S. HENDERSON STREET,,,,,2440 S. HENDERSON STREET,,,,,Y,,0,,0,0,LOCAL/CITY ROAD,,,,URBAN,N,N,N,,DARK (NOT LIGHTED),CLEAR,DRY,,NO JUNCTION INVOLVED,,ASPHALT,PEDESTRIAN ACTION,$5001 TO $10000,COLLISION WITH OBJECT IN ROAD,2440S.HENDERSONSTREET,1,
MONROE SD,M22A31113,MONROE,RICHLAND,BLOOMINGTON,12/22/22,10:22 PM,1,,0,0,0,,W LOST MANS LN,,,,,W LOST MANS LN,,,,,N,,0,,39.2226952,-86.57929817,LOCAL/CITY ROAD,,,,RURAL,N,N,N,,DARK (NOT LIGHTED),SNOW,SNOW/SLUSH,,NO JUNCTION INVOLVED,,ASPHALT,SPEED TOO FAST FOR WEATHER CONDITIONS,$5001 TO $10000,RAN OFF ROAD,WLOSTMANSLN,0,
BLOOMINGTON PD,B22-46559,MONROE,BLOOMINGTON,BLOOMINGTON,11/6/22,7:30 PM,2,,0,0,0,1500,E 3RD ST,,,,,E 3RD ST,,,,,N,,0,,39.16424969,-86.51504282,LOCAL/CITY ROAD,,,,URBAN,N,N,N,,DAWN/DUSK,CLEAR,DRY,,NO JUNCTION INVOLVED,,ASPHALT,UNSAFE BACKING,$1001 TO $2500,BACKING CRASH,E3RDST,0,
BLOOMINGTON PD,B22-47664,MONROE,PERRY,BLOOMINGTON,11/15/22,1:50 PM,2,,1,0,0,,W COUNTRYSIDE LN,,,,,W COUNTRYSIDE LN,S DELILA STAR DR,,,,Y,,0,,39.1410615,-86.55752447,LOCAL/CITY ROAD,,,,URBAN,N,N,N,,DAYLIGHT,CLOUDY,DRY,,FOUR-WAY INTERSECTION,,ASPHALT,FAILURE TO YIELD RIGHT OF WAY,$5001 TO $10000,RIGHT ANGLE,WCOUNTRYSIDELNSDELILASTARDR,0,
BLOOMINGTON PD,B22-48632,MONROE,BLOOMINGTON,BLOOMINGTON,11/22/22,10:22 AM,1,,0,0,0,,N. WALNUT ST1,,,,,N. WALNUT ST1,W. 17TH ST,,,,Y,,0,,0,0,LOCAL/CITY ROAD,,,,URBAN,N,N,N,,DAYLIGHT,CLEAR,DRY,,FOUR-WAY INTERSECTION,,ASPHALT,OVERCORRECTING/OVERSTEERING,$2501 TO $5000,RAN OFF ROAD,W.17THSTN.WALNUTST1,0,
BLOOMINGTON PD,B22-51165,MONROE,PERRY,BLOOMINGTON,12/9/22,5:13 PM,2,,0,0,0,,W TAPP RD,,,,,W TAPP RD,S LEONARD SPRINGS RD,,,,N,,0,,39.13681428,-86.58239285,LOCAL/CITY ROAD,,,,URBAN,N,N,N,,DARK (NOT LIGHTED),CLOUDY,WET,,T-INTERSECTION,,ASPHALT,FOLLOWING TOO CLOSELY,$2501 TO $5000,REAR END,WTAPPRDSLEONARDSPRINGSRD,0,
BLOOMINGTON PD,B22-50793,MONROE,PERRY,BLOOMINGTON,12/7/22,1:09 PM,2,,0,0,0,2966,E 3RD ST; TARGET,,,,,E 3RD ST; TARGET,,,,,Y,,0,,39.16264976,-86.49149523,PRIVATE DRIVE,,,,URBAN,N,N,N,,DAYLIGHT,CLOUDY,DRY,,NO JUNCTION INVOLVED,,ASPHALT,FAILURE TO YIELD RIGHT OF WAY,$1001 TO $2500,RIGHT ANGLE,E3RDST;TARGET,0,
ELLETTSVILLE PD,E22-04625,MONROE,RICHLAND,ELLETTSVILLE,11/8/22,12:30 PM,2,,0,0,0,4719,W IN SR 46,,,,,W IN SR 46,,,,,Y,,0,,39.21574544,-86.5947575,PRIVATE DRIVE,,,,URBAN,N,N,N,,DAYLIGHT,CLEAR,DRY,,NO JUNCTION INVOLVED,,CONCRETE,OTHER (DRIVER) - EXPLAIN IN NARRATIVE,$2501 TO $5000,BACKING CRASH,WINSR46,0,
INDIANA UNIV BLOOMINGTON PD,224967,MONROE,BLOOMINGTON,BLOOMINGTON,12/18/22,6:40 PM,2,,1,0,0,,E 10TH ST,,,,,E 10TH ST,E 10TH ST,,,,Y,,0,,39.17148677,-86.49539567,LOCAL/CITY ROAD,,,,URBAN,N,N,N,,DARK (NOT LIGHTED),CLEAR,DRY,,FOUR-WAY INTERSECTION,,ASPHALT,FAILURE TO YIELD RIGHT OF WAY,$10001 TO $25000,LEFT TURN,E10THSTE10THST,0,
BLOOMINGTON PD,B22-44451,MONROE,BLOOMINGTON,BLOOMINGTON,10/25/22,2:00 PM,2,,0,0,0,,W PARRISH RD,,,,,W PARRISH RD,N KINSER PIKE,,,,Y,,0,,39.18805526,-86.53851319,PRIVATE DRIVE,,,,URBAN,N,N,N,,DAWN/DUSK,RAIN,WET,,NO JUNCTION INVOLVED,,ASPHALT,IMPROPER TURNING,$1001 TO $2500,RIGHT TURN,WPARRISHRDNKINSERPIKE,0,
BLOOMINGTON PD,B22-49093,MONROE,BLOOMINGTON,BLOOMINGTON,11/26/22,3:20 AM,3,,0,0,0,,N MADISON ST,,,,,N MADISON ST,W 16TH ST,,,,Y,,0,,39.17775105,-86.5377397,LOCAL/CITY ROAD,,,,URBAN,N,N,N,,DARK (LIGHTED),CLEAR,DRY,,T-INTERSECTION,,ASPHALT,FAILURE TO MAINTAIN LANE,$10001 TO $25000,REAR END,W16THSTNMADISONST,0,
BLOOMINGTON PD,B22-52786,MONROE,BLOOMINGTON,BLOOMINGTON,12/20/22,12:33 PM,2,,0,0,0,,W. 17TH ST,,,,,W. 17TH ST,W. ARLINGTON RD,,,,Y,,200,,39.179242,-86.5473475,LOCAL/CITY ROAD,,,,URBAN,Y,N,N,,DAYLIGHT,CLEAR,DRY,,FOUR-WAY INTERSECTION,,ASPHALT,FOLLOWING TOO CLOSELY,$1001 TO $2500,REAR END,W.ARLINGTONRDW.17THST,0,
MONROE SD,M22A27425,MONROE,BLOOMINGTON,BLOOMINGTON,11/7/22,10:48 PM,1,,0,0,1,,I-69,,,,,I-69,,,,,N,,0,,39.22616636,-86.54677338,INTERSTATE,,,,RURAL,N,N,N,,DARK (NOT LIGHTED),CLEAR,DRY,,NO JUNCTION INVOLVED,,ASPHALT,ANIMAL/OBJECT IN ROADWAY,$5001 TO $10000,COLLISION WITH DEER,I-69,0,
BLOOMINGTON PD,B22-45751,MONROE,BLOOMINGTON,BLOOMINGTON,11/1/22,8:49 PM,2,,0,0,0,,W ARLINGTON RD,,,,,W ARLINGTON RD,N TELLURIDE ST,,,,Y,,106,,39.18367899,-86.55017496,LOCAL/CITY ROAD,,,,URBAN,N,N,N,,DARK (LIGHTED),CLEAR,DRY,,T-INTERSECTION,,ASPHALT,FAILURE TO YIELD RIGHT OF WAY,$5001 TO $10000,RIGHT ANGLE,WARLINGTONRDNTELLURIDEST,0,
BLOOMINGTON PD,B22-47015,MONROE,PERRY,BLOOMINGTON,11/10/22,2:02 PM,2,,1,0,0,,W 3RD ST,,,,,W 3RD ST,S FRANKLIN RD,,,,Y,,0,,39.16458574,-86.57036116,LOCAL/CITY ROAD,,,,URBAN,N,N,N,,DAYLIGHT,CLEAR,DRY,,FOUR-WAY INTERSECTION,,ASPHALT,DISREGARD SIGNAL/REG SIGN,$25001 TO $50000,RIGHT ANGLE,W3RDSTSFRANKLINRD,0,
BLOOMINGTON PD,B22-45701,MONROE,VAN BUREN,BLOOMINGTON,11/1/22,4:02 PM,3,,1,0,0,,W BLOOMFIELD RD,,,99,C,W BLOOMFIELD RD,,,,,Y,,0,,39.14673237,-86.57444847,STATE ROAD,,,,URBAN,N,N,N,,DAWN/DUSK,CLEAR,DRY,,FOUR-WAY INTERSECTION,,ASPHALT,FAILURE TO YIELD RIGHT OF WAY,$25001 TO $50000,RIGHT ANGLE,WBLOOMFIELDRD099C,0,
INDIANA UNIV BLOOMINGTON PD,224307,MONROE,BLOOMINGTON,BLOOMINGTON,11/4/22,3:20 PM,1,,0,0,0,,E 3RD ST,,,,,E 3RD ST,S FACULTY AVE,,,,Y,,0,,39.16420328,-86.52072511,LOCAL/CITY ROAD,,,,URBAN,N,N,N,,DAYLIGHT,CLEAR,DRY,,NO JUNCTION INVOLVED,,ASPHALT,UNSAFE SPEED,$25001 TO $50000,RAN OFF ROAD,SFACULTYAVEE3RDST,0,
BLOOMINGTON PD,B22-44993,MONROE,PERRY,BLOOMINGTON,10/28/22,2:21 PM,2,,0,0,0,,E ATWATER AVE,,,,,E ATWATER AVE,S HIGHLAND AVE,,,,Y,,0,,39.16308131,-86.51776261,LOCAL/CITY ROAD,,,,URBAN,N,N,N,,DAWN/DUSK,CLEAR,DRY,,FOUR-WAY INTERSECTION,,ASPHALT,FAILURE TO YIELD RIGHT OF WAY,$2501 TO $5000,RIGHT ANGLE,SHIGHLANDAVEEATWATERAVE,0,
BLOOMINGTON PD,B22-51154,MONROE,PERRY,BLOOMINGTON,12/9/22,4:32 PM,2,,1,0,0,,W COUNTRY CLUB DR,,,,,W COUNTRY CLUB DR,S WALNUT ST,,,,Y,,528,,39.13595738,-86.53224296,LOCAL/CITY ROAD,,,,URBAN,N,N,N,,DAYLIGHT,CLOUDY,WET,,NO JUNCTION INVOLVED,,ASPHALT,FAILURE TO YIELD RIGHT OF WAY,$10001 TO $25000,RIGHT ANGLE,WCOUNTRYCLUBDRSWALNUTST,0,
ISP BLOOMINGTON 33,2.02201E+11,MONROE,WASHINGTON,BLOOMINGTON,12/6/22,7:30 AM,1,,1,0,0,,I69-123-RAMP C,,,123,C,I69-123-RAMP C,,,,,N,,0,,39.23528863,-86.54168939,INTERSTATE,,,,RURAL,N,N,N,,DAYLIGHT,CLOUDY,WET,,RAMP,,ASPHALT,FAILURE TO MAINTAIN LANE,$5001 TO $10000,RAN OFF ROAD,I69-123-RAMPC123C,0,
INDIANA UNIV BLOOMINGTON PD,224504,MONROE,BLOOMINGTON,BLOOMINGTON,11/15/22,4:40 PM,2,,0,0,0,,N JORDAN AVE,,,,,N JORDAN AVE,,,,,Y,,0,,39.16972342,-86.51654489,PRIVATE DRIVE,,,,URBAN,N,N,N,,DAWN/DUSK,CLOUDY,WET,,NO JUNCTION INVOLVED,,ASPHALT,IMPROPER TURNING,UNDER $1001,SAME DIRECTION SIDESWIPE,NJORDANAVE,0,
ISP BLOOMINGTON 33,2.022E+11,MONROE,CLEAR CREEK,BLOOMINGTON,10/28/22,7:49 PM,1,,0,0,1,,SR37 5280' NORTH OF ZIKES ROAD,,,,,SR37 5280' NORTH OF ZIKES ROAD,,,,,N,,0,,39.01107093,-86.53745657,STATE ROAD,,,,RURAL,N,N,N,,DARK (NOT LIGHTED),CLEAR,DRY,,NO JUNCTION INVOLVED,,ASPHALT,ANIMAL/OBJECT IN ROADWAY,$2501 TO $5000,COLLISION WITH DEER,SR375280'NORTHOFZIKESROAD,0,
INDIANA UNIV BLOOMINGTON PD,224872,MONROE,BLOOMINGTON,BLOOMINGTON,12/12/22,1:08 PM,2,,0,0,0,,E 10TH ST,,,,,E 10TH ST,STATE RD 45,,,,Y,,0,,39.17165729,-86.50206096,LOCAL/CITY ROAD,,,,RURAL,N,N,N,,DAYLIGHT,CLEAR,DRY,,FOUR-WAY INTERSECTION,,ASPHALT,UNSAFE SPEED,$2501 TO $5000,REAR END,STATERD45E10THST,0,
ISP BLOOMINGTON 33,2.02201E+11,MONROE,PERRY,BLOOMINGTON,12/31/22,6:30 PM,2,,0,0,0,,S STATE ROAD 37,,,,,S STATE ROAD 37,S OLD STATE ROAD 37,,,,N,,0,,39.08541412,-86.54287666,,,,,RURAL,N,N,N,,DARK (NOT LIGHTED),RAIN,WET,,FOUR-WAY INTERSECTION,,ASPHALT,UNSAFE SPEED,$10001 TO $25000,REAR END,SSTATEROAD37SOLDSTATEROAD37,0,
BLOOMINGTON PD,B22-44860,MONROE,PERRY,BLOOMINGTON,10/27/22,6:14 PM,2,,0,0,0,,S CLARIZZ BLVD,,,,,S CLARIZZ BLVD,E MOORES PIKE,,,,Y,,0,,39.1503957,-86.49137481,LOCAL/CITY ROAD,,,,URBAN,N,N,N,,DAYLIGHT,CLEAR,DRY,,FOUR-WAY INTERSECTION,,ASPHALT,FAILURE TO YIELD RIGHT OF WAY,$10001 TO $25000,RIGHT ANGLE,SCLARIZZBLVDEMOORESPIKE,0,
MONROE SD,M22A30006,MONROE,BLOOMINGTON,BLOOMINGTON,12/7/22,3:31 PM,2,,0,0,0,,S CURRY PIKE,,,,,S CURRY PIKE,W CONSTITUTION AVE,,,,Y,,0,,39.15170196,-86.5825952,LOCAL/CITY ROAD,,,,URBAN,N,N,N,,DAYLIGHT,CLOUDY,WET,,NO JUNCTION INVOLVED,,ASPHALT,IMPROPER LANE USAGE,$1001 TO $2500,SAME DIRECTION SIDESWIPE,WCONSTITUTIONAVESCURRYPIKE,0,
BLOOMINGTON PD,B22-44962,MONROE,PERRY,BLOOMINGTON,10/28/22,10:56 AM,2,,0,0,0,1175,S COLLEGE MALL RD,,,,,S COLLEGE MALL RD,,,,,Y,,0,,39.154079,-86.49761839,PRIVATE DRIVE,,,,URBAN,N,N,N,,DAYLIGHT,CLEAR,DRY,,NO JUNCTION INVOLVED,,ASPHALT,OTHER (DRIVER) - EXPLAIN IN NARRATIVE,$2501 TO $5000,SAME DIRECTION SIDESWIPE,SCOLLEGEMALLRD,0,
BLOOMINGTON PD,B22-45407,MONROE,PERRY,BLOOMINGTON,10/30/22,7:20 PM,2,,1,0,0,,WEST 3RD ST,,,,,WEST 3RD ST,S WESTPLEX AVE,,,,N,,0,,39.16442391,-86.55391082,LOCAL/CITY ROAD,,,,URBAN,N,N,N,,DARK (NOT LIGHTED),RAIN,WET,,T-INTERSECTION,,ASPHALT,FAILURE TO YIELD RIGHT OF WAY,$2501 TO $5000,RIGHT ANGLE,WEST3RDSTSWESTPLEXAVE,0,
MONROE SD,M22A27051,MONROE,PERRY,BLOOMINGTON,11/3/22,5:22 PM,1,,0,0,0,,S ROCKPORT RD,,,,,S ROCKPORT RD,COCKRELL RD,,,,N,,0,,39.10043087,-86.57872385,LOCAL/CITY ROAD,,,,RURAL,N,N,N,,DARK (NOT LIGHTED),CLEAR,DRY,,NO JUNCTION INVOLVED,,ASPHALT,FAILURE TO MAINTAIN LANE,$5001 TO $10000,RAN OFF ROAD,SROCKPORTRDCOCKRELLRD,0,
MONROE SD,M22A27113,MONROE,RICHLAND,,11/4/22,1:34 PM,2,,0,0,0,6013,W MERRY WAY LN,,,,,W MERRY WAY LN,,,,,N,,0,,39.20509,-86.581009,,,,,RURAL,N,N,N,,DAYLIGHT,CLEAR,DRY,,NO JUNCTION INVOLVED,,ASPHALT,OTHER (DRIVER) - EXPLAIN IN NARRATIVE,$1001 TO $2500,RIGHT ANGLE,WMERRYWAYLN,0,
BLOOMINGTON PD,B22-48532,MONROE,VAN BUREN,BLOOMINGTON,11/21/22,5:15 PM,2,,3,0,0,,W 3RD ST,,,,,W 3RD ST,I-69 S S.R. 37,,,,Y,,0,,39.16463965,-86.57556778,LOCAL/CITY ROAD,,,,RURAL,N,N,N,,DAYLIGHT,CLEAR,DRY,,T-INTERSECTION,,CONCRETE,DISREGARD SIGNAL/REG SIGN,$5001 TO $10000,LEFT TURN,W3RDSTI-69SS.R.37,0,
BLOOMINGTON PD,B22-46183,MONROE,BLOOMINGTON,BLOOMINGTON,11/4/22,2:11 PM,2,,0,0,0,,E. 7TH ST,,,,,E. 7TH ST,N. LINCOLN ST,,,,Y,,0,,39.168523,-86.531057,LOCAL/CITY ROAD,,,,URBAN,N,N,N,,DAYLIGHT,CLEAR,DRY,,FOUR-WAY INTERSECTION,,ASPHALT,FAILURE TO YIELD RIGHT OF WAY,$5001 TO $10000,RIGHT ANGLE,N.LINCOLNSTE.7THST,0,