Agency,Local Code,County,Township,City,Collision Date,Collision Time,Vehicles Involved,Trailers Involved,Number Injured,Number Dead,Number Deer,House Number,Roadway Name,Roadway Suffix,Roadway Number,Roadway Interchange,Roadway Ramp,Roadway Id,Intersecting Road,Intersecting Road Number,Mile Marker,Interchange,Corporate Limits?,Property Type,Feet From,Direction,Latitude,Longitude,Roadway Class,Traffic Control Devices?,Aggressive Driving?,Hit and Run?,Locality,School Zone?,Rumble Strips?,Construction?,Construction Type,Light Condition,Weather Conditions,Surface Condition,Type of Median,Roadway Junction Type,Road Character,Roadway Surface,Primary Factor,Damage Estimate,Manner of Collision,Unique Location Id,State Property Damage?,Traffic Control
BLOOMINGTON PD,B22-46248,MONROE,BLOOMINGTON,BLOOMINGTON,11/4/22,7:00 PM,2,,0,0,0,,STATE RD 46,,,,,STATE RD 46,N KINSER PIKE,,,,Y,,400,,39.18666342,-86.54240317,STATE ROAD,,,,URBAN,N,N,N,,DARK (NOT LIGHTED),CLEAR,DRY,,NO JUNCTION INVOLVED,,ASPHALT,FOLLOWING TOO CLOSELY,$1001 TO $2500,REAR END,STATERD46NKINSERPIKE,0,
BLOOMINGTON PD,B22-51712,MONROE,VAN BUREN,BLOOMINGTON,12/13/22,1:52 PM,2,,0,0,0,2101,S LIBERTY DR,,,,,S LIBERTY DR,,,,,Y,,0,,39.14668187,-86.5767121,PRIVATE DRIVE,,,,URBAN,N,N,N,,DAYLIGHT,CLEAR,DRY,,NO JUNCTION INVOLVED,,ASPHALT,UNSAFE BACKING,$2501 TO $5000,BACKING CRASH,SLIBERTYDR,0,
INDIANA UNIV BLOOMINGTON PD,224767,MONROE,BLOOMINGTON,BLOOMINGTON,12/6/22,7:40 AM,2,,0,0,0,,STATE RD 45,,,,,STATE RD 45,,,,,Y,,845,,39.17332983,-86.50328019,STATE ROAD,,,,URBAN,N,N,N,,DAWN/DUSK,FOG/SMOKE/SMOG,WET,,NO JUNCTION INVOLVED,,ASPHALT,FOLLOWING TOO CLOSELY,$2501 TO $5000,REAR END,STATERD45,0,
MONROE SD,M22A28867,MONROE,RICHLAND,,11/25/22,7:30 AM,2,,0,0,0,,N BROOKWOOD DR,,,,,N BROOKWOOD DR,W RAINBOW CT,,,,N,,0,,39.20971704,-86.60070849,,,,,RURAL,N,N,N,,DARK (NOT LIGHTED),CLOUDY,WET,,NO JUNCTION INVOLVED,,ASPHALT,UNSAFE BACKING,$2501 TO $5000,BACKING CRASH,WRAINBOWCTNBROOKWOODDR,0,
BLOOMINGTON PD,B22-49149,MONROE,PERRY,BLOOMINGTON,11/26/22,4:30 PM,2,,0,0,0,2894,E 3RD ST; DICKS SPORTING GOODS,,,,,E 3RD ST; DICKS SPORTING GOODS,,,,,Y,,0,,39.16046137,-86.49641752,PRIVATE DRIVE,,,,URBAN,N,N,N,,DAYLIGHT,CLEAR,DRY,,NO JUNCTION INVOLVED,,ASPHALT,FAILURE TO YIELD RIGHT OF WAY,UNDER $1001,OTHER - EXPLAIN IN NARRATIVE,E3RDST;DICKSSPORTINGGOODS,0,
BLOOMINGTON PD,B22-47975,MONROE,PERRY,BLOOMINGTON,11/17/22,3:37 PM,3,,0,0,0,,E 3RD ST,,,,,E 3RD ST,S CLARIZZ BLVD,,,,Y,,0,,39.16420468,-86.49097473,LOCAL/CITY ROAD,,,,URBAN,N,N,N,,DAYLIGHT,CLEAR,DRY,,FOUR-WAY INTERSECTION,,ASPHALT,FOLLOWING TOO CLOSELY,$2501 TO $5000,REAR END,SCLARIZZBLVDE3RDST,0,
BLOOMINGTON PD,B22-46072,MONROE,BLOOMINGTON,BLOOMINGTON,11/3/22,6:20 PM,2,,0,0,0,,223 S PETE ELLIS DR BLOOMINGTO,,,,,"223 S PETE ELLIS DR BLOOMINGTON, IN 47408",,,,,Y,,0,,,,PRIVATE DRIVE,,,,URBAN,N,N,N,,DAWN/DUSK,CLEAR,DRY,,NO JUNCTION INVOLVED,,ASPHALT,UNSAFE BACKING,$2501 TO $5000,BACKING CRASH,"223SPETEELLISDRBLOOMINGTON,IN47408",0,
BLOOMINGTON PD,B22-45862,MONROE,BLOOMINGTON,BLOOMINGTON,11/2/22,2:41 PM,2,,0,0,0,,N WOODBRIDGE DR,,,,,N WOODBRIDGE DR,E 10TH ST,,,,Y,,0,,39.17155164,-86.49087539,STATE ROAD,,,,URBAN,N,N,N,,DAYLIGHT,CLEAR,DRY,,FOUR-WAY INTERSECTION,,ASPHALT,CELL PHONE USAGE,$5001 TO $10000,REAR END,NWOODBRIDGEDRE10THST,0,
MONROE SD,M22A27733,MONROE,CLEAR CREEK,HARRODSBURG,11/11/22,9:17 AM,2,,0,0,0,,W POPCORN RD,,,,,W POPCORN RD,S HARRODSBURG RD,,,,N,,0,,39.01207906,-86.54511999,LOCAL/CITY ROAD,,,,URBAN,N,N,N,,DAYLIGHT,CLEAR,DRY,,NO JUNCTION INVOLVED,,ASPHALT,OVERSIZE/OVERWEIGHT LOAD,$5001 TO $10000,OPPOSITE DIRECTION SIDESWIPE,WPOPCORNRDSHARRODSBURGRD,0,
BLOOMINGTON PD,B22-47696,MONROE,BLOOMINGTON,BLOOMINGTON,11/15/22,4:43 PM,2,,1,0,0,,STATE ROAD 45/46 BYPASS,,,,,STATE ROAD 45/46 BYPASS,N WALNUT ST,,,,Y,,158,,39.18643751,-86.53536505,STATE ROAD,,,,URBAN,N,N,N,,DAYLIGHT,CLOUDY,DRY,,NO JUNCTION INVOLVED,,ASPHALT,FOLLOWING TOO CLOSELY,$5001 TO $10000,REAR END,STATEROAD45/46BYPASSNWALNUTST,0,
BLOOMINGTON PD,B22-50814,MONROE,PERRY,BLOOMINGTON,12/7/22,3:02 PM,2,,0,0,0,3901,N KINSER PIKE; BLOOMINGTON HS,,,,,N KINSER PIKE; BLOOMINGTON HS NORTH LOWER LOT,,,,,Y,,0,,39.2015862,-86.55068324,PRIVATE DRIVE,,,,URBAN,N,N,N,,DAYLIGHT,CLEAR,DRY,,NO JUNCTION INVOLVED,,ASPHALT,FAILURE TO YIELD RIGHT OF WAY,$2501 TO $5000,SAME DIRECTION SIDESWIPE,NKINSERPIKE;BLOOMINGTONHSNORTHLOWERLOT,0,
BLOOMINGTON PD,B22-45313,MONROE,BLOOMINGTON,,10/30/22,3:30 AM,1,,0,0,0,,E GILBERT ST,,,,,E GILBERT ST,N WALNUT ST,,,,Y,,0,,40.195428,-85.386478,LOCAL/CITY ROAD,,,,URBAN,N,N,N,,DARK (LIGHTED),CLEAR,DRY,,T-INTERSECTION,,ASPHALT,FOLLOWING TOO CLOSELY,$5001 TO $10000,REAR END,NWALNUTSTEGILBERTST,0,
BLOOMINGTON PD,B22-52983,MONROE,PERRY,BLOOMINGTON,12/21/22,1:25 PM,2,,0,0,0,,1175 S COLLEGE MALL RD,,,,,1175 S COLLEGE MALL RD,,,,,Y,,0,,39.15405126,-86.49579819,PRIVATE DRIVE,,,,URBAN,N,N,N,,DAYLIGHT,CLOUDY,DRY,,NO JUNCTION INVOLVED,,ASPHALT,UNSAFE BACKING,$1001 TO $2500,BACKING CRASH,1175SCOLLEGEMALLRD,0,
BLOOMINGTON PD,B22-02716,MONROE,BLOOMINGTON,BLOOMINGTON,1/25/22,12:46 PM,2,,0,0,0,,2300 N. WALNUT ST,,,,,2300 N. WALNUT ST,,,,,Y,,0,,0,0,LOCAL/CITY ROAD,,,,URBAN,N,N,N,,DAYLIGHT,CLEAR,DRY,,NO JUNCTION INVOLVED,,ASPHALT,UNSAFE BACKING,$2501 TO $5000,BACKING CRASH,2300N.WALNUTST,0,
MONROE SD,M22A713,MONROE,BLOOMINGTON,BLOOMINGTON,1/10/22,12:43 PM,1,0,0,0,1,,BAYLES,RD,,,,BAYLES,N ST BUSINESS 37,,,,N,,,,39.215475,-86.537022,LOCAL/CITY ROAD,,N,N,URBAN,N,N,N,,DAYLIGHT,CLEAR,DRY,,T-INTERSECTION,STRAIGHT/LEVEL,ASPHALT,ANIMAL/OBJECT IN ROADWAY,$5001 TO $10000,COLLISION WITH DEER,BAYLESRDNSTBUSINESS37RD,0,NONE
ISP BLOOMINGTON 33,2.022E+11,MONROE,BLOOMINGTON,BLOOMINGTON,1/1/22,6:20 PM,2,,0,0,0,,I69,,,,,I69,,,123,,N,,0,,39.22992871,-86.54387426,INTERSTATE,,,,RURAL,N,N,N,,DARK (NOT LIGHTED),RAIN,WET,,NO JUNCTION INVOLVED,,ASPHALT,UNSAFE LANE MOVEMENT,$5001 TO $10000,SAME DIRECTION SIDESWIPE,I69123,0,
INDIANA UNIV BLOOMINGTON PD,220188,MONROE,BLOOMINGTON,BLOOMINGTON,1/20/22,5:35 PM,2,,0,0,0,,E 3RD ST,,,,,E 3RD ST,S JORDAN AVE,,,,Y,,0,,39.164268,-86.51660777,LOCAL/CITY ROAD,,,,URBAN,N,N,N,,DAYLIGHT,CLEAR,DRY,,FOUR-WAY INTERSECTION,,ASPHALT,UNSAFE LANE MOVEMENT,$5001 TO $10000,SAME DIRECTION SIDESWIPE,SJORDANAVEE3RDST,0,
MONROE SD,M22A109,MONROE,CLEAR CREEK,BLOOMINGTON,1/2/22,9:45 PM,2,0,0,0,0,9592,S LAKE RIDGE,DR,,,,S LAKE RIDGE,,,,,N,,,,39.02981112,-86.50632627,OTHER,,N,N,RURAL,N,N,N,,DARK (NOT LIGHTED),CLEAR,DRY,,NO JUNCTION INVOLVED,NON-ROADWAY CRASH,ASPHALT,UNSAFE BACKING,$1001 TO $2500,BACKING CRASH,SLAKERIDGEDR,0,NONE
BLOOMINGTON PD,B22-02146,MONROE,BLOOMINGTON,BLOOMINGTON,1/19/22,12:00 AM,1,,1,0,0,,"1710 N KINSER PK BLOOMINGTON,",,,,,"1710 N KINSER PK BLOOMINGTON, IN",,,,,Y,,0,,39.185276,-86.536116,LOCAL/CITY ROAD,,,,URBAN,N,N,N,,DAYLIGHT,CLEAR,DRY,,NO JUNCTION INVOLVED,,ASPHALT,DRIVER DISTRACTED - EXPLAIN IN NARRATIVE,$2501 TO $5000,OTHER - EXPLAIN IN NARRATIVE,"1710NKINSERPKBLOOMINGTON,IN",0,
BLOOMINGTON PD,B22-02398,MONROE,BLOOMINGTON,BLOOMINGTON,1/22/22,4:45 PM,2,,0,0,0,,E 3RD ST,,,,,E 3RD ST,S CLARIZZ BLVD,,,,Y,,0,,39.1644222,-86.4912237,LOCAL/CITY ROAD,,,,URBAN,N,N,N,,DAYLIGHT,CLEAR,DRY,,NO JUNCTION INVOLVED,,ASPHALT,UNSAFE BACKING,$1001 TO $2500,BACKING CRASH,SCLARIZZBLVDE3RDST,0,
INDIANA UNIV BLOOMINGTON PD,220030,MONROE,BLOOMINGTON,BLOOMINGTON,1/5/22,4:55 PM,2,,0,0,0,744,E 3RD ST,,,,,E 3RD ST,,,,,Y,,0,,39.1634806,-86.52422271,,,,,URBAN,N,N,N,,DAYLIGHT,CLEAR,DRY,,NO JUNCTION INVOLVED,,ASPHALT,UNSAFE BACKING,UNDER $1001,BACKING CRASH,E3RDST,0,
MONROE SD,M22A1682,MONROE,RICHLAND,ELLETTSVILLE,1/23/22,2:00 PM,1,,0,0,0,,W MCNEELY ST,,,,,W MCNEELY ST,N LIMESTONE DR,,,,N,,0,,39.23774,-86.608896,COUNTY ROAD,,,,RURAL,N,N,N,,DAYLIGHT,CLEAR,WET,,T-INTERSECTION,,ASPHALT,IMPROPER TURNING,$1001 TO $2500,LEFT TURN,WMCNEELYSTNLIMESTONEDR,0,
BLOOMINGTON PD,B22-02362,MONROE,,BLOOMINGTON,1/22/22,8:15 AM,2,,1,0,0,,N. COLLEGE AVE,,,,,N. COLLEGE AVE,W. 7TH ST,,,,Y,,0,,39.168546,-86.534862,LOCAL/CITY ROAD,,,,URBAN,N,N,N,,DAYLIGHT,CLEAR,DRY,,FOUR-WAY INTERSECTION,,ASPHALT,IMPROPER LANE USAGE,$2501 TO $5000,SAME DIRECTION SIDESWIPE,W.7THSTN.COLLEGEAVE,0,
BLOOMINGTON PD,B22-01165,MONROE,PERRY,BLOOMINGTON,1/11/22,4:54 PM,1,,1,0,0,,S COLLEGE MALL RD,,,,,S COLLEGE MALL RD,,,,,Y,,0,,39.15169832,-86.49670304,,,,,URBAN,N,N,N,,DAYLIGHT,CLEAR,DRY,,T-INTERSECTION,,ASPHALT,HOLES/RUTS IN SURFACE,$5001 TO $10000,OTHER - EXPLAIN IN NARRATIVE,SCOLLEGEMALLRD,0,
ISP BLOOMINGTON 33,2.022E+11,MONROE,VAN BUREN,BLOOMINGTON,1/28/22,1:10 PM,2,,0,0,0,,S LEONARD SPRINGS RD,,,,,S LEONARD SPRINGS RD,W TAPP RD,,,,Y,,0,,39.1368367,-86.58260993,LOCAL/CITY ROAD,,,,URBAN,N,N,N,,DAYLIGHT,SNOW,SNOW/SLUSH,,T-INTERSECTION,,ASPHALT,FOLLOWING TOO CLOSELY,$5001 TO $10000,REAR END,WTAPPRDSLEONARDSPRINGSRD,0,
MONROE SD,M22A1271,MONROE,PERRY,BLOOMINGTON,1/17/22,7:44 PM,2,,0,0,0,752,E HOLLAND DRIVE,,,,,E HOLLAND DRIVE,,,,,Y,,0,,39.117708,-86.525007,LOCAL/CITY ROAD,,,,URBAN,N,N,N,,DARK (NOT LIGHTED),CLEAR,SNOW/SLUSH,,NO JUNCTION INVOLVED,,ASPHALT,OTHER (DRIVER) - EXPLAIN IN NARRATIVE,$1001 TO $2500,LEFT/RIGHT TURN,EHOLLANDDRIVE,0,
MONROE SD,M22A1098,MONROE,BENTON,BLOOMINGTON,1/15/22,8:29 AM,1,,0,0,0,,N MT GILEAD TD,,,,,N MT GILEAD TD,N GETTY'S CREEK RD,,,,N,,1000,,39.193437,-86.436407,LOCAL/CITY ROAD,,,,RURAL,N,N,N,,DAYLIGHT,SNOW,ICE,,NO JUNCTION INVOLVED,,ASPHALT,ROADWAY SURFACE CONDITION,$1001 TO $2500,RAN OFF ROAD,NMTGILEADTDNGETTY'SCREEKRD,0,
INDIANA UNIV BLOOMINGTON PD,220231,MONROE,BLOOMINGTON,BLOOMINGTON,1/23/22,12:15 PM,2,,0,0,0,,E ATWATER AVE,,,,,E ATWATER AVE,S HAWTHORNE DR,,,,N,,0,,39.16306467,-86.52023024,LOCAL/CITY ROAD,,,,URBAN,N,N,N,,DAYLIGHT,CLOUDY,DRY,,FOUR-WAY INTERSECTION,,ASPHALT,FAILURE TO YIELD RIGHT OF WAY,$1001 TO $2500,RIGHT ANGLE,SHAWTHORNEDREATWATERAVE,0,
INDIANA UNIV BLOOMINGTON PD,220173,MONROE,BLOOMINGTON,BLOOMINGTON,1/19/22,1:40 PM,2,,2,0,0,,E 10TH ST,,,,,E 10TH ST,N FEE LN,,,,Y,,0,,39.17160738,-86.51902861,LOCAL/CITY ROAD,,,,URBAN,N,N,N,,DAYLIGHT,CLOUDY,DRY,,T-INTERSECTION,,ASPHALT,FOLLOWING TOO CLOSELY,$5001 TO $10000,REAR END,NFEELNE10THST,0,
MONROE SD,M22A1243,MONROE,CLEAR CREEK,,1/17/22,1:30 PM,1,,1,0,0,,S ROGERS ST,,,,,S ROGERS ST,WALLACE CT,,,,N,,0,,39.102615,-86.539765,LOCAL/CITY ROAD,,,,URBAN,N,N,N,,DAYLIGHT,CLOUDY,ICE,,T-INTERSECTION,,ASPHALT,ROADWAY SURFACE CONDITION,$5001 TO $10000,RAN OFF ROAD,WALLACECTSROGERSST,0,
INDIANA UNIV BLOOMINGTON PD,220247,MONROE,BLOOMINGTON,BLOOMINGTON,1/24/22,3:20 PM,2,,0,0,0,,STATE RD 45,,,,,STATE RD 45,E 10TH ST,,,,Y,,0,,39.17207732,-86.50262422,STATE ROAD,,,,URBAN,N,N,N,,DAYLIGHT,RAIN,WET,,FOUR-WAY INTERSECTION,,ASPHALT,FOLLOWING TOO CLOSELY,$1001 TO $2500,REAR END,STATERD45E10THST,0,
MONROE SD,M22A1016,MONROE,PERRY,BLOOMINGTON,1/14/22,2:01 AM,1,,0,0,0,,S FAIRFAX RD,,,,,S FAIRFAX RD,S FAIRFAX RD,,,,N,,0,,39.07935073,-86.5134245,LOCAL/CITY ROAD,,,,URBAN,N,N,N,,DARK (NOT LIGHTED),CLEAR,DRY,,NO JUNCTION INVOLVED,,ASPHALT,UNSAFE LANE MOVEMENT,$5001 TO $10000,RAN OFF ROAD,SFAIRFAXRDSFAIRFAXRD,0,
BLOOMINGTON PD,B22-02104,MONROE,RICHLAND,BLOOMINGTON,1/20/22,4:00 AM,1,,0,0,0,,I 69 SOUTHBOUND,,,,,I 69 SOUTHBOUND,,,119,,Y,,0,,0,0,INTERSTATE,,,,RURAL,N,Y,N,,DARK (NOT LIGHTED),CLEAR,DRY,,NO JUNCTION INVOLVED,,ASPHALT,DRIVER ASLEEP OR FATIGUED,$2501 TO $5000,OTHER - EXPLAIN IN NARRATIVE,I69SOUTHBOUND119,0,
MONROE SD,M22A2029,MONROE,VAN BUREN,BLOOMINGTON,1/27/22,11:30 AM,2,,0,0,0,,WEST TAPP ROAD,,,,,WEST TAPP ROAD,SOUTH DANNY ROAD,,,,N,,400,,0,0,COUNTY ROAD,,,,RURAL,N,N,N,,DAYLIGHT,CLOUDY,WET,,TRAFFIC CIRCLE/ROUNDABOUT,,ASPHALT,FAILURE TO MAINTAIN LANE,$5001 TO $10000,SAME DIRECTION SIDESWIPE,WESTTAPPROADSOUTHDANNYROAD,0,
MONROE SD,M22A233,MONROE,BEAN BLOSSOM,BLOOMINGTON,1/4/22,11:15 AM,2,0,1,0,0,,N MT TABOR,RD,,,,N MT TABOR,W COWDEN,,,,N,,1000,S,39.266864,-86.620704,LOCAL/CITY ROAD,,N,N,RURAL,N,N,N,,DAYLIGHT,CLEAR,DRY,,NO JUNCTION INVOLVED,STRAIGHT/HILLCREST,ASPHALT,UNSAFE SPEED,$25001 TO $50000,RIGHT ANGLE,NMTTABORRDWCOWDENRD,0,NONE
INDIANA UNIV BLOOMINGTON PD,220060,MONROE,BLOOMINGTON,BLOOMINGTON,1/10/22,9:23 AM,2,,0,0,0,1600,E 10TH ST,,,,,E 10TH ST,,,,,Y,,0,,39.17188602,-86.51206023,LOCAL/CITY ROAD,,,,URBAN,N,N,N,,DAYLIGHT,CLOUDY,DRY,,NO JUNCTION INVOLVED,,ASPHALT,OTHER (DRIVER) - EXPLAIN IN NARRATIVE,$1001 TO $2500,BACKING CRASH,E10THST,0,
BLOOMINGTON PD,B22-02345,MONROE,BLOOMINGTON,BLOOMINGTON,1/22/22,2:25 AM,2,,0,0,0,,N WALNUT ST,,,,,N WALNUT ST,W 8TH ST,,,,N,,0,,39.16942813,-86.53358764,,,,,URBAN,N,N,N,,DARK (LIGHTED),CLEAR,DRY,,FOUR-WAY INTERSECTION,,ASPHALT,UNSAFE LANE MOVEMENT,$1001 TO $2500,RIGHT TURN,W8THSTNWALNUTST,0,
MONROE SD,M22A2058,MONROE,BLOOMINGTON,BLOOMINGTON,1/27/22,3:23 PM,1,,0,0,0,,E ROBINSON RD,,,,,E ROBINSON RD,N HUDOFF RD,,,,Y,,0,,39.24932626,-86.46419338,LOCAL/CITY ROAD,,,,RURAL,N,N,N,,DAYLIGHT,CLOUDY,DRY,,T-INTERSECTION,,ASPHALT,UNSAFE SPEED,$1001 TO $2500,RAN OFF ROAD,NHUDOFFRDEROBINSONRD,0,
BLOOMINGTON PD,B22-01164,MONROE,PERRY,BLOOMINGTON,1/11/22,4:51 PM,3,,2,0,0,,1199 S COLLEGE MALL ROAD,,,,,1199 S COLLEGE MALL ROAD,,,,,Y,,0,,0,0,LOCAL/CITY ROAD,,,,URBAN,N,N,N,,DAWN/DUSK,CLEAR,DRY,,FOUR-WAY INTERSECTION,,ASPHALT,DRIVER ILLNESS,$5001 TO $10000,HEAD ON BETWEEN TWO MOTOR VEHICLES,1199SCOLLEGEMALLROAD,0,
MONROE SD,M22A574,MONROE,VAN BUREN,BLOOMINGTON,1/8/22,12:45 PM,2,0,0,0,0,3585,WEST STATE ROAD 45,RD,,,,WEST STATE ROAD 45,,,,,N,,,,39.141477,-86.58021,OTHER,,N,N,RURAL,N,N,N,,DAYLIGHT,CLOUDY,DRY,,T-INTERSECTION,CURVE/GRADE,ASPHALT,FOLLOWING TOO CLOSELY,$1001 TO $2500,REAR END,WESTSTATEROAD45RD,0,YIELD SIGN
MONROE SD,M22A1033,MONROE,RICHLAND,BLOOMINGTON,1/14/22,10:10 AM,1,0,0,0,0,3585,W STATE 46,RD,,,,W STATE 46,,,,,N,,,,39.208682,-86.582335,OTHER,,N,N,RURAL,N,N,N,,DAYLIGHT,CLEAR,DRY,,NO JUNCTION INVOLVED,STRAIGHT/LEVEL,ASPHALT,OTHER (DRIVER) - EXPLAIN IN NARRATIVE,$25001 TO $50000,OTHER - EXPLAIN IN NARRATIVE,WSTATE46RD,0,NONE
BLOOMINGTON PD,B22-00055,MONROE,PERRY,BLOOMINGTON,1/1/22,2:52 PM,3,,0,0,0,,S LEONARD SPRINGS RD,,,,,S LEONARD SPRINGS RD,W SIMS LN,,,,Y,,0,,39.12609456,-86.58257087,LOCAL/CITY ROAD,,,,URBAN,N,N,N,,DAYLIGHT,RAIN,WET,,INTERCHANGE,,ASPHALT,FOLLOWING TOO CLOSELY,$5001 TO $10000,REAR END,WSIMSLNSLEONARDSPRINGSRD,0,
DNR LAW ENFORCEMENT,06-22-02512,MONROE,BLOOMINGTON,BLOOMINGTON,9/11/22,2:10 PM,1,,0,0,0,,I-69,,,,,I-69,,,,,N,,1267,,39.24281749,-86.53542496,,,,,URBAN,N,N,N,,DARK (NOT LIGHTED),RAIN,WET,,NO JUNCTION INVOLVED,,ASPHALT,ROADWAY SURFACE CONDITION,$5001 TO $10000,,I-69,0,
BLOOMINGTON PD,B22-11727,MONROE,PERRY,BLOOMINGTON,4/5/22,3:17 PM,2,,0,0,0,,E MOORES PIKE,,,,,E MOORES PIKE,S COLLEGE MALL RD,,,,Y,,0,,39.15048149,-86.49826215,LOCAL/CITY ROAD,,,,URBAN,N,N,N,,DAYLIGHT,CLEAR,DRY,,FOUR-WAY INTERSECTION,,ASPHALT,DISREGARD SIGNAL/REG SIGN,$2501 TO $5000,RIGHT ANGLE,SCOLLEGEMALLRDEMOORESPIKE,0,
ISP BLOOMINGTON 33,2.022E+11,MONROE,BLOOMINGTON,BLOOMINGTON,4/13/22,7:00 PM,1,,1,0,0,,I-69,,,,,I-69,,,128,,N,,500,,39.29512645,-86.51818102,INTERSTATE,,,,RURAL,N,N,N,,DAYLIGHT,RAIN,WET,,NO JUNCTION INVOLVED,,ASPHALT,FAILURE TO MAINTAIN LANE,$50001 TO $100000,RAN OFF ROAD,I-69128,0,
BLOOMINGTON PD,B22-21365,MONROE,BLOOMINGTON,BLOOMINGTON,6/8/22,4:01 PM,1,,0,0,0,,N COLLEGE AVE,,,,,N COLLEGE AVE,W 10TH ST,,,,N,,0,,39.17160299,-86.53484755,LOCAL/CITY ROAD,,,,URBAN,N,N,N,,DAYLIGHT,CLEAR,DRY,,FOUR-WAY INTERSECTION,,ASPHALT,OVERCORRECTING/OVERSTEERING,UNDER $1001,OTHER - EXPLAIN IN NARRATIVE,W10THSTNCOLLEGEAVE,0,
MONROE SD,M22A12301,MONROE,BLOOMINGTON,BLOOMINGTON,5/27/22,5:50 AM,1,,0,0,0,,I-69,,,,,I-69,,,,,N,,370,,39.2470366,-86.53219119,INTERSTATE,,,,RURAL,N,N,N,,DARK (NOT LIGHTED),RAIN,WET,,NO JUNCTION INVOLVED,,ASPHALT,ANIMAL/OBJECT IN ROADWAY,$2501 TO $5000,COLLISION WITH OBJECT IN ROAD,I-69,0,
BLOOMINGTON PD,B22-24521,MONROE,BLOOMINGTON,BLOOMINGTON,6/29/22,1:00 PM,2,,0,0,0,215,S WALNUT ST,,,,,S WALNUT ST,,,,,Y,,0,,39.16595663,-86.53361232,PRIVATE DRIVE,,,,URBAN,N,N,N,,DAYLIGHT,CLEAR,DRY,,NO JUNCTION INVOLVED,,ASPHALT,FAILURE TO YIELD RIGHT OF WAY,$1001 TO $2500,OTHER - EXPLAIN IN NARRATIVE,SWALNUTST,0,
BLOOMINGTON PD,B22-34629,MONROE,BLOOMINGTON,BLOOMINGTON,8/31/22,11:46 AM,2,,0,0,0,,W 3RD ST,,,,,W 3RD ST,S MADISON ST,,,,Y,,0,,39.16463133,-86.53744645,LOCAL/CITY ROAD,,,,URBAN,N,N,N,,DAYLIGHT,CLEAR,DRY,,FOUR-WAY INTERSECTION,,ASPHALT,OTHER (DRIVER) - EXPLAIN IN NARRATIVE,$5001 TO $10000,RIGHT ANGLE,W3RDSTSMADISONST,0,
ISP BLOOMINGTON 33,2.022E+11,MONROE,BLOOMINGTON,BLOOMINGTON,2/24/22,10:40 AM,2,,0,0,0,,SR45,,,,,SR45,N WALNUT ST,,,,Y,,600,,39.18626641,-86.53386459,STATE ROAD,,,,URBAN,N,N,N,,DAYLIGHT,CLOUDY,WET,,NO JUNCTION INVOLVED,,ASPHALT,SPEED TOO FAST FOR WEATHER CONDITIONS,$5001 TO $10000,REAR END,SR45NWALNUTST,0,
MONROE SD,M22A22846,MONROE,INDIAN CREEK,BLOOMINGTON,9/16/22,5:40 PM,2,,1,0,0,,S HARMONY RD,,,,,S HARMONY RD,S ROCKPORT RD,,,,N,,0,,39.0502154,-86.60934395,LOCAL/CITY ROAD,,,,RURAL,N,N,N,,DAYLIGHT,CLEAR,DRY,,T-INTERSECTION,,ASPHALT,FAILURE TO YIELD RIGHT OF WAY,$10001 TO $25000,RIGHT ANGLE,SROCKPORTRDSHARMONYRD,0,
BLOOMINGTON PD,B22-03979,MONROE,BLOOMINGTON,BLOOMINGTON,2/5/22,4:01 PM,2,,0,0,0,,N INDIANA AVE,,,,,N INDIANA AVE,E 13TH ST,,,,N,,0,,39.175232,-86.5269973,LOCAL/CITY ROAD,,,,URBAN,N,N,N,,DAYLIGHT,CLEAR,DRY,,FOUR-WAY INTERSECTION,,ASPHALT,FAILURE TO YIELD RIGHT OF WAY,$2501 TO $5000,RIGHT ANGLE,NINDIANAAVEE13THST,0,
BLOOMINGTON PD,B22-35288,MONROE,BLOOMINGTON,BLOOMINGTON,9/3/22,9:40 PM,2,,1,0,0,,STATE RD 46,,,,,STATE RD 46,N KINSER PIKE,,,,Y,,0,,39.18644374,-86.53795741,STATE ROAD,,,,URBAN,N,N,N,,DARK (NOT LIGHTED),RAIN,WET,,FOUR-WAY INTERSECTION,,ASPHALT,FAILURE TO YIELD RIGHT OF WAY,$2501 TO $5000,RIGHT ANGLE,STATERD46NKINSERPIKE,0,
ISP BLOOMINGTON 33,2.022E+11,MONROE,VAN BUREN,BLOOMINGTON,5/19/22,6:00 PM,2,,0,0,0,,W STATE RD 45,,,,,W STATE RD 45,INDUSTRIAL BLVD,,,,Y,,0,,39.14356349,-86.58030718,STATE ROAD,,,,URBAN,N,N,N,,DAYLIGHT,RAIN,WATER (STANDING OR MOVING),,FOUR-WAY INTERSECTION,,ASPHALT,FAILURE TO YIELD RIGHT OF WAY,$5001 TO $10000,LEFT TURN,WSTATERD45INDUSTRIALBLVD,0,
INDIANA UNIV BLOOMINGTON PD,222023,MONROE,BLOOMINGTON,BLOOMINGTON,6/1/22,11:52 AM,2,,0,0,0,,E 6TH ST,,,,,E 6TH ST,N DUNN ST,,,,Y,,0,,39.16733304,-86.52788527,PRIVATE DRIVE,,,,URBAN,N,N,N,,DAYLIGHT,CLEAR,DRY,,NO JUNCTION INVOLVED,,ASPHALT,UNSAFE BACKING,UNDER $1001,BACKING CRASH,NDUNNSTE6THST,0,