Agency,Local Code,County,Township,City,Collision Date,Collision Time,Vehicles Involved,Trailers Involved,Number Injured,Number Dead,Number Deer,House Number,Roadway Name,Roadway Suffix,Roadway Number,Roadway Interchange,Roadway Ramp,Roadway Id,Intersecting Road,Intersecting Road Number,Mile Marker,Interchange,Corporate Limits?,Property Type,Feet From,Direction,Latitude,Longitude,Roadway Class,Traffic Control Devices?,Aggressive Driving?,Hit and Run?,Locality,School Zone?,Rumble Strips?,Construction?,Construction Type,Light Condition,Weather Conditions,Surface Condition,Type of Median,Roadway Junction Type,Road Character,Roadway Surface,Primary Factor,Damage Estimate,Manner of Collision,Unique Location Id,State Property Damage?,Traffic Control
BLOOMINGTON PD,B22-13698,MONROE,BLOOMINGTON,BLOOMINGTON,4/19/22,4:10 PM,2,,1,0,0,,N PETE ELLIS DR,,,,,N PETE ELLIS DR,E 10TH ST,,,,Y,,0,,39.17134253,-86.49539119,LOCAL/CITY ROAD,,,,URBAN,N,N,N,,DAYLIGHT,CLEAR,DRY,,FOUR-WAY INTERSECTION,,ASPHALT,FOLLOWING TOO CLOSELY,UNDER $1001,REAR END,NPETEELLISDRE10THST,0,
BLOOMINGTON PD,B22-18264,MONROE,BLOOMINGTON,BLOOMINGTON,5/18/22,6:10 PM,2,,0,0,0,,SR 46,,,,,SR 46,N KINSER PIKE,,,,Y,,0,,39.18647863,-86.53783003,LOCAL/CITY ROAD,,,,URBAN,N,N,N,,DAYLIGHT,RAIN,WET,,FOUR-WAY INTERSECTION,,ASPHALT,UNSAFE BACKING,UNDER $1001,BACKING CRASH,SR46NKINSERPIKE,0,
MONROE SD,M22A24530,MONROE,PERRY,BLOOMINGTON,10/6/22,9:36 AM,2,,0,0,0,,S FAIRFAX RD,,,,,S FAIRFAX RD,E SCHACHT RD,,,,N,,0,,39.10688227,-86.52366461,LOCAL/CITY ROAD,,,,RURAL,N,N,N,,DAYLIGHT,RAIN,WET,,T-INTERSECTION,,ASPHALT,OTHER (ENVIRONMENTAL) - EXPLAIN IN NARR,$1001 TO $2500,REAR END,SFAIRFAXRDESCHACHTRD,0,
BLOOMINGTON PD,B22-38217,MONROE,PERRY,BLOOMINGTON,9/21/22,1:00 PM,4,,1,0,0,,S COLLEGE MALL RD,,,,,S COLLEGE MALL RD,E 2ND ST,,,,Y,,370,,39.16027157,-86.49772636,LOCAL/CITY ROAD,,,,URBAN,N,N,N,,DAYLIGHT,CLEAR,DRY,,NO JUNCTION INVOLVED,,ASPHALT,FOLLOWING TOO CLOSELY,$10001 TO $25000,REAR END,SCOLLEGEMALLRDE2NDST,0,
BLOOMINGTON PD,B22-41669,MONROE,VAN BUREN,BLOOMINGTON,10/9/22,3:50 PM,2,,1,0,0,,W STATE RD 45,,,,,W STATE RD 45,S HICKORY LEAF DR,,,,Y,,0,,39.14442443,-86.57900307,LOCAL/CITY ROAD,,,,URBAN,N,N,N,,DAYLIGHT,CLEAR,DRY,,NO JUNCTION INVOLVED,,ASPHALT,FOLLOWING TOO CLOSELY,$1001 TO $2500,REAR END,WSTATERD45SHICKORYLEAFDR,0,
BLOOMINGTON PD,B22-17425,MONROE,BLOOMINGTON,BLOOMINGTON,5/12/22,4:42 PM,2,,1,0,0,,W 3RD ST,,,,,W 3RD ST,S CORY LN,,,,Y,,0,,39.16447883,-86.56012005,LOCAL/CITY ROAD,,,,URBAN,N,N,N,,DAYLIGHT,CLEAR,DRY,,FOUR-WAY INTERSECTION,,ASPHALT,DISREGARD SIGNAL/REG SIGN,$5001 TO $10000,RIGHT ANGLE,W3RDSTSCORYLN,0,
BLOOMINGTON PD,B22-18238,MONROE,BLOOMINGTON,BLOOMINGTON,5/18/22,4:07 PM,2,,0,0,0,,W 3RD ST,,,,,W 3RD ST,S ROGERS ST,,,,N,,0,,39.16463614,-86.53865362,LOCAL/CITY ROAD,,,,URBAN,N,N,N,,DAYLIGHT,RAIN,WET,,FOUR-WAY INTERSECTION,,ASPHALT,FOLLOWING TOO CLOSELY,$1001 TO $2500,REAR END,W3RDSTSROGERSST,0,
MONROE SD,M22A13799,MONROE,RICHLAND,BLOOMINGTON,6/12/22,12:55 PM,2,,0,0,0,,N SMITH PIKE,,,,,N SMITH PIKE,W PROFILE PKWY,,,,N,,0,,39.17198005,-86.5829868,LOCAL/CITY ROAD,,,,RURAL,N,N,N,,DAYLIGHT,CLOUDY,DRY,,FOUR-WAY INTERSECTION,,ASPHALT,FAILURE TO YIELD RIGHT OF WAY,$2501 TO $5000,LEFT TURN,WPROFILEPKWYNSMITHPIKE,0,
BLOOMINGTON PD,B22-21658,MONROE,BLOOMINGTON,BLOOMINGTON,6/10/22,10:30 AM,2,,0,0,0,,N WALNUT ST,,,,,N WALNUT ST,W 10TH ST,,,,Y,,0,,39.1716783,-86.53358643,,,,,URBAN,N,N,N,,DAYLIGHT,CLEAR,DRY,,T-INTERSECTION,,ASPHALT,DISREGARD SIGNAL/REG SIGN,$5001 TO $10000,RIGHT ANGLE,W10THSTNWALNUTST,0,
BLOOMINGTON PD,B22-29565,MONROE,BLOOMINGTON,BLOOMINGTON,8/1/22,5:26 PM,2,,0,0,0,,E HILLSIDE DR,,,,,E HILLSIDE DR,S WOODLAWN AVE,,,,Y,,0,,39.15053017,-86.5226192,LOCAL/CITY ROAD,,,,URBAN,N,N,N,,DAYLIGHT,CLOUDY,DRY,,FOUR-WAY INTERSECTION,,ASPHALT,FOLLOWING TOO CLOSELY,$5001 TO $10000,REAR END,SWOODLAWNAVEEHILLSIDEDR,0,
INDIANA UNIV BLOOMINGTON PD,220638,MONROE,BLOOMINGTON,BLOOMINGTON,2/18/22,7:40 AM,2,,0,0,0,,STATE RD 45,,,,,STATE RD 45,E 10TH ST,,,,Y,,50,,39.17182364,-86.5025062,STATE ROAD,,,,URBAN,N,N,N,,DAYLIGHT,CLEAR,ICE,,FOUR-WAY INTERSECTION,,ASPHALT,FOLLOWING TOO CLOSELY,$2501 TO $5000,REAR END,STATERD45E10THST,0,
ELLETTSVILLE PD,E22-00630,MONROE,RICHLAND,ELLETTSVILLE,2/18/22,4:42 PM,2,,0,0,0,,STATE RD 46,,,,,STATE RD 46,N SMITH PIKE,,,,Y,,500,,39.21069843,-86.58415686,STATE ROAD,,,,RURAL,N,N,N,,DAYLIGHT,CLEAR,DRY,,T-INTERSECTION,,ASPHALT,FAILURE TO YIELD RIGHT OF WAY,$5001 TO $10000,REAR END,STATERD46NSMITHPIKE,0,
BLOOMINGTON PD,B22-30069,MONROE,BLOOMINGTON,BLOOMINGTON,8/4/22,5:28 PM,2,,0,0,0,,E 7TH ST,,,,,E 7TH ST,N GRANT ST,,,,Y,,0,,39.16855127,-86.52983178,,,,,URBAN,N,N,N,,DAYLIGHT,CLEAR,DRY,,FOUR-WAY INTERSECTION,,ASPHALT,FAILURE TO YIELD RIGHT OF WAY,$2501 TO $5000,RIGHT ANGLE,NGRANTSTE7THST,0,
BLOOMINGTON PD,B22-41941,MONROE,RICHLAND,BLOOMINGTON,10/11/22,11:31 AM,2,,0,0,0,,W 3RD ST,,,,,W 3RD ST,S GATES DR,,,,Y,,400,,39.16462259,-86.57746348,LOCAL/CITY ROAD,,,,URBAN,N,N,N,,DAYLIGHT,CLEAR,DRY,,NO JUNCTION INVOLVED,,ASPHALT,UNSAFE LANE MOVEMENT,$5001 TO $10000,SAME DIRECTION SIDESWIPE,W3RDSTSGATESDR,0,
ISP BLOOMINGTON 33,2.022E+11,MONROE,WASHINGTON,BLOOMINGTON,9/12/22,4:30 AM,1,,0,0,0,,STATE RD 37,,,,,STATE RD 37,N FOX HOLLOW RD,,124,,N,,898,,39.28925733,-86.51901375,INTERSTATE,,,,RURAL,N,Y,N,,DARK (NOT LIGHTED),CLEAR,DRY,,NO JUNCTION INVOLVED,,CONCRETE,ANIMAL/OBJECT IN ROADWAY,$2501 TO $5000,COLLISION WITH OBJECT IN ROAD,STATERD37NFOXHOLLOWRD,0,
INDIANA UNIV BLOOMINGTON PD,222412,MONROE,BLOOMINGTON,BLOOMINGTON,7/18/22,9:00 AM,2,,0,0,0,2642,E 10TH ST,,,,,E 10TH ST,,,,,Y,,0,,39.17090246,-86.50014318,PRIVATE DRIVE,,,,RURAL,N,N,N,,DAYLIGHT,CLEAR,DRY,,NO JUNCTION INVOLVED,,ASPHALT,OTHER (DRIVER) - EXPLAIN IN NARRATIVE,UNDER $1001,OTHER - EXPLAIN IN NARRATIVE,E10THST,0,
BLOOMINGTON PD,B22-42513,MONROE,RICHLAND,BLOOMINGTON,10/14/22,3:00 PM,2,,0,0,0,350,N GATES DR,,,,,N GATES DR,,,,,Y,,0,,39.17012551,-86.57419822,PRIVATE DRIVE,,,,URBAN,N,N,N,,DAYLIGHT,CLEAR,DRY,,NO JUNCTION INVOLVED,,ASPHALT,FAILURE TO YIELD RIGHT OF WAY,UNDER $1001,OTHER - EXPLAIN IN NARRATIVE,NGATESDR,0,
BLOOMINGTON PD,B22-31870,MONROE,BLOOMINGTON,BLOOMINGTON,8/16/22,4:00 PM,2,,0,0,0,,S PATTERSON DR,,,,,S PATTERSON DR,S FAIRVIEW ST,,,,Y,,0,,39.15422974,-86.54210276,LOCAL/CITY ROAD,,,,URBAN,N,N,N,,DAYLIGHT,CLEAR,DRY,,NO JUNCTION INVOLVED,,ASPHALT,OTHER (DRIVER) - EXPLAIN IN NARRATIVE,$2501 TO $5000,RIGHT ANGLE,SPATTERSONDRSFAIRVIEWST,0,
BLOOMINGTON PD,B22-34477,MONROE,PERRY,BLOOMINGTON,8/29/22,6:00 PM,2,,0,0,0,,E ROGERS RD,,,,,E ROGERS RD,S SARE RD,,,,Y,,0,,39.13597308,-86.4966433,LOCAL/CITY ROAD,,,,URBAN,N,N,N,,DAWN/DUSK,CLEAR,DRY,,TRAFFIC CIRCLE/ROUNDABOUT,,ASPHALT,FAILURE TO YIELD RIGHT OF WAY,$5001 TO $10000,SAME DIRECTION SIDESWIPE,SSARERDEROGERSRD,0,
STINESVILLE PD,S2200337,MONROE,BEAN BLOSSOM,STINESVILLE,8/31/22,9:24 PM,1,0,1,0,0,,TEXAS RIDGE,RD,,,,TEXAS RIDGE,COUNTY LINE,,,,N,OTHER,,,39.332802,-86.679205,COUNTY ROAD,,N,N,RURAL,N,N,N,,DARK (NOT LIGHTED),CLEAR,DRY,,T-INTERSECTION,CURVE/LEVEL,CONCRETE,BRAKE FAILURE OR DEFECTIVE,$2501 TO $5000,RAN OFF ROAD,COUNTYLINERDTEXASRIDGERD,0,STOP SIGN
INDIANA UNIV BLOOMINGTON PD,222839,MONROE,BLOOMINGTON,BLOOMINGTON,8/25/22,8:19 PM,2,,0,0,0,,STATE RD 45,,,,,STATE RD 45,WALKWAY,,,,Y,,0,,39.17524624,-86.50428987,STATE ROAD,,,,URBAN,N,N,N,,DAWN/DUSK,CLEAR,DRY,,FOUR-WAY INTERSECTION,,ASPHALT,IMPROPER TURNING,$2501 TO $5000,SAME DIRECTION SIDESWIPE,WALKWAYSTATERD45,0,
MONROE SD,M22A25162,MONROE,BLOOMINGTON,BLOOMINGTON,10/13/22,3:14 PM,2,,0,0,0,,STATE RD 46,,,,,STATE RD 46,E KERR RD,,,,Y,,0,,39.16654177,-86.46377511,STATE ROAD,,,,URBAN,N,N,N,,DAYLIGHT,CLEAR,DRY,,NO JUNCTION INVOLVED,,ASPHALT,FOLLOWING TOO CLOSELY,$1001 TO $2500,REAR END,STATERD46EKERRRD,0,
MONROE SD,M22A24885,MONROE,CLEAR CREEK,BLOOMINGTON,10/10/22,4:52 PM,1,,0,0,0,,E MONROE DAM RD,,,,,E MONROE DAM RD,E MONROE DAM CT,,,,N,,0,,39.00855814,-86.51761986,LOCAL/CITY ROAD,,,,RURAL,N,N,N,,DAYLIGHT,CLEAR,DRY,,T-INTERSECTION,,ASPHALT,UNSAFE SPEED,$5001 TO $10000,RAN OFF ROAD,EMONROEDAMRDEMONROEDAMCT,0,
ELLETTSVILLE PD,E2202668,MONROE,RICHLAND,ELLETTSVILLE,7/17/22,5:52 PM,2,0,0,0,0,,W MCNEELY,ST,,,,W MCNEELY,N UNION VALLEY,,,,N,,,,,,COUNTY ROAD,,N,N,RURAL,N,N,N,,DAYLIGHT,RAIN,WET,,T-INTERSECTION,STRAIGHT/HILLCREST,ASPHALT,SPEED TOO FAST FOR WEATHER CONDITIONS,$5001 TO $10000,RIGHT ANGLE,NUNIONVALLEYRDWMCNEELYST,0,STOP SIGN
ISP BLOOMINGTON 33,2.022E+11,MONROE,BLOOMINGTON,BLOOMINGTON,6/10/22,7:15 AM,1,,0,0,1,,KINSER PIKE,,,,,KINSER PIKE,SKYLINE DRIVE,,,,Y,,100,,39.19024267,-86.53778508,LOCAL/CITY ROAD,,,,URBAN,N,N,N,,DAYLIGHT,CLEAR,DRY,,NO JUNCTION INVOLVED,,ASPHALT,ANIMAL/OBJECT IN ROADWAY,$1001 TO $2500,COLLISION WITH DEER,SKYLINEDRIVEKINSERPIKE,0,
BLOOMINGTON PD,B22-22038,MONROE,BLOOMINGTON,BLOOMINGTON,6/13/22,8:53 AM,2,,0,0,0,,I 69 N RAMP,,,,,I 69 N RAMP,W 3RD ST,,,,Y,,0,,,,STATE ROAD,,,,URBAN,N,N,N,,DAYLIGHT,CLEAR,DRY,,RAMP,,ASPHALT,FOLLOWING TOO CLOSELY,$2501 TO $5000,REAR END,W3RDSTI69NRAMP,0,
BLOOMINGTON PD,B22-30055,MONROE,BLOOMINGTON,BLOOMINGTON,8/4/22,4:22 AM,1,,0,0,0,3410,S WALNUT ST; ANIMAL SHELTER,,,,,S WALNUT ST; ANIMAL SHELTER,,,,,Y,,0,,,,PRIVATE DRIVE,,,,URBAN,N,N,N,,DAYLIGHT,CLOUDY,WET,,NO JUNCTION INVOLVED,,ASPHALT,BRAKE FAILURE OR DEFECTIVE,$5001 TO $10000,NON-COLLISION,SWALNUTST;ANIMALSHELTER,0,
BLOOMINGTON PD,B22-41813,MONROE,BLOOMINGTON,BLOOMINGTON,10/10/22,2:37 PM,2,,0,0,0,,W 3RD ST,,,,,W 3RD ST,S LIBERTY DR,,,,Y,,0,,39.16461469,-86.57913155,LOCAL/CITY ROAD,,,,URBAN,N,N,N,,DAYLIGHT,CLEAR,DRY,,FOUR-WAY INTERSECTION,,ASPHALT,DISREGARD SIGNAL/REG SIGN,$10001 TO $25000,RIGHT ANGLE,W3RDSTSLIBERTYDR,0,
BLOOMINGTON PD,B22-40620,MONROE,BLOOMINGTON,BLOOMINGTON,10/4/22,12:00 AM,2,,0,0,0,1710,N KINSER PK,,,,,N KINSER PK,,,,,Y,,0,,39.18593044,-86.53627495,PRIVATE DRIVE,,,,URBAN,N,N,N,,DARK (LIGHTED),CLEAR,DRY,,NO JUNCTION INVOLVED,,ASPHALT,OTHER (DRIVER) - EXPLAIN IN NARRATIVE,$1001 TO $2500,REAR END,NKINSERPK,0,
BLOOMINGTON PD,B22-37489,MONROE,BLOOMINGTON,BLOOMINGTON,9/16/22,3:16 PM,2,,0,0,0,,SR 45/46,,,,,SR 45/46,N WALNUT ST,,,,Y,,0,,39.1863432,-86.53453561,STATE ROAD,,,,URBAN,N,N,N,,DAYLIGHT,CLEAR,DRY,,FOUR-WAY INTERSECTION,,ASPHALT,FOLLOWING TOO CLOSELY,$1001 TO $2500,REAR END,SR45/46NWALNUTST,0,
MONROE SD,M22A7237,MONROE,BLOOMINGTON,BLOOMINGTON,3/30/22,2:48 PM,2,,0,0,0,,N WALNUT ST,,,,,N WALNUT ST,E WHISNAND RD,,,,N,,0,,39.22469874,-86.53987564,STATE ROAD,,,,RURAL,N,N,N,,DAYLIGHT,CLOUDY,DRY,,T-INTERSECTION,,ASPHALT,FAILURE TO YIELD RIGHT OF WAY,$2501 TO $5000,NON-COLLISION,NWALNUTSTEWHISNANDRD,0,
BLOOMINGTON PD,B22-35478,MONROE,PERRY,BLOOMINGTON,9/5/22,12:15 AM,2,,2,0,0,,STATE RD 46,,,,,STATE RD 46,E 3RD ST,,,,Y,,0,,39.16428612,-86.49827904,STATE ROAD,,,,URBAN,N,N,N,,DARK (LIGHTED),CLEAR,DRY,,FOUR-WAY INTERSECTION,,ASPHALT,DISREGARD SIGNAL/REG SIGN,$5001 TO $10000,RIGHT ANGLE,STATERD46E3RDST,0,
MONROE SD,M22A11921,MONROE,PERRY,BLOOMINGTON,5/23/22,10:21 AM,1,,0,0,0,,SOUTH STATE ROAD 37,,,,,SOUTH STATE ROAD 37,WEST DILLMAN ROAD,,,,N,,0,,39.092967,-86.545791,STATE ROAD,,,,RURAL,N,N,N,,DAYLIGHT,CLOUDY,DRY,,NO JUNCTION INVOLVED,,ASPHALT,ANIMAL/OBJECT IN ROADWAY,$1001 TO $2500,COLLISION WITH OBJECT IN ROAD,WESTDILLMANROADSOUTHSTATEROAD37,0,
MONROE SD,M22A20449,MONROE,VAN BUREN,BLOOMINGTON,8/21/22,12:29 PM,2,,0,0,0,,W AIRPORT RD,,,,,W AIRPORT RD,S BUNGER RD,,,,N,,0,,39.13686446,-86.60599656,LOCAL/CITY ROAD,,,,RURAL,N,N,N,,DAYLIGHT,CLEAR,DRY,,FOUR-WAY INTERSECTION,,ASPHALT,FAILURE TO YIELD RIGHT OF WAY,$2501 TO $5000,LEFT TURN,WAIRPORTRDSBUNGERRD,0,
MONROE SD,M22A18974,MONROE,WASHINGTON,BLOOMINGTON,8/4/22,5:57 PM,2,,1,0,0,,E SAMPLE RD,,,,,E SAMPLE RD,N OLD STATE ROAD 37,,,,N,,0,,39.25863606,-86.50132273,LOCAL/CITY ROAD,,,,RURAL,N,N,N,,DAYLIGHT,CLEAR,DRY,,T-INTERSECTION,,ASPHALT,FAILURE TO YIELD RIGHT OF WAY,$5001 TO $10000,HEAD ON BETWEEN TWO MOTOR VEHICLES,NOLDSTATEROAD37ESAMPLERD,0,
MONROE SD,M22A22043,MONROE,INDIAN CREEK,BLOOMINGTON,9/8/22,5:40 AM,1,,0,0,0,,S INTERSTATE 69,,,,,S INTERSTATE 69,,,,,N,,0,,39.05738677,-86.68147928,INTERSTATE,,,,RURAL,N,N,N,,DARK (NOT LIGHTED),CLEAR,DRY,,NO JUNCTION INVOLVED,,CONCRETE,FOLLOWING TOO CLOSELY,$5001 TO $10000,RAN OFF ROAD,SINTERSTATE69,0,
BLOOMINGTON PD,B22-23396,MONROE,,BLOOMINGTON,6/22/22,11:57 AM,2,,0,0,0,,1711 N. COLLEGE AVE,,,,,1711 N. COLLEGE AVE,,,,,Y,,0,,,,PRIVATE DRIVE,,,,URBAN,N,N,N,,DAYLIGHT,CLEAR,DRY,,NO JUNCTION INVOLVED,,ASPHALT,UNSAFE BACKING,$1001 TO $2500,BACKING CRASH,1711N.COLLEGEAVE,0,
ISP BLOOMINGTON 33,2.022E+11,MONROE,SALT CREEK,BLOOMINGTON,1/20/22,12:35 PM,1,,1,0,0,,N UPPER BIRDIE GALYAN RD,,,,,N UPPER BIRDIE GALYAN RD,STATE RD 46,,,,N,,0,,39.16271652,-86.41334067,STATE ROAD,,,,RURAL,N,N,N,,DAYLIGHT,CLEAR,DRY,,T-INTERSECTION,,ASPHALT,UNSAFE SPEED,$10001 TO $25000,RAN OFF ROAD,STATERD46NUPPERBIRDIEGALYANRD,0,
BLOOMINGTON PD,B22-03128,MONROE,VAN BUREN,BLOOMINGTON,1/28/22,2:25 PM,3,,0,0,0,,W SR45,,,,,W SR45,S. LIBERTY DR,,,,Y,,0,,39.15840211,-86.57737914,LOCAL/CITY ROAD,,,,URBAN,N,N,N,,DAYLIGHT,SNOW,SNOW/SLUSH,,FOUR-WAY INTERSECTION,,ASPHALT,ROADWAY SURFACE CONDITION,$5001 TO $10000,HEAD ON BETWEEN TWO MOTOR VEHICLES,WSR45S.LIBERTYDR,0,
BLOOMINGTON PD,B22-14262,MONROE,BLOOMINGTON,BLOOMINGTON,4/22/22,5:18 PM,1,,0,0,0,,W KIRKWOOD AVE,,,,,W KIRKWOOD AVE,S GENTRY ST,,,,Y,,0,,39.16655877,-86.5356412,LOCAL/CITY ROAD,,,,URBAN,N,N,N,,DAYLIGHT,CLEAR,DRY,,NO JUNCTION INVOLVED,,ASPHALT,UNDER STEERING/UNDER CORRECTING,$2501 TO $5000,OTHER - EXPLAIN IN NARRATIVE,WKIRKWOODAVESGENTRYST,0,
BLOOMINGTON PD,B22-33583,MONROE,PERRY,BLOOMINGTON,8/24/22,6:35 PM,2,,0,0,0,,S WALNUT ST,,,,,S WALNUT ST,E WINSLOW RD,,,,Y,,0,,39.13593556,-86.53117936,LOCAL/CITY ROAD,,,,URBAN,N,N,N,,DAYLIGHT,CLEAR,DRY,,FOUR-WAY INTERSECTION,,ASPHALT,FOLLOWING TOO CLOSELY,$1001 TO $2500,REAR END,SWALNUTSTEWINSLOWRD,0,
BLOOMINGTON PD,B22-38253,MONROE,VAN BUREN,BLOOMINGTON,9/21/22,3:40 PM,2,,0,0,0,,W 3RD ST,,,,,W 3RD ST,S CURRY PIKE,,,,Y,,0,,39.16465266,-86.5814558,LOCAL/CITY ROAD,,,,URBAN,N,N,N,,DAYLIGHT,CLEAR,DRY,,NO JUNCTION INVOLVED,,ASPHALT,FOLLOWING TOO CLOSELY,$2501 TO $5000,REAR END,W3RDSTSCURRYPIKE,0,
MONROE SD,M22A24577,MONROE,VAN BUREN,BLOOMINGTON,10/6/22,9:58 AM,1,,0,0,0,,W STATE RD 45,,,,,W STATE RD 45,W HINDS RD,,,,N,,0,,39.09453333,-86.65967831,STATE ROAD,,,,RURAL,N,N,N,,DARK (NOT LIGHTED),CLEAR,DRY,,NO JUNCTION INVOLVED,,ASPHALT,ANIMAL/OBJECT IN ROADWAY,$2501 TO $5000,COLLISION WITH OBJECT IN ROAD,WSTATERD45WHINDSRD,0,
MONROE SD,M22A11110,MONROE,INDIAN CREEK,BLOOMINGTON,5/14/22,6:40 PM,1,,0,0,0,,I-69,,,,,I-69,,,,,N,,264,,39.06875193,-86.67331907,INTERSTATE,,,,RURAL,N,Y,N,,DAYLIGHT,RAIN,WATER (STANDING OR MOVING),,NO JUNCTION INVOLVED,,CONCRETE,SPEED TOO FAST FOR WEATHER CONDITIONS,$1001 TO $2500,RAN OFF ROAD,I-69,0,
BLOOMINGTON PD,B22-10226,MONROE,BLOOMINGTON,BLOOMINGTON,3/24/22,9:00 PM,2,,0,0,0,,E 19TH ST,,,,,E 19TH ST,N LINCOLN ST,,,,Y,,0,,39.18118912,-86.53140746,LOCAL/CITY ROAD,,,,URBAN,N,N,N,,DAYLIGHT,CLEAR,DRY,,FOUR-WAY INTERSECTION,,ASPHALT,FAILURE TO YIELD RIGHT OF WAY,$1001 TO $2500,REAR END,NLINCOLNSTE19THST,0,
BLOOMINGTON PD,B22-23638,MONROE,PERRY,BLOOMINGTON,6/23/22,8:00 PM,2,,3,0,0,,E HILLSIDE DR,,,,,E HILLSIDE DR,S WALNUT ST,,,,Y,,0,,39.15051308,-86.53358681,LOCAL/CITY ROAD,,,,URBAN,N,N,N,,DAYLIGHT,CLEAR,DRY,,FOUR-WAY INTERSECTION,,ASPHALT,DRIVER DISTRACTED - EXPLAIN IN NARRATIVE,UNDER $1001,REAR END,SWALNUTSTEHILLSIDEDR,0,
BLOOMINGTON PD,B22-38736,MONROE,PERRY,BLOOMINGTON,9/24/22,4:35 AM,1,,1,0,0,,I69 SB ON RAMP FROM 46,,,,,I69 SB ON RAMP FROM 46,,,,,Y,,0,,39.18342849,-86.55682272,INTERSTATE,,,,URBAN,N,N,N,,DARK (NOT LIGHTED),RAIN,WET,,INTERCHANGE,,ASPHALT,ROADWAY SURFACE CONDITION,$5001 TO $10000,OTHER - EXPLAIN IN NARRATIVE,I69SBONRAMPFROM46,0,
BLOOMINGTON PD,B22-42670,MONROE,PERRY,BLOOMINGTON,10/15/22,5:28 PM,1,,0,0,0,1533,S ARBORS LN,,,,,S ARBORS LN,,,,,Y,,0,,39.1500437,-86.4910241,LOCAL/CITY ROAD,,,,URBAN,N,N,N,,DAYLIGHT,CLEAR,DRY,,NO JUNCTION INVOLVED,,ASPHALT,OVERCORRECTING/OVERSTEERING,$1001 TO $2500,OTHER - EXPLAIN IN NARRATIVE,SARBORSLN,0,
MONROE SD,M22A20281,MONROE,BLOOMINGTON,BLOOMINGTON,8/19/22,9:42 AM,2,,0,0,0,,N WAYPORT RD,,,,,N WAYPORT RD,STATE RD 37,,,,N,,0,,39.26328247,-86.52070231,COUNTY ROAD,,,,RURAL,N,N,N,,DAYLIGHT,CLEAR,DRY,,NO JUNCTION INVOLVED,,ASPHALT,FOLLOWING TOO CLOSELY,$5001 TO $10000,RIGHT ANGLE,STATERD37NWAYPORTRD,0,
BLOOMINGTON PD,B22-19315,MONROE,BLOOMINGTON,BLOOMINGTON,5/25/22,6:42 PM,2,,0,0,0,,E 10TH ST,,,,,E 10TH ST,N DUNN ST,,,,Y,,0,,39.17164652,-86.52823279,LOCAL/CITY ROAD,,,,URBAN,N,N,N,,DAYLIGHT,RAIN,WET,,FOUR-WAY INTERSECTION,,ASPHALT,FOLLOWING TOO CLOSELY,$1001 TO $2500,REAR END,NDUNNSTE10THST,0,
MONROE SD,M22A10615,MONROE,RICHLAND,BLOOMINGTON,5/9/22,5:16 PM,2,,0,0,0,,N BROOKWOOD DR,,,,,N BROOKWOOD DR,W DUNLEIGH DR,,,,N,,422,,39.21600359,-86.60128643,LOCAL/CITY ROAD,,,,RURAL,N,N,N,,DAYLIGHT,CLEAR,DRY,,NO JUNCTION INVOLVED,,ASPHALT,DRIVER ASLEEP OR FATIGUED,UNDER $1001,RIGHT ANGLE,WDUNLEIGHDRNBROOKWOODDR,0,
BLOOMINGTON PD,B22-11573,MONROE,PERRY,BLOOMINGTON,4/4/22,12:12 PM,1,,0,0,0,,1925 E. ATWATER AVE,,,,,1925 E. ATWATER AVE,,,,,Y,,0,,,,PRIVATE DRIVE,,,,URBAN,N,N,N,,DAYLIGHT,CLOUDY,DRY,,NO JUNCTION INVOLVED,,ASPHALT,OTHER (VEHICLE) - EXPLAIN IN NARRATIVE,$2501 TO $5000,OTHER - EXPLAIN IN NARRATIVE,1925E.ATWATERAVE,0,
BLOOMINGTON PD,B22-19474,MONROE,BLOOMINGTON,BLOOMINGTON,5/26/22,11:30 PM,1,,0,0,0,,N PETE ELLIS DR,,,,,N PETE ELLIS DR,E BRAESIDE DR,,,,Y,,0,,39.1684711,-86.49508163,LOCAL/CITY ROAD,,,,URBAN,N,N,N,,DARK (NOT LIGHTED),RAIN,WET,,NO JUNCTION INVOLVED,,ASPHALT,SPEED TOO FAST FOR WEATHER CONDITIONS,$10001 TO $25000,RAN OFF ROAD,NPETEELLISDREBRAESIDEDR,0,
BLOOMINGTON PD,B22-12327,MONROE,PERRY,BLOOMINGTON,4/9/22,2:38 PM,2,,1,0,0,,E ATWATER AVE,,,,,E ATWATER AVE,S SWAIN AVE,,,,N,,0,,39.16305454,-86.51536988,LOCAL/CITY ROAD,,,,URBAN,N,N,N,,DAYLIGHT,CLEAR,DRY,,NO JUNCTION INVOLVED,,ASPHALT,FAILURE TO YIELD RIGHT OF WAY,$5001 TO $10000,SAME DIRECTION SIDESWIPE,SSWAINAVEEATWATERAVE,0,