Agency,Local Code,County,Township,City,Collision Date,Collision Time,Vehicles Involved,Trailers Involved,Number Injured,Number Dead,Number Deer,House Number,Roadway Name,Roadway Suffix,Roadway Number,Roadway Interchange,Roadway Ramp,Roadway Id,Intersecting Road,Intersecting Road Number,Mile Marker,Interchange,Corporate Limits?,Property Type,Feet From,Direction,Latitude,Longitude,Roadway Class,Traffic Control Devices?,Aggressive Driving?,Hit and Run?,Locality,School Zone?,Rumble Strips?,Construction?,Construction Type,Light Condition,Weather Conditions,Surface Condition,Type of Median,Roadway Junction Type,Road Character,Roadway Surface,Primary Factor,Damage Estimate,Manner of Collision,Unique Location Id,State Property Damage?,Traffic Control
MONROE SD,M22A12486,MONROE,BENTON,BLOOMINGTON,5/29/22,11:22 AM,1,,0,0,0,,SHILO RD,,,,,SHILO RD,NORTH MILLER ROAD,,,,N,,0,,39.27248551,-86.46364727,COUNTY ROAD,,,,URBAN,N,N,N,,DAYLIGHT,CLEAR,DRY,,NO JUNCTION INVOLVED,,ASPHALT,UNSAFE SPEED,$1001 TO $2500,RAN OFF ROAD,SHILORDNORTHMILLERROAD,0,
BLOOMINGTON PD,B22-15910,MONROE,BLOOMINGTON,BLOOMINGTON,5/2/22,5:21 PM,2,,0,0,0,,S LIBERTY DR,,,,,S LIBERTY DR,W STATE RD 45,,,,Y,,0,,39.14501944,-86.57776065,STATE ROAD,,,,URBAN,N,N,N,,DAYLIGHT,CLOUDY,DRY,,FOUR-WAY INTERSECTION,,ASPHALT,FAILURE TO YIELD RIGHT OF WAY,$1001 TO $2500,SAME DIRECTION SIDESWIPE,WSTATERD45SLIBERTYDR,0,
MONROE SD,M22A7956,MONROE,VAN BUREN,BLOOMINGTON,4/8/22,6:34 AM,2,,1,0,0,,W STATE RD 45,,,,,W STATE RD 45,W AIRPORT RD,,,,N,,0,,39.13631778,-86.59447817,STATE ROAD,,,,RURAL,N,N,N,,DAYLIGHT,RAIN,WET,,T-INTERSECTION,,ASPHALT,FOLLOWING TOO CLOSELY,$5001 TO $10000,REAR END,WSTATERD45WAIRPORTRD,0,
BLOOMINGTON PD,B22-12483,MONROE,BLOOMINGTON,BLOOMINGTON,4/10/22,4:40 PM,2,,0,0,0,,N WALNUT ST,,,,,N WALNUT ST,W 10TH ST,,,,Y,,0,,39.17168224,-86.53357691,,,,,URBAN,N,N,N,,DAYLIGHT,CLEAR,DRY,,FOUR-WAY INTERSECTION,,ASPHALT,OTHER (DRIVER) - EXPLAIN IN NARRATIVE,$1001 TO $2500,RIGHT TURN,W10THSTNWALNUTST,0,
MONROE SD,M22A11376,MONROE,CLEAR CREEK,,5/17/22,1:43 PM,1,,1,0,0,,SHIELD RIDGE RD,,,,,SHIELD RIDGE RD,SHADY SIDE DR,,,,N,,0,,39.07186005,-86.46001047,,,,,RURAL,N,N,N,,DAYLIGHT,CLEAR,DRY,,NO JUNCTION INVOLVED,,ASPHALT,DRIVER ILLNESS,UNDER $1001,RAN OFF ROAD,SHIELDRIDGERDSHADYSIDEDR,0,
BLOOMINGTON PD,B22-27867,MONROE,BLOOMINGTON,BLOOMINGTON,7/20/22,7:29 PM,2,,0,0,0,414,E VARSITY LN,,,,,E VARSITY LN,,,,,Y,,0,,39.18242034,-86.52988064,PRIVATE DRIVE,,,,URBAN,N,N,N,,UNKNOWN,CLEAR,DRY,,NO JUNCTION INVOLVED,,ASPHALT,FAILURE TO YIELD RIGHT OF WAY,$5001 TO $10000,OTHER - EXPLAIN IN NARRATIVE,EVARSITYLN,0,
BLOOMINGTON PD,B22-06198,MONROE,PERRY,BLOOMINGTON,2/24/22,2:55 PM,2,,0,0,0,,W BLOOMFIELD RD,,,,,W BLOOMFIELD RD,FRONTAGE RD,,,,N,,0,,39.14966077,-86.5688032,LOCAL/CITY ROAD,,,,URBAN,N,N,N,,DAYLIGHT,RAIN,WET,,FOUR-WAY INTERSECTION,,ASPHALT,FAILURE TO YIELD RIGHT OF WAY,UNDER $1001,SAME DIRECTION SIDESWIPE,WBLOOMFIELDRDFRONTAGERD,0,
BLOOMINGTON PD,B22-27550,MONROE,BLOOMINGTON,BLOOMINGTON,7/18/22,7:06 PM,1,,1,0,0,,S OLD STATE ROAD 37,,,,,S OLD STATE ROAD 37,E BURKS DR,,,,Y,,0,,39.12662152,-86.53136257,LOCAL/CITY ROAD,,,,URBAN,N,N,N,,DAYLIGHT,CLEAR,DRY,,T-INTERSECTION,,ASPHALT,DRIVER ILLNESS,$1001 TO $2500,RAN OFF ROAD,SOLDSTATEROAD37EBURKSDR,0,
BLOOMINGTON PD,B22-16014,MONROE,VAN BUREN,BLOOMINGTON,5/3/22,12:29 PM,2,,0,0,0,,3000 S LEONARD SPRINGS RD,,,,,3000 S LEONARD SPRINGS RD,MAYBURY MALL RD,,,,Y,,50,,39.13296673,-86.58262695,LOCAL/CITY ROAD,,,,URBAN,N,N,N,,DAYLIGHT,CLOUDY,DRY,,NO JUNCTION INVOLVED,,ASPHALT,FAILURE TO YIELD RIGHT OF WAY,$2501 TO $5000,RIGHT ANGLE,MAYBURYMALLRD3000SLEONARDSPRINGSRD,0,
BLOOMINGTON PD,B22-21525,MONROE,BLOOMINGTON,BLOOMINGTON,6/9/22,2:28 PM,2,,0,0,0,,E 3RD ST,,,,,E 3RD ST,S SMITH RD,,,,Y,,106,,39.16421403,-86.48097073,LOCAL/CITY ROAD,,,,URBAN,N,N,N,,DAYLIGHT,CLEAR,DRY,,NO JUNCTION INVOLVED,,ASPHALT,FOLLOWING TOO CLOSELY,$1001 TO $2500,REAR END,SSMITHRDE3RDST,0,
MONROE SD,M22A3834,MONROE,VAN BUREN,BLOOMINGTON,2/17/22,3:14 PM,1,,0,0,0,,I-69,,,,,I-69,,,115,,N,,0,,39.11936005,-86.56923396,INTERSTATE,,,,RURAL,N,N,N,,DAYLIGHT,RAIN,WET,,NO JUNCTION INVOLVED,,CONCRETE,SPEED TOO FAST FOR WEATHER CONDITIONS,$2501 TO $5000,OTHER - EXPLAIN IN NARRATIVE,I-69115,0,
MONROE SD,M22A25375,MONROE,VAN BUREN,BLOOMINGTON,10/15/22,10:57 PM,1,,0,0,0,,S LEONARD SPRINGS RD,,,,,S LEONARD SPRINGS RD,W LEONARD SPRINGS RD,,,,N,,1000,,39.11797786,-86.59212954,COUNTY ROAD,,,,URBAN,N,N,N,,DARK (NOT LIGHTED),CLEAR,DRY,,NO JUNCTION INVOLVED,,ASPHALT,ANIMAL/OBJECT IN ROADWAY,$10001 TO $25000,RAN OFF ROAD,WLEONARDSPRINGSRDSLEONARDSPRINGSRD,0,
BLOOMINGTON PD,B22-42123,MONROE,VAN BUREN,BLOOMINGTON,10/12/22,8:15 AM,1,,0,0,0,,I69 N RAMP 117,,,,,I69 N RAMP 117,W. BLOOMFIELD RD,,,,Y,,0,,0,0,INTERSTATE,,,,URBAN,N,N,N,,DAYLIGHT,RAIN,WET,,RAMP,,ASPHALT,SPEED TOO FAST FOR WEATHER CONDITIONS,$1001 TO $2500,RAN OFF ROAD,W.BLOOMFIELDRDI69NRAMP117,0,
MONROE SD,M22A25185,MONROE,BLOOMINGTON,BLOOMINGTON,10/13/22,10:20 PM,1,,1,0,0,,E MONROE DAM RD,,,,,E MONROE DAM RD,E HOBART RD,,,,N,,0,,39.01314686,-86.52366601,COUNTY ROAD,,,,RURAL,N,N,N,,DARK (NOT LIGHTED),CLEAR,DRY,,NO JUNCTION INVOLVED,,ASPHALT,CELL PHONE USAGE,$2501 TO $5000,RAN OFF ROAD,EMONROEDAMRDEHOBARTRD,0,
BLOOMINGTON PD,B22-25751,MONROE,PERRY,BLOOMINGTON,7/6/22,9:45 PM,1,,0,0,0,,S GRAYWELL DR,,,,,S GRAYWELL DR,E WHITLEY DR,,,,Y,,0,,39.15847703,-86.47546218,LOCAL/CITY ROAD,,,,URBAN,N,N,N,,DARK (LIGHTED),CLEAR,DRY,,NO JUNCTION INVOLVED,,ASPHALT,OTHER (DRIVER) - EXPLAIN IN NARRATIVE,$2501 TO $5000,RAN OFF ROAD,SGRAYWELLDREWHITLEYDR,0,
BLOOMINGTON PD,B22-35605,MONROE,BLOOMINGTON,BLOOMINGTON,9/5/22,11:00 PM,2,,0,0,0,,E 4TH ST,,,,,E 4TH ST,S WALNUT ST,,,,Y,,0,,39.16557269,-86.53360195,LOCAL/CITY ROAD,,,,URBAN,N,N,N,,DARK (LIGHTED),RAIN,WET,,FOUR-WAY INTERSECTION,,ASPHALT,IMPROPER TURNING,$2501 TO $5000,LEFT TURN,SWALNUTSTE4THST,0,
INDIANA UNIV BLOOMINGTON PD,222493,MONROE,BLOOMINGTON,BLOOMINGTON,7/27/22,2:07 PM,2,,1,0,0,,STATE RD 45,,,,,STATE RD 45,E 17TH ST,,,,N,,422,,39.18029043,-86.50784916,STATE ROAD,,,,URBAN,N,N,N,,DAYLIGHT,CLEAR,DRY,,NO JUNCTION INVOLVED,,ASPHALT,FOLLOWING TOO CLOSELY,UNDER $1001,REAR END,STATERD45E17THST,0,
BLOOMINGTON PD,B22-21699,MONROE,PERRY,BLOOMINGTON,6/10/22,3:00 PM,2,,0,0,0,,S COLLEGE MALL RD,,,,,S COLLEGE MALL RD,E 2ND ST,,,,Y,,0,,39.16045919,-86.49661536,,,,,URBAN,N,N,N,,DAYLIGHT,RAIN,WET,,NO JUNCTION INVOLVED,,ASPHALT,DRIVER DISTRACTED - EXPLAIN IN NARRATIVE,$1001 TO $2500,REAR END,SCOLLEGEMALLRDE2NDST,0,
INDIANA UNIV BLOOMINGTON PD,222299,MONROE,BLOOMINGTON,BLOOMINGTON,7/4/22,4:12 PM,1,,0,0,0,926,S HIGHLAND AVE,,,,,S HIGHLAND AVE,,,,,N,,0,,39.1563072,-86.51801006,LOCAL/CITY ROAD,,,,URBAN,N,N,N,,DAYLIGHT,CLEAR,DRY,,NO JUNCTION INVOLVED,,ASPHALT,UNSAFE SPEED,$5001 TO $10000,RAN OFF ROAD,SHIGHLANDAVE,0,
BLOOMINGTON PD,B22-06035,MONROE,BLOOMINGTON,BLOOMINGTON,2/23/22,8:54 AM,1,,0,0,0,,W CLUB HOUSE DR,,,,,W CLUB HOUSE DR,,,,,Y,,0,,39.20111544,-86.54001964,LOCAL/CITY ROAD,,,,URBAN,N,N,N,,DAYLIGHT,CLOUDY,DRY,,NO JUNCTION INVOLVED,,ASPHALT,UNSAFE LANE MOVEMENT,$2501 TO $5000,RAN OFF ROAD,WCLUBHOUSEDR,0,
INDIANA UNIV BLOOMINGTON PD,220788,MONROE,BLOOMINGTON,BLOOMINGTON,2/25/22,10:00 AM,2,,0,0,0,,N JORDAN AVE,,,,,N JORDAN AVE,,,,,Y,,0,,39.16750876,-86.51469148,PRIVATE DRIVE,,,,URBAN,N,N,N,,DAYLIGHT,CLEAR,DRY,,NO JUNCTION INVOLVED,,ASPHALT,OTHER (DRIVER) - EXPLAIN IN NARRATIVE,$1001 TO $2500,OTHER - EXPLAIN IN NARRATIVE,NJORDANAVE,0,
MONROE SD,M22A21731,MONROE,PERRY,BLOOMINGTON,9/5/22,9:10 AM,1,,0,0,0,,W DUVALL RD,,,,,W DUVALL RD,,,,,N,,0,,39.08558793,-86.59215181,PRIVATE DRIVE,,,,RURAL,N,N,N,,DAYLIGHT,CLEAR,DRY,,NO JUNCTION INVOLVED,,ASPHALT,UNSAFE BACKING,$1001 TO $2500,BACKING CRASH,WDUVALLRD,0,
INDIANA UNIV BLOOMINGTON PD,22093,MONROE,BLOOMINGTON,BLOOMINGTON,2/22/22,1:30 PM,2,,0,0,0,,N FEE LN,,,,,N FEE LN,E 17TH ST,,,,Y,,0,,39.17927762,-86.51906516,LOCAL/CITY ROAD,,,,URBAN,N,N,N,,DAYLIGHT,CLOUDY,WET,,FOUR-WAY INTERSECTION,,ASPHALT,CELL PHONE USAGE,$2501 TO $5000,REAR END,NFEELNE17THST,0,
ELLETTSVILLE PD,E222166,MONROE,RICHLAND,ELLETTSVILLE,6/12/22,8:29 PM,1,0,0,0,1,,,,SR46W,,,SR46W,SEASONS,,,,Y,,,,,,STATE ROAD,,N,N,URBAN,N,N,N,,DAYLIGHT,CLOUDY,DRY,,NO JUNCTION INVOLVED,STRAIGHT/LEVEL,ASPHALT,ANIMAL/OBJECT IN ROADWAY,$2501 TO $5000,COLLISION WITH DEER,SEASONSDRSR46W,0,LANE CONTROL
ELLETTSVILLE PD,E22-02942,MONROE,RICHLAND,ELLETTSVILLE,8/6/22,11:09 PM,2,,0,0,0,,STATE RD 46,,,,,STATE RD 46,OUTBACK RD,,,,Y,,422,,39.21424827,-86.59161707,STATE ROAD,,,,RURAL,N,N,N,,DARK (NOT LIGHTED),CLEAR,DRY,,NO JUNCTION INVOLVED,,ASPHALT,DRIVER FAILED TO DIM LIGHTS,$1001 TO $2500,SAME DIRECTION SIDESWIPE,STATERD46OUTBACKRD,0,
ISP INDIANAPOLIS 52,2022-00411420,MONROE,BLOOMINGTON,BLOOMINGTON,9/17/22,9:45 AM,2,,0,0,0,,N KINSER PIKE,,,,,N KINSER PIKE,STATE RD 46,,,,Y,,0,,39.18647661,-86.53775423,STATE ROAD,,,,URBAN,N,N,N,,DAYLIGHT,CLEAR,DRY,,FOUR-WAY INTERSECTION,,ASPHALT,DRIVER DISTRACTED - EXPLAIN IN NARRATIVE,$2501 TO $5000,REAR END,STATERD46NKINSERPIKE,0,
BLOOMINGTON PD,B22-33926,MONROE,BLOOMINGTON,BLOOMINGTON,8/27/22,11:36 AM,2,,0,0,0,1722,N WALNUT ST,,,,,N WALNUT ST,,,,,Y,,0,,39.183299,-86.5320754,PRIVATE DRIVE,,,,URBAN,N,N,N,,DARK (NOT LIGHTED),CLEAR,DRY,,NO JUNCTION INVOLVED,,ASPHALT,OTHER (DRIVER) - EXPLAIN IN NARRATIVE,UNDER $1001,SAME DIRECTION SIDESWIPE,NWALNUTST,0,
BLOOMINGTON PD,B22-16384,MONROE,RICHLAND,BLOOMINGTON,5/5/22,7:01 PM,2,,0,0,0,,N GATES DR,,,,,N GATES DR,W JACOB DR,,,,Y,,0,,39.16559475,-86.57597315,LOCAL/CITY ROAD,,,,URBAN,N,N,N,,DAYLIGHT,RAIN,WET,,T-INTERSECTION,,ASPHALT,FAILURE TO YIELD RIGHT OF WAY,$2501 TO $5000,RIGHT ANGLE,WJACOBDRNGATESDR,0,
INDIANA UNIV BLOOMINGTON PD,222254,MONROE,BLOOMINGTON,BLOOMINGTON,6/26/22,5:00 PM,2,,0,0,0,,N UNION ST,,,,,N UNION ST,,,,,Y,,0,,39.17001454,-86.50885767,PRIVATE DRIVE,,,,URBAN,Y,N,N,,DAYLIGHT,CLEAR,DRY,,NO JUNCTION INVOLVED,,ASPHALT,OTHER (DRIVER) - EXPLAIN IN NARRATIVE,UNDER $1001,OTHER - EXPLAIN IN NARRATIVE,NUNIONST,0,
BLOOMINGTON PD,B22-31019,MONROE,BLOOMINGTON,BLOOMINGTON,8/10/22,9:50 PM,1,,0,0,0,,N KINSER PIKE,,,,,N KINSER PIKE,W GOURLEY PIKE,,,,Y,,0,,39.1856073,-86.53775043,LOCAL/CITY ROAD,,,,URBAN,N,N,N,,DARK (LIGHTED),CLEAR,DRY,,T-INTERSECTION,,ASPHALT,OTHER (DRIVER) - EXPLAIN IN NARRATIVE,$5001 TO $10000,LEFT TURN,WGOURLEYPIKENKINSERPIKE,0,
BLOOMINGTON PD,B22-20933,MONROE,BLOOMINGTON,BLOOMINGTON,6/5/22,6:20 PM,2,,1,0,0,,W STATE RD 45,,,,,W STATE RD 45,S LIBERTY DR,,,,Y,,0,,39.14509473,-86.57779307,LOCAL/CITY ROAD,,,,URBAN,N,N,N,,DAYLIGHT,CLEAR,DRY,,FOUR-WAY INTERSECTION,,ASPHALT,FAILURE TO YIELD RIGHT OF WAY,$10001 TO $25000,RIGHT ANGLE,WSTATERD45SLIBERTYDR,0,
MONROE SD,M22A12431,MONROE,VAN BUREN,BLOOMINGTON,5/28/22,3:49 PM,2,,0,0,0,,W BELLE AVE,,,,,W BELLE AVE,S HICKORY DR,,,,N,,0,,39.16331922,-86.58589696,LOCAL/CITY ROAD,,,,RURAL,N,N,N,,DAYLIGHT,CLEAR,DRY,,FOUR-WAY INTERSECTION,,ASPHALT,FAILURE TO YIELD RIGHT OF WAY,$2501 TO $5000,RIGHT ANGLE,WBELLEAVESHICKORYDR,0,
MONROE SD,M22A22104,MONROE,PERRY,,9/8/22,5:58 PM,2,,0,0,0,,S GLASGOW CIR,,,,,S GLASGOW CIR,W CABER CT,,,,N,,0,,39.12625608,-86.55117213,LOCAL/CITY ROAD,,,,RURAL,N,N,N,,DAYLIGHT,CLEAR,DRY,,NO JUNCTION INVOLVED,,ASPHALT,FAILURE TO YIELD RIGHT OF WAY,$1001 TO $2500,REAR END,WCABERCTSGLASGOWCIR,0,
BLOOMINGTON PD,B22-41305,MONROE,PERRY,BLOOMINGTON,10/7/22,3:47 PM,2,,0,0,0,,E ALLEN ST,,,,,E ALLEN ST,S WALNUT ST,,,,Y,,0,,39.1556379,-86.53361887,LOCAL/CITY ROAD,,,,URBAN,N,N,N,,DAYLIGHT,CLEAR,DRY,,NO JUNCTION INVOLVED,,ASPHALT,UNSAFE BACKING,$1001 TO $2500,BACKING CRASH,SWALNUTSTEALLENST,0,
MONROE SD,M22A2878,MONROE,BLOOMINGTON,BLOOMINGTON,2/6/22,9:28 AM,2,,0,0,0,,N OLD STATE ROAD 37,,,,,N OLD STATE ROAD 37,E WHISNAND RD,,,,N,,581,,39.2234945,-86.51680167,LOCAL/CITY ROAD,,,,RURAL,N,N,N,,DARK (NOT LIGHTED),CLEAR,WET,,T-INTERSECTION,,ASPHALT,LEFT OF CENTER,$2501 TO $5000,SAME DIRECTION SIDESWIPE,NOLDSTATEROAD37EWHISNANDRD,0,
BLOOMINGTON PD,B22-02720,MONROE,PERRY,BLOOMINGTON,1/25/22,1:23 AM,2,,0,0,0,,S HENDERSON ST,,,,,S HENDERSON ST,E WINSLOW RD,,,,Y,,0,,39.1361039,-86.52689878,,,,,URBAN,N,N,N,,DAYLIGHT,CLEAR,DRY,,FOUR-WAY INTERSECTION,,ASPHALT,FOLLOWING TOO CLOSELY,$1001 TO $2500,REAR END,SHENDERSONSTEWINSLOWRD,0,
BLOOMINGTON PD,B22-37280,MONROE,PERRY,BLOOMINGTON,9/15/22,2:15 PM,2,,0,0,0,,E 3RD ST,,,,,E 3RD ST,S PETE ELLIS DR,,,,Y,,264,,39.16424165,-86.49429073,LOCAL/CITY ROAD,,,,RURAL,N,N,N,,DAYLIGHT,CLEAR,DRY,,FOUR-WAY INTERSECTION,,ASPHALT,FAILURE TO YIELD RIGHT OF WAY,$2501 TO $5000,RIGHT ANGLE,SPETEELLISDRE3RDST,0,
BLOOMINGTON PD,B22-38555,MONROE,BLOOMINGTON,BLOOMINGTON,9/22/22,11:00 AM,2,,0,0,0,299,E 3RD ST,,,,,E 3RD ST,,,,,Y,,0,,39.1645844,-86.53058973,PRIVATE DRIVE,,,,URBAN,N,N,N,,DAYLIGHT,CLEAR,DRY,,NO JUNCTION INVOLVED,,ASPHALT,OTHER (DRIVER) - EXPLAIN IN NARRATIVE,$2501 TO $5000,SAME DIRECTION SIDESWIPE,E3RDST,0,
BLOOMINGTON PD,B22-04310,MONROE,PERRY,BLOOMINGTON,2/8/22,2:51 PM,2,,0,0,0,,S ROGERS ST,,,,,S ROGERS ST,W GUY AVE,,,,N,,50,,39.14466234,-86.53896359,LOCAL/CITY ROAD,,,,URBAN,N,N,N,,DAYLIGHT,CLEAR,WET,,NO JUNCTION INVOLVED,,ASPHALT,FAILURE TO YIELD RIGHT OF WAY,UNDER $1001,HEAD ON BETWEEN TWO MOTOR VEHICLES,WGUYAVESROGERSST,0,
ISP BLOOMINGTON 33,2.022E+11,MONROE,PERRY,BLOOMINGTON,6/15/22,1:50 AM,2,,0,0,0,,S OLD STATE ROAD 37,,,,,S OLD STATE ROAD 37,W GORDON PIKE,,,,Y,,370,,39.12206356,-86.53140969,LOCAL/CITY ROAD,,,,URBAN,N,N,N,,DAYLIGHT,CLEAR,DRY,,FOUR-WAY INTERSECTION,,ASPHALT,FAILURE TO YIELD RIGHT OF WAY,$2501 TO $5000,RIGHT ANGLE,WGORDONPIKESOLDSTATEROAD37,0,
BLOOMINGTON PD,B22-35041,MONROE,PERRY,BLOOMINGTON,9/2/22,2:53 PM,2,,0,0,0,,S COLLEGE MALL RD,,,,,S COLLEGE MALL RD,E 3 RD ST,,,,Y,,700,,39.16244279,-86.49800531,LOCAL/CITY ROAD,,,,URBAN,N,N,N,,DAYLIGHT,CLEAR,DRY,,NO JUNCTION INVOLVED,,ASPHALT,FOLLOWING TOO CLOSELY,$1001 TO $2500,REAR END,SCOLLEGEMALLRDE3RDST,0,
INDIANA UNIV BLOOMINGTON PD,223763,MONROE,BLOOMINGTON,BLOOMINGTON,10/5/22,8:00 PM,2,,0,0,0,,E 3RD ST,,,,,E 3RD ST,S HIGHLAND AVE,,,,Y,,0,,39.16424545,-86.51741565,LOCAL/CITY ROAD,,,,URBAN,N,N,N,,DARK (LIGHTED),CLEAR,DRY,,NO JUNCTION INVOLVED,,ASPHALT,UNSAFE LANE MOVEMENT,$2501 TO $5000,SAME DIRECTION SIDESWIPE,SHIGHLANDAVEE3RDST,0,
BLOOMINGTON PD,B22-42581,MONROE,BLOOMINGTON,BLOOMINGTON,10/14/22,11:30 PM,1,,0,0,0,,E MOORES PIKE,,,,,E MOORES PIKE,STATE RD 446,,,,Y,,0,,39.15034357,-86.47144378,STATE ROAD,,,,RURAL,N,N,N,,DARK (NOT LIGHTED),CLEAR,DRY,,FOUR-WAY INTERSECTION,,ASPHALT,OVERCORRECTING/OVERSTEERING,$2501 TO $5000,RAN OFF ROAD,STATERD446EMOORESPIKE,0,
INDIANA UNIV BLOOMINGTON PD,223943,MONROE,BLOOMINGTON,BLOOMINGTON,10/14/22,9:40 AM,2,,0,0,0,,S HENDERSON ST,,,,,S HENDERSON ST,E ATWATER AVE,,,,Y,,0,,39.16313954,-86.52725226,LOCAL/CITY ROAD,,,,URBAN,N,N,N,,DAYLIGHT,CLEAR,DRY,,FOUR-WAY INTERSECTION,,ASPHALT,UNSAFE LANE MOVEMENT,$5001 TO $10000,SAME DIRECTION SIDESWIPE,SHENDERSONSTEATWATERAVE,0,
ISP BLOOMINGTON 33,2.022E+11,MONROE,PERRY,BLOOMINGTON,2/4/22,4:45 PM,2,,0,0,0,,SR45,,,,,SR45,I69-117-RAMP C,,,,Y,,0,,39.14873023,-86.57074589,STATE ROAD,,,,URBAN,N,N,N,,DAYLIGHT,CLEAR,SNOW/SLUSH,,T-INTERSECTION,,ASPHALT,UNSAFE BACKING,$5001 TO $10000,REAR END,SR45I69-117-RAMPC,0,
BLOOMINGTON PD,B22-07082,MONROE,PERRY,BLOOMINGTON,3/3/22,1:22 PM,2,,0,0,0,,E. 3RD ST,,,,,E. 3RD ST,S. COLLEGE MALL RD,,,,Y,,0,,39.1641839,-86.4982356,LOCAL/CITY ROAD,,,,URBAN,N,N,N,,DAYLIGHT,CLOUDY,DRY,,FOUR-WAY INTERSECTION,,ASPHALT,FOLLOWING TOO CLOSELY,$2501 TO $5000,REAR END,S.COLLEGEMALLRDE.3RDST,0,
BLOOMINGTON PD,B22-33578,MONROE,PERRY,BLOOMINGTON,8/25/22,1:38 PM,2,,0,0,0,,W 3RD ST,,,,,W 3RD ST,S LIBERTY DR,,,,Y,,0,,39.16460985,-86.5791355,STATE ROAD,,,,URBAN,N,N,N,,DAYLIGHT,CLEAR,DRY,,FOUR-WAY INTERSECTION,,ASPHALT,DISREGARD SIGNAL/REG SIGN,$2501 TO $5000,RIGHT ANGLE,W3RDSTSLIBERTYDR,0,
BLOOMINGTON PD,B22-41437,MONROE,BLOOMINGTON,BLOOMINGTON,10/8/22,3:03 AM,1,,0,0,0,,E HILLSIDE DR,,,,,E HILLSIDE DR,S HUNTINGTON DR,,,,Y,,0,,39.15049632,-86.52039585,,,,,URBAN,N,N,N,,DARK (NOT LIGHTED),CLEAR,DRY,,NO JUNCTION INVOLVED,,ASPHALT,ANIMAL/OBJECT IN ROADWAY,$1001 TO $2500,COLLISION WITH DEER,SHUNTINGTONDREHILLSIDEDR,0,
BLOOMINGTON PD,B22-20785,MONROE,BLOOMINGTON,BLOOMINGTON,6/4/22,4:58 PM,2,,0,0,0,2966,E 3RD ST,,,,,E 3RD ST,,,,,Y,,0,,39.16539172,-86.49224977,PRIVATE DRIVE,,,,URBAN,N,N,N,,DAYLIGHT,CLEAR,DRY,,FOUR-WAY INTERSECTION,,ASPHALT,FAILURE TO YIELD RIGHT OF WAY,$1001 TO $2500,REAR TO REAR,E3RDST,0,
BLOOMINGTON PD,B22-42540,MONROE,BLOOMINGTON,BLOOMINGTON,10/14/22,5:47 PM,2,,0,0,0,,I-69,,,118,,I-69,,,,,Y,,0,,39.16723843,-86.57265866,INTERSTATE,,,,URBAN,N,N,N,,DAYLIGHT,CLEAR,DRY,,RAMP,,ASPHALT,FAILURE TO YIELD RIGHT OF WAY,$2501 TO $5000,SAME DIRECTION SIDESWIPE,I-69118,0,
BLOOMINGTON PD,B22-07863,MONROE,PERRY,BLOOMINGTON,3/9/22,4:05 PM,5,,1,0,0,,S WALNUT ST,,,,,S WALNUT ST,W ALLEN ST,,,,Y,,370,,39.15497296,-86.53371281,LOCAL/CITY ROAD,,,,URBAN,N,N,N,,DAYLIGHT,CLEAR,DRY,,NO JUNCTION INVOLVED,,ASPHALT,UNSAFE LANE MOVEMENT,$25001 TO $50000,SAME DIRECTION SIDESWIPE,WALLENSTSWALNUTST,0,
BLOOMINGTON PD,B22-39131,MONROE,PERRY,BLOOMINGTON,9/26/22,4:39 PM,2,,0,0,0,,S WALNUT ST,,,,,S WALNUT ST,E SMITH AVE,,,,Y,,0,,39.16280472,-86.53360999,LOCAL/CITY ROAD,,,,URBAN,N,N,N,,DAYLIGHT,CLEAR,DRY,,FOUR-WAY INTERSECTION,,CONCRETE,FAILURE TO YIELD RIGHT OF WAY,$2501 TO $5000,RIGHT ANGLE,SWALNUTSTESMITHAVE,0,
MONROE SD,M22A10930,MONROE,VAN BUREN,BLOOMINGTON,5/12/22,2:42 PM,2,,0,0,0,1284,S LIBERTY DR,,,,,S LIBERTY DR,,,,,Y,,0,,39.15790808,-86.57870838,PRIVATE DRIVE,,,,URBAN,N,N,N,,DAYLIGHT,CLEAR,DRY,,NO JUNCTION INVOLVED,,ASPHALT,OTHER (DRIVER) - EXPLAIN IN NARRATIVE,$5001 TO $10000,SAME DIRECTION SIDESWIPE,SLIBERTYDR,0,
BLOOMINGTON PD,B22-19723,MONROE,PERRY,BLOOMINGTON,5/28/22,4:19 AM,1,,1,0,0,,E 3RD ST,,,,,E 3RD ST,S WOODSCREST DR,,,,Y,,0,,39.16425423,-86.50242037,LOCAL/CITY ROAD,,,,URBAN,N,N,N,,DAYLIGHT,CLOUDY,DRY,,FOUR-WAY INTERSECTION,,ASPHALT,FAILURE TO YIELD RIGHT OF WAY,UNDER $1001,LEFT/RIGHT TURN,SWOODSCRESTDRE3RDST,1,
BLOOMINGTON PD,B22-28460,MONROE,BLOOMINGTON,BLOOMINGTON,7/25/22,11:17 AM,2,,0,0,0,,N KINSER PIKE,,,,,N KINSER PIKE,ST RD 45/46 BYPASS,,,,Y,,0,,39.18646335,-86.53775955,LOCAL/CITY ROAD,,,,URBAN,N,N,N,,DAYLIGHT,CLOUDY,DRY,,FIVE POINT OR MORE,,ASPHALT,DISREGARD SIGNAL/REG SIGN,$5001 TO $10000,RIGHT ANGLE,STRD45/46BYPASSNKINSERPIKE,0,