Agency,Local Code,County,Township,City,Collision Date,Collision Time,Vehicles Involved,Trailers Involved,Number Injured,Number Dead,Number Deer,House Number,Roadway Name,Roadway Suffix,Roadway Number,Roadway Interchange,Roadway Ramp,Roadway Id,Intersecting Road,Intersecting Road Number,Mile Marker,Interchange,Corporate Limits?,Property Type,Feet From,Direction,Latitude,Longitude,Roadway Class,Traffic Control Devices?,Aggressive Driving?,Hit and Run?,Locality,School Zone?,Rumble Strips?,Construction?,Construction Type,Light Condition,Weather Conditions,Surface Condition,Type of Median,Roadway Junction Type,Road Character,Roadway Surface,Primary Factor,Damage Estimate,Manner of Collision,Unique Location Id,State Property Damage?,Traffic Control
BLOOMINGTON PD,B22-15468,MONROE,BLOOMINGTON,BLOOMINGTON,4/29/22,1:09 PM,2,,0,0,0,,N SR46,,,,,N SR46,E EASTGATE LANE,,,,Y,,1000,,39.16902209,-86.50040329,STATE ROAD,,,,URBAN,N,N,N,,DAYLIGHT,CLOUDY,DRY,,NO JUNCTION INVOLVED,,ASPHALT,FOLLOWING TOO CLOSELY,$5001 TO $10000,REAR END,NSR46EEASTGATELANE,0,
BLOOMINGTON PD,B22-33976,MONROE,PERRY,BLOOMINGTON,8/27/22,5:19 PM,2,,0,0,0,2966,EAST 3RD STREET,,,,,EAST 3RD STREET,,,,,Y,,0,,39.16265151,-86.49375863,PRIVATE DRIVE,,,,URBAN,N,N,N,,DAYLIGHT,CLEAR,DRY,,NO JUNCTION INVOLVED,,ASPHALT,IMPROPER TURNING,$2501 TO $5000,LEFT/RIGHT TURN,EAST3RDSTREET,0,
BLOOMINGTON PD,B22-22317,MONROE,VAN BUREN,BLOOMINGTON,6/14/22,9:09 PM,1,,0,0,1,,W BLOOMFIELD RD,,,,,W BLOOMFIELD RD,S ANNA LEE LN,,,,Y,,0,,39.15829794,-86.55693895,LOCAL/CITY ROAD,,,,URBAN,N,N,N,,DAWN/DUSK,CLEAR,DRY,,NO JUNCTION INVOLVED,,ASPHALT,OTHER (ENVIRONMENTAL) - EXPLAIN IN NARR,$1001 TO $2500,COLLISION WITH DEER,WBLOOMFIELDRDSANNALEELN,0,
MONROE SD,M22A15509,MONROE,VAN BUREN,BLOOMINGTON,6/29/22,6:51 PM,2,,3,0,0,,W STATE RD 45,,,,,W STATE RD 45,STATE RD 45,,,,N,,0,,39.1405646,-86.58624557,STATE ROAD,,,,RURAL,N,Y,N,,DAYLIGHT,CLEAR,DRY,,NO JUNCTION INVOLVED,,ASPHALT,FAILURE TO YIELD RIGHT OF WAY,$10001 TO $25000,HEAD ON BETWEEN TWO MOTOR VEHICLES,WSTATERD45STATERD45,0,
BLOOMINGTON PD,B22-29526,MONROE,PERRY,BLOOMINGTON,8/1/22,1:48 PM,2,,0,0,0,,608 S. COLLEGE MALL RD,,,,,608 S. COLLEGE MALL RD,,,,,Y,,0,,,,PRIVATE DRIVE,,,,URBAN,N,N,N,,DAYLIGHT,CLOUDY,DRY,,NO JUNCTION INVOLVED,,ASPHALT,UNSAFE BACKING,$1001 TO $2500,BACKING CRASH,608S.COLLEGEMALLRD,0,
BLOOMINGTON PD,B22-29539,MONROE,BLOOMINGTON,BLOOMINGTON,8/1/22,2:53 PM,2,,0,0,0,,W KIRKWOOD AVE,,,,,W KIRKWOOD AVE,N ELM ST,,,,Y,,317,,39.16666382,-86.54462805,LOCAL/CITY ROAD,,,,URBAN,N,N,N,,DAYLIGHT,CLEAR,DRY,,NO JUNCTION INVOLVED,,ASPHALT,IMPROPER PASSING,UNDER $1001,SAME DIRECTION SIDESWIPE,WKIRKWOODAVENELMST,0,
BLOOMINGTON PD,B22-33406,MONROE,BLOOMINGTON,BLOOMINGTON,8/23/22,8:00 PM,1,,1,0,0,406,E 11TH ST,,,,,E 11TH ST,,,,,Y,,0,,39.17332315,-86.52910458,PRIVATE DRIVE,,,,URBAN,N,N,N,,DARK (LIGHTED),CLEAR,DRY,,NO JUNCTION INVOLVED,,CONCRETE,OTHER (DRIVER) - EXPLAIN IN NARRATIVE,$10001 TO $25000,RAN OFF ROAD,E11THST,0,
INDIANA UNIV BLOOMINGTON PD,223658,MONROE,BLOOMINGTON,BLOOMINGTON,9/29/22,4:45 PM,2,,0,0,0,,STATE RD 45,,,,,STATE RD 45,E 17TH ST,,,,Y,,0,,39.17972594,-86.50722689,STATE ROAD,,,,URBAN,N,N,N,,DAYLIGHT,CLEAR,DRY,,FOUR-WAY INTERSECTION,,ASPHALT,DISREGARD SIGNAL/REG SIGN,$25001 TO $50000,LEFT TURN,STATERD45E17THST,0,
BLOOMINGTON PD,B22-12212,MONROE,PERRY,BLOOMINGTON,4/8/22,5:51 PM,2,,0,0,0,,2894 E. 3RD ST,,,,,2894 E. 3RD ST,,,,,Y,,0,,39.16265429,-86.49661607,PRIVATE DRIVE,,,,URBAN,N,N,N,,DAYLIGHT,CLOUDY,WET,,NO JUNCTION INVOLVED,,ASPHALT,IMPROPER TURNING,$1001 TO $2500,SAME DIRECTION SIDESWIPE,2894E.3RDST,0,
INDIANA UNIV BLOOMINGTON PD,222646,MONROE,BLOOMINGTON,BLOOMINGTON,8/16/22,11:50 PM,2,,0,0,0,,E 3RD ST,,,,,E 3RD ST,S FESS AVE,,,,Y,,0,,39.16428594,-86.52586959,LOCAL/CITY ROAD,,,,URBAN,N,N,N,,DARK (NOT LIGHTED),CLEAR,DRY,,T-INTERSECTION,,ASPHALT,FAILURE TO YIELD RIGHT OF WAY,$2501 TO $5000,LEFT TURN,SFESSAVEE3RDST,0,
INDIANA UNIV BLOOMINGTON PD,222567,MONROE,BLOOMINGTON,BLOOMINGTON,8/8/22,8:30 AM,2,,0,0,0,,E 10TH ST,,,,,E 10TH ST,N WALNUT GROVE AVE,,,,Y,,0,,39.17162402,-86.52069694,LOCAL/CITY ROAD,,,,URBAN,N,N,N,,DAYLIGHT,CLEAR,DRY,,NO JUNCTION INVOLVED,,ASPHALT,FOLLOWING TOO CLOSELY,$1001 TO $2500,REAR END,NWALNUTGROVEAVEE10THST,0,
INDIANA UNIV BLOOMINGTON PD,220299,MONROE,BLOOMINGTON,BLOOMINGTON,1/27/22,5:05 PM,2,,0,0,0,,STATE RD 45,,,,,STATE RD 45,DISCOVERY PKWY,,,,Y,,0,,39.17517191,-86.50425903,STATE ROAD,,,,URBAN,N,N,N,,DAYLIGHT,CLEAR,DRY,,T-INTERSECTION,,ASPHALT,FOLLOWING TOO CLOSELY,$2501 TO $5000,REAR END,STATERD45DISCOVERYPKWY,0,
ELLETTSVILLE PD,E2200761,MONROE,RICHLAND,ELLETTSVILLE,3/1/22,2:46 PM,2,0,0,0,0,,TEMPERANCE,ST,,,,TEMPERANCE,MATTHEWS,,,,Y,,,,39.234768,-86.626384,LOCAL/CITY ROAD,,N,N,URBAN,N,N,N,,DAYLIGHT,CLEAR,DRY,,T-INTERSECTION,STRAIGHT/HILLCREST,ASPHALT,DRIVER DISTRACTED - EXPLAIN IN NARRATIVE,$5001 TO $10000,REAR END,MATTHEWSDRTEMPERANCEST,0,NONE
MONROE SD,M22A4560,MONROE,VAN BUREN,BLOOMINGTON,2/25/22,9:15 PM,1,,0,0,0,,S HOFF LN,,,,,S HOFF LN,S GARRISON CHAPEL RD,,,,N,,0,,39.1370476,-86.64299358,LOCAL/CITY ROAD,,,,RURAL,N,N,N,,DARK (NOT LIGHTED),CLEAR,WET,,T-INTERSECTION,,ASPHALT,OTHER (DRIVER) - EXPLAIN IN NARRATIVE,$1001 TO $2500,RAN OFF ROAD,SHOFFLNSGARRISONCHAPELRD,0,
MONROE SD,M22A13695,MONROE,VAN BUREN,BLOOMINGTON,6/10/22,8:48 PM,1,,0,1,0,,W AIRPORT RD,,,,,W AIRPORT RD,S KIRBY RD,,,,N,,1000,,39.13690607,-86.61518044,LOCAL/CITY ROAD,,,,RURAL,N,N,N,,DAWN/DUSK,CLEAR,DRY,,NO JUNCTION INVOLVED,,ASPHALT,DRIVER DISTRACTED - EXPLAIN IN NARRATIVE,$1001 TO $2500,RAN OFF ROAD,WAIRPORTRDSKIRBYRD,1,
BLOOMINGTON PD,B22-37619,MONROE,BLOOMINGTON,BLOOMINGTON,9/17/22,1:58 PM,2,,0,0,0,,S PARK AVE,,,,,S PARK AVE,E 2ND ST,,,,Y,,0,,39.16109313,-86.52401394,LOCAL/CITY ROAD,,,,URBAN,N,N,N,,DAYLIGHT,CLEAR,DRY,,FOUR-WAY INTERSECTION,,ASPHALT,IMPROPER LANE USAGE,$5001 TO $10000,SAME DIRECTION SIDESWIPE,SPARKAVEE2NDST,0,
BLOOMINGTON PD,B22-13338,MONROE,PERRY,BLOOMINGTON,4/16/22,4:47 AM,1,,0,0,0,,1255 S COLLEGE MALL ROAD,,,,,1255 S COLLEGE MALL ROAD,,,,,Y,,0,,39.15302024,-86.49719414,PRIVATE DRIVE,,,,URBAN,N,N,N,,DAYLIGHT,CLEAR,DRY,,NO JUNCTION INVOLVED,,ASPHALT,OTHER (DRIVER) - EXPLAIN IN NARRATIVE,$10001 TO $25000,RAN OFF ROAD,1255SCOLLEGEMALLROAD,0,
BLOOMINGTON PD,B22-26731,MONROE,PERRY,BLOOMINGTON,7/13/22,12:49 PM,2,,0,0,0,,W TAPP RD,,,,,W TAPP RD,S DEBORAH DR,,,,Y,,0,,39.13650077,-86.5679028,LOCAL/CITY ROAD,,,,URBAN,N,N,N,,DAYLIGHT,CLEAR,DRY,,FOUR-WAY INTERSECTION,,ASPHALT,UNSAFE LANE MOVEMENT,$5001 TO $10000,SAME DIRECTION SIDESWIPE,WTAPPRDSDEBORAHDR,0,
BLOOMINGTON PD,B22-08964,MONROE,PERRY,BLOOMINGTON,3/17/22,1:20 PM,2,,0,0,0,,DORCHESTER DR,,,,,DORCHESTER DR,HILLSIDE DR,,,,N,,0,,39.150497,-86.512521,LOCAL/CITY ROAD,,,,URBAN,N,N,N,,DAYLIGHT,CLEAR,DRY,,FOUR-WAY INTERSECTION,,ASPHALT,FAILURE TO YIELD RIGHT OF WAY,$10001 TO $25000,RIGHT ANGLE,HILLSIDEDRDORCHESTERDR,0,
BLOOMINGTON PD,B22-22707,MONROE,PERRY,BLOOMINGTON,6/17/22,10:50 AM,2,,1,0,0,,W HOWE ST,,,,,W HOWE ST,S ROGERS ST,,,,Y,,0,,39.16239364,-86.53876967,LOCAL/CITY ROAD,,,,URBAN,N,N,N,,DAYLIGHT,CLEAR,DRY,,FOUR-WAY INTERSECTION,,ASPHALT,FOLLOWING TOO CLOSELY,$5001 TO $10000,REAR END,WHOWESTSROGERSST,0,
MONROE SD,M22A2786,MONROE,VAN BUREN,BLOOMINGTON,2/5/22,12:04 PM,2,,0,0,0,3585,W STATE RD 45,,,,,W STATE RD 45,,,,,N,,0,,39.14285539,-86.57948819,STATE ROAD,,,,URBAN,N,N,N,,DAYLIGHT,CLEAR,WET,,NO JUNCTION INVOLVED,,ASPHALT,UNSAFE BACKING,$2501 TO $5000,RIGHT ANGLE,WSTATERD45,0,
BLOOMINGTON PD,B22-15796,MONROE,BLOOMINGTON,BLOOMINGTON,5/1/22,7:08 PM,2,,0,0,0,,W 6TH ST,,,,,W 6TH ST,N ROGERS ST,,,,Y,,0,,39.16759596,-86.53868877,,,,,URBAN,N,N,N,,DAYLIGHT,CLEAR,DRY,,FOUR-WAY INTERSECTION,,ASPHALT,DISREGARD SIGNAL/REG SIGN,$2501 TO $5000,RIGHT ANGLE,W6THSTNROGERSST,0,
BLOOMINGTON PD,B22-30938,MONROE,PERRY,BLOOMINGTON,8/10/22,12:25 PM,2,,0,0,0,400,E 3RD ST,,,,,E 3RD ST,,,,,Y,,0,,39.16422019,-86.52950108,PRIVATE DRIVE,,,,URBAN,N,N,N,,DAYLIGHT,CLEAR,DRY,,NO JUNCTION INVOLVED,,ASPHALT,UNSAFE BACKING,$2501 TO $5000,BACKING CRASH,E3RDST,0,
ISP BLOOMINGTON 33,2.022E+11,MONROE,RICHLAND,BLOOMINGTON,9/1/22,3:35 PM,2,,1,0,0,,STATE RD 46,,,,,STATE RD 46,N. SMITH PIKE,,,,Y,,0,,39.21089095,-86.58546701,STATE ROAD,,,,URBAN,N,N,N,,DAYLIGHT,CLEAR,DRY,,FOUR-WAY INTERSECTION,,ASPHALT,FAILURE TO YIELD RIGHT OF WAY,$10001 TO $25000,RIGHT ANGLE,STATERD46N.SMITHPIKE,0,
BLOOMINGTON PD,B22-10822,MONROE,PERRY,BLOOMINGTON,3/30/22,11:55 AM,2,,0,0,0,,W. 3RD ST,,,,,W. 3RD ST,KIMBLE DR,,,,Y,,100,,39.164538,-86.5679847,LOCAL/CITY ROAD,,,,URBAN,N,N,N,,DAYLIGHT,CLOUDY,DRY,,FOUR-WAY INTERSECTION,,ASPHALT,UNSAFE LANE MOVEMENT,$2501 TO $5000,SAME DIRECTION SIDESWIPE,W.3RDSTKIMBLEDR,0,
BLOOMINGTON PD,B22-32323,MONROE,PERRY,BLOOMINGTON,8/18/22,7:30 PM,1,,0,0,0,,E ROGERS RD,,,,,E ROGERS RD,E WINSLOW RD,,,,Y,,0,,39.13641537,-86.5080167,LOCAL/CITY ROAD,,,,URBAN,N,N,N,,DAYLIGHT,CLEAR,DRY,,TRAFFIC CIRCLE/ROUNDABOUT,,ASPHALT,UNSAFE SPEED,$2501 TO $5000,RAN OFF ROAD,EWINSLOWRDEROGERSRD,0,
BLOOMINGTON PD,B22-09901,MONROE,PERRY,BLOOMINGTON,3/23/22,10:15 AM,2,,0,0,0,1175,S COLLEGE MALL RD; KROGER,,,,,S COLLEGE MALL RD; KROGER,,,,,Y,,0,,39.15281242,-86.49583144,PRIVATE DRIVE,,,,URBAN,N,N,N,,DAYLIGHT,CLOUDY,DRY,,NO JUNCTION INVOLVED,,ASPHALT,FAILURE TO YIELD RIGHT OF WAY,$1001 TO $2500,SAME DIRECTION SIDESWIPE,SCOLLEGEMALLRD;KROGER,0,
INDIANA UNIV BLOOMINGTON PD,223486,MONROE,BLOOMINGTON,BLOOMINGTON,9/21/22,8:15 AM,2,,0,0,0,,N JORDAN AVE,,,,,N JORDAN AVE,,,,,Y,,0,,39.16746925,-86.5149892,PRIVATE DRIVE,,,,URBAN,N,N,N,,DAYLIGHT,CLEAR,DRY,,NO JUNCTION INVOLVED,,ASPHALT,UNSAFE BACKING,UNDER $1001,BACKING CRASH,NJORDANAVE,0,
BLOOMINGTON PD,B22-17040,MONROE,PERRY,BLOOMINGTON,5/10/22,11:23 AM,2,,0,0,0,,W. 2ND STREET,,,,,W. 2ND STREET,S. PATTERSON DRIVE,,,,Y,,0,,39.160737,-86.548536,LOCAL/CITY ROAD,,,,URBAN,N,N,N,,DAYLIGHT,CLOUDY,DRY,,FOUR-WAY INTERSECTION,,ASPHALT,FAILURE TO YIELD RIGHT OF WAY,$2501 TO $5000,RIGHT ANGLE,W.2NDSTREETS.PATTERSONDRIVE,0,
BLOOMINGTON PD,B22-12206,MONROE,PERRY,BLOOMINGTON,4/8/22,5:00 PM,2,,0,0,0,,E 1ST ST,,,,,E 1ST ST,S WASHINGTON ST,,,,Y,,30,,39.15937725,-86.53264359,LOCAL/CITY ROAD,,,,URBAN,N,N,N,,DAYLIGHT,CLOUDY,DRY,,FOUR-WAY INTERSECTION,,ASPHALT,FAILURE TO YIELD RIGHT OF WAY,$1001 TO $2500,RIGHT ANGLE,SWASHINGTONSTE1STST,0,
BLOOMINGTON PD,B22-32264,MONROE,PERRY,BLOOMINGTON,8/18/22,2:07 PM,2,,0,0,0,,S. ROCKPORT RD,,,,,S. ROCKPORT RD,W. TAPP RD,,,,Y,,0,,39.136332,-86.548756,LOCAL/CITY ROAD,,,,URBAN,N,N,N,,DAYLIGHT,CLEAR,DRY,,FOUR-WAY INTERSECTION,,ASPHALT,FOLLOWING TOO CLOSELY,$1001 TO $2500,REAR END,W.TAPPRDS.ROCKPORTRD,0,
MONROE SD,M22A6175,MONROE,BENTON,BLOOMINGTON,3/18/22,12:41 AM,2,,0,0,0,,SERVICE RD,,,,,SERVICE RD,E MAIN FOREST RD,,,,N,,50,,39.17029251,-86.53917176,LOCAL/CITY ROAD,,,,RURAL,N,N,N,,DARK (NOT LIGHTED),CLEAR,DRY,,NO JUNCTION INVOLVED,,ASPHALT,FAILURE TO MAINTAIN LANE,$2501 TO $5000,RAN OFF ROAD,SERVICERDEMAINFORESTRD,0,
MONROE SD,M22A20455,MONROE,,BLOOMINGTON,8/21/22,2:05 PM,2,,0,0,0,100,N CURRY PIKE,,,,,N CURRY PIKE,,,,,N,,0,,39.167493,-86.582626,PRIVATE DRIVE,,,,URBAN,N,N,N,,DAYLIGHT,CLEAR,DRY,,NO JUNCTION INVOLVED,,ASPHALT,UNSAFE BACKING,UNDER $1001,BACKING CRASH,NCURRYPIKE,0,
BLOOMINGTON PD,B22-37609,MONROE,BLOOMINGTON,BLOOMINGTON,9/17/22,1:03 PM,2,,0,0,0,,W KIRKWOOD AVE,,,,,W KIRKWOOD AVE,N JACKSON ST,,,,Y,,0,,39.16666026,-86.53978266,LOCAL/CITY ROAD,,,,URBAN,N,N,B,,DAYLIGHT,CLEAR,DRY,,FOUR-WAY INTERSECTION,,ASPHALT,IMPROPER LANE USAGE,$1001 TO $2500,SAME DIRECTION SIDESWIPE,WKIRKWOODAVENJACKSONST,0,
BLOOMINGTON PD,B22-05418,MONROE,PERRY,BLOOMINGTON,2/18/22,8:04 AM,2,,0,0,0,,S. COLLEGE MALL RD,,,,,S. COLLEGE MALL RD,E. 2ND ST,,,,Y,,0,,39.1609319,-86.4977835,LOCAL/CITY ROAD,,,,URBAN,N,N,N,,DAYLIGHT,CLEAR,DRY,,FOUR-WAY INTERSECTION,,ASPHALT,FOLLOWING TOO CLOSELY,$2501 TO $5000,REAR END,S.COLLEGEMALLRDE.2NDST,0,
MONROE SD,M22A12648,MONROE,CLEAR CREEK,BLOOMINGTON,5/31/22,12:21 PM,2,,0,0,0,,S FAIRFAX RD,,,,,S FAIRFAX RD,E CLEVE BUTCHER,,,,N,,0,,39.04853873,-86.4919146,LOCAL/CITY ROAD,,,,RURAL,N,N,N,,DAYLIGHT,CLEAR,DRY,,T-INTERSECTION,,ASPHALT,OTHER (VEHICLE) - EXPLAIN IN NARRATIVE,$5001 TO $10000,RIGHT ANGLE,SFAIRFAXRDECLEVEBUTCHER,0,
BLOOMINGTON PD,B22-05718,MONROE,BLOOMINGTON,BLOOMINGTON,2/20/22,3:00 PM,2,,0,0,0,,W 3RD ST,,,,,W 3RD ST,S FRANKLIN RD,,,,Y,,0,,39.16456755,-86.57015509,LOCAL/CITY ROAD,,,,URBAN,N,N,N,,DAYLIGHT,CLEAR,DRY,,FOUR-WAY INTERSECTION,,ASPHALT,FAILURE TO YIELD RIGHT OF WAY,$10001 TO $25000,RIGHT ANGLE,W3RDSTSFRANKLINRD,0,
BLOOMINGTON PD,B22-31717,MONROE,BLOOMINGTON,BLOOMINGTON,8/15/22,5:29 PM,2,,0,0,0,,E 10TH ST,,,,,E 10TH ST,N WOODBRIDGE DR,,,,Y,,0,,39.17152657,-86.49098276,LOCAL/CITY ROAD,,,,URBAN,N,N,N,,DAYLIGHT,CLEAR,DRY,,FOUR-WAY INTERSECTION,,ASPHALT,FOLLOWING TOO CLOSELY,$5001 TO $10000,REAR END,NWOODBRIDGEDRE10THST,0,
BLOOMINGTON PD,B22-33427,MONROE,BLOOMINGTON,BLOOMINGTON,8/24/22,3:40 PM,2,,0,0,0,,SR 45/46,,,,,SR 45/46,N COLLEGE AVE,,,,Y,,0,,39.1862651,-86.53450304,STATE ROAD,,,,URBAN,N,N,N,,DAYLIGHT,CLEAR,DRY,,FOUR-WAY INTERSECTION,,ASPHALT,FOLLOWING TOO CLOSELY,$1001 TO $2500,REAR END,SR45/46NCOLLEGEAVE,0,
BLOOMINGTON PD,B22-32671,MONROE,PERRY,BLOOMINGTON,8/20/22,1:12 PM,2,,0,0,0,1918,W 3RD ST: CULVERS,,,,,W 3RD ST: CULVERS,,,,,Y,,0,,39.16448774,-86.55981953,PRIVATE DRIVE,,,,URBAN,N,N,N,,DAYLIGHT,CLEAR,DRY,,NO JUNCTION INVOLVED,,ASPHALT,UNSAFE LANE MOVEMENT,$1001 TO $2500,SAME DIRECTION SIDESWIPE,W3RDST:CULVERS,0,
BLOOMINGTON PD,B22-35933,MONROE,BLOOMINGTON,BLOOMINGTON,9/7/22,5:43 PM,2,,0,0,0,,S PETE ELLIS DR,,,,,S PETE ELLIS DR,E 3RD ST,,,,Y,,370,,39.16488296,-86.49487442,LOCAL/CITY ROAD,,,,URBAN,N,N,N,,DAYLIGHT,CLEAR,DRY,,NO JUNCTION INVOLVED,,ASPHALT,UNSAFE LANE MOVEMENT,$1001 TO $2500,SAME DIRECTION SIDESWIPE,SPETEELLISDRE3RDST,0,
MONROE SD,M22A18048,MONROE,VAN BUREN,BLOOMINGTON,7/26/22,8:04 AM,1,,0,0,0,3585,W STATE ROAD 45,,,,,W STATE ROAD 45,,,,,N,,0,,39.14340234,-86.58008423,STATE ROAD,,,,URBAN,N,N,N,,DARK (LIGHTED),RAIN,WET,,FOUR-WAY INTERSECTION,,ASPHALT,FAILURE TO MAINTAIN LANE,$2501 TO $5000,RAN OFF ROAD,WSTATEROAD45,0,
MONROE SD,M22A14172,MONROE,PERRY,BLOOMINGTON,6/16/22,8:21 AM,2,,0,0,0,,SOUTH WALNUT,,,,,SOUTH WALNUT,EAST RHORER RD,,,,N,,0,,,,COUNTY ROAD,,,,RURAL,N,N,N,,DAYLIGHT,CLEAR,DRY,,FOUR-WAY INTERSECTION,,ASPHALT,FOLLOWING TOO CLOSELY,$1001 TO $2500,REAR END,SOUTHWALNUTEASTRHORERRD,0,
BLOOMINGTON PD,B22-38481,MONROE,PERRY,BLOOMINGTON,9/22/22,8:21 PM,2,,0,0,0,,E WINSLOW RD,,,,,E WINSLOW RD,S WALNUT ST,,,,Y,,0,,39.13593242,-86.5310002,LOCAL/CITY ROAD,,,,URBAN,N,N,N,,DARK (LIGHTED),CLEAR,DRY,,FOUR-WAY INTERSECTION,,ASPHALT,FAILURE TO YIELD RIGHT OF WAY,$2501 TO $5000,RIGHT ANGLE,SWALNUTSTEWINSLOWRD,0,
BLOOMINGTON PD,B22-37206,MONROE,BLOOMINGTON,BLOOMINGTON,9/15/22,12:15 AM,1,,0,0,0,,E 3RD ST,,,,,E 3RD ST,S INDIANA AVE,,,,Y,,0,,39.16427086,-86.52695507,LOCAL/CITY ROAD,,,,URBAN,N,N,N,,DARK (LIGHTED),CLEAR,DRY,,FOUR-WAY INTERSECTION,,ASPHALT,UNSAFE BACKING,UNDER $1001,BACKING CRASH,SINDIANAAVEE3RDST,0,
BLOOMINGTON PD,B22-19138,MONROE,BLOOMINGTON,BLOOMINGTON,5/24/22,5:20 PM,2,,0,0,0,,E 17TH ST,,,,,E 17TH ST,N INDIANA AVE,,,,N,,0,,39.17902773,-86.52704721,LOCAL/CITY ROAD,,,,URBAN,N,N,N,,DAYLIGHT,CLEAR,DRY,,T-INTERSECTION,,ASPHALT,FAILURE TO YIELD RIGHT OF WAY,$1001 TO $2500,SAME DIRECTION SIDESWIPE,NINDIANAAVEE17THST,0,
ELLETTSVILLE PD,E22-01434,MONROE,RICHLAND,ELLETTSVILLE,4/19/22,4:17 PM,1,,0,0,0,,,,46,,,46,N DEER PARK DR,,,,Y,,106,,39.21219357,-86.58738595,STATE ROAD,,,,RURAL,N,N,N,,DAYLIGHT,CLEAR,DRY,,NO JUNCTION INVOLVED,,ASPHALT,ANIMAL/OBJECT IN ROADWAY,$1001 TO $2500,OTHER - EXPLAIN IN NARRATIVE,NDEERPARKDR46,0,
BLOOMINGTON PD,B22-10388,MONROE,BLOOMINGTON,BLOOMINGTON,3/26/22,8:39 PM,2,,0,0,0,,STATE RD 45,,,,,STATE RD 45,E 10TH ST,,,,Y,,0,,39.17213728,-86.50250924,STATE ROAD,,,,URBAN,N,N,N,,DAYLIGHT,CLEAR,DRY,,FOUR-WAY INTERSECTION,,ASPHALT,FOLLOWING TOO CLOSELY,$2501 TO $5000,REAR END,STATERD45E10THST,0,
BLOOMINGTON PD,B22-17383,MONROE,PERRY,BLOOMINGTON,5/12/22,1:45 PM,1,,1,0,0,,S MILTON DR,,,,,S MILTON DR,W COUNTRY CLUB DR,,,,Y,,0,,39.13613768,-86.53940983,LOCAL/CITY ROAD,,,,URBAN,N,N,N,,DAYLIGHT,CLEAR,DRY,,T-INTERSECTION,,ASPHALT,FAILURE TO YIELD RIGHT OF WAY,$1001 TO $2500,LEFT TURN,WCOUNTRYCLUBDRSMILTONDR,1,
BLOOMINGTON PD,B22-18697,MONROE,BLOOMINGTON,BLOOMINGTON,5/21/22,1:20 PM,2,,0,0,0,,S WILLIAMSBURG DR,,,,,S WILLIAMSBURG DR,LONGVIEW AVE,,,,Y,,0,,39.16626862,-86.49659843,PRIVATE DRIVE,,,,URBAN,N,N,N,,DAYLIGHT,CLOUDY,WET,,NO JUNCTION INVOLVED,,ASPHALT,IMPROPER TURNING,UNDER $1001,BACKING CRASH,SWILLIAMSBURGDRLONGVIEWAVE,0,
MONROE SD,M22A10345,MONROE,,BLOOMINGTON,5/6/22,1:35 AM,4,,0,0,0,4025,S OLD STATE ROAD 37,,,,,S OLD STATE ROAD 37,,,,,N,,0,,39.120322,-86.529233,PRIVATE DRIVE,,,,URBAN,N,N,N,,DAYLIGHT,CLEAR,DRY,,NO JUNCTION INVOLVED,,ASPHALT,OTHER (DRIVER) - EXPLAIN IN NARRATIVE,$10001 TO $25000,OTHER - EXPLAIN IN NARRATIVE,SOLDSTATEROAD37,0,
MONROE SD,M22A23790,MONROE,PERRY,BLOOMINGTON,9/27/22,11:13 AM,2,,1,0,0,,STATE ROAD 37,,,,,STATE ROAD 37,S VICTOR PIKE,,,,N,,0,,39.10570861,-86.5513163,STATE ROAD,,,,RURAL,N,N,N,,DAYLIGHT,CLEAR,DRY,,FOUR-WAY INTERSECTION,,ASPHALT,FAILURE TO YIELD RIGHT OF WAY,$5001 TO $10000,RIGHT ANGLE,STATEROAD37SVICTORPIKE,0,
BLOOMINGTON PD,B22-04459,MONROE,BLOOMINGTON,BLOOMINGTON,2/9/22,1:22 PM,2,,0,0,0,,E. SR 45/46 BYPASS,,,,,E. SR 45/46 BYPASS,MARTHA ST,,,,Y,,500,,39.186299,-86.531632,STATE ROAD,,,,URBAN,N,N,N,,DAYLIGHT,CLOUDY,DRY,,NO JUNCTION INVOLVED,,CONCRETE,FAILURE TO YIELD RIGHT OF WAY,$5001 TO $10000,RIGHT ANGLE,MARTHASTE.SR45/46BYPASS,0,
BLOOMINGTON PD,B2202975,MONROE,,BLOOMINGTON,1/27/22,12:31 PM,2,,0,0,0,,1935 S BASSWOOD DR,,,,,1935 S BASSWOOD DR,,,,,Y,,0,,0,0,LOCAL/CITY ROAD,,,,URBAN,N,N,N,,DAYLIGHT,SNOW,ICE,,NO JUNCTION INVOLVED,,ASPHALT,LEFT OF CENTER,$2501 TO $5000,OPPOSITE DIRECTION SIDESWIPE,1935SBASSWOODDR,0,
BLOOMINGTON PD,B22-04103,MONROE,PERRY,BLOOMINGTON,2/2/22,12:00 AM,2,,0,0,0,,1870 S WALNUT STBLOOMINGTON IN,,,,,1870 S WALNUT STBLOOMINGTON IN 47401,,,,,Y,,0,,0,0,LOCAL/CITY ROAD,,,,URBAN,N,N,N,,UNKNOWN,SLEET/HAIL/FREEZING RAIN,ICE,,NO JUNCTION INVOLVED,,ASPHALT,ROADWAY SURFACE CONDITION,$1001 TO $2500,OTHER - EXPLAIN IN NARRATIVE,1870SWALNUTSTBLOOMINGTONIN47401,0,