Agency,Local Code,County,Township,City,Collision Date,Collision Time,Vehicles Involved,Trailers Involved,Number Injured,Number Dead,Number Deer,House Number,Roadway Name,Roadway Suffix,Roadway Number,Roadway Interchange,Roadway Ramp,Roadway Id,Intersecting Road,Intersecting Road Number,Mile Marker,Interchange,Corporate Limits?,Property Type,Feet From,Direction,Latitude,Longitude,Roadway Class,Traffic Control Devices?,Aggressive Driving?,Hit and Run?,Locality,School Zone?,Rumble Strips?,Construction?,Construction Type,Light Condition,Weather Conditions,Surface Condition,Type of Median,Roadway Junction Type,Road Character,Roadway Surface,Primary Factor,Damage Estimate,Manner of Collision,Unique Location Id,State Property Damage?,Traffic Control
MONROE SD,M22A23476,MONROE,BLOOMINGTON,BLOOMINGTON,9/23/22,8:21 PM,1,,0,0,1,,W BAYLES RD,,,,,W BAYLES RD,N WALNUT ST,,,,N,,0,,39.21548572,-86.53696722,LOCAL/CITY ROAD,,,,RURAL,N,N,N,,DARK (NOT LIGHTED),RAIN,WET,,T-INTERSECTION,,ASPHALT,ANIMAL/OBJECT IN ROADWAY,$2501 TO $5000,COLLISION WITH DEER,WBAYLESRDNWALNUTST,0,
MONROE SD,M22A11084,MONROE,WASHINGTON,BLOOMINGTON,5/14/22,11:00 AM,1,,0,0,0,1415,DITTEMORE RD,,,,,DITTEMORE RD,,,,,N,,0,,39.29312784,-86.55563559,,,,,RURAL,N,N,N,,DAYLIGHT,CLEAR,DRY,,NO JUNCTION INVOLVED,,GRAVEL,OTHER (ENVIRONMENTAL) - EXPLAIN IN NARR,$5001 TO $10000,BACKING CRASH,DITTEMORERD,0,
BLOOMINGTON PD,B22-20223,MONROE,BLOOMINGTON,BLOOMINGTON,6/1/22,9:54 AM,2,,0,0,0,,N. WALNUT ST,,,,,N. WALNUT ST,E. 6TH ST,,,,Y,,200,,39.167549,-86.533613,LOCAL/CITY ROAD,,,,URBAN,N,N,N,,DAYLIGHT,CLOUDY,DRY,,NO JUNCTION INVOLVED,,ASPHALT,UNSAFE LANE MOVEMENT,$5001 TO $10000,SAME DIRECTION SIDESWIPE,N.WALNUTSTE.6THST,0,
BLOOMINGTON PD,B22-16652,MONROE,BLOOMINGTON,BLOOMINGTON,5/7/22,2:30 PM,2,,1,0,0,,N MORTON ST,,,,,N MORTON ST,W 11TH ST,,,,Y,,0,,39.17326615,-86.53605679,LOCAL/CITY ROAD,,,,URBAN,N,N,N,,DAYLIGHT,CLEAR,DRY,,FOUR-WAY INTERSECTION,,ASPHALT,FAILURE TO YIELD RIGHT OF WAY,$2501 TO $5000,RIGHT ANGLE,W11THSTNMORTONST,0,
BLOOMINGTON PD,B22-30195,MONROE,RICHLAND,BLOOMINGTON,8/5/22,11:52 AM,3,,2,0,0,,N GATES DR,,,,,N GATES DR,W JACOB DR,,,,Y,,0,,39.16570518,-86.57599296,LOCAL/CITY ROAD,,,,URBAN,N,N,N,,DAYLIGHT,CLEAR,DRY,,Y-INTERSECTION,,ASPHALT,FAILURE TO YIELD RIGHT OF WAY,$10001 TO $25000,OPPOSITE DIRECTION SIDESWIPE,WJACOBDRNGATESDR,0,
BLOOMINGTON PD,B22-04727,MONROE,,BLOOMINGTON,2/11/22,12:01 AM,2,,0,0,0,,3RD STREET,,,,,3RD STREET,I69 OFFRAMP,,,,N,,0,,0,0,,,,,URBAN,N,N,N,,DAYLIGHT,CLOUDY,DRY,,RAMP,,ASPHALT,OTHER (DRIVER) - EXPLAIN IN NARRATIVE,$2501 TO $5000,REAR END,I69OFFRAMP3RDSTREET,0,
BLOOMINGTON PD,B22-29606,MONROE,BLOOMINGTON,BLOOMINGTON,8/1/22,10:56 PM,2,,0,0,0,,N WALNUT ST,,,,,N WALNUT ST,E 17TH ST,,,,Y,,0,,39.17895817,-86.53346106,LOCAL/CITY ROAD,,,,URBAN,N,N,N,,DARK (LIGHTED),CLOUDY,DRY,,FOUR-WAY INTERSECTION,,ASPHALT,DISREGARD SIGNAL/REG SIGN,$10001 TO $25000,RIGHT ANGLE,NWALNUTSTE17THST,0,
MONROE SD,M22A9390,MONROE,RICHLAND,BLOOMINGTON,4/25/22,11:46 AM,1,,1,0,0,,W SR 48,,,,,W SR 48,,,,,N,,0,,39.16845493,-86.67068071,STATE ROAD,,,,RURAL,N,N,N,,DAYLIGHT,CLOUDY,WET,,NO JUNCTION INVOLVED,,ASPHALT,SPEED TOO FAST FOR WEATHER CONDITIONS,$2501 TO $5000,RAN OFF ROAD,WSR48,0,
MONROE SD,M22A7785,MONROE,VAN BUREN,BLOOMINGTON,4/6/22,8:37 PM,1,,0,0,0,,W STATE RD 45,,,,,W STATE RD 45,STANFORD RD,,,,N,,0,,39.08921325,-86.66730691,STATE ROAD,,,,RURAL,N,N,N,,DARK (NOT LIGHTED),CLEAR,DRY,,NO JUNCTION INVOLVED,,ASPHALT,OTHER (VEHICLE) - EXPLAIN IN NARRATIVE,$1001 TO $2500,RAN OFF ROAD,WSTATERD45STANFORDRD,0,
BLOOMINGTON PD,B22-36247,MONROE,PERRY,BLOOMINGTON,9/9/22,12:04 PM,2,,0,0,0,,E. WYLIE ST,,,,,E. WYLIE ST,S. WALNUT ST,,,,Y,,0,,39.158367,-86.533661,LOCAL/CITY ROAD,,,,URBAN,N,N,N,,DAWN/DUSK,CLEAR,DRY,,T-INTERSECTION,,ASPHALT,OVERCORRECTING/OVERSTEERING,$1001 TO $2500,SAME DIRECTION SIDESWIPE,S.WALNUTSTE.WYLIEST,0,
INDIANA UNIV BLOOMINGTON PD,223566,MONROE,BLOOMINGTON,BLOOMINGTON,9/25/22,9:25 PM,2,,0,0,0,,E 10TH ST,,,,,E 10TH ST,N SUNRISE DR,,,,Y,,0,,39.1716053,-86.51101149,LOCAL/CITY ROAD,,,,URBAN,N,N,N,,DARK (NOT LIGHTED),CLEAR,DRY,,T-INTERSECTION,,ASPHALT,FOLLOWING TOO CLOSELY,$2501 TO $5000,REAR END,NSUNRISEDRE10THST,0,
MONROE SD,M22A3379,MONROE,VAN BUREN,BLOOMINGTON,2/12/22,6:48 PM,1,,0,0,0,,W VERNAL PIKE,,,,,W VERNAL PIKE,,,,,N,,0,,39.1867438,-86.60202689,LOCAL/CITY ROAD,,,,URBAN,N,N,N,,DARK (NOT LIGHTED),SNOW,WET,,T-INTERSECTION,,ASPHALT,ANIMAL/OBJECT IN ROADWAY,$1001 TO $2500,COLLISION WITH ANIMAL OTHER,WVERNALPIKE,0,
BLOOMINGTON PD,B22-36239,MONROE,BLOOMINGTON,BLOOMINGTON,9/9/22,11:09 AM,2,,1,0,0,,N COLLEGE AVE,,,,,N COLLEGE AVE,W 8TH ST,,,,Y,,0,,39.16951147,-86.53483967,LOCAL/CITY ROAD,,,,URBAN,N,N,N,,DAYLIGHT,CLEAR,DRY,,FOUR-WAY INTERSECTION,,ASPHALT,IMPROPER TURNING,$5001 TO $10000,LEFT TURN,W8THSTNCOLLEGEAVE,0,
INDIANA UNIV BLOOMINGTON PD,220613,MONROE,BLOOMINGTON,BLOOMINGTON,2/14/22,5:00 PM,2,,0,0,0,,N JORDAN AVE,,,,,N JORDAN AVE,,,,,N,,0,,39.18080606,-86.51105977,LOCAL/CITY ROAD,,,,URBAN,N,N,N,,UNKNOWN,CLEAR,DRY,,NO JUNCTION INVOLVED,,ASPHALT,IMPROPER LANE USAGE,$1001 TO $2500,SAME DIRECTION SIDESWIPE,NJORDANAVE,0,
MONROE SD,M22A8290,MONROE,BEAN BLOSSOM,BLOOMINGTON,4/13/22,3:00 AM,1,,1,0,0,,STATE RD 46,,,,,STATE RD 46,HEDRICK RD,,,,Y,,1531,,39.2796947,-86.67927451,,,,,RURAL,N,N,N,,DARK (NOT LIGHTED),CLEAR,DRY,,NO JUNCTION INVOLVED,,ASPHALT,FAILURE TO MAINTAIN LANE,UNDER $1001,RAN OFF ROAD,STATERD46HEDRICKRD,0,
BLOOMINGTON PD,B22-40176,MONROE,PERRY,BLOOMINGTON,10/1/22,1:13 PM,2,,0,0,0,500,S LIBERTY DR,,,,,S LIBERTY DR,,,,,Y,,0,,39.16331792,-86.58024915,PRIVATE DRIVE,,,,URBAN,N,N,N,,DAYLIGHT,CLEAR,DRY,,NO JUNCTION INVOLVED,,ASPHALT,UNSAFE BACKING,UNDER $1001,REAR TO REAR,SLIBERTYDR,0,
ISP BLOOMINGTON 33,2.022E+11,MONROE,BLOOMINGTON,BLOOMINGTON,5/17/22,7:10 AM,2,,0,0,0,,E SAMPLE RD,,,,,E SAMPLE RD,N WAYPORT RD,,,,N,,1500,,39.26321049,-86.51566333,COUNTY ROAD,,,,RURAL,N,N,N,,DAYLIGHT,CLEAR,DRY,,NO JUNCTION INVOLVED,,ASPHALT,UNSAFE BACKING,$5001 TO $10000,BACKING CRASH,NWAYPORTRDESAMPLERD,0,
BLOOMINGTON PD,B22-34422,MONROE,BLOOMINGTON,BLOOMINGTON,8/30/22,9:27 AM,2,,0,0,0,,N COLLEGE AVE,,,,,N COLLEGE AVE,W 6TH ST,,,,Y,,0,,39.16762413,-86.53491322,LOCAL/CITY ROAD,,,,URBAN,N,N,N,,DAYLIGHT,CLOUDY,DRY,,FOUR-WAY INTERSECTION,,ASPHALT,FOLLOWING TOO CLOSELY,$1001 TO $2500,REAR END,W6THSTNCOLLEGEAVE,0,
BLOOMINGTON PD,B22-14665,MONROE,BLOOMINGTON,BLOOMINGTON,4/24/22,9:46 AM,2,,1,0,0,,I-69,,,,,I-69,,,,,Y,,0,,39.16456754,-86.5730781,LOCAL/CITY ROAD,,,,URBAN,N,N,N,,DAYLIGHT,CLOUDY,DRY,,INTERCHANGE,,ASPHALT,FOLLOWING TOO CLOSELY,UNDER $1001,REAR END,I-69,0,
MONROE SD,M22A3838,MONROE,BEAN BLOSSOM,BLOOMINGTON,2/17/22,4:24 PM,1,,1,0,0,,N TEXAS RIDGE RD,,,,,N TEXAS RIDGE RD,S OWL LN,,,,N,,3100,,39.32461787,-86.66121336,LOCAL/CITY ROAD,,,,RURAL,N,N,N,,DAYLIGHT,RAIN,WET,,NO JUNCTION INVOLVED,,ASPHALT,SPEED TOO FAST FOR WEATHER CONDITIONS,$2501 TO $5000,RAN OFF ROAD,SOWLLNNTEXASRIDGERD,0,
MONROE SD,M22A6236,MONROE,PERRY,BLOOMINGTON,3/18/22,8:33 PM,1,,0,0,1,,S WEIMER RD,,,,,S WEIMER RD,W WAPEHANI RD,,,,N,,0,,39.14563914,-86.56392863,STATE ROAD,,,,URBAN,N,N,N,,DARK (NOT LIGHTED),RAIN,WET,,NO JUNCTION INVOLVED,,ASPHALT,ANIMAL/OBJECT IN ROADWAY,$2501 TO $5000,COLLISION WITH DEER,WWAPEHANIRDSWEIMERRD,0,
MONROE SD,M22A11031,MONROE,VAN BUREN,BLOOMINGTON,5/13/22,3:36 AM,2,,0,0,0,,HERITAGE WAY,,,,,HERITAGE WAY,,,,,N,,0,,39.15328129,-86.58544011,COUNTY ROAD,,,,URBAN,N,N,N,,DAYLIGHT,CLEAR,DRY,,NO JUNCTION INVOLVED,,ASPHALT,UNSAFE BACKING,$1001 TO $2500,BACKING CRASH,HERITAGEWAY,0,
BLOOMINGTON PD,B22-11726,MONROE,VAN BUREN,BLOOMINGTON,4/5/22,3:10 PM,2,,1,0,0,,W 3RD ST,,,,,W 3RD ST,S LIBERTY DR,,,,Y,,0,,39.16474483,-86.57915392,LOCAL/CITY ROAD,,,,URBAN,N,N,N,,DAYLIGHT,CLOUDY,WET,,FOUR-WAY INTERSECTION,,ASPHALT,DISREGARD SIGNAL/REG SIGN,$10001 TO $25000,RIGHT ANGLE,W3RDSTSLIBERTYDR,0,
INDIANA UNIV BLOOMINGTON PD,222581,MONROE,BLOOMINGTON,BLOOMINGTON,8/9/22,5:15 PM,3,,0,0,0,,E 10TH ST,,,,,E 10TH ST,E IN-46,,,,Y,,0,,39.17180957,-86.5023151,STATE ROAD,,,,RURAL,N,N,N,,DAYLIGHT,RAIN,WET,,FOUR-WAY INTERSECTION,,ASPHALT,SPEED TOO FAST FOR WEATHER CONDITIONS,$5001 TO $10000,SAME DIRECTION SIDESWIPE,EIN-46E10THST,0,
BLOOMINGTON PD,B22-22922,MONROE,VAN BUREN,BLOOMINGTON,6/18/22,7:31 PM,2,,2,0,0,,W STATE RD 45,,,,,W STATE RD 45,S CURRY PIKE,,,,Y,,0,,39.14202697,-86.58255294,STATE ROAD,,,,URBAN,N,N,N,,DAYLIGHT,CLEAR,DRY,,FOUR-WAY INTERSECTION,,ASPHALT,FAILURE TO YIELD RIGHT OF WAY,$5001 TO $10000,HEAD ON BETWEEN TWO MOTOR VEHICLES,WSTATERD45SCURRYPIKE,0,
BLOOMINGTON PD,B22-15877,MONROE,BLOOMINGTON,BLOOMINGTON,5/2/22,2:10 PM,2,,0,0,0,,E LONGVIEW AVE,,,,,E LONGVIEW AVE,N PETE ELLIS DR,,,,Y,,0,,39.16690777,-86.49489588,LOCAL/CITY ROAD,,,,URBAN,N,N,N,,DAYLIGHT,CLEAR,DRY,,FOUR-WAY INTERSECTION,,ASPHALT,FAILURE TO YIELD RIGHT OF WAY,$2501 TO $5000,RIGHT ANGLE,NPETEELLISDRELONGVIEWAVE,0,
BLOOMINGTON PD,B22-34113,MONROE,BLOOMINGTON,BLOOMINGTON,8/28/22,7:36 AM,1,,0,0,0,,N WALNUT ST,,,,,N WALNUT ST,E GLENDORA DR,,,,Y,,0,,39.19025075,-86.53322363,LOCAL/CITY ROAD,,,,URBAN,N,N,N,,DAWN/DUSK,CLEAR,DRY,,FOUR-WAY INTERSECTION,,ASPHALT,LEFT OF CENTER,$5001 TO $10000,RAN OFF ROAD,NWALNUTSTEGLENDORADR,0,
MONROE SD,M22A5972,MONROE,RICHLAND,BLOOMINGTON,3/15/22,5:13 AM,3,,0,0,0,,N SMITH PIKE,,,,,N SMITH PIKE,,,,,N,,0,,39.18743534,-86.58302148,COUNTY ROAD,,,,RURAL,N,N,Y,LANE CLOSURE,DAYLIGHT,CLEAR,DRY,,NO JUNCTION INVOLVED,,ASPHALT,FOLLOWING TOO CLOSELY,$2501 TO $5000,REAR END,NSMITHPIKE,0,
MONROE SD,M22A5176,MONROE,VAN BUREN,BLOOMINGTON,3/4/22,6:47 PM,2,,0,0,0,,W STATE RD 45,,,,,W STATE RD 45,S DUNLAP RD,,,,N,,0,,39.11992616,-86.61800537,STATE ROAD,,,,RURAL,N,N,N,,DARK (NOT LIGHTED),CLEAR,DRY,,NO JUNCTION INVOLVED,,ASPHALT,FOLLOWING TOO CLOSELY,$5001 TO $10000,REAR END,WSTATERD45SDUNLAPRD,0,
BLOOMINGTON PD,B22-22793,MONROE,BLOOMINGTON,BLOOMINGTON,6/17/22,9:30 PM,2,,0,0,0,,E MATTLOCK RD,,,,,E MATTLOCK RD,N DUNN ST,,,,Y,,0,,39.18628522,-86.52852354,,,,,URBAN,N,N,N,,DARK (LIGHTED),CLEAR,DRY,,FOUR-WAY INTERSECTION,,ASPHALT,UNSAFE SPEED,$2501 TO $5000,REAR END,NDUNNSTEMATTLOCKRD,0,
BLOOMINGTON PD,B22-11614,MONROE,BLOOMINGTON,BLOOMINGTON,4/4/22,5:05 PM,1,,1,0,0,,W ALLEN ST,,,,,W ALLEN ST,W ALLEN ST,,,,Y,,0,,39.15565739,-86.54425747,LOCAL/CITY ROAD,,,,URBAN,N,N,N,,DAYLIGHT,CLEAR,DRY,,NO JUNCTION INVOLVED,,ASPHALT,IMPROPER PASSING,$2501 TO $5000,OTHER - EXPLAIN IN NARRATIVE,WALLENSTWALLENST,1,
BLOOMINGTON PD,B22-03264,MONROE,PERRY,BLOOMINGTON,1/29/22,2:53 PM,2,,0,0,0,,2200 W. 3RD ST,,,,,2200 W. 3RD ST,,,,,Y,,0,,0,0,LOCAL/CITY ROAD,,,,URBAN,N,N,N,,DAYLIGHT,CLEAR,WET,,NO JUNCTION INVOLVED,,ASPHALT,UNSAFE BACKING,$2501 TO $5000,BACKING CRASH,2200W.3RDST,0,
BLOOMINGTON PD,B22-03342,MONROE,BLOOMINGTON,BLOOMINGTON,1/30/22,9:40 AM,2,,0,0,0,,N FEE LN,,,,,N FEE LN,STATE RD 45,,,,Y,,0,,39.18596489,-86.51980824,,,,,URBAN,N,N,N,,DAYLIGHT,CLEAR,DRY,,FOUR-WAY INTERSECTION,,ASPHALT,FOLLOWING TOO CLOSELY,$2501 TO $5000,REAR END,STATERD45NFEELN,0,
BLOOMINGTON PD,B22-29092,MONROE,BLOOMINGTON,BLOOMINGTON,7/29/22,3:38 PM,2,,0,0,0,,W KIRKWOOD AVE,,,,,W KIRKWOOD AVE,N COLLEGE AVE,,,,Y,,0,,39.16661768,-86.53492978,,,,,URBAN,N,N,N,,DAYLIGHT,CLEAR,DRY,,NO JUNCTION INVOLVED,,ASPHALT,UNSAFE BACKING,$2501 TO $5000,REAR END,WKIRKWOODAVENCOLLEGEAVE,0,
BLOOMINGTON PD,B22-03580,MONROE,PERRY,BLOOMINGTON,2/1/22,5:31 PM,2,,0,0,0,,S WOODLAWN AVE,,,,,S WOODLAWN AVE,E MAXWELL LN,,,,Y,,0,,39.1578014,-86.52265597,,,,,URBAN,N,N,N,,DAYLIGHT,CLEAR,DRY,,FOUR-WAY INTERSECTION,,ASPHALT,BRAKE FAILURE OR DEFECTIVE,$1001 TO $2500,RIGHT ANGLE,SWOODLAWNAVEEMAXWELLLN,0,
BLOOMINGTON PD,B22-24945,MONROE,BLOOMINGTON,BLOOMINGTON,7/1/22,6:10 PM,1,,0,0,0,,N WILLIS DR,,,,,N WILLIS DR,W 17TH ST,,,,Y,,0,,39.17907458,-86.54406911,LOCAL/CITY ROAD,,,,URBAN,N,N,N,,DAYLIGHT,CLEAR,DRY,,FOUR-WAY INTERSECTION,,ASPHALT,OVERCORRECTING/OVERSTEERING,$1001 TO $2500,OTHER - EXPLAIN IN NARRATIVE,W17THSTNWILLISDR,0,
INDIANA UNIV BLOOMINGTON PD,221677,MONROE,BLOOMINGTON,BLOOMINGTON,4/29/22,12:40 AM,1,,0,0,0,,N DUNN ST,,,,,N DUNN ST,E VARSITY LN,,,,Y,,400,,39.18419397,-86.52834433,LOCAL/CITY ROAD,,,,URBAN,N,N,N,,DARK (LIGHTED),CLEAR,DRY,,NO JUNCTION INVOLVED,,ASPHALT,FAILURE TO MAINTAIN LANE,$2501 TO $5000,RAN OFF ROAD,NDUNNSTEVARSITYLN,0,
BLOOMINGTON PD,B22-22289,MONROE,PERRY,BLOOMINGTON,6/14/22,6:00 PM,2,,0,0,0,2966,E 3RD ST; TARGET,,,,,E 3RD ST; TARGET,,,,,Y,,0,,39.16205452,-86.49349857,PRIVATE DRIVE,,,,URBAN,N,N,N,,DAYLIGHT,CLEAR,DRY,,NO JUNCTION INVOLVED,,ASPHALT,FAILURE TO YIELD RIGHT OF WAY,$1001 TO $2500,BACKING CRASH,E3RDST;TARGET,0,
MONROE SD,M22A12421,MONROE,BLOOMINGTON,BLOOMINGTON,5/28/22,11:36 AM,2,,0,0,0,,E 10TH ST,,,,,E 10TH ST,E ETTER DR,,,,N,,0,,39.17598691,-86.47983538,STATE ROAD,,,,RURAL,N,N,N,,DAYLIGHT,CLEAR,DRY,,NO JUNCTION INVOLVED,,ASPHALT,LEFT OF CENTER,$10001 TO $25000,LEFT TURN,EETTERDRE10THST,0,
MONROE SD,M22A20857,MONROE,PERRY,BLOOMINGTON,8/25/22,5:47 PM,2,,0,0,0,,S ADAMS ST,,,,,S ADAMS ST,,,,,N,,0,,39.15435767,-86.55156311,PRIVATE DRIVE,,,,RURAL,N,N,N,,DAYLIGHT,CLEAR,DRY,,NO JUNCTION INVOLVED,,ASPHALT,FAILURE TO YIELD RIGHT OF WAY,$2501 TO $5000,RIGHT ANGLE,SADAMSST,0,
BLOOMINGTON PD,B22-03654,MONROE,,BLOOMINGTON,2/2/22,11:51 AM,2,,0,0,0,,N WALNUT ST,,,,,N WALNUT ST,W 7TH ST,,,,Y,,0,,39.168539,-86.533599,LOCAL/CITY ROAD,,,,URBAN,N,N,N,,DAYLIGHT,RAIN,WET,,NO JUNCTION INVOLVED,,ASPHALT,FAILURE TO MAINTAIN LANE,$1001 TO $2500,SAME DIRECTION SIDESWIPE,W7THSTNWALNUTST,0,
MONROE SD,M22A19796,MONROE,BEAN BLOSSOM,BLOOMINGTON,8/13/22,8:48 PM,2,,0,0,0,,STATE RD 46,,,,,STATE RD 46,N STINESVILLE RD,,,,N,,0,,39.26686772,-86.66574903,STATE ROAD,,,,RURAL,N,N,N,,DARK (NOT LIGHTED),CLEAR,DRY,,T-INTERSECTION,,ASPHALT,FAILURE TO YIELD RIGHT OF WAY,$10001 TO $25000,RIGHT ANGLE,STATERD46NSTINESVILLERD,0,
INDIANA UNIV BLOOMINGTON PD,220719,MONROE,BLOOMINGTON,BLOOMINGTON,2/24/22,6:50 PM,2,,0,0,0,1051,E 17TH ST,,,,,E 17TH ST,,,,,Y,,0,,39.17974153,-86.52097053,PRIVATE DRIVE,,,,URBAN,N,N,N,,DARK (LIGHTED),RAIN,WET,,NO JUNCTION INVOLVED,,ASPHALT,UNSAFE BACKING,$1001 TO $2500,BACKING CRASH,E17THST,0,
BLOOMINGTON PD,B22-32849,MONROE,BLOOMINGTON,BLOOMINGTON,8/21/22,12:08 PM,2,,0,0,0,,S WALNUT ST,,,,,S WALNUT ST,4TH ST,,,,Y,,0,,39.15290332,-86.53365333,LOCAL/CITY ROAD,,,,URBAN,N,N,N,,DAYLIGHT,CLOUDY,DRY,,FOUR-WAY INTERSECTION,,ASPHALT,IMPROPER TURNING,$2501 TO $5000,LEFT TURN,SWALNUTST4THST,0,
BLOOMINGTON PD,B22-27846,MONROE,BLOOMINGTON,BLOOMINGTON,7/20/22,5:33 PM,2,,0,0,0,2650,S WALNUT ST,,,,,S WALNUT ST,,,,,Y,,0,,39.13458984,-86.53198292,PRIVATE DRIVE,,,,URBAN,N,N,N,,DAYLIGHT,CLEAR,DRY,,NO JUNCTION INVOLVED,,ASPHALT,UNSAFE BACKING,$2501 TO $5000,BACKING CRASH,SWALNUTST,0,
BLOOMINGTON PD,B22-38047,MONROE,BLOOMINGTON,BLOOMINGTON,9/20/22,9:12 AM,1,,0,0,0,,W 4TH ST,,,,,W 4TH ST,S ROGERS ST,,,,Y,,0,,39.16563282,-86.5387271,LOCAL/CITY ROAD,,,,URBAN,N,N,N,,DAYLIGHT,CLEAR,DRY,,FOUR-WAY INTERSECTION,,ASPHALT,DISREGARD SIGNAL/REG SIGN,UNDER $1001,LEFT TURN,W4THSTSROGERSST,0,
INDIANA UNIV BLOOMINGTON PD,222761,MONROE,BLOOMINGTON,BLOOMINGTON,8/22/22,8:05 PM,2,,1,0,0,,17TH,,,,,17TH,DAVID BAKER AVE,,,,Y,,0,,39.17887625,-86.51100601,LOCAL/CITY ROAD,,,,URBAN,N,N,N,,DARK (LIGHTED),CLEAR,DRY,,T-INTERSECTION,,ASPHALT,FAILURE TO YIELD RIGHT OF WAY,$10001 TO $25000,RIGHT ANGLE,DAVIDBAKERAVE17TH,0,
MONROE SD,M22A2681,MONROE,PERRY,BLOOMINGTON,2/3/22,7:01 AM,1,,0,0,0,,3318 CHEEKWOOD LANE,,,,,3318 CHEEKWOOD LANE,,,,,N,,0,,0,0,LOCAL/CITY ROAD,,,,URBAN,N,N,N,,DAWN/DUSK,SNOW,SNOW/SLUSH,,NO JUNCTION INVOLVED,,ASPHALT,ROADWAY SURFACE CONDITION,$1001 TO $2500,SAME DIRECTION SIDESWIPE,3318CHEEKWOODLANE,0,
BLOOMINGTON PD,B22-12135,MONROE,PERRY,BLOOMINGTON,4/8/22,8:52 AM,3,,0,0,0,,W. 3RD ST,,,,,W. 3RD ST,S PATTERSON DR,,,,Y,,300,,39.16342,-86.551249,LOCAL/CITY ROAD,,,,URBAN,N,N,N,,DAYLIGHT,CLOUDY,WET,,FOUR-WAY INTERSECTION,,ASPHALT,FOLLOWING TOO CLOSELY,$5001 TO $10000,REAR END,W.3RDSTSPATTERSONDR,0,
MONROE SD,M22A4607,MONROE,PERRY,BLOOMINGTON,2/26/22,3:51 PM,2,,0,0,0,,E CREEKS EDGE DR,,,,,E CREEKS EDGE DR,E GARDEN PATH,,,,N,,0,,39.13146005,-86.4949935,LOCAL/CITY ROAD,,,,RURAL,N,N,N,,DAYLIGHT,CLEAR,DRY,,NO JUNCTION INVOLVED,,ASPHALT,UNSAFE BACKING,$2501 TO $5000,BACKING CRASH,EGARDENPATHECREEKSEDGEDR,0,
BLOOMINGTON PD,B22-24533,MONROE,PERRY,BLOOMINGTON,6/29/22,3:55 PM,2,,0,0,0,,W COUNTRY CLUB DR,,,,,W COUNTRY CLUB DR,S ROCKPORT RD,,,,Y,,0,,39.13639104,-86.54823507,LOCAL/CITY ROAD,,,,URBAN,N,N,N,,DAYLIGHT,CLEAR,DRY,,FOUR-WAY INTERSECTION,,ASPHALT,FOLLOWING TOO CLOSELY,$1001 TO $2500,REAR END,WCOUNTRYCLUBDRSROCKPORTRD,0,
BLOOMINGTON PD,B22-06434,MONROE,PERRY,BLOOMINGTON,2/26/22,11:15 AM,2,,0,0,0,,S. COLLEGE AVE,,,,,S. COLLEGE AVE,W. 3RD ST,,,,Y,,0,,39.1646036,-86.53469986,LOCAL/CITY ROAD,,,,URBAN,N,N,N,,DAYLIGHT,CLEAR,DRY,,FOUR-WAY INTERSECTION,,ASPHALT,DISREGARD SIGNAL/REG SIGN,$1001 TO $2500,RIGHT ANGLE,W.3RDSTS.COLLEGEAVE,0,
BLOOMINGTON PD,B22-16540,MONROE,BLOOMINGTON,BLOOMINGTON,5/6/22,6:05 PM,2,,0,0,0,,STATE RD 46,,,,,STATE RD 46,E EASTGATE LN,,,,Y,,317,,39.16950037,-86.50126707,STATE ROAD,,,,URBAN,N,N,N,,DAYLIGHT,RAIN,WET,,NO JUNCTION INVOLVED,,ASPHALT,FOLLOWING TOO CLOSELY,$2501 TO $5000,REAR END,STATERD46EEASTGATELN,0,
MONROE SD,M22A13011,MONROE,PERRY,BLOOMINGTON,6/3/22,7:43 PM,1,,0,0,0,,HANDY RIDGE RD,,,,,HANDY RIDGE RD,E PAYNETOWN RD,,,,N,,0,,39.08970702,-86.47721127,LOCAL/CITY ROAD,,,,RURAL,N,N,N,,DAYLIGHT,CLEAR,DRY,,Y-INTERSECTION,,ASPHALT,OTHER (DRIVER) - EXPLAIN IN NARRATIVE,$2501 TO $5000,RAN OFF ROAD,HANDYRIDGERDEPAYNETOWNRD,0,
BLOOMINGTON PD,B22-27054,MONROE,PERRY,BLOOMINGTON,7/15/22,10:57 AM,2,,0,0,0,,E. HUNTER AVE,,,,,E. HUNTER AVE,S. PARK AVE,,,,Y,,0,,,,LOCAL/CITY ROAD,,,,URBAN,N,N,N,,DAYLIGHT,CLOUDY,DRY,,FOUR-WAY INTERSECTION,,ASPHALT,LEFT OF CENTER,$2501 TO $5000,SAME DIRECTION SIDESWIPE,S.PARKAVEE.HUNTERAVE,0,
BLOOMINGTON PD,B22-04614,MONROE,BLOOMINGTON,BLOOMINGTON,2/10/22,1:12 PM,2,,1,0,0,,"N KINSER PIKE BLOOMINGTON, IN",,,,,"N KINSER PIKE BLOOMINGTON, IN",SKYLINE DR,,,,Y,,0,,,,LOCAL/CITY ROAD,,,,URBAN,N,N,N,,DAYLIGHT,CLEAR,DRY,,T-INTERSECTION,,ASPHALT,UNSAFE SPEED,$2501 TO $5000,REAR END,"SKYLINEDRNKINSERPIKEBLOOMINGTON,IN",0,
BLOOMINGTON PD,B22-28749,MONROE,BLOOMINGTON,BLOOMINGTON,7/26/22,6:00 PM,2,,0,0,0,2036,N WALNUT ST,,,,,N WALNUT ST,,,,,Y,,0,,39.18548946,-86.5322591,PRIVATE DRIVE,,,,URBAN,N,N,N,,DARK (LIGHTED),CLOUDY,WET,,NO JUNCTION INVOLVED,,ASPHALT,OTHER (DRIVER) - EXPLAIN IN NARRATIVE,$2501 TO $5000,RIGHT ANGLE,NWALNUTST,0,