Agency,Local Code,County,Township,City,Collision Date,Collision Time,Vehicles Involved,Trailers Involved,Number Injured,Number Dead,Number Deer,House Number,Roadway Name,Roadway Suffix,Roadway Number,Roadway Interchange,Roadway Ramp,Roadway Id,Intersecting Road,Intersecting Road Number,Mile Marker,Interchange,Corporate Limits?,Property Type,Feet From,Direction,Latitude,Longitude,Roadway Class,Traffic Control Devices?,Aggressive Driving?,Hit and Run?,Locality,School Zone?,Rumble Strips?,Construction?,Construction Type,Light Condition,Weather Conditions,Surface Condition,Type of Median,Roadway Junction Type,Road Character,Roadway Surface,Primary Factor,Damage Estimate,Manner of Collision,Unique Location Id,State Property Damage?,Traffic Control
INDIANA UNIV BLOOMINGTON PD,221470,MONROE,PERRY,BLOOMINGTON,4/18/22,9:17 PM,2,,0,0,0,1024,E 3RD ST,,,,,E 3RD ST,,,,,Y,,0,,39.16347112,-86.51940386,LOCAL/CITY ROAD,,,,URBAN,N,N,N,,DARK (LIGHTED),CLEAR,DRY,,NO JUNCTION INVOLVED,,ASPHALT,UNSAFE SPEED,$2501 TO $5000,REAR END,E3RDST,0,
MONROE SD,M22A8977,MONROE,PERRY,BLOOMINGTON,4/21/22,11:02 AM,1,,1,0,0,,S FAIRFAX RD,,,,,S FAIRFAX RD,MARIE LN,,,,N,,370,,39.10625617,-86.52288341,LOCAL/CITY ROAD,,,,URBAN,N,N,N,,DAYLIGHT,RAIN,WET,,NO JUNCTION INVOLVED,,ASPHALT,SPEED TOO FAST FOR WEATHER CONDITIONS,$10001 TO $25000,RAN OFF ROAD,SFAIRFAXRDMARIELN,0,
BLOOMINGTON PD,B22-34628,MONROE,BLOOMINGTON,BLOOMINGTON,8/27/22,12:58 PM,2,,0,0,0,2713,E 3RD ST,,,,,E 3RD ST,,,,,Y,,0,,39.16466621,-86.49677534,PRIVATE DRIVE,,,,URBAN,N,N,N,,DAYLIGHT,CLEAR,DRY,,NO JUNCTION INVOLVED,,ASPHALT,UNSAFE BACKING,$2501 TO $5000,BACKING CRASH,E3RDST,0,
BLOOMINGTON PD,B22-12147,MONROE,PERRY,BLOOMINGTON,4/8/22,11:18 AM,2,,0,0,0,,E. 7TH ST,,,,,E. 7TH ST,N DUNN ST,,,,Y,,0,,39.168516,-86.52827,LOCAL/CITY ROAD,,,,URBAN,N,N,N,,DAYLIGHT,RAIN,WET,,FOUR-WAY INTERSECTION,,ASPHALT,FAILURE TO YIELD RIGHT OF WAY,$10001 TO $25000,RIGHT ANGLE,E.7THSTNDUNNST,0,
MONROE SD,M22A3927,MONROE,VAN BUREN,BLOOMINGTON,2/18/22,5:47 PM,2,,0,0,0,,S VILLAGE DR,,,,,S VILLAGE DR,W LOROY AVE,,,,N,,0,,39.16046462,-86.58376213,LOCAL/CITY ROAD,,,,RURAL,N,N,N,,DAYLIGHT,CLEAR,DRY,,NO JUNCTION INVOLVED,,ASPHALT,IMPROPER PASSING,$2501 TO $5000,SAME DIRECTION SIDESWIPE,WLOROYAVESVILLAGEDR,0,
BLOOMINGTON PD,B22-17543,MONROE,BLOOMINGTON,BLOOMINGTON,5/13/22,10:50 AM,2,,0,0,0,935,S COPPER BEECH WAY,,,,,S COPPER BEECH WAY,,,,,Y,,0,,39.1556887,-86.5699753,PRIVATE DRIVE,,,,URBAN,N,N,N,,DARK (LIGHTED),CLEAR,DRY,,NO JUNCTION INVOLVED,,ASPHALT,UNSAFE BACKING,$2501 TO $5000,SAME DIRECTION SIDESWIPE,SCOPPERBEECHWAY,0,
BLOOMINGTON PD,B22-10409,MONROE,BLOOMINGTON,BLOOMINGTON,3/26/22,11:40 PM,2,,0,0,0,,N WALNUT ST,,,,,N WALNUT ST,W STATE ROAD 46 BYPASS,,,,Y,,0,,39.18506399,-86.53454251,LOCAL/CITY ROAD,,,,URBAN,N,N,N,,DARK (LIGHTED),CLEAR,DRY,,NO JUNCTION INVOLVED,,ASPHALT,IMPROPER TURNING,$2501 TO $5000,RIGHT ANGLE,WSTATEROAD46BYPASSNWALNUTST,0,
ELLETTSVILLE PD,E2200841,MONROE,RICHLAND,ELLETTSVILLE,3/7/22,8:00 PM,2,0,0,0,0,,,,SR46W,,,SR46W,HARTSTRAIGHT,,,,Y,OTHER,,,39.227624,-86.615919,STATE ROAD,Y,N,N,URBAN,N,N,N,,DARK (LIGHTED),CLOUDY,DRY,,FOUR-WAY INTERSECTION,STRAIGHT/LEVEL,ASPHALT,CELL PHONE USAGE,$2501 TO $5000,SAME DIRECTION SIDESWIPE,HARTSTRAIGHTRDSR46W,0,TRAFFIC CONTROL SIGNAL
ELLETTSVILLE PD,E2200581,MONROE,RICHLAND,ELLETTSVILLE,2/15/22,7:28 AM,2,0,1,0,0,,,,SR46W,,,SR46W,LEE,,,,Y,,300,W,39.24584897,-86.63832633,STATE ROAD,,N,N,URBAN,N,N,N,,DAYLIGHT,CLEAR,DRY,,NO JUNCTION INVOLVED,STRAIGHT/GRADE,ASPHALT,FAILURE TO YIELD RIGHT OF WAY,$2501 TO $5000,RIGHT ANGLE,LEESTSR46W,0,OTHER REGULATORY SIGN/MARKING
MONROE SD,M22A13106,MONROE,CLEAR CREEK,BLOOMINGTON,6/4/22,10:00 AM,2,,1,0,0,,,,,,,,,,,,N,,0,,39.07768968,-86.51135029,,,,,RURAL,N,N,N,,DARK (NOT LIGHTED),CLEAR,DRY,,NO JUNCTION INVOLVED,,ASPHALT,FOLLOWING TOO CLOSELY,$10001 TO $25000,REAR END,,0,
MONROE SD,M22A8962,MONROE,PERRY,BLOOMINGTON,4/21/22,8:28 AM,2,,0,0,0,,S OLD STATE ROAD 37,,,,,S OLD STATE ROAD 37,,,,,N,,0,,39.11237464,-86.5311189,,,,,RURAL,N,N,N,,DAYLIGHT,RAIN,WET,,NO JUNCTION INVOLVED,,ASPHALT,SPEED TOO FAST FOR WEATHER CONDITIONS,$5001 TO $10000,REAR END,SOLDSTATEROAD37,0,
BLOOMINGTON PD,B22-21010,MONROE,VAN BUREN,BLOOMINGTON,6/6/22,10:53 AM,2,,0,0,0,,I-69,,,,,I-69,,,,,N,,739,,39.12601098,-86.57258233,INTERSTATE,,,,URBAN,N,N,N,,DAYLIGHT,CLEAR,DRY,,NO JUNCTION INVOLVED,,ASPHALT,UNSAFE LANE MOVEMENT,$10001 TO $25000,SAME DIRECTION SIDESWIPE,I-69,0,
BLOOMINGTON PD,B22-19563,MONROE,BLOOMINGTON,BLOOMINGTON,5/27/22,2:14 AM,2,,0,0,0,,S COLLEGE MALL RD,,,,,S COLLEGE MALL RD,E 3RD ST,,,,Y,,0,,39.1641839,-86.4982356,LOCAL/CITY ROAD,,,,URBAN,N,N,Y,LANE CLOSURE,DAYLIGHT,RAIN,WET,,FOUR-WAY INTERSECTION,,ASPHALT,FAILURE TO YIELD RIGHT OF WAY,$2501 TO $5000,LEFT/RIGHT TURN,SCOLLEGEMALLRDE3RDST,0,
BLOOMINGTON PD,B22-28938,MONROE,BLOOMINGTON,BLOOMINGTON,7/28/22,4:56 PM,2,,0,0,0,,S CORY LN,,,,,S CORY LN,W 3RD ST,,,,Y,,0,,39.16440673,-86.5601129,LOCAL/CITY ROAD,,,,URBAN,N,N,N,,DAYLIGHT,CLEAR,DRY,,INTERCHANGE,,ASPHALT,FAILURE TO YIELD RIGHT OF WAY,$5001 TO $10000,RIGHT ANGLE,W3RDSTSCORYLN,0,
BLOOMINGTON PD,B22-22258,MONROE,BLOOMINGTON,BLOOMINGTON,6/14/22,3:03 PM,1,,1,0,0,,W BLOOMFIELD RD,,,,,W BLOOMFIELD RD,W ALLEN ST,,,,Y,,0,,39.15615988,-86.56139678,LOCAL/CITY ROAD,,,,URBAN,N,N,N,,DAYLIGHT,CLEAR,DRY,,T-INTERSECTION,,ASPHALT,ENGINE FAILURE OR DEFECTIVE,$1001 TO $2500,RAN OFF ROAD,WBLOOMFIELDRDWALLENST,0,
BLOOMINGTON PD,B22-25876,MONROE,PERRY,BLOOMINGTON,7/7/22,5:15 PM,2,,0,0,0,3205,W STATE RD 45,,,,,W STATE RD 45,,,,,Y,,0,,39.14546243,-86.57478373,PRIVATE DRIVE,,,,URBAN,N,N,N,,DAYLIGHT,RAIN,WET,,NO JUNCTION INVOLVED,,ASPHALT,FAILURE TO YIELD RIGHT OF WAY,$1001 TO $2500,SAME DIRECTION SIDESWIPE,WSTATERD45,0,
BLOOMINGTON PD,B22-13688,MONROE,BLOOMINGTON,BLOOMINGTON,4/19/22,3:28 PM,2,,0,0,0,,W KIRKWOOD AVE,,,,,W KIRKWOOD AVE,N WALNUT ST,,,,Y,,264,,39.16663119,-86.53419919,LOCAL/CITY ROAD,,,,URBAN,N,N,N,,DAYLIGHT,CLEAR,DRY,,NO JUNCTION INVOLVED,,ASPHALT,UNSAFE BACKING,$2501 TO $5000,BACKING CRASH,WKIRKWOODAVENWALNUTST,0,
BLOOMINGTON PD,B22-20110,MONROE,BLOOMINGTON,BLOOMINGTON,5/31/22,4:25 PM,3,,0,0,0,,E 3RD ST,,,,,E 3RD ST,S KINGSTON DR,,,,Y,,0,,39.16425719,-86.49340665,LOCAL/CITY ROAD,,,,URBAN,N,N,Y,LANE CLOSURE,DAYLIGHT,CLEAR,DRY,,NO JUNCTION INVOLVED,,ASPHALT,FAILURE TO YIELD RIGHT OF WAY,$25001 TO $50000,RIGHT ANGLE,SKINGSTONDRE3RDST,0,
ELLETTSVILLE PD,E2200626,MONROE,RICHLAND,ELLETTSVILLE,2/18/22,10:50 AM,2,0,0,0,0,,TEMPERTANCE,ST,,,,TEMPERTANCE,SALE,,,,Y,,,,39.23384,-86.624704,LOCAL/CITY ROAD,,N,N,URBAN,N,N,N,,DAYLIGHT,CLEAR,DRY,,NO JUNCTION INVOLVED,STRAIGHT/LEVEL,ASPHALT,FAILURE TO YIELD RIGHT OF WAY,$5001 TO $10000,LEFT TURN,SALESTTEMPERTANCEST,0,LANE CONTROL
BLOOMINGTON PD,B22-13741,MONROE,BLOOMINGTON,BLOOMINGTON,4/19/22,9:10 PM,2,,0,0,0,,E 2ND ST,,,,,E 2ND ST,S COLLEGE MALL RD,,,,Y,,0,,39.16093674,-86.49778981,LOCAL/CITY ROAD,,,,URBAN,N,N,N,,DARK (LIGHTED),CLEAR,DRY,,FOUR-WAY INTERSECTION,,ASPHALT,DISREGARD SIGNAL/REG SIGN,$5001 TO $10000,RIGHT ANGLE,SCOLLEGEMALLRDE2NDST,0,
BLOOMINGTON PD,B22-39306,MONROE,PERRY,BLOOMINGTON,9/27/22,1:54 PM,2,,1,0,0,,S COLLEGE MALL RD,,,,,S COLLEGE MALL RD,COLLEGE MALL PRIVATE DRIVE,,,,Y,,0,,39.16295061,-86.49785703,LOCAL/CITY ROAD,,,,URBAN,N,N,N,,DAYLIGHT,CLEAR,DRY,,FOUR-WAY INTERSECTION,,ASPHALT,FOLLOWING TOO CLOSELY,$2501 TO $5000,REAR END,SCOLLEGEMALLRDCOLLEGEMALLPRIVATEDRIVE,0,
INDIANA UNIV BLOOMINGTON PD,222769,MONROE,BLOOMINGTON,BLOOMINGTON,8/23/22,7:52 AM,2,,0,0,0,,E 10TH ST,,,,,E 10TH ST,N PARK AVE,,,,Y,,0,,39.17164897,-86.52482218,LOCAL/CITY ROAD,,,,URBAN,N,N,N,,DAYLIGHT,CLEAR,DRY,,FOUR-WAY INTERSECTION,,ASPHALT,FOLLOWING TOO CLOSELY,$2501 TO $5000,REAR END,NPARKAVEE10THST,0,
INDIANA UNIV BLOOMINGTON PD,222732,MONROE,BLOOMINGTON,BLOOMINGTON,8/21/22,3:35 AM,2,,3,0,0,,N JORDAN AVE,,,,,N JORDAN AVE,E LINGELBACH LN,,,,Y,,0,,39.17681401,-86.51269592,LOCAL/CITY ROAD,,,,URBAN,N,N,N,,DARK (LIGHTED),RAIN,WET,,NO JUNCTION INVOLVED,,ASPHALT,FAILURE TO YIELD RIGHT OF WAY,$5001 TO $10000,LEFT TURN,NJORDANAVEELINGELBACHLN,0,
MONROE SD,M22A17776,MONROE,WASHINGTON,BLOOMINGTON,7/23/22,5:00 AM,1,,0,0,0,,N LEE PAUL RD,,,,,N LEE PAUL RD,STATE RD 37,,,,N,,0,,39.28418064,-86.52189719,COUNTY ROAD,,,,URBAN,N,N,N,,UNKNOWN,CLEAR,DRY,,NO JUNCTION INVOLVED,,ASPHALT,DRIVER ASLEEP OR FATIGUED,$2501 TO $5000,NON-COLLISION,STATERD37NLEEPAULRD,0,
ISP BLOOMINGTON 33,2.022E+11,MONROE,BENTON,BLOOMINGTON,2/24/22,6:30 AM,1,,0,0,0,,SR46,,,,,SR46,TWINLEAF TRACE,,,,N,,500,,39.16471734,-86.45049224,STATE ROAD,,,,RURAL,N,N,N,,DARK (NOT LIGHTED),SLEET/HAIL/FREEZING RAIN,ICE,,NO JUNCTION INVOLVED,,ASPHALT,FAILURE TO MAINTAIN LANE,$5001 TO $10000,RAN OFF ROAD,TWINLEAFTRACESR46,0,
BLOOMINGTON PD,B22-11988,MONROE,PERRY,BLOOMINGTON,4/7/22,11:00 AM,2,,0,0,0,,W. 3RD ST,,,,,W. 3RD ST,S WESTPLEX AVE,,,,Y,,0,,,,LOCAL/CITY ROAD,,,,URBAN,N,N,N,,DAYLIGHT,CLOUDY,DRY,,FOUR-WAY INTERSECTION,,ASPHALT,FAILURE TO YIELD RIGHT OF WAY,$10001 TO $25000,RIGHT ANGLE,W.3RDSTSWESTPLEXAVE,0,
BLOOMINGTON PD,B22-17426,MONROE,BLOOMINGTON,BLOOMINGTON,5/12/22,4:44 PM,2,,1,0,0,,N COLLEGE AVE,,,,,N COLLEGE AVE,W 14TH ST,,,,N,,0,,39.17601066,-86.53477391,LOCAL/CITY ROAD,,,,URBAN,N,N,N,,DAYLIGHT,CLEAR,DRY,,FOUR-WAY INTERSECTION,,ASPHALT,IMPROPER LANE USAGE,$2501 TO $5000,SAME DIRECTION SIDESWIPE,W14THSTNCOLLEGEAVE,0,
BLOOMINGTON PD,B22-15902,MONROE,BLOOMINGTON,BLOOMINGTON,5/2/22,4:13 PM,2,,1,0,0,,N LINCOLN ST,,,,,N LINCOLN ST,E 7TH ST,,,,Y,,0,,39.16854366,-86.53105921,LOCAL/CITY ROAD,,,,URBAN,N,N,N,,DAYLIGHT,CLOUDY,DRY,,FOUR-WAY INTERSECTION,,ASPHALT,FAILURE TO YIELD RIGHT OF WAY,$10001 TO $25000,RIGHT ANGLE,NLINCOLNSTE7THST,0,
BLOOMINGTON PD,B22-39629,MONROE,BLOOMINGTON,BLOOMINGTON,9/28/22,8:33 PM,2,,1,0,0,,E ATWATER AVE,,,,,E ATWATER AVE,S SWAIN AVE,,,,Y,,0,,39.16306883,-86.51538438,LOCAL/CITY ROAD,,,,URBAN,N,N,N,,DARK (LIGHTED),CLEAR,DRY,,FOUR-WAY INTERSECTION,,ASPHALT,FAILURE TO YIELD RIGHT OF WAY,$10001 TO $25000,SAME DIRECTION SIDESWIPE,SSWAINAVEEATWATERAVE,0,
BLOOMINGTON PD,B22-08376,MONROE,PERRY,BLOOMINGTON,3/13/22,4:15 AM,1,,0,0,0,,S FESS AVE,,,,,S FESS AVE,E BRENDA LN,,,,Y,,0,,39.15183772,-86.52593236,LOCAL/CITY ROAD,,,,URBAN,Y,N,N,,DARK (LIGHTED),CLOUDY,DRY,,FOUR-WAY INTERSECTION,,ASPHALT,OVERCORRECTING/OVERSTEERING,$2501 TO $5000,RAN OFF ROAD,SFESSAVEEBRENDALN,0,
BLOOMINGTON PD,B22-03944,MONROE,BLOOMINGTON,BLOOMINGTON,2/5/22,5:00 AM,1,,0,0,0,,,,69,,,69,,,120.5,,Y,,500,,39.19169154,-86.5544749,INTERSTATE,,,,URBAN,N,N,N,,DARK (NOT LIGHTED),SNOW,ICE,,NO JUNCTION INVOLVED,,ASPHALT,ROADWAY SURFACE CONDITION,$2501 TO $5000,RAN OFF ROAD,69120.5,0,
BLOOMINGTON PD,B22-12132,MONROE,PERRY,BLOOMINGTON,4/8/22,8:11 AM,2,,0,0,0,,S. PATTERSON DR,,,,,S. PATTERSON DR,W. 2ND ST,,,,Y,,0,,39.160737,-86.548536,LOCAL/CITY ROAD,,,,URBAN,N,N,N,,DAYLIGHT,RAIN,WET,,FOUR-WAY INTERSECTION,,ASPHALT,FOLLOWING TOO CLOSELY,$2501 TO $5000,REAR END,W.2NDSTS.PATTERSONDR,0,
MONROE SD,M22A10985,MONROE,POLK,BLOOMINGTON,5/13/22,5:15 AM,1,,0,0,1,,STATE RD 446,,,,,STATE RD 446,CHANDLER RD,,,,N,,0,,39.05693897,-86.40940136,STATE ROAD,,,,RURAL,N,N,N,,DARK (NOT LIGHTED),CLEAR,DRY,,T-INTERSECTION,,ASPHALT,ANIMAL/OBJECT IN ROADWAY,$5001 TO $10000,COLLISION WITH DEER,STATERD446CHANDLERRD,0,
BLOOMINGTON PD,B22-07768,MONROE,BLOOMINGTON,BLOOMINGTON,3/8/22,6:57 PM,2,,0,0,0,,N ADAMS ST,,,,,N ADAMS ST,W FOUNTAIN DR,,,,Y,,0,,39.16974421,-86.54967017,LOCAL/CITY ROAD,,,,URBAN,N,N,N,,DARK (NOT LIGHTED),CLEAR,DRY,,T-INTERSECTION,,ASPHALT,FAILURE TO YIELD RIGHT OF WAY,UNDER $1001,LEFT TURN,WFOUNTAINDRNADAMSST,0,
BLOOMINGTON PD,B22-18439,MONROE,PERRY,BLOOMINGTON,5/19/22,6:40 PM,2,,0,0,0,,STATE RD 46,,,,,STATE RD 46,E 3RD ST,,,,Y,,0,,39.16425283,-86.4983068,LOCAL/CITY ROAD,,,,URBAN,N,N,N,,DAYLIGHT,RAIN,WET,,FOUR-WAY INTERSECTION,,ASPHALT,FAILURE TO YIELD RIGHT OF WAY,$1001 TO $2500,REAR END,STATERD46E3RDST,0,
BLOOMINGTON PD,B22-09342,MONROE,PERRY,BLOOMINGTON,3/19/22,8:45 PM,2,,0,0,0,,W COUNTRY CLUB DR,,,,,W COUNTRY CLUB DR,S ROGERS ST,,,,Y,,0,,39.13602808,-86.53799942,LOCAL/CITY ROAD,,,,URBAN,N,N,N,,DAYLIGHT,CLOUDY,WET,,FOUR-WAY INTERSECTION,,ASPHALT,FOLLOWING TOO CLOSELY,$5001 TO $10000,REAR END,WCOUNTRYCLUBDRSROGERSST,0,
MONROE SD,M22A7868,MONROE,PERRY,BLOOMINGTON,4/7/22,3:53 PM,2,,0,0,0,,S OLD STATE ROAD 37,,,,,S OLD STATE ROAD 37,E RHORER RD,,,,N,,0,,39.12078661,-86.53132504,LOCAL/CITY ROAD,,,,URBAN,N,N,N,,DAYLIGHT,CLEAR,DRY,,FOUR-WAY INTERSECTION,,ASPHALT,FAILURE TO YIELD RIGHT OF WAY,$2501 TO $5000,RIGHT ANGLE,SOLDSTATEROAD37ERHORERRD,0,
BLOOMINGTON PD,B22-18510,MONROE,BLOOMINGTON,BLOOMINGTON,5/20/22,8:42 AM,2,,0,0,0,,N. WALNUT ST,,,,,N. WALNUT ST,E. 14TH ST,,,,Y,,150,,39.175954,-86.533541,LOCAL/CITY ROAD,,,,URBAN,N,N,Y,LANE CLOSURE,DAYLIGHT,CLEAR,DRY,,NO JUNCTION INVOLVED,,ASPHALT,FAILURE TO YIELD RIGHT OF WAY,$2501 TO $5000,RIGHT ANGLE,N.WALNUTSTE.14THST,0,
MONROE SD,M22A8205,MONROE,BLOOMINGTON,BLOOMINGTON,4/12/22,7:02 AM,2,,0,0,0,,STATE RD 45,,,,,STATE RD 45,N MARTIN DR,,,,N,,317,,39.20423811,-86.46333522,STATE ROAD,,,,RURAL,N,N,N,,DAWN/DUSK,CLOUDY,WET,,NO JUNCTION INVOLVED,,ASPHALT,SPEED TOO FAST FOR WEATHER CONDITIONS,$10001 TO $25000,HEAD ON BETWEEN TWO MOTOR VEHICLES,STATERD45NMARTINDR,0,
INDIANA UNIV BLOOMINGTON PD,221901,MONROE,BLOOMINGTON,BLOOMINGTON,5/18/22,6:46 AM,2,,0,0,0,,STATE RD 45,,,,,STATE RD 45,,,,,Y,,0,,39.18206184,-86.50995202,STATE ROAD,,,,URBAN,N,N,N,,DAYLIGHT,CLOUDY,DRY,,NO JUNCTION INVOLVED,,ASPHALT,UNSAFE LANE MOVEMENT,UNDER $1001,SAME DIRECTION SIDESWIPE,STATERD45,0,
BLOOMINGTON PD,B22-21729,MONROE,BLOOMINGTON,BLOOMINGTON,6/10/22,6:05 PM,3,,0,0,0,,STATE ROAD 45/46 BYPASS,,,,,STATE ROAD 45/46 BYPASS,N WALNUT ST,,,,Y,,528,,39.18636266,-86.53332658,STATE ROAD,,,,URBAN,N,N,N,,DAYLIGHT,RAIN,WET,,NO JUNCTION INVOLVED,,ASPHALT,FOLLOWING TOO CLOSELY,$10001 TO $25000,REAR END,STATEROAD45/46BYPASSNWALNUTST,0,
BLOOMINGTON PD,B22-21664,MONROE,BLOOMINGTON,BLOOMINGTON,6/10/22,11:16 AM,2,,0,0,0,,W 3RD ST,,,,,W 3RD ST,CURRY PIKE,,,,N,,0,,,,LOCAL/CITY ROAD,,,,URBAN,N,N,N,,DAYLIGHT,CLOUDY,DRY,,FOUR-WAY INTERSECTION,,ASPHALT,UNSAFE LANE MOVEMENT,$2501 TO $5000,SAME DIRECTION SIDESWIPE,W3RDSTCURRYPIKE,0,
INDIANA UNIV BLOOMINGTON PD,222958,MONROE,BLOOMINGTON,BLOOMINGTON,8/31/22,9:20 PM,2,,0,0,0,,E 3RD ST,,,,,E 3RD ST,S HIGHLAND AVE,,,,Y,,0,,39.16428542,-86.51740856,LOCAL/CITY ROAD,,,,URBAN,N,N,N,,DARK (LIGHTED),CLEAR,DRY,,NO JUNCTION INVOLVED,,ASPHALT,UNSAFE LANE MOVEMENT,$2501 TO $5000,SAME DIRECTION SIDESWIPE,SHIGHLANDAVEE3RDST,0,
MONROE SD,M22A11675,MONROE,PERRY,BLOOMINGTON,5/20/22,4:15 PM,2,,0,0,0,,S OLD STATE ROAD 37,,,,,S OLD STATE ROAD 37,STATE RD 37,,,,N,,0,,39.0853106,-86.54264138,STATE ROAD,,,,RURAL,N,N,N,,DAYLIGHT,CLEAR,DRY,,FIVE POINT OR MORE,,ASPHALT,FOLLOWING TOO CLOSELY,$5001 TO $10000,REAR END,STATERD37SOLDSTATEROAD37,0,
BLOOMINGTON PD,B22-36312,MONROE,BLOOMINGTON,BLOOMINGTON,9/9/22,6:26 AM,2,,0,0,0,,W COUNTRY CLUB DR,,,,,W COUNTRY CLUB DR,B-LINE,,,,N,,0,,39.13593377,-86.53488379,LOCAL/CITY ROAD,,,,URBAN,N,N,N,,DAYLIGHT,CLEAR,DRY,,TRAIL CROSSINGS,,ASPHALT,FOLLOWING TOO CLOSELY,$2501 TO $5000,REAR END,WCOUNTRYCLUBDRB-LINE,0,
MONROE SD,M22A13848,MONROE,BENTON,BLOOMINGTON,6/13/22,5:59 AM,1,,0,0,1,,STATE RD 45,,,,,STATE RD 45,LIMBERLOST LN,,,,N,,0,,39.20862613,-86.46340545,STATE ROAD,,,,RURAL,N,N,N,,DAYLIGHT,CLOUDY,DRY,,NO JUNCTION INVOLVED,,ASPHALT,ANIMAL/OBJECT IN ROADWAY,$10001 TO $25000,COLLISION WITH DEER,STATERD45LIMBERLOSTLN,0,
BLOOMINGTON PD,B22-13476,MONROE,PERRY,BLOOMINGTON,4/17/22,8:40 PM,2,,0,0,0,,W BLOOMFIELD RD,,,,,W BLOOMFIELD RD,S PATTERSON DR,,,,Y,,0,,39.16076038,-86.54847211,LOCAL/CITY ROAD,,,,URBAN,N,N,N,,DARK (LIGHTED),CLEAR,DRY,,FOUR-WAY INTERSECTION,,CONCRETE,FAILURE TO MAINTAIN LANE,$2501 TO $5000,HEAD ON BETWEEN TWO MOTOR VEHICLES,WBLOOMFIELDRDSPATTERSONDR,0,
MONROE SD,M22A24201,MONROE,VAN BUREN,BLOOMINGTON,10/2/22,1:20 PM,2,,0,0,0,,W STATE RD 45,,,,,W STATE RD 45,INDUSTRIAL BLVD,,,,N,,0,,39.14359361,-86.58024936,STATE ROAD,,,,URBAN,N,N,N,,DAYLIGHT,CLEAR,DRY,,FOUR-WAY INTERSECTION,,ASPHALT,FAILURE TO YIELD RIGHT OF WAY,$2501 TO $5000,RIGHT ANGLE,WSTATERD45INDUSTRIALBLVD,0,
MONROE SD,M22A10578,MONROE,VAN BUREN,ARLINGTON(MONROE),5/9/22,1:00 PM,2,,0,0,0,,S LIBERTY DR,,,,,S LIBERTY DR,,,,,N,,0,,39.15497878,-86.5755847,PRIVATE DRIVE,,,,URBAN,N,N,N,,DAYLIGHT,CLOUDY,DRY,,NO JUNCTION INVOLVED,,ASPHALT,UNSAFE BACKING,$2501 TO $5000,REAR TO REAR,SLIBERTYDR,0,
INDIANA UNIV BLOOMINGTON PD,220742,MONROE,BLOOMINGTON,BLOOMINGTON,2/26/22,2:30 PM,2,,0,0,0,,E 3RD ST,,,,,E 3RD ST,,,,,N,,0,,39.16468665,-86.51248542,,,,,URBAN,N,N,N,,DAYLIGHT,CLEAR,DRY,,NO JUNCTION INVOLVED,,ASPHALT,FAILURE TO YIELD RIGHT OF WAY,UNDER $1001,SAME DIRECTION SIDESWIPE,E3RDST,0,
BLOOMINGTON PD,B22-26913,MONROE,BLOOMINGTON,BLOOMINGTON,7/14/22,3:32 PM,2,,0,0,0,,E MATTLOCK RD,,,,,E MATTLOCK RD,N MARTHA ST,,,,Y,,0,,39.18629475,-86.53266496,LOCAL/CITY ROAD,,,,URBAN,N,N,N,,DAYLIGHT,CLEAR,DRY,,NO JUNCTION INVOLVED,,ASPHALT,FOLLOWING TOO CLOSELY,$2501 TO $5000,REAR END,NMARTHASTEMATTLOCKRD,0,
INDIANA UNIV BLOOMINGTON PD,223274,MONROE,BLOOMINGTON,BLOOMINGTON,9/13/22,5:23 PM,2,,1,0,0,,S EAGLESON AVE,,,,,S EAGLESON AVE,E UNIVERSITY AVE,,,,Y,,0,,39.16600534,-86.5164456,LOCAL/CITY ROAD,,,,URBAN,N,N,N,,DAYLIGHT,CLEAR,DRY,,FOUR-WAY INTERSECTION,,ASPHALT,FAILURE TO YIELD RIGHT OF WAY,$5001 TO $10000,RIGHT ANGLE,SEAGLESONAVEEUNIVERSITYAVE,0,
MONROE SD,M22A6591,MONROE,PERRY,BLOOMINGTON,3/23/22,7:52 AM,2,,0,0,0,,S. ST. RD. 37,,,,,S. ST. RD. 37,S. OLD IN 37,,,,N,,0,,39.1303269,-86.53142089,STATE ROAD,,,,RURAL,N,N,N,,DAYLIGHT,CLOUDY,WET,,FOUR-WAY INTERSECTION,,ASPHALT,FOLLOWING TOO CLOSELY,$1001 TO $2500,REAR END,S.ST.RD.37S.OLDIN37,0,
ELLETTSVILLE PD,E2203650,MONROE,RICHLAND,ELLETTSVILLE,9/17/22,11:17 AM,2,0,0,0,0,,,,SR46W,,,SR46W,HARTSTRAIT,,,,Y,,1000,E,39.227624,-86.61600561,STATE ROAD,,N,N,URBAN,N,N,N,,DAYLIGHT,CLOUDY,DRY,,NO JUNCTION INVOLVED,STRAIGHT/LEVEL,ASPHALT,FAILURE TO YIELD RIGHT OF WAY,$2501 TO $5000,RIGHT ANGLE,HARTSTRAITRDSR46W,0,OTHER REGULATORY SIGN/MARKING