Agency,Local Code,County,Township,City,Collision Date,Collision Time,Vehicles Involved,Trailers Involved,Number Injured,Number Dead,Number Deer,House Number,Roadway Name,Roadway Suffix,Roadway Number,Roadway Interchange,Roadway Ramp,Roadway Id,Intersecting Road,Intersecting Road Number,Mile Marker,Interchange,Corporate Limits?,Property Type,Feet From,Direction,Latitude,Longitude,Roadway Class,Traffic Control Devices?,Aggressive Driving?,Hit and Run?,Locality,School Zone?,Rumble Strips?,Construction?,Construction Type,Light Condition,Weather Conditions,Surface Condition,Type of Median,Roadway Junction Type,Road Character,Roadway Surface,Primary Factor,Damage Estimate,Manner of Collision,Unique Location Id,State Property Damage?,Traffic Control
BLOOMINGTON PD,B22-07890,MONROE,PERRY,BLOOMINGTON,3/9/22,8:22 PM,2,,0,0,0,,S SMITH RD,,,,,S SMITH RD,E COBBLE CREEK DR,,,,Y,,0,,39.15281476,-86.48054562,LOCAL/CITY ROAD,,,,URBAN,N,N,N,,DARK (LIGHTED),CLEAR,DRY,,T-INTERSECTION,,ASPHALT,IMPROPER TURNING,$1001 TO $2500,LEFT TURN,SSMITHRDECOBBLECREEKDR,0,
ELLETTSVILLE PD,E22-02862,MONROE,RICHLAND,ELLETTSVILLE,8/1/22,12:46 PM,2,,0,0,0,,W MAIN ST,,,,,W MAIN ST,N MATHEWS DR,,,,Y,,0,,39.23600781,-86.62504417,LOCAL/CITY ROAD,,,,URBAN,N,N,N,,DAYLIGHT,CLEAR,DRY,,T-INTERSECTION,,ASPHALT,DISREGARD SIGNAL/REG SIGN,$2501 TO $5000,RIGHT ANGLE,WMAINSTNMATHEWSDR,0,
MONROE SD,M22A13650,MONROE,BLOOMINGTON,BLOOMINGTON,6/10/22,11:17 AM,1,,0,0,1,,W ARLINGTON RD,,,,,W ARLINGTON RD,N PROW,,,,N,,0,,39.19446327,-86.55454769,LOCAL/CITY ROAD,,,,RURAL,N,N,N,,DAYLIGHT,CLEAR,DRY,,NO JUNCTION INVOLVED,,ASPHALT,ANIMAL/OBJECT IN ROADWAY,$2501 TO $5000,COLLISION WITH DEER,WARLINGTONRDNPROW,0,
BLOOMINGTON PD,B22-26697,MONROE,PERRY,BLOOMINGTON,7/13/22,9:00 AM,2,,2,0,0,,W BLOOMFIELD RD,,,99,B,W BLOOMFIELD RD,,,,,Y,,0,,39.14904597,-86.57055127,LOCAL/CITY ROAD,,,,URBAN,N,N,N,,DAYLIGHT,CLEAR,DRY,,T-INTERSECTION,,ASPHALT,DISREGARD SIGNAL/REG SIGN,$5001 TO $10000,RIGHT ANGLE,WBLOOMFIELDRD099B,0,
BLOOMINGTON PD,B22-03571,MONROE,PERRY,BLOOMINGTON,2/1/22,4:15 PM,2,,0,0,0,,PINEHURST DR,,,,,PINEHURST DR,W TAPP RD,,,,N,,0,,39.13653565,-86.54992957,LOCAL/CITY ROAD,,,,URBAN,N,N,N,,DAYLIGHT,CLEAR,DRY,,T-INTERSECTION,,ASPHALT,FOLLOWING TOO CLOSELY,$1001 TO $2500,REAR END,WTAPPRDPINEHURSTDR,0,
BLOOMINGTON PD,B22-05427,MONROE,PERRY,BLOOMINGTON,2/18/22,5:50 AM,1,,0,0,1,,4000 BLK E MOORES PK,,,,,4000 BLK E MOORES PK,S SR 446,,,,Y,,2000,,39.15016179,-86.48030934,LOCAL/CITY ROAD,,,,URBAN,N,N,N,,DARK (NOT LIGHTED),CLEAR,DRY,,NO JUNCTION INVOLVED,,ASPHALT,ANIMAL/OBJECT IN ROADWAY,$2501 TO $5000,COLLISION WITH DEER,SSR4464000BLKEMOORESPK,0,
MONROE SD,M22A2183,MONROE,CLEAR CREEK,BLOOMINGTON,1/28/22,2:34 PM,1,,0,0,0,,S SOCIETY LN,,,,,S SOCIETY LN,E SMITHVILLE RD,,,,N,,0,,39.07102136,-86.51792338,LOCAL/CITY ROAD,,,,RURAL,N,N,N,,DAYLIGHT,SNOW,SNOW/SLUSH,,T-INTERSECTION,,ASPHALT,SPEED TOO FAST FOR WEATHER CONDITIONS,$10001 TO $25000,RAN OFF ROAD,SSOCIETYLNESMITHVILLERD,0,
INDIANA UNIV BLOOMINGTON PD,222204,MONROE,BLOOMINGTON,BLOOMINGTON,6/21/22,7:30 AM,1,,0,0,0,,N DUNN ST,,,,,N DUNN ST,E 6TH ST,,,,Y,,0,,39.1679309,-86.52796171,PRIVATE DRIVE,,,,URBAN,N,N,N,,UNKNOWN,CLEAR,DRY,,NO JUNCTION INVOLVED,,ASPHALT,OTHER (DRIVER) - EXPLAIN IN NARRATIVE,$5001 TO $10000,OTHER - EXPLAIN IN NARRATIVE,NDUNNSTE6THST,0,
MONROE SD,M22A2806,MONROE,RICHLAND,BLOOMINGTON,2/5/22,6:47 PM,1,,1,0,0,,W 3RD ST,,,,,W 3RD ST,SHERWOOD DR,,,,N,,739,,39.16468136,-86.58821022,STATE ROAD,,,,RURAL,N,N,N,,DARK (NOT LIGHTED),CLEAR,DRY,,NO JUNCTION INVOLVED,,ASPHALT,PEDESTRIAN ACTION,$2501 TO $5000,OTHER - EXPLAIN IN NARRATIVE,W3RDSTSHERWOODDR,1,
MONROE SD,M22A10426,MONROE,VAN BUREN,BLOOMINGTON,5/7/22,11:50 AM,1,,0,0,0,,STATE RD 48,,,,,STATE RD 48,STATE ROAD 43,,,,N,,2500,,39.1707007,-86.6809176,STATE ROAD,,,,RURAL,N,N,N,,DAYLIGHT,CLOUDY,DRY,,NO JUNCTION INVOLVED,,ASPHALT,FAILURE TO MAINTAIN LANE,$5001 TO $10000,RAN OFF ROAD,STATEROAD43STATERD48,0,
MONROE SD,M22A14333,MONROE,PERRY,BLOOMINGTON,6/17/22,5:28 PM,1,,0,0,0,,E SCHACHT RD,,,,,E SCHACHT RD,,,,,N,,0,,39.1070965,-86.51079041,LOCAL/CITY ROAD,,,,RURAL,N,N,N,,DAYLIGHT,CLEAR,DRY,,NO JUNCTION INVOLVED,,ASPHALT,DRIVER DISTRACTED - EXPLAIN IN NARRATIVE,$2501 TO $5000,RAN OFF ROAD,ESCHACHTRD,0,
MONROE SD,M22A17785,MONROE,CLEAR CREEK,BLOOMINGTON,7/23/22,11:12 AM,2,,0,0,0,,N BUTCHER RD,,,,,N BUTCHER RD,N BUTCHER RD,,,,N,,0,,39.1057177,-86.55127949,STATE ROAD,,,,URBAN,N,N,N,,DAYLIGHT,CLEAR,DRY,,FIVE POINT OR MORE,,ASPHALT,DISREGARD SIGNAL/REG SIGN,$5001 TO $10000,OTHER - EXPLAIN IN NARRATIVE,NBUTCHERRDNBUTCHERRD,0,
MONROE SD,M22A20672,MONROE,INDIAN CREEK,BLOOMINGTON,8/23/22,9:32 PM,2,,0,0,0,,S INTERSTATE 69,,,,,S INTERSTATE 69,,,69,,N,,0,,39.05287412,-86.68039724,INTERSTATE,,,,RURAL,N,N,N,,DARK (NOT LIGHTED),CLEAR,DRY,,NO JUNCTION INVOLVED,,ASPHALT,ANIMAL/OBJECT IN ROADWAY,UNDER $1001,COLLISION WITH OBJECT IN ROAD,SINTERSTATE69,0,
MONROE SD,M22A20593,MONROE,,BLOOMINGTON,8/23/22,6:57 AM,1,,0,0,1,,W STATE RD 48,,,,,W STATE RD 48,W VERNAL PIKE,,,,N,,0,,39.1634378,-86.6458907,STATE ROAD,,,,RURAL,N,N,N,,DAYLIGHT,CLEAR,DRY,,NO JUNCTION INVOLVED,,ASPHALT,ANIMAL/OBJECT IN ROADWAY,$2501 TO $5000,COLLISION WITH DEER,WVERNALPIKEWSTATERD48,0,
BLOOMINGTON PD,B22-41640,MONROE,BLOOMINGTON,BLOOMINGTON,10/9/22,10:40 AM,2,,0,0,0,,S COLLEGE MALL RD,,,,,S COLLEGE MALL RD,,,,,Y,,0,,39.1526877,-86.4969949,LOCAL/CITY ROAD,,,,URBAN,N,N,N,,DAYLIGHT,CLEAR,DRY,,NO JUNCTION INVOLVED,,ASPHALT,OTHER (DRIVER) - EXPLAIN IN NARRATIVE,UNDER $1001,OTHER - EXPLAIN IN NARRATIVE,SCOLLEGEMALLRD,0,
INDIANA UNIV BLOOMINGTON PD,221915,MONROE,BLOOMINGTON,BLOOMINGTON,5/19/22,2:00 PM,2,,0,0,0,,N JORDAN AVE,,,,,N JORDAN AVE,,,,,Y,,0,,39.16741518,-86.51430792,PRIVATE DRIVE,,,,URBAN,N,N,N,,DAYLIGHT,CLEAR,DRY,,FOUR-WAY INTERSECTION,,CONCRETE,FAILURE TO YIELD RIGHT OF WAY,$2501 TO $5000,RIGHT ANGLE,NJORDANAVE,0,
BLOOMINGTON PD,B22-19740,MONROE,PERRY,BLOOMINGTON,5/28/22,6:03 PM,2,,0,0,0,,W 1ST ST,,,,,W 1ST ST,S WALNUT ST,,,,Y,,0,,39.15934968,-86.53370251,LOCAL/CITY ROAD,,,,URBAN,N,N,N,,DAYLIGHT,CLEAR,DRY,,FOUR-WAY INTERSECTION,,ASPHALT,DISREGARD SIGNAL/REG SIGN,$1001 TO $2500,RIGHT ANGLE,W1STSTSWALNUTST,0,
INDIANA UNIV BLOOMINGTON PD,221330,MONROE,BLOOMINGTON,BLOOMINGTON,4/9/22,11:30 AM,2,,0,0,0,,S ROSE AVE,,,,,S ROSE AVE,E JONES AVE,,,,Y,,0,,39.16479701,-86.51134676,PRIVATE DRIVE,,,,URBAN,N,N,N,,DAYLIGHT,CLOUDY,WET,,NO JUNCTION INVOLVED,,ASPHALT,UNSAFE BACKING,$1001 TO $2500,BACKING CRASH,SROSEAVEEJONESAVE,0,
MONROE SD,M22A14450,MONROE,BLOOMINGTON,BLOOMINGTON,6/18/22,8:31 AM,2,,0,0,0,,STATE RD 46,,,,,STATE RD 46,CENTENNIAL DR,,,,Y,,0,,39.20902846,-86.58205636,PRIVATE DRIVE,,,,URBAN,N,N,N,,DAYLIGHT,CLEAR,DRY,,NO JUNCTION INVOLVED,,ASPHALT,UNSAFE BACKING,$2501 TO $5000,BACKING CRASH,STATERD46CENTENNIALDR,0,
MONROE SD,M22A15549,MONROE,BLOOMINGTON,BLOOMINGTON,6/30/22,8:45 AM,2,,0,0,0,,E BETHEL LN,,,,,E BETHEL LN,N WESLEY LN,,,,N,,0,,39.21232843,-86.49352681,LOCAL/CITY ROAD,,,,RURAL,N,N,N,,DAYLIGHT,CLEAR,DRY,,NO JUNCTION INVOLVED,,ASPHALT,OTHER (ENVIRONMENTAL) - EXPLAIN IN NARR,$2501 TO $5000,OPPOSITE DIRECTION SIDESWIPE,NWESLEYLNEBETHELLN,0,
BLOOMINGTON PD,B2231627,MONROE,BLOOMINGTON,BLOOMINGTON,8/15/22,2:45 AM,2,0,0,0,0,,WALNUT,ST,,,,WALNUT,8TH,,,,Y,,40,S,39.16944215,-86.53355393,LOCAL/CITY ROAD,,N,N,URBAN,N,N,N,,DARK (LIGHTED),CLEAR,DRY,,NO JUNCTION INVOLVED,STRAIGHT/GRADE,ASPHALT,UNSAFE LANE MOVEMENT,$5001 TO $10000,REAR END,8THSTWALNUTST,0,LANE CONTROL
BLOOMINGTON PD,B22-03896,MONROE,PERRY,BLOOMINGTON,2/4/22,6:00 PM,2,,0,0,0,,S WESTWOOD DR,,,,,S WESTWOOD DR,W SUNSET AVE,,,,Y,,739,,39.16008655,-86.5906883,LOCAL/CITY ROAD,,,,URBAN,N,N,N,,DAYLIGHT,CLEAR,SNOW/SLUSH,,NO JUNCTION INVOLVED,,ASPHALT,UNSAFE BACKING,$1001 TO $2500,BACKING CRASH,WSUNSETAVESWESTWOODDR,0,
BLOOMINGTON PD,B22-21936,MONROE,BLOOMINGTON,BLOOMINGTON,6/12/22,4:30 AM,1,,0,0,0,,W 10TH ST,,,,,W 10TH ST,N MORTON ST,,,,Y,,0,,39.17137321,-86.53723396,,,,,URBAN,N,N,N,,DARK (LIGHTED),CLEAR,DRY,,T-INTERSECTION,,ASPHALT,UNSAFE SPEED,$5001 TO $10000,RAN OFF ROAD,W10THSTNMORTONST,0,
BLOOMINGTON PD,B22-30033,MONROE,BLOOMINGTON,BLOOMINGTON,8/4/22,1:59 PM,2,,0,0,0,,S PETE ELLIS DR,,,,,S PETE ELLIS DR,E 3RD ST,,,,Y,,317,,39.16478384,-86.49497098,LOCAL/CITY ROAD,,,,URBAN,N,N,N,,DAYLIGHT,CLOUDY,WET,,NO JUNCTION INVOLVED,,ASPHALT,FAILURE TO YIELD RIGHT OF WAY,$5001 TO $10000,RIGHT ANGLE,SPETEELLISDRE3RDST,0,
ELLETTSVILLE PD,E22-04159,MONROE,RICHLAND,ELLETTSVILLE,10/12/22,3:45 PM,2,,0,0,0,,N HARTSTRAIT RD,,,,,N HARTSTRAIT RD,N CAMPBELL PARK RD,,,,N,,0,,39.2254443,-86.61586182,COUNTY ROAD,,,,RURAL,N,N,N,,DAYLIGHT,CLOUDY,WET,,NO JUNCTION INVOLVED,,CONCRETE,DRIVER ASLEEP OR FATIGUED,$5001 TO $10000,REAR END,NHARTSTRAITRDNCAMPBELLPARKRD,0,
BLOOMINGTON PD,B22-04759,MONROE,PERRY,BLOOMINGTON,2/11/22,4:29 PM,2,,0,0,0,2846,E 3RD ST,,,,,E 3RD ST,,,,,Y,,0,,39.16097381,-86.49669559,LOCAL/CITY ROAD,,,,URBAN,Y,N,N,,DAYLIGHT,CLEAR,DRY,,T-INTERSECTION,,ASPHALT,FAILURE TO YIELD RIGHT OF WAY,$1001 TO $2500,RIGHT ANGLE,E3RDST,0,
BLOOMINGTON PD,B22-06671,MONROE,PERRY,BLOOMINGTON,2/28/22,10:34 AM,2,,0,0,0,,1615 S BUFFSTONE CT,,,,,1615 S BUFFSTONE CT,E THORNTON DR,,,,Y,,500,,39.1485,-86.5139933,LOCAL/CITY ROAD,,,,URBAN,N,N,N,,DAYLIGHT,CLEAR,DRY,,NO JUNCTION INVOLVED,,ASPHALT,OTHER (DRIVER) - EXPLAIN IN NARRATIVE,$1001 TO $2500,BACKING CRASH,ETHORNTONDR1615SBUFFSTONECT,0,
MONROE SD,M22A13038,MONROE,PERRY,BLOOMINGTON,6/4/22,1:23 AM,1,,0,0,0,,E MOFFETT LN,,,,,E MOFFETT LN,,,,,N,,0,,39.09969627,-86.50111425,COUNTY ROAD,,,,RURAL,N,N,N,,DARK (NOT LIGHTED),CLEAR,DRY,,T-INTERSECTION,,ASPHALT,OTHER (DRIVER) - EXPLAIN IN NARRATIVE,$10001 TO $25000,RAN OFF ROAD,EMOFFETTLN,0,
MONROE SD,M22A11308,MONROE,POLK,BLOOMINGTON,5/16/22,5:58 AM,1,,1,0,0,,STATE RD 446,,,,,STATE RD 446,,,,,N,,0,,39.07960025,-86.41764111,,,,,RURAL,N,N,N,,DAYLIGHT,CLEAR,DRY,,NO JUNCTION INVOLVED,,ASPHALT,UNSAFE SPEED,$2501 TO $5000,RAN OFF ROAD,STATERD446,0,
BLOOMINGTON PD,B22-24210,MONROE,BLOOMINGTON,BLOOMINGTON,6/27/22,5:47 PM,2,,0,0,0,,1605 S PECAN LN,,,,,1605 S PECAN LN,,,,,Y,,0,,39.14699958,-86.57113857,PRIVATE DRIVE,,,,URBAN,N,N,N,,DAYLIGHT,CLEAR,DRY,,NO JUNCTION INVOLVED,,ASPHALT,FAILURE TO YIELD RIGHT OF WAY,$1001 TO $2500,BACKING CRASH,1605SPECANLN,0,
MONROE SD,M22A8399,MONROE,RICHLAND,BLOOMINGTON,4/14/22,5:00 AM,0,,0,0,0,,N UNION VALLEY RD,,,,,N UNION VALLEY RD,W MCNEELEY ST,,,,N,,0,,39.23748732,-86.59271962,,,,,URBAN,N,N,N,,DARK (NOT LIGHTED),RAIN,WET,,T-INTERSECTION,,ASPHALT,IMPROPER TURNING,$5001 TO $10000,RAN OFF ROAD,WMCNEELEYSTNUNIONVALLEYRD,0,
INDIANA UNIV BLOOMINGTON PD,220550,MONROE,BLOOMINGTON,BLOOMINGTON,2/12/22,5:20 PM,2,,0,0,0,,E 17TH ST,,,,,E 17TH ST,E LINGELBACH LN,,,,Y,,0,,39.17925493,-86.50843365,LOCAL/CITY ROAD,,,,URBAN,N,N,N,,DAYLIGHT,SNOW,WET,,T-INTERSECTION,,ASPHALT,FOLLOWING TOO CLOSELY,$1001 TO $2500,REAR END,ELINGELBACHLNE17THST,0,
BLOOMINGTON PD,B22-24697,MONROE,PERRY,BLOOMINGTON,6/30/22,1:44 PM,2,,0,0,0,,RUBY LN,,,,,RUBY LN,COVENANTER DR,,,,Y,,200,,39.15465,-86.509402,LOCAL/CITY ROAD,,,,URBAN,N,N,N,,DAYLIGHT,CLEAR,DRY,,NO JUNCTION INVOLVED,,ASPHALT,STEERING FAILURE,$2501 TO $5000,SAME DIRECTION SIDESWIPE,RUBYLNCOVENANTERDR,0,
INDIANA UNIV BLOOMINGTON PD,223846,MONROE,BLOOMINGTON,BLOOMINGTON,10/10/22,4:00 PM,2,,0,0,0,,E 17TH ST,,,,,E 17TH ST,N JORDAN AVE,,,,Y,,0,,39.17882115,-86.51109642,LOCAL/CITY ROAD,,,,URBAN,N,N,N,,DAYLIGHT,CLEAR,DRY,,T-INTERSECTION,,ASPHALT,FOLLOWING TOO CLOSELY,$5001 TO $10000,REAR END,NJORDANAVEE17THST,0,
INDIANA UNIV BLOOMINGTON PD,220750,MONROE,BLOOMINGTON,BLOOMINGTON,2/26/22,11:50 PM,2,,0,0,0,2651,EAST DISCOVERY PARKWAY,,,,,EAST DISCOVERY PARKWAY,,,,,Y,,0,,39.17796164,-86.50077906,PRIVATE DRIVE,,,,URBAN,N,N,N,,DARK (LIGHTED),CLEAR,DRY,,NO JUNCTION INVOLVED,,ASPHALT,UNSAFE BACKING,$1001 TO $2500,BACKING CRASH,EASTDISCOVERYPARKWAY,0,
BLOOMINGTON PD,B22-42385,MONROE,VAN BUREN,BLOOMINGTON,10/13/22,7:06 PM,1,,0,0,0,2101,S LIBERTY DR,,,,,S LIBERTY DR,,,,,N,,0,,39.14646459,-86.57735387,PRIVATE DRIVE,,,,URBAN,N,N,N,,DAWN/DUSK,CLOUDY,DRY,,NO JUNCTION INVOLVED,,ASPHALT,OVERCORRECTING/OVERSTEERING,$5001 TO $10000,OTHER - EXPLAIN IN NARRATIVE,SLIBERTYDR,0,
BLOOMINGTON PD,B22-19520,MONROE,PERRY,BLOOMINGTON,5/27/22,10:30 AM,1,,0,0,0,,W SOUTHERN DR,,,,,W SOUTHERN DR,S WALNUT ST,,,,Y,,0,,39.14978967,-86.53352684,LOCAL/CITY ROAD,,,,URBAN,N,N,N,,DAYLIGHT,RAIN,WET,,FOUR-WAY INTERSECTION,,ASPHALT,OTHER (DRIVER) - EXPLAIN IN NARRATIVE,UNDER $1001,RAN OFF ROAD,WSOUTHERNDRSWALNUTST,0,
BLOOMINGTON PD,B22-38456,MONROE,PERRY,BLOOMINGTON,9/22/22,6:57 PM,2,,1,0,0,,E ROGERS RD,,,,,E ROGERS RD,S SARE RD,,,,Y,,0,,39.13601177,-86.49665442,,,,,URBAN,N,N,N,,DAYLIGHT,CLEAR,DRY,,FOUR-WAY INTERSECTION,,ASPHALT,FAILURE TO YIELD RIGHT OF WAY,$2501 TO $5000,RIGHT ANGLE,SSARERDEROGERSRD,0,
BLOOMINGTON PD,B22-41118,MONROE,VAN BUREN,BLOOMINGTON,10/6/22,5:15 PM,2,,1,0,0,,W STATE RD 45,,,,,W STATE RD 45,S LEONARD SPRINGS RD,,,,Y,,0,,39.141901,-86.58261306,STATE ROAD,,,,URBAN,N,N,N,,DAYLIGHT,CLEAR,DRY,,FOUR-WAY INTERSECTION,,ASPHALT,FAILURE TO YIELD RIGHT OF WAY,$5001 TO $10000,RIGHT ANGLE,WSTATERD45SLEONARDSPRINGSRD,0,
BLOOMINGTON PD,B22-33342,MONROE,BLOOMINGTON,BLOOMINGTON,8/24/22,8:48 AM,2,,0,0,0,,W 3RD ST,,,,,W 3RD ST,S LANDMARK AVE,,,,Y,,739,,39.16441837,-86.55797452,LOCAL/CITY ROAD,,,,URBAN,N,N,N,,DAYLIGHT,CLEAR,DRY,,NO JUNCTION INVOLVED,,ASPHALT,FOLLOWING TOO CLOSELY,$2501 TO $5000,REAR END,W3RDSTSLANDMARKAVE,0,
ISP INDIANAPOLIS 52,2022-00369732,MONROE,VAN BUREN,BLOOMINGTON,8/22/22,7:46 AM,2,,1,0,0,,INTERSTATE 69,,,,,INTERSTATE 69,,,112,,N,,475,,39.08520415,-86.57424498,INTERSTATE,,,,RURAL,N,N,N,,DAYLIGHT,CLOUDY,DRY,,NO JUNCTION INVOLVED,,ASPHALT,OTHER (DRIVER) - EXPLAIN IN NARRATIVE,$10001 TO $25000,REAR END,INTERSTATE69112,0,
MONROE SD,M22A5839,MONROE,PERRY,BLOOMINGTON,3/14/22,7:03 AM,1,,0,0,1,,W GORDON PIKE,,,,,W GORDON PIKE,S ROGERS ST,,,,N,,0,,39.12164975,-86.53907535,LOCAL/CITY ROAD,,,,URBAN,N,N,N,,DARK (LIGHTED),CLEAR,DRY,,TRAFFIC CIRCLE/ROUNDABOUT,,ASPHALT,ANIMAL/OBJECT IN ROADWAY,$5001 TO $10000,COLLISION WITH DEER,WGORDONPIKESROGERSST,0,
BLOOMINGTON PD,B22-26596,MONROE,RICHLAND,BLOOMINGTON,7/12/22,3:52 PM,2,,0,0,0,,N. GATES DR.,,,,,N. GATES DR.,W. ALEXANDER DR.,,,,Y,,0,,39.16881242,-86.57636048,LOCAL/CITY ROAD,,,,URBAN,N,N,N,,DAYLIGHT,CLEAR,DRY,,FOUR-WAY INTERSECTION,,ASPHALT,FAILURE TO YIELD RIGHT OF WAY,$2501 TO $5000,RIGHT TURN,W.ALEXANDERDR.N.GATESDR.,0,
BLOOMINGTON PD,B22-41291,MONROE,PERRY,BLOOMINGTON,10/7/22,2:45 PM,2,,0,0,0,2568,E 3RD ST,,,,,E 3RD ST,,,,,Y,,0,,39.16407341,-86.50064554,PRIVATE DRIVE,,,,URBAN,N,N,N,,DAYLIGHT,CLEAR,DRY,,NO JUNCTION INVOLVED,,ASPHALT,OTHER (DRIVER) - EXPLAIN IN NARRATIVE,$2501 TO $5000,SAME DIRECTION SIDESWIPE,E3RDST,0,
BLOOMINGTON PD,B22-34851,MONROE,PERRY,BLOOMINGTON,9/1/22,4:40 PM,1,,1,0,0,,S MORTON ST,,,,,S MORTON ST,W 2ND ST,,,,Y,,0,,39.16139545,-86.53628971,,,,,URBAN,N,N,N,,DAYLIGHT,CLEAR,DRY,,T-INTERSECTION,,ASPHALT,FAILURE TO YIELD RIGHT OF WAY,$2501 TO $5000,OTHER - EXPLAIN IN NARRATIVE,W2NDSTSMORTONST,1,
MONROE SD,M22A22365,MONROE,PERRY,BLOOMINGTON,9/11/22,1:56 PM,1,,0,0,0,,E SCHACHT RD,,,,,E SCHACHT RD,S FAIRFAX RD,,,,N,,0,,39.10692751,-86.52369336,LOCAL/CITY ROAD,,,,RURAL,N,N,N,,DAYLIGHT,CLOUDY,WET,,NO JUNCTION INVOLVED,,ASPHALT,SPEED TOO FAST FOR WEATHER CONDITIONS,$5001 TO $10000,RAN OFF ROAD,SFAIRFAXRDESCHACHTRD,0,
INDIANA UNIV BLOOMINGTON PD,223841,MONROE,BLOOMINGTON,BLOOMINGTON,10/6/22,11:45 AM,2,,0,0,0,1414,N DAVID BAKER AVENUE,,,,,N DAVID BAKER AVENUE,,,,,Y,,0,,39.1811036,-86.5103415,PRIVATE DRIVE,,,,URBAN,N,N,N,,DARK (NOT LIGHTED),CLEAR,DRY,,NO JUNCTION INVOLVED,,ASPHALT,UNSAFE BACKING,$2501 TO $5000,BACKING CRASH,NDAVIDBAKERAVENUE,0,
INDIANA UNIV BLOOMINGTON PD,224981,MONROE,BLOOMINGTON,BLOOMINGTON,12/20/22,3:00 PM,2,,0,0,0,,STATE RD 45,,,,,STATE RD 45,E 10TH ST,,,,N,,528,,39.17240483,-86.50269128,STATE ROAD,,,,URBAN,N,N,N,,DAYLIGHT,CLEAR,DRY,,NO JUNCTION INVOLVED,,ASPHALT,FOLLOWING TOO CLOSELY,$5001 TO $10000,REAR END,STATERD45E10THST,0,
MONROE SD,M22A27694,MONROE,WASHINGTON,BLOOMINGTON,11/10/22,7:33 PM,1,,0,0,0,,N OLD STATE ROAD 37,,,,,N OLD STATE ROAD 37,,,,,N,,0,,39.27138109,-86.50098271,STATE ROAD,,,,RURAL,N,N,N,,DARK (NOT LIGHTED),CLEAR,DRY,,NO JUNCTION INVOLVED,,ASPHALT,DRIVER DISTRACTED - EXPLAIN IN NARRATIVE,$2501 TO $5000,RAN OFF ROAD,NOLDSTATEROAD37,0,
BLOOMINGTON PD,B22-48352,MONROE,PERRY,BLOOMINGTON,11/20/22,4:04 PM,2,,0,0,0,411,S COLLEGE MALL RD,,,,,S COLLEGE MALL RD,,,,,Y,,0,,39.1629245,-86.49771157,PRIVATE DRIVE,,,,URBAN,N,N,N,,DAYLIGHT,CLEAR,DRY,,T-INTERSECTION,,ASPHALT,FAILURE TO YIELD RIGHT OF WAY,$2501 TO $5000,RIGHT ANGLE,SCOLLEGEMALLRD,0,
BLOOMINGTON PD,B22-52377,MONROE,PERRY,BLOOMINGTON,12/16/22,12:00 AM,2,,0,0,0,322,E 2ND ST,,,,,E 2ND ST,,,,,Y,,0,,39.16114205,-86.53040532,PRIVATE DRIVE,,,,URBAN,N,N,N,,DARK (LIGHTED),CLOUDY,WET,,NO JUNCTION INVOLVED,,ASPHALT,OTHER (DRIVER) - EXPLAIN IN NARRATIVE,$2501 TO $5000,SAME DIRECTION SIDESWIPE,E2NDST,0,
INDIANA UNIV BLOOMINGTON PD,224515,MONROE,BLOOMINGTON,BLOOMINGTON,11/16/22,12:20 PM,2,,0,0,0,,N JORDAN AVE,,,,,N JORDAN AVE,E 10TH ST,,,,Y,,0,,39.17206901,-86.51568121,LOCAL/CITY ROAD,,,,URBAN,N,N,N,,DAYLIGHT,SNOW,WET,,NO JUNCTION INVOLVED,,ASPHALT,FOLLOWING TOO CLOSELY,$1001 TO $2500,REAR END,NJORDANAVEE10THST,0,
ELLETTSVILLE PD,E22-04400,MONROE,RICHLAND,ELLETTSVILLE,10/25/22,4:45 PM,2,,2,0,0,,N UNION VALLEY RD,,,,,N UNION VALLEY RD,N UNION VALLEY RD,,,,Y,,0,,39.2152041,-86.59279139,STATE ROAD,,,,URBAN,N,N,N,,DAYLIGHT,RAIN,WET,,FOUR-WAY INTERSECTION,,CONCRETE,OTHER (DRIVER) - EXPLAIN IN NARRATIVE,$10001 TO $25000,RIGHT ANGLE,NUNIONVALLEYRDNUNIONVALLEYRD,0,
BLOOMINGTON PD,B22-47516,MONROE,BLOOMINGTON,BLOOMINGTON,11/14/22,9:12 AM,1,,0,0,0,,N ADAMS ST,,,,,N ADAMS ST,W FOUNTAIN DR,,,,Y,,0,,39.16932832,-86.54968447,LOCAL/CITY ROAD,,,,URBAN,N,N,N,,DAYLIGHT,CLEAR,DRY,,NO JUNCTION INVOLVED,,ASPHALT,OTHER (DRIVER) - EXPLAIN IN NARRATIVE,$2501 TO $5000,OTHER - EXPLAIN IN NARRATIVE,WFOUNTAINDRNADAMSST,0,
MONROE SD,M22A29610,MONROE,PERRY,BLOOMINGTON,12/3/22,2:54 AM,2,,1,0,0,,S OLD STATE ROAD 37,,,,,S OLD STATE ROAD 37,E EMPIRE MILL RD,,,,N,,0,,39.08592208,-86.54225191,LOCAL/CITY ROAD,,,,RURAL,N,N,N,,DARK (NOT LIGHTED),CLEAR,WET,,T-INTERSECTION,,ASPHALT,SPEED TOO FAST FOR WEATHER CONDITIONS,$2501 TO $5000,HEAD ON BETWEEN TWO MOTOR VEHICLES,SOLDSTATEROAD37EEMPIREMILLRD,0,