Agency,Local Code,County,Township,City,Collision Date,Collision Time,Vehicles Involved,Trailers Involved,Number Injured,Number Dead,Number Deer,House Number,Roadway Name,Roadway Suffix,Roadway Number,Roadway Interchange,Roadway Ramp,Roadway Id,Intersecting Road,Intersecting Road Number,Mile Marker,Interchange,Corporate Limits?,Property Type,Feet From,Direction,Latitude,Longitude,Roadway Class,Traffic Control Devices?,Aggressive Driving?,Hit and Run?,Locality,School Zone?,Rumble Strips?,Construction?,Construction Type,Light Condition,Weather Conditions,Surface Condition,Type of Median,Roadway Junction Type,Road Character,Roadway Surface,Primary Factor,Damage Estimate,Manner of Collision,Unique Location Id,State Property Damage?,Traffic Control
MONROE SD,M22A26669,MONROE,PERRY,BLOOMINGTON,10/30/22,3:34 PM,2,,1,0,0,,W TAPP RD,,,,,W TAPP RD,HICKORY HEIGHTS TRLR PARK,,,,N,,0,,39.1368811,-86.57404608,STATE ROAD,,,,URBAN,N,N,N,,DAYLIGHT,RAIN,WET,,TRAFFIC CIRCLE/ROUNDABOUT,,ASPHALT,FOLLOWING TOO CLOSELY,$10001 TO $25000,REAR END,WTAPPRDHICKORYHEIGHTSTRLRPARK,0,
ELLETTSVILLE PD,E22-04453,MONROE,RICHLAND,ELLETTSVILLE,10/28/22,3:20 PM,1,,0,0,0,4444,W STATE ROAD 46,,,,,W STATE ROAD 46,,,,,Y,,0,,39.21531387,-86.59204951,PRIVATE DRIVE,,,,URBAN,N,N,N,,DAYLIGHT,CLEAR,DRY,,NO JUNCTION INVOLVED,,ASPHALT,OTHER (DRIVER) - EXPLAIN IN NARRATIVE,$2501 TO $5000,BACKING CRASH,WSTATEROAD46,0,
BLOOMINGTON PD,B22-53253,MONROE,VAN BUREN,BLOOMINGTON,12/23/22,6:03 PM,1,,0,0,0,,S LEONARD SPRINGS RD,,,,,S LEONARD SPRINGS RD,W MAYBURY MALL,,,,Y,,528,,39.13239236,-86.58257697,LOCAL/CITY ROAD,,,,URBAN,N,N,N,,DARK (NOT LIGHTED),SNOW,SNOW/SLUSH,,NO JUNCTION INVOLVED,,ASPHALT,ROADWAY SURFACE CONDITION,$10001 TO $25000,RAN OFF ROAD,WMAYBURYMALLSLEONARDSPRINGSRD,0,
BLOOMINGTON PD,B22-52058,MONROE,PERRY,BLOOMINGTON,12/15/22,1:27 PM,2,,0,0,0,,S ROGERS ST,,,,,S ROGERS ST,W PATTERSON DR,,,,Y,,0,,39.15361255,-86.53864732,LOCAL/CITY ROAD,,,,URBAN,N,N,N,,DAYLIGHT,CLOUDY,DRY,,FOUR-WAY INTERSECTION,,ASPHALT,FOLLOWING TOO CLOSELY,$2501 TO $5000,REAR END,WPATTERSONDRSROGERSST,0,
MONROE SD,M22A27875,MONROE,INDIAN CREEK,BLOOMINGTON,11/13/22,2:37 AM,1,,0,0,1,,S INTERSTATE 69,,,,,S INTERSTATE 69,,,69,,N,,0,,39.0472072,-86.67953177,INTERSTATE,,,,RURAL,N,N,N,,DARK (NOT LIGHTED),CLEAR,DRY,,NO JUNCTION INVOLVED,,ASPHALT,ANIMAL/OBJECT IN ROADWAY,$5001 TO $10000,COLLISION WITH DEER,SINTERSTATE69,0,
MONROE SD,M22A27259,MONROE,CLEAR CREEK,BLOOMINGTON,11/6/22,1:26 AM,1,,0,0,1,,STATE RD 37,,,,,STATE RD 37,W SMITHVILLE RD,,,,N,,0,,39.07256578,-86.53610223,STATE ROAD,,,,RURAL,N,Y,N,,DARK (NOT LIGHTED),CLEAR,DRY,,NO JUNCTION INVOLVED,,ASPHALT,ANIMAL/OBJECT IN ROADWAY,$10001 TO $25000,COLLISION WITH DEER,WSMITHVILLERDSTATERD37,0,
BLOOMINGTON PD,B22-51520,MONROE,PERRY,BLOOMINGTON,12/12/22,9:50 AM,2,,0,0,0,,E. 3RD ST,,,,,E. 3RD ST,S. COLLEGE MALL RD,,,,Y,,0,,39.1641839,-86.4982356,LOCAL/CITY ROAD,,,,URBAN,N,N,N,,DAYLIGHT,CLEAR,DRY,,FOUR-WAY INTERSECTION,,ASPHALT,FOLLOWING TOO CLOSELY,$1001 TO $2500,REAR END,S.COLLEGEMALLRDE.3RDST,0,
INDIANA UNIV BLOOMINGTON PD,224210,MONROE,BLOOMINGTON,BLOOMINGTON,10/30/22,11:15 AM,2,,2,0,0,,N JEFFERSON ST,,,,,N JEFFERSON ST,N UNION ST,,,,Y,,0,,39.17140984,-86.50717593,LOCAL/CITY ROAD,,,,URBAN,N,Y,N,,DAYLIGHT,RAIN,WET,,T-INTERSECTION,,ASPHALT,SPEED TOO FAST FOR WEATHER CONDITIONS,$2501 TO $5000,REAR END,NUNIONSTNJEFFERSONST,0,
INDIANA UNIV BLOOMINGTON PD,224876,MONROE,BLOOMINGTON,BLOOMINGTON,12/12/22,2:45 PM,2,,0,0,0,,N WOODLAWN AVE,,,,,N WOODLAWN AVE,N WOODLAWN AVE,,,,N,,264,,39.168039,-86.5234822,PRIVATE DRIVE,,,,URBAN,N,N,N,,DAYLIGHT,CLEAR,DRY,,NO JUNCTION INVOLVED,,ASPHALT,UNSAFE BACKING,$1001 TO $2500,BACKING CRASH,NWOODLAWNAVENWOODLAWNAVE,0,
ISP BLOOMINGTON 33,2.02201E+11,MONROE,WASHINGTON,BLOOMINGTON,11/12/22,9:42 AM,1,,0,0,0,,I69,,,,,I69,,,129.5,,N,,0,,39.32168951,-86.51136823,INTERSTATE,,,,RURAL,N,N,N,,DAYLIGHT,SNOW,SNOW/SLUSH,,NO JUNCTION INVOLVED,,ASPHALT,SPEED TOO FAST FOR WEATHER CONDITIONS,$5001 TO $10000,RAN OFF ROAD,I69129.5,0,
MONROE SD,M22A27897,MONROE,CLEAR CREEK,BLOOMINGTON,11/13/22,11:45 AM,2,,1,0,0,,E DILLMAN RD,,,,,E DILLMAN RD,S OLD STATE ROAD 37,,,,N,,0,,39.09294837,-86.54395122,,,,,URBAN,N,N,N,,DAYLIGHT,CLOUDY,DRY,,FOUR-WAY INTERSECTION,,ASPHALT,FAILURE TO YIELD RIGHT OF WAY,$10001 TO $25000,RIGHT ANGLE,SOLDSTATEROAD37EDILLMANRD,0,
BLOOMINGTON PD,B22-47236,MONROE,PERRY,BLOOMINGTON,11/11/22,10:20 PM,2,,0,0,0,,S COLLEGE AVE,,,,,S COLLEGE AVE,W 1ST ST,,,,Y,,0,,39.15971502,-86.53502678,,,,,URBAN,N,N,N,,DARK (LIGHTED),CLEAR,DRY,,FOUR-WAY INTERSECTION,,ASPHALT,FAILURE TO MAINTAIN LANE,$1001 TO $2500,SAME DIRECTION SIDESWIPE,W1STSTSCOLLEGEAVE,0,
BLOOMINGTON PD,B22-51007,MONROE,PERRY,BLOOMINGTON,12/8/22,4:54 PM,2,,0,0,0,1175,S COLLEGE MALL RD,,,,,S COLLEGE MALL RD,,,,,Y,,0,,39.15467332,-86.49603201,PRIVATE DRIVE,,,,URBAN,N,N,N,,DAWN/DUSK,RAIN,WET,,NO JUNCTION INVOLVED,,ASPHALT,UNSAFE BACKING,$2501 TO $5000,BACKING CRASH,SCOLLEGEMALLRD,0,
MONROE SD,M22A26530,MONROE,PERRY,BLOOMINGTON,10/28/22,11:54 PM,1,,0,0,1,,E RHORER RD,,,,,E RHORER RD,S WALNUT STREET PIKE,,,,N,,0,,39.12146665,-86.52531963,LOCAL/CITY ROAD,,,,RURAL,N,N,N,,DARK (NOT LIGHTED),CLEAR,DRY,,NO JUNCTION INVOLVED,,ASPHALT,ANIMAL/OBJECT IN ROADWAY,$2501 TO $5000,COLLISION WITH DEER,SWALNUTSTREETPIKEERHORERRD,0,
BLOOMINGTON PD,B22-50536,MONROE,PERRY,BLOOMINGTON,12/5/22,7:12 PM,2,,1,0,0,,S ROGERS ST,,,,,S ROGERS ST,W PATTERSON DR,,,,Y,,0,,39.1538534,-86.53876557,LOCAL/CITY ROAD,,,,URBAN,N,N,N,,DARK (NOT LIGHTED),CLOUDY,DRY,,FOUR-WAY INTERSECTION,,ASPHALT,FAILURE TO YIELD RIGHT OF WAY,$2501 TO $5000,RIGHT ANGLE,WPATTERSONDRSROGERSST,0,
MONROE SD,M22A31310,MONROE,WASHINGTON,BLOOMINGTON,12/27/22,6:35 AM,1,,0,0,0,,E ROBINSON RD,,,,,E ROBINSON RD,N HILLSAMER RD,,,,N,,0,,39.25098492,-86.46739481,LOCAL/CITY ROAD,,,,RURAL,N,N,N,,DARK (NOT LIGHTED),SNOW,ICE,,Y-INTERSECTION,,ASPHALT,SPEED TOO FAST FOR WEATHER CONDITIONS,$2501 TO $5000,RAN OFF ROAD,NHILLSAMERRDEROBINSONRD,0,
MONROE SD,M22A26982,MONROE,PERRY,BLOOMINGTON,11/3/22,4:14 AM,1,,0,0,1,,STATE RD 37,,,,,STATE RD 37,,,,,N,,0,,39.09029866,-86.54537184,STATE ROAD,,,,URBAN,N,N,N,,DARK (NOT LIGHTED),CLEAR,DRY,,NO JUNCTION INVOLVED,,ASPHALT,ANIMAL/OBJECT IN ROADWAY,$2501 TO $5000,COLLISION WITH DEER,STATERD37,0,
ISP BLOOMINGTON 33,2.022E+11,MONROE,WASHINGTON,BLOOMINGTON,11/4/22,9:05 AM,1,,0,0,1,,I69,,,,,I69,,,131,,N,,0,,39.33553869,-86.51165796,INTERSTATE,,,,RURAL,N,N,N,,DAYLIGHT,CLEAR,DRY,,NO JUNCTION INVOLVED,,ASPHALT,ANIMAL/OBJECT IN ROADWAY,$5001 TO $10000,COLLISION WITH DEER,I69131,0,
MONROE SD,M22A27264,MONROE,BLOOMINGTON,BLOOMINGTON,11/6/22,2:00 AM,1,,0,0,0,,N THOMPSON RIDGE RD,,,,,N THOMPSON RIDGE RD,N CHARLIE TAYLOR LN,,,,N,,0,,39.24472547,-86.53459194,LOCAL/CITY ROAD,,,,RURAL,N,N,N,,DARK (NOT LIGHTED),CLEAR,DRY,,Y-INTERSECTION,,ASPHALT,OTHER (DRIVER) - EXPLAIN IN NARRATIVE,$2501 TO $5000,RAN OFF ROAD,NTHOMPSONRIDGERDNCHARLIETAYLORLN,0,
INDIANA UNIV BLOOMINGTON PD,224756,MONROE,BLOOMINGTON,BLOOMINGTON,12/2/22,6:30 AM,1,,0,0,0,,UNIVERSITY RD,,,,,UNIVERSITY RD,UNIVERSITY RD,,,,Y,,0,,39.16743182,-86.52207024,PRIVATE DRIVE,,,,URBAN,N,N,N,,DARK (LIGHTED),CLEAR,DRY,,NO JUNCTION INVOLVED,,ASPHALT,OTHER (DRIVER) - EXPLAIN IN NARRATIVE,$2501 TO $5000,OTHER - EXPLAIN IN NARRATIVE,UNIVERSITYRDUNIVERSITYRD,0,
BLOOMINGTON PD,B22-49024,MONROE,BLOOMINGTON,BLOOMINGTON,11/25/22,9:30 AM,2,,0,0,0,2721,E 3RD ST,,,,,E 3RD ST,,,,,N,,0,,39.16560422,-86.49561216,PRIVATE DRIVE,,,,URBAN,N,N,N,,DAYLIGHT,CLEAR,DRY,,NO JUNCTION INVOLVED,,ASPHALT,UNSAFE BACKING,UNDER $1001,SAME DIRECTION SIDESWIPE,E3RDST,0,
INDIANA UNIV BLOOMINGTON PD,220718,MONROE,BLOOMINGTON,BLOOMINGTON,2/24/22,6:58 PM,2,,0,0,0,,N INDIANA AVE,,,,,N INDIANA AVE,E 17TH ST,,,,Y,,0,,39.17873937,-86.52705378,LOCAL/CITY ROAD,,,,URBAN,N,N,N,,DARK (LIGHTED),RAIN,WET,,NO JUNCTION INVOLVED,,ASPHALT,UNSAFE BACKING,$1001 TO $2500,BACKING CRASH,NINDIANAAVEE17THST,0,
MONROE SD,M22A25970,MONROE,BENTON,BLOOMINGTON,10/22/22,11:07 PM,1,,0,0,1,,STATE RD 46,,,,,STATE RD 46,E KINGS RD,,,,N,,0,,39.16573664,-86.45367591,STATE ROAD,,,,RURAL,N,N,N,,DARK (NOT LIGHTED),CLEAR,DRY,,NO JUNCTION INVOLVED,,ASPHALT,ANIMAL/OBJECT IN ROADWAY,$10001 TO $25000,COLLISION WITH DEER,STATERD46EKINGSRD,0,
BLOOMINGTON PD,B22-44638,MONROE,PERRY,BLOOMINGTON,10/26/22,4:50 PM,2,,0,0,0,,S COLLEGE MALL RD,,,,,S COLLEGE MALL RD,E AUTO MALL RD,,,,Y,,0,,39.15394687,-86.49627007,PRIVATE DRIVE,,,,URBAN,N,N,N,,DAYLIGHT,CLEAR,DRY,,NO JUNCTION INVOLVED,,ASPHALT,FAILURE TO YIELD RIGHT OF WAY,UNDER $1001,BACKING CRASH,SCOLLEGEMALLRDEAUTOMALLRD,0,
MONROE SD,M22A31164,MONROE,PERRY,BLOOMINGTON,12/24/22,12:00 AM,1,,0,0,0,,S AIRLINE RD,,,,,S AIRLINE RD,,,,,N,,0,,39.09058882,-86.49708814,COUNTY ROAD,,,,RURAL,N,N,N,,DARK (NOT LIGHTED),CLEAR,SNOW/SLUSH,,NO JUNCTION INVOLVED,,ASPHALT,ROADWAY SURFACE CONDITION,$5001 TO $10000,RAN OFF ROAD,SAIRLINERD,0,
BLOOMINGTON PD,B22-44234,MONROE,PERRY,BLOOMINGTON,10/24/22,1:43 PM,2,,0,0,0,,3000 S. WALNUT ST. PIKE,,,,,3000 S. WALNUT ST. PIKE,,,,,Y,,0,,0,0,PRIVATE DRIVE,,,,URBAN,N,N,N,,DAYLIGHT,CLOUDY,DRY,,NO JUNCTION INVOLVED,,ASPHALT,UNSAFE BACKING,$2501 TO $5000,BACKING CRASH,3000S.WALNUTST.PIKE,0,
BLOOMINGTON PD,B22-45702,MONROE,PERRY,BLOOMINGTON,11/1/22,2:30 PM,2,,0,0,0,,W 1ST ST,,,,,W 1ST ST,,,,,Y,,0,,39.1594238,-86.5374679,PRIVATE DRIVE,,,,URBAN,N,N,N,,DAYLIGHT,CLEAR,DRY,,NO JUNCTION INVOLVED,,ASPHALT,UNSAFE BACKING,UNDER $1001,BACKING CRASH,W1STST,0,
INDIANA UNIV BLOOMINGTON PD,224264,MONROE,BLOOMINGTON,BLOOMINGTON,11/2/22,3:25 PM,2,,0,0,0,,E 3RD ST,,,,,E 3RD ST,S FESS AVE,,,,Y,,0,,39.16428334,-86.52585215,LOCAL/CITY ROAD,,,,URBAN,N,N,N,,DAYLIGHT,CLEAR,DRY,,T-INTERSECTION,,ASPHALT,UNSAFE LANE MOVEMENT,$5001 TO $10000,LEFT TURN,SFESSAVEE3RDST,0,
INDIANA UNIV BLOOMINGTON PD,224729,MONROE,BLOOMINGTON,BLOOMINGTON,12/2/22,2:43 PM,3,,1,0,0,,N INDIANA AVE,,,,,N INDIANA AVE,E 14TH ST,,,,Y,,0,,39.17583052,-86.52703769,LOCAL/CITY ROAD,,,,URBAN,N,N,N,,DAYLIGHT,CLOUDY,DRY,,NO JUNCTION INVOLVED,,ASPHALT,FAILURE TO YIELD RIGHT OF WAY,$5001 TO $10000,SAME DIRECTION SIDESWIPE,NINDIANAAVEE14THST,0,
BLOOMINGTON PD,B22-53335,MONROE,BLOOMINGTON,BLOOMINGTON,12/24/22,4:20 PM,1,,0,0,0,2894,E. 3RD ST,,,,,E. 3RD ST,,,,,Y,,0,,39.16051705,-86.49456418,PRIVATE DRIVE,,,,URBAN,N,N,N,,DAYLIGHT,SNOW,SNOW/SLUSH,,NO JUNCTION INVOLVED,,ASPHALT,OTHER (DRIVER) - EXPLAIN IN NARRATIVE,$2501 TO $5000,OTHER - EXPLAIN IN NARRATIVE,E.3RDST,0,
MONROE SD,M22A29069,MONROE,CLEAR CREEK,BLOOMINGTON,11/27/22,7:46 PM,2,,1,0,0,,E SMITHVILLE RD,,,,,E SMITHVILLE RD,STATE RD 37,,,,N,,0,,39.07091727,-86.53593726,,,,,RURAL,N,N,N,,DARK (NOT LIGHTED),RAIN,WET,,FOUR-WAY INTERSECTION,,ASPHALT,FAILURE TO YIELD RIGHT OF WAY,$25001 TO $50000,RIGHT ANGLE,STATERD37ESMITHVILLERD,0,
MONROE SD,M22A28435,MONROE,CLEAR CREEK,,11/19/22,8:39 PM,1,,0,0,1,,STATE RD 37,,,,,STATE RD 37,,,,,N,,0,,39.05354134,-86.53608971,STATE ROAD,,,,RURAL,N,Y,N,,DARK (NOT LIGHTED),CLOUDY,DRY,,NO JUNCTION INVOLVED,,ASPHALT,ANIMAL/OBJECT IN ROADWAY,$1001 TO $2500,COLLISION WITH DEER,STATERD37,0,
INDIANA UNIV BLOOMINGTON PD,224774,MONROE,BLOOMINGTON,BLOOMINGTON,12/6/22,6:18 PM,2,,1,0,0,,N FEE LN,,,,,N FEE LN,E 17TH ST,,,,Y,,0,,39.1789265,-86.5189857,LOCAL/CITY ROAD,,,,URBAN,N,N,N,,DARK (LIGHTED),RAIN,WET,,FOUR-WAY INTERSECTION,,ASPHALT,FOLLOWING TOO CLOSELY,UNDER $1001,REAR END,NFEELNE17THST,0,
MONROE SD,M22A30380,MONROE,VAN BUREN,,12/12/22,2:25 PM,2,,0,0,0,3585,W STATE ROAD 45,,,,,W STATE ROAD 45,,,,,N,,0,,39.141325,-86.580209,,,,,RURAL,N,N,N,,DAYLIGHT,CLEAR,DRY,,NO JUNCTION INVOLVED,,ASPHALT,OTHER (DRIVER) - EXPLAIN IN NARRATIVE,$1001 TO $2500,REAR END,WSTATEROAD45,0,
ISP BLOOMINGTON 33,2.02201E+11,MONROE,WASHINGTON,BLOOMINGTON,11/29/22,8:10 PM,1,,0,0,0,,WAYPORT RD,,,,,WAYPORT RD,FOX HOLLOW RD,,,,N,,0,,39.28991386,-86.51811451,COUNTY ROAD,,,,RURAL,N,N,N,,DARK (NOT LIGHTED),CLOUDY,DRY,,NO JUNCTION INVOLVED,,ASPHALT,ANIMAL/OBJECT IN ROADWAY,$10001 TO $25000,RAN OFF ROAD,WAYPORTRDFOXHOLLOWRD,0,
ISP BLOOMINGTON 33,2.02201E+11,MONROE,BLOOMINGTON,BLOOMINGTON,11/25/22,3:08 PM,1,,0,0,0,,STATE RD 46,,,,,STATE RD 46,KENT RD,,,,N,,1056,,39.15438021,-86.39649376,STATE ROAD,,,,RURAL,N,N,N,,DAYLIGHT,CLEAR,DRY,,NO JUNCTION INVOLVED,,ASPHALT,ANIMAL/OBJECT IN ROADWAY,$5001 TO $10000,RAN OFF ROAD,STATERD46KENTRD,0,
BLOOMINGTON PD,B22-52931,MONROE,PERRY,BLOOMINGTON,12/21/22,8:47 AM,1,,0,0,0,596,E GRAHAM PL,,,,,E GRAHAM PL,,,,,Y,,0,,39.13938105,-86.52763072,PRIVATE DRIVE,,,,URBAN,N,N,N,,DAYLIGHT,CLEAR,DRY,,NO JUNCTION INVOLVED,,ASPHALT,DRIVER DISTRACTED - EXPLAIN IN NARRATIVE,$2501 TO $5000,RIGHT ANGLE,EGRAHAMPL,0,
BLOOMINGTON PD,B22-46202,MONROE,PERRY,BLOOMINGTON,11/4/22,3:25 PM,2,,0,0,0,,S ROGERS ST,,,,,S ROGERS ST,W COOLIDGE DR,,,,Y,,264,,39.14168395,-86.53885371,LOCAL/CITY ROAD,,,,URBAN,N,N,N,,DAYLIGHT,CLEAR,DRY,,NO JUNCTION INVOLVED,,ASPHALT,FOLLOWING TOO CLOSELY,$1001 TO $2500,REAR END,WCOOLIDGEDRSROGERSST,0,
BLOOMINGTON PD,B22-46182,MONROE,PERRY,BLOOMINGTON,11/4/22,1:55 PM,2,,3,0,0,,STATE RD 45,,,I 69,1,STATE RD 45,,,,,Y,,0,,39.1469123,-86.57500395,STATE ROAD,,,,URBAN,N,N,N,,DAYLIGHT,CLEAR,DRY,,RAMP,,ASPHALT,FOLLOWING TOO CLOSELY,$2501 TO $5000,REAR END,STATERD45I69117,0,
BLOOMINGTON PD,B22-50018,MONROE,VAN BUREN,BLOOMINGTON,12/2/22,8:15 AM,2,,0,0,0,,W 3RD ST,,,100,C,W 3RD ST,,,,,Y,,0,,39.16463841,-86.5739389,LOCAL/CITY ROAD,,,,URBAN,N,N,N,,DAYLIGHT,CLOUDY,WET,,FOUR-WAY INTERSECTION,,ASPHALT,FAILURE TO YIELD RIGHT OF WAY,UNDER $1001,LEFT TURN,W3RDST100C,0,
MONROE SD,M22A27824,MONROE,POLK,BLOOMINGTON,11/12/22,10:16 AM,1,,0,0,0,,STATE RD 446,,,,,STATE RD 446,E GRUBB RD,,,,N,,1000,,39.04751291,-86.40935289,STATE ROAD,,,,RURAL,N,Y,N,,DAYLIGHT,SNOW,SNOW/SLUSH,,NO JUNCTION INVOLVED,,ASPHALT,SPEED TOO FAST FOR WEATHER CONDITIONS,$10001 TO $25000,RAN OFF ROAD,STATERD446EGRUBBRD,0,
ELLETTSVILLE PD,E22-03527,MONROE,RICHLAND,ELLETTSVILLE,9/10/22,9:48 PM,1,,0,0,0,,E DEPOT RD,,,,,E DEPOT RD,STATE RD 46,,,,Y,,300,,39.23025706,-86.61779148,STATE ROAD,,,,URBAN,N,N,N,,DARK (LIGHTED),RAIN,WET,,NO JUNCTION INVOLVED,,ASPHALT,UNSAFE SPEED,$10001 TO $25000,RAN OFF ROAD,STATERD46EDEPOTRD,0,
ELLETTSVILLE PD,E22-04512,MONROE,RICHLAND,ELLETTSVILLE,11/1/22,5:03 PM,2,,0,0,0,7398,W STATE ROAD 46,,,,,W STATE ROAD 46,,,,,Y,,0,,39.24536887,-86.63567359,PRIVATE DRIVE,,,,RURAL,N,N,N,,DAYLIGHT,CLEAR,DRY,,NO JUNCTION INVOLVED,,ASPHALT,OTHER (DRIVER) - EXPLAIN IN NARRATIVE,$2501 TO $5000,OTHER - EXPLAIN IN NARRATIVE,WSTATEROAD46,0,
BLOOMINGTON PD,B22-49340,MONROE,PERRY,BLOOMINGTON,11/28/22,8:46 AM,2,,0,0,0,,E HILLSIDE DT,,,,,E HILLSIDE DT,S HENDERSON ST,,,,Y,,0,,39.15054,-86.526935,LOCAL/CITY ROAD,,,,URBAN,Y,N,N,,DAYLIGHT,CLOUDY,DRY,,FOUR-WAY INTERSECTION,,ASPHALT,UNSAFE LANE MOVEMENT,$2501 TO $5000,SAME DIRECTION SIDESWIPE,SHENDERSONSTEHILLSIDEDT,0,
INDIANA UNIV BLOOMINGTON PD,224696,MONROE,BLOOMINGTON,BLOOMINGTON,11/30/22,9:32 PM,1,,1,0,0,,E JONES AVE,,,,,E JONES AVE,,,,,Y,,0,,39.16528126,-86.51111247,PRIVATE DRIVE,,,,URBAN,N,N,N,,DARK (LIGHTED),CLEAR,DRY,,T-INTERSECTION,,ASPHALT,FAILURE TO YIELD RIGHT OF WAY,$1001 TO $2500,RIGHT ANGLE,EJONESAVE,1,
INDIANA UNIV BLOOMINGTON PD,224678,MONROE,BLOOMINGTON,BLOOMINGTON,11/29/22,6:15 PM,2,,0,0,0,,E 17TH ST,,,,,E 17TH ST,N WOODLAWN AVE,,,,Y,,0,,39.1790263,-86.52355618,LOCAL/CITY ROAD,,,,URBAN,N,N,N,,DAYLIGHT,CLOUDY,DRY,,FOUR-WAY INTERSECTION,,ASPHALT,IMPROPER LANE USAGE,$2501 TO $5000,SAME DIRECTION SIDESWIPE,NWOODLAWNAVEE17THST,0,
BLOOMINGTON PD,B22-43689,MONROE,BLOOMINGTON,BLOOMINGTON,10/21/22,5:47 AM,2,,0,0,0,,N SMITH RD,,,,,N SMITH RD,E MCCRACKEN WAY,,,,Y,,0,,39.16779687,-86.48132614,LOCAL/CITY ROAD,,,,URBAN,N,N,N,,DARK (NOT LIGHTED),CLEAR,DRY,,T-INTERSECTION,,ASPHALT,BRAKE FAILURE OR DEFECTIVE,$1001 TO $2500,RIGHT ANGLE,NSMITHRDEMCCRACKENWAY,0,
ISP BLOOMINGTON 33,2.02201E+11,MONROE,WASHINGTON,BLOOMINGTON,11/12/22,8:17 AM,1,,0,0,0,,I-69,,,,,I-69,,,131.5,,N,,0,,39.32826598,-86.50817532,INTERSTATE,,,,RURAL,N,N,N,,DAWN/DUSK,SNOW,SNOW/SLUSH,,NO JUNCTION INVOLVED,,ASPHALT,SPEED TOO FAST FOR WEATHER CONDITIONS,$2501 TO $5000,RAN OFF ROAD,I-69131.5,0,
MONROE SD,M22A29278,MONROE,,BLOOMINGTON,11/29/22,8:40 AM,1,,0,0,1,,STATE RD 46,,,,,STATE RD 46,,,,,N,,0,,39.20082279,-86.57578854,STATE ROAD,,,,RURAL,N,N,N,,DARK (NOT LIGHTED),CLEAR,DRY,,NO JUNCTION INVOLVED,,ASPHALT,ANIMAL/OBJECT IN ROADWAY,$5001 TO $10000,COLLISION WITH DEER,STATERD46,0,
BLOOMINGTON PD,B22-51269,MONROE,PERRY,BLOOMINGTON,12/10/22,10:53 AM,2,,0,0,0,1150,S CLARIZZ BLVD,,,,,S CLARIZZ BLVD,,,,,Y,,0,,39.15175343,-86.49262817,PRIVATE DRIVE,,,,URBAN,N,N,N,,DAYLIGHT,CLOUDY,WET,,NO JUNCTION INVOLVED,,ASPHALT,UNSAFE BACKING,$5001 TO $10000,BACKING CRASH,SCLARIZZBLVD,0,
BLOOMINGTON PD,B22-44291,MONROE,PERRY,BLOOMINGTON,10/24/22,7:54 PM,1,,1,0,0,,E COVENANTER DR,,,,,E COVENANTER DR,E AUTO MALL RD,,,,Y,,0,,39.15503532,-86.4960883,LOCAL/CITY ROAD,,,,URBAN,N,N,N,,DARK (NOT LIGHTED),CLEAR,DRY,,FOUR-WAY INTERSECTION,,ASPHALT,FAILURE TO YIELD RIGHT OF WAY,UNDER $1001,RIGHT ANGLE,ECOVENANTERDREAUTOMALLRD,1,
MONROE SD,M22A29934,MONROE,BLOOMINGTON,BLOOMINGTON,12/7/22,2:40 AM,1,,0,0,0,,I-69,,,,,I-69,,,121.5,,Y,,0,,39.20672544,-86.55358844,INTERSTATE,,,,URBAN,N,Y,N,,DARK (NOT LIGHTED),FOG/SMOKE/SMOG,WET,,NO JUNCTION INVOLVED,,ASPHALT,OTHER (DRIVER) - EXPLAIN IN NARRATIVE,$5001 TO $10000,RAN OFF ROAD,I-69121.5,0,
BLOOMINGTON PD,B22-50992,MONROE,PERRY,BLOOMINGTON,12/8/22,3:55 PM,2,,0,0,0,,E 3RD ST,,,,,E 3RD ST,COLLEGE MALL PRIVATE DR.,,,,Y,,53,,39.16425241,-86.49650287,LOCAL/CITY ROAD,,,,URBAN,N,N,N,,DAYLIGHT,RAIN,WET,,NO JUNCTION INVOLVED,,ASPHALT,FAILURE TO YIELD RIGHT OF WAY,$5001 TO $10000,RIGHT ANGLE,E3RDSTCOLLEGEMALLPRIVATEDR.,0,
BLOOMINGTON PD,B22-53625,MONROE,PERRY,BLOOMINGTON,12/28/22,10:37 AM,1,,1,0,0,,1175 S COLLEGE MALL RD; KROGER,,,,,1175 S COLLEGE MALL RD; KROGER JACKSON CREEK B,,,,,Y,,0,,0,0,PRIVATE DRIVE,,,,URBAN,N,N,N,,DAYLIGHT,CLEAR,WET,,NO JUNCTION INVOLVED,,ASPHALT,FAILURE TO YIELD RIGHT OF WAY,$5001 TO $10000,LEFT TURN,"1175SCOLLEGEMALLRD;KROGERJACKSONCREEKBLOOMINGTON,IN47401",1,