Agency,Local Code,County,Township,City,Collision Date,Collision Time,Vehicles Involved,Trailers Involved,Number Injured,Number Dead,Number Deer,House Number,Roadway Name,Roadway Suffix,Roadway Number,Roadway Interchange,Roadway Ramp,Roadway Id,Intersecting Road,Intersecting Road Number,Mile Marker,Interchange,Corporate Limits?,Property Type,Feet From,Direction,Latitude,Longitude,Roadway Class,Traffic Control Devices?,Aggressive Driving?,Hit and Run?,Locality,School Zone?,Rumble Strips?,Construction?,Construction Type,Light Condition,Weather Conditions,Surface Condition,Type of Median,Roadway Junction Type,Road Character,Roadway Surface,Primary Factor,Damage Estimate,Manner of Collision,Unique Location Id,State Property Damage?,Traffic Control
ELLETTSVILLE PD,E22-04600,MONROE,RICHLAND,ELLETTSVILLE,11/6/22,10:20 PM,1,,0,0,1,,STATE RD 46,,,,,STATE RD 46,,,,,N,,0,,39.2491903,-86.64979651,STATE ROAD,,,,RURAL,N,N,N,,DARK (NOT LIGHTED),CLOUDY,DRY,,NO JUNCTION INVOLVED,,ASPHALT,ANIMAL/OBJECT IN ROADWAY,$10001 TO $25000,COLLISION WITH DEER,STATERD46,0,
ISP BLOOMINGTON 33,2022-00505977,MONROE,CLEAR CREEK,BLOOMINGTON,11/15/22,5:30 PM,1,,0,0,1,,STATE RD 37,,,,,STATE RD 37,,,,,N,,0,,39.07901796,-86.53721533,STATE ROAD,,,,RURAL,N,Y,N,,DAWN/DUSK,CLEAR,DRY,,NO JUNCTION INVOLVED,,ASPHALT,ANIMAL/OBJECT IN ROADWAY,$5001 TO $10000,COLLISION WITH DEER,STATERD37,0,
MONROE SD,M22A27691,MONROE,VAN BUREN,BLOOMINGTON,11/10/22,6:22 PM,2,,0,0,0,,S LODGE RD,,,,,S LODGE RD,S ROCKPORT RD,,,,N,,0,,39.07887291,-86.5941663,COUNTY ROAD,,,,RURAL,N,N,N,,DARK (NOT LIGHTED),CLEAR,DRY,,T-INTERSECTION,,ASPHALT,IMPROPER TURNING,$2501 TO $5000,HEAD ON BETWEEN TWO MOTOR VEHICLES,SROCKPORTRDSLODGERD,0,
ISP BLOOMINGTON 33,2.02201E+11,MONROE,PERRY,BLOOMINGTON,12/6/22,5:45 PM,1,,0,0,0,,I69,,,,,I69,,,115,,Y,,0,,39.11738265,-86.56727178,INTERSTATE,,,,URBAN,N,N,N,,DARK (NOT LIGHTED),RAIN,WET,,NO JUNCTION INVOLVED,,ASPHALT,FAILURE TO MAINTAIN LANE,$2501 TO $5000,RAN OFF ROAD,I69115,0,
MONROE SD,M22A28099,MONROE,VAN BUREN,BLOOMINGTON,11/15/22,5:52 PM,2,,0,0,0,,W 3RD ST,,,,,W 3RD ST,N HARTSTRAIT RD,,,,N,,0,,39.16491935,-86.61092047,STATE ROAD,,,,RURAL,N,N,N,,DARK (NOT LIGHTED),RAIN,WET,,FOUR-WAY INTERSECTION,,ASPHALT,FOLLOWING TOO CLOSELY,$10001 TO $25000,REAR END,W3RDSTNHARTSTRAITRD,0,
MONROE SD,M22A27814,MONROE,VAN BUREN,BLOOMINGTON,11/12/22,8:03 AM,1,,0,0,0,,W STATE RD 45,,,,,W STATE RD 45,S DARRELL DR,,,,N,,0,,39.11510075,-86.62768079,STATE ROAD,,,,RURAL,N,N,N,,DAYLIGHT,SLEET/HAIL/FREEZING RAIN,SNOW/SLUSH,,T-INTERSECTION,,ASPHALT,SPEED TOO FAST FOR WEATHER CONDITIONS,$5001 TO $10000,RAN OFF ROAD,WSTATERD45SDARRELLDR,0,
BLOOMINGTON PD,B22-52601,MONROE,PERRY,BLOOMINGTON,12/19/22,8:45 AM,2,,0,0,0,,1600 S. HIGH ST,,,,,1600 S. HIGH ST,,,,,Y,,0,,0,0,PRIVATE DRIVE,,,,URBAN,N,N,N,,DAYLIGHT,CLOUDY,DRY,,NO JUNCTION INVOLVED,,GRAVEL,UNSAFE BACKING,$2501 TO $5000,BACKING CRASH,1600S.HIGHST,0,
INDIANA UNIV BLOOMINGTON PD,224096,MONROE,BLOOMINGTON,BLOOMINGTON,10/25/22,3:00 AM,2,,0,0,0,1800,NORTH DUNN ST.,,,,,NORTH DUNN ST.,,,,,Y,,0,,39.18277912,-86.52484632,PRIVATE DRIVE,,,,URBAN,N,N,N,,DARK (NOT LIGHTED),CLEAR,DRY,,NO JUNCTION INVOLVED,,ASPHALT,IMPROPER TURNING,$2501 TO $5000,RIGHT TURN,NORTHDUNNST.,0,
INDIANA UNIV BLOOMINGTON PD,224548,MONROE,BLOOMINGTON,BLOOMINGTON,11/17/22,5:50 PM,2,,0,0,0,,STATE RD 45,,,,,STATE RD 45,E 10TH ST,,,,Y,,0,,39.17243082,-86.50281734,STATE ROAD,,,,URBAN,N,N,N,,DARK (NOT LIGHTED),CLEAR,DRY,,FOUR-WAY INTERSECTION,,ASPHALT,FOLLOWING TOO CLOSELY,$10001 TO $25000,REAR END,STATERD45E10THST,0,
MONROE SD,M22A27340,MONROE,CLEAR CREEK,BLOOMINGTON,11/7/22,6:07 AM,1,,0,0,1,,STATE RD 37,,,,,STATE RD 37,ZIKES RD S,,,,N,,0,,39.04829626,-86.53636642,STATE ROAD,,,,RURAL,N,N,N,,DARK (NOT LIGHTED),CLEAR,DRY,,NO JUNCTION INVOLVED,,ASPHALT,ANIMAL/OBJECT IN ROADWAY,$2501 TO $5000,COLLISION WITH DEER,ZIKESRDSSTATERD37,0,
BLOOMINGTON PD,B22-50678,MONROE,VAN BUREN,BLOOMINGTON,12/6/22,6:06 PM,2,,0,0,0,,S CURRY PIKE,,,,,S CURRY PIKE,W STATE RD 45,,,,Y,,0,,39.14196014,-86.58262892,STATE ROAD,,,,URBAN,N,N,N,,DARK (NOT LIGHTED),RAIN,WET,,FOUR-WAY INTERSECTION,,ASPHALT,FAILURE TO YIELD RIGHT OF WAY,$5001 TO $10000,RIGHT ANGLE,WSTATERD45SCURRYPIKE,0,
BLOOMINGTON PD,B22-46063,MONROE,BLOOMINGTON,BLOOMINGTON,11/3/22,5:49 PM,2,,1,0,0,,E 16TH ST,,,,,E 16TH ST,N LINCOLN ST,,,,Y,,0,,39.17776937,-86.53096872,LOCAL/CITY ROAD,,,,URBAN,N,N,N,,DAYLIGHT,CLEAR,DRY,,FOUR-WAY INTERSECTION,,ASPHALT,VIEW OBSTRUCTED,$10001 TO $25000,RIGHT ANGLE,NLINCOLNSTE16THST,0,
INDIANA UNIV BLOOMINGTON PD,224369,MONROE,BLOOMINGTON,BLOOMINGTON,11/7/22,6:45 PM,3,,0,0,0,,E 3RD ST,,,,,E 3RD ST,S ARBUTUS DR,,,,Y,,0,,39.16426359,-86.51188187,LOCAL/CITY ROAD,,,,URBAN,N,N,N,,DARK (NOT LIGHTED),CLEAR,DRY,,T-INTERSECTION,,ASPHALT,FOLLOWING TOO CLOSELY,$25001 TO $50000,REAR END,SARBUTUSDRE3RDST,0,
BLOOMINGTON PD,B22-49748,MONROE,BLOOMINGTON,BLOOMINGTON,11/30/22,3:20 PM,2,,0,0,0,,N INDIANA AVE,,,,,N INDIANA AVE,E 17TH ST,,,,Y,,0,,39.17900291,-86.52703457,LOCAL/CITY ROAD,,,,URBAN,N,N,N,,DAYLIGHT,CLEAR,DRY,,T-INTERSECTION,,ASPHALT,FAILURE TO YIELD RIGHT OF WAY,UNDER $1001,OPPOSITE DIRECTION SIDESWIPE,NINDIANAAVEE17THST,0,
MONROE SD,M22A30340,MONROE,VAN BUREN,BLOOMINGTON,12/12/22,7:05 AM,2,,0,0,0,,CURRY PIKE,,,,,CURRY PIKE,INDUSTRIAL BLVD,,,,N,,0,,39.14398882,-86.58259465,LOCAL/CITY ROAD,,,,RURAL,N,N,N,,DARK (NOT LIGHTED),CLEAR,DRY,,T-INTERSECTION,,ASPHALT,UNSAFE SPEED,$10001 TO $25000,REAR END,INDUSTRIALBLVDCURRYPIKE,0,
BLOOMINGTON PD,B22-47858,MONROE,PERRY,BLOOMINGTON,11/16/22,5:03 PM,2,,1,0,0,,S COLLEGE MALL RD,,,,,S COLLEGE MALL RD,JACKSON CREEK PRIVATE DR,,,,Y,,0,,39.15342957,-86.49765386,LOCAL/CITY ROAD,,,,URBAN,N,N,N,,DARK (NOT LIGHTED),SNOW,DRY,,FOUR-WAY INTERSECTION,,ASPHALT,FAILURE TO YIELD RIGHT OF WAY,$5001 TO $10000,RIGHT ANGLE,SCOLLEGEMALLRDJACKSONCREEKPRIVATEDR,0,
BLOOMINGTON PD,B22-51277,MONROE,PERRY,BLOOMINGTON,12/10/22,12:01 AM,2,,0,0,0,,S KENDALL DR,,,,,S KENDALL DR,S BRYAN ST,,,,Y,,300,,39.13819802,-86.53565728,LOCAL/CITY ROAD,,,,URBAN,N,N,N,,DARK (NOT LIGHTED),RAIN,WET,,NO JUNCTION INVOLVED,,ASPHALT,OTHER (DRIVER) - EXPLAIN IN NARRATIVE,$2501 TO $5000,OTHER - EXPLAIN IN NARRATIVE,SKENDALLDRSBRYANST,0,
BLOOMINGTON PD,B22-51376,MONROE,BLOOMINGTON,BLOOMINGTON,12/11/22,2:35 AM,3,,0,0,0,,W 6TH ST,,,,,W 6TH ST,N OAK ST,,,,Y,,0,,39.16764662,-86.54630271,,,,,RURAL,N,N,N,,DARK (LIGHTED),CLEAR,DRY,,NO JUNCTION INVOLVED,,ASPHALT,OTHER (DRIVER) - EXPLAIN IN NARRATIVE,$5001 TO $10000,RAN OFF ROAD,W6THSTNOAKST,0,
MONROE SD,M22A10828,MONROE,BENTON,BLOOMINGTON,5/11/22,4:28 PM,2,,0,0,0,,STATE RD 46,,,,,STATE RD 46,STATE RD 46,,,,N,,0,,39.15262378,-86.37094568,STATE ROAD,,,,RURAL,N,N,N,,DAYLIGHT,CLEAR,DRY,,NO JUNCTION INVOLVED,,ASPHALT,FAILURE TO MAINTAIN LANE,$5001 TO $10000,RAN OFF ROAD,STATERD46STATERD46,0,
BLOOMINGTON PD,B22-43194,MONROE,VAN BUREN,BLOOMINGTON,10/18/22,4:17 PM,2,,0,0,0,,W 3RD ST,,,,,W 3RD ST,S CURRY PIKE,,,,Y,,0,,39.16459982,-86.58300623,LOCAL/CITY ROAD,,,,URBAN,N,N,N,,DAYLIGHT,CLEAR,DRY,,FOUR-WAY INTERSECTION,,ASPHALT,FAILURE TO YIELD RIGHT OF WAY,$2501 TO $5000,RIGHT ANGLE,W3RDSTSCURRYPIKE,0,
BLOOMINGTON PD,B22-53084,MONROE,BLOOMINGTON,BLOOMINGTON,12/22/22,7:50 AM,2,,0,0,0,,W ARLINGTON RD,,,103,A,W ARLINGTON RD,,,,,Y,,0,,39.18691936,-86.55149461,STATE ROAD,,,,URBAN,N,N,N,,DAYLIGHT,RAIN,WET,,RAMP,,ASPHALT,UNSAFE LANE MOVEMENT,UNDER $1001,SAME DIRECTION SIDESWIPE,WARLINGTONRD103A,0,
MONROE SD,M22A25566,MONROE,VAN BUREN,BLOOMINGTON,10/18/22,9:30 AM,2,,0,0,0,1425,S CURRY PIKE,,,,,S CURRY PIKE,,,,,N,,0,,39.155495,-86.580299,PRIVATE DRIVE,,,,URBAN,N,N,N,,DAYLIGHT,CLEAR,DRY,,NO JUNCTION INVOLVED,,ASPHALT,OTHER (DRIVER) - EXPLAIN IN NARRATIVE,$2501 TO $5000,OPPOSITE DIRECTION SIDESWIPE,SCURRYPIKE,0,
BLOOMINGTON PD,B22-45031,MONROE,,BLOOMINGTON,10/28/22,4:55 PM,2,,0,0,0,,E 3RD ST,,,,,E 3RD ST,S MEADOWBROOK DR,,,,Y,,0,,39.16419465,-86.48432858,LOCAL/CITY ROAD,,,,URBAN,N,N,N,,DAYLIGHT,CLEAR,DRY,,FOUR-WAY INTERSECTION,,ASPHALT,FOLLOWING TOO CLOSELY,$2501 TO $5000,REAR END,SMEADOWBROOKDRE3RDST,0,
BLOOMINGTON PD,B22-48813,MONROE,PERRY,BLOOMINGTON,11/23/22,9:46 AM,1,,0,0,0,,S. COLLEGE AVE,,,,,S. COLLEGE AVE,SMITH AVE,,,,Y,,0,,39.14934661,-86.53475836,LOCAL/CITY ROAD,,,,URBAN,N,N,N,,DAYLIGHT,CLEAR,DRY,,T-INTERSECTION,,ASPHALT,TOW HITCH FAILURE,$2501 TO $5000,NON-COLLISION,SMITHAVES.COLLEGEAVE,0,
BLOOMINGTON PD,B22-46600,MONROE,PERRY,BLOOMINGTON,11/7/22,6:05 AM,1,,1,0,1,,,,69,,,69,W THIRD ST.,,117.5,,Y,,800,,39.1647012,-86.591448,INTERSTATE,,,,URBAN,N,N,N,,DARK (LIGHTED),CLEAR,DRY,,NO JUNCTION INVOLVED,,ASPHALT,ANIMAL/OBJECT IN ROADWAY,$2501 TO $5000,COLLISION WITH DEER,WTHIRDST.69,0,
BLOOMINGTON PD,B22-45225,MONROE,PERRY,BLOOMINGTON,10/29/22,6:50 PM,1,,0,0,1,,E MAXWELL LN,,,,,E MAXWELL LN,S EAGLESON AVE,,,,Y,,0,,39.1578205,-86.5162936,LOCAL/CITY ROAD,,,,URBAN,N,N,N,,DAWN/DUSK,CLEAR,DRY,,FOUR-WAY INTERSECTION,,ASPHALT,ANIMAL/OBJECT IN ROADWAY,$1001 TO $2500,COLLISION WITH DEER,SEAGLESONAVEEMAXWELLLN,0,
ISP BLOOMINGTON 33,2.022E+11,MONROE,BEAN BLOSSOM,ELLETTSVILLE,11/7/22,2:15 PM,2,,0,0,0,,STATE RD 46,,,,,STATE RD 46,W CHAFIN CHAPEL RD,,,,N,,0,,39.26001404,-86.65775037,STATE ROAD,,,,RURAL,N,N,N,,DAYLIGHT,CLEAR,DRY,,NO JUNCTION INVOLVED,,ASPHALT,UNSAFE SPEED,$5001 TO $10000,REAR END,WCHAFINCHAPELRDSTATERD46,0,
ISP BLOOMINGTON 33,2.022E+11,MONROE,RICHLAND,BLOOMINGTON,10/29/22,7:45 AM,1,,0,0,1,,STATE RD 46,,,,,STATE RD 46,CURRY PK,,,,N,,800,,39.19872736,-86.57446157,STATE ROAD,,,,RURAL,N,N,N,,DARK (NOT LIGHTED),CLEAR,DRY,,NO JUNCTION INVOLVED,,ASPHALT,ANIMAL/OBJECT IN ROADWAY,$2501 TO $5000,COLLISION WITH DEER,STATERD46CURRYPK,0,
BLOOMINGTON PD,B22-46901,MONROE,BLOOMINGTON,BLOOMINGTON,11/9/22,3:36 PM,2,,0,0,0,,504 S MULLER PKWY,,,,,504 S MULLER PKWY,,,,,Y,,0,,39.16202484,-86.56822032,PRIVATE DRIVE,,,,URBAN,N,N,N,,DAYLIGHT,CLEAR,DRY,,NO JUNCTION INVOLVED,,ASPHALT,UNSAFE BACKING,$1001 TO $2500,BACKING CRASH,504SMULLERPKWY,0,
BLOOMINGTON PD,B22-46931,MONROE,BLOOMINGTON,BLOOMINGTON,11/9/22,7:15 PM,2,,0,0,0,,W 10TH ST,,,,,W 10TH ST,N COLLEGE AVE,,,,Y,,0,,39.17169557,-86.53485703,LOCAL/CITY ROAD,,,,URBAN,N,N,N,,DARK (NOT LIGHTED),CLEAR,DRY,,FOUR-WAY INTERSECTION,,ASPHALT,UNSAFE LANE MOVEMENT,$10001 TO $25000,SAME DIRECTION SIDESWIPE,W10THSTNCOLLEGEAVE,0,
INDIANA UNIV BLOOMINGTON PD,224834,MONROE,BLOOMINGTON,BLOOMINGTON,12/9/22,8:21 AM,4,,0,0,0,,N. DAVID BAKER AVENUE,,,,,N. DAVID BAKER AVENUE,,,,,Y,,0,,39.18298495,-86.5134979,LOCAL/CITY ROAD,,,,URBAN,N,N,N,,DAYLIGHT,RAIN,WET,,NO JUNCTION INVOLVED,,ASPHALT,LEFT OF CENTER,$25001 TO $50000,HEAD ON BETWEEN TWO MOTOR VEHICLES,N.DAVIDBAKERAVENUE,0,
MONROE SD,M22A30989,MONROE,RICHLAND,BLOOMINGTON,12/21/22,6:53 AM,1,,0,0,1,,N SMITH PIKE,,,,,N SMITH PIKE,N CURRY PIKE,,,,N,,1500,,39.18804287,-86.58310334,LOCAL/CITY ROAD,,,,RURAL,N,N,N,,DARK (NOT LIGHTED),CLEAR,DRY,,NO JUNCTION INVOLVED,,ASPHALT,ANIMAL/OBJECT IN ROADWAY,$5001 TO $10000,COLLISION WITH DEER,NSMITHPIKENCURRYPIKE,0,
ISP BLOOMINGTON 33,2.022E+11,MONROE,SALT CREEK,BLOOMINGTON,10/20/22,1:55 PM,1,,0,0,0,,SR46,,,,,SR46,WOODVIEW DRIVE,,,,N,,60,,39.15157405,-86.38561768,STATE ROAD,,,,RURAL,N,N,N,,DAYLIGHT,CLEAR,DRY,,NO JUNCTION INVOLVED,,ASPHALT,FAILURE TO MAINTAIN LANE,$2501 TO $5000,RAN OFF ROAD,WOODVIEWDRIVESR46,0,
BLOOMINGTON PD,B22-42933,MONROE,,BLOOMINGTON,10/17/22,11:31 AM,2,,0,0,0,,W 3RD ST,,,,,W 3RD ST,JOHNSON AVE,,,,Y,,0,,39.1646018,-86.564971,LOCAL/CITY ROAD,,,,URBAN,N,N,N,,DAYLIGHT,CLOUDY,DRY,,NO JUNCTION INVOLVED,,ASPHALT,DRIVER DISTRACTED - EXPLAIN IN NARRATIVE,$5001 TO $10000,REAR END,W3RDSTJOHNSONAVE,0,
BLOOMINGTON PD,B22-45660,MONROE,PERRY,BLOOMINGTON,11/1/22,12:54 PM,2,,0,0,0,,S. COLLEGE MALL RD,,,,,S. COLLEGE MALL RD,E. 2ND ST,,,,Y,,0,,39.1609319,-86.4977835,LOCAL/CITY ROAD,,,,URBAN,N,N,N,,DAYLIGHT,CLEAR,DRY,,FOUR-WAY INTERSECTION,,ASPHALT,FAILURE TO YIELD RIGHT OF WAY,$5001 TO $10000,LEFT TURN,S.COLLEGEMALLRDE.2NDST,0,
BLOOMINGTON PD,B22-46142,MONROE,VAN BUREN,BLOOMINGTON,11/4/22,9:03 AM,2,,0,0,0,,3939 W. 3RD ST,,,,,3939 W. 3RD ST,,,,,Y,,0,,0,0,PRIVATE DRIVE,,,,URBAN,N,N,N,,DAYLIGHT,CLEAR,DRY,,NO JUNCTION INVOLVED,,CONCRETE,FAILURE TO YIELD RIGHT OF WAY,$1001 TO $2500,SAME DIRECTION SIDESWIPE,3939W.3RDST,0,
MONROE SD,M22A30310,MONROE,CLEAR CREEK,BLOOMINGTON,12/11/22,1:54 PM,2,,0,0,0,7537,ZIKES RD S,,,,,ZIKES RD S,,,,,N,,0,,39.06201866,-86.52629528,PRIVATE DRIVE,,,,RURAL,N,N,N,,DARK (LIGHTED),CLEAR,DRY,,NO JUNCTION INVOLVED,,GRAVEL,UNSAFE BACKING,$1001 TO $2500,BACKING CRASH,ZIKESRDS,0,
BLOOMINGTON PD,B22-52104,MONROE,BLOOMINGTON,BLOOMINGTON,12/15/22,5:00 PM,3,,1,0,0,,S WASHINGTON ST,,,,,S WASHINGTON ST,E DODDS ST,,,,Y,,0,,39.15737451,-86.53243697,LOCAL/CITY ROAD,,,,URBAN,N,N,N,,DAYLIGHT,CLEAR,DRY,,FOUR-WAY INTERSECTION,,ASPHALT,UNSAFE SPEED,$50001 TO $100000,RIGHT ANGLE,SWASHINGTONSTEDODDSST,0,
ISP BLOOMINGTON 33,2.02201E+11,MONROE,SALT CREEK,BLOOMINGTON,11/12/22,11:59 AM,1,,0,0,0,,SR446,,,,,SR446,PAYNETOWN RD,,,,N,,500,,39.09087694,-86.42284246,STATE ROAD,,,,RURAL,N,N,N,,DAYLIGHT,CLOUDY,SNOW/SLUSH,,NO JUNCTION INVOLVED,,ASPHALT,FAILURE TO MAINTAIN LANE,$5001 TO $10000,RAN OFF ROAD,SR446PAYNETOWNRD,0,
INDIANA UNIV BLOOMINGTON PD,224354,MONROE,BLOOMINGTON,BLOOMINGTON,11/7/22,12:10 PM,2,,0,0,0,,E ATWATER AVE,,,,,E ATWATER AVE,S HENDERSON ST,,,,Y,,0,,39.16315202,-86.52738637,LOCAL/CITY ROAD,,,,URBAN,N,Y,N,,DAYLIGHT,CLEAR,DRY,,FOUR-WAY INTERSECTION,,ASPHALT,UNSAFE LANE MOVEMENT,$1001 TO $2500,SAME DIRECTION SIDESWIPE,SHENDERSONSTEATWATERAVE,0,
MONROE SD,M22A27207,MONROE,POLK,BLOOMINGTON,11/5/22,12:56 PM,1,,0,0,0,,STATE RD 446,,,,,STATE RD 446,CUTRIGHT,,,,N,,0,,39.07230985,-86.41621642,STATE ROAD,,,,URBAN,N,N,N,,DAYLIGHT,CLOUDY,WET,,NO JUNCTION INVOLVED,,CONCRETE,DRIVER ILLNESS,UNDER $1001,NON-COLLISION,STATERD446CUTRIGHT,0,
INDIANA UNIV BLOOMINGTON PD,224035,MONROE,BLOOMINGTON,BLOOMINGTON,10/20/22,1:42 PM,2,,1,0,0,,E 17TH ST,,,,,E 17TH ST,N WOODLAWN AVE,,,,Y,,0,,39.1790762,-86.52404971,LOCAL/CITY ROAD,,,,URBAN,N,N,N,,DAYLIGHT,CLEAR,DRY,,FOUR-WAY INTERSECTION,,ASPHALT,FOLLOWING TOO CLOSELY,UNDER $1001,REAR END,NWOODLAWNAVEE17THST,0,
BLOOMINGTON PD,B22-46997,MONROE,BLOOMINGTON,BLOOMINGTON,11/10/22,10:33 AM,2,,0,0,0,,N LINCOLN ST,,,,,N LINCOLN ST,E 9TH ST,,,,Y,,100,,39.17087532,-86.53130277,LOCAL/CITY ROAD,,,,URBAN,N,N,N,,DAYLIGHT,CLEAR,DRY,,NO JUNCTION INVOLVED,,ASPHALT,UNSAFE BACKING,$2501 TO $5000,BACKING CRASH,NLINCOLNSTE9THST,0,
BLOOMINGTON PD,B22-48510,MONROE,PERRY,BLOOMINGTON,11/21/22,2:56 PM,1,,1,0,0,,S PARK AVE,,,,,S PARK AVE,E 2ND ST,,,,Y,,0,,39.16132606,-86.52398533,LOCAL/CITY ROAD,,,,URBAN,N,N,N,,DAYLIGHT,CLEAR,DRY,,T-INTERSECTION,,ASPHALT,UNSAFE SPEED,$5001 TO $10000,RAN OFF ROAD,SPARKAVEE2NDST,0,
MONROE SD,M22A30314,MONROE,RICHLAND,BLOOMINGTON,12/11/22,3:26 AM,2,,2,0,0,,N HARTSTRAIT RD,,,,,N HARTSTRAIT RD,W 3RD ST,,,,N,,0,,39.16495713,-86.61102739,STATE ROAD,,,,RURAL,N,N,N,,DAYLIGHT,CLOUDY,DRY,,FOUR-WAY INTERSECTION,,ASPHALT,FAILURE TO YIELD RIGHT OF WAY,$10001 TO $25000,RIGHT ANGLE,W3RDSTNHARTSTRAITRD,0,
BLOOMINGTON PD,B22-47365,MONROE,PERRY,BLOOMINGTON,11/12/22,6:58 PM,1,,0,0,0,,S BASSWOOD DR,,,,,S BASSWOOD DR,BASSWOOD CIR S,,,,Y,,500,,39.14984909,-86.57038872,LOCAL/CITY ROAD,,,,URBAN,N,N,N,,DARK (NOT LIGHTED),SLEET/HAIL/FREEZING RAIN,WET,,NO JUNCTION INVOLVED,,ASPHALT,SPEED TOO FAST FOR WEATHER CONDITIONS,$2501 TO $5000,RAN OFF ROAD,SBASSWOODDRBASSWOODCIRS,0,
INDIANA UNIV BLOOMINGTON PD,224924,MONROE,BLOOMINGTON,BLOOMINGTON,12/14/22,9:40 PM,2,,0,0,0,,N JORDAN AVE,,,,,N JORDAN AVE,E LAW LN,,,,Y,,0,,39.17342891,-86.51546664,LOCAL/CITY ROAD,,,,URBAN,N,N,N,,DARK (LIGHTED),RAIN,WET,,FOUR-WAY INTERSECTION,,ASPHALT,FAILURE TO YIELD RIGHT OF WAY,$1001 TO $2500,LEFT/RIGHT TURN,NJORDANAVEELAWLN,0,
MONROE SD,M22A30424,MONROE,WASHINGTON,BLOOMINGTON,12/13/22,6:25 AM,1,,0,0,1,,N OLD STATE ROAD 37,,,,,N OLD STATE ROAD 37,,,,,N,,0,,39.29128733,-86.49583251,LOCAL/CITY ROAD,,,,RURAL,N,N,N,,DARK (NOT LIGHTED),CLEAR,DRY,,NO JUNCTION INVOLVED,,ASPHALT,ANIMAL/OBJECT IN ROADWAY,$5001 TO $10000,COLLISION WITH DEER,NOLDSTATEROAD37,0,
MONROE SD,M22A26572,MONROE,VAN BUREN,BLOOMINGTON,10/29/22,2:34 PM,2,,0,0,0,,W STATE RD 45,,,,,W STATE RD 45,,,,,N,,0,,39.14174156,-86.58130131,PRIVATE DRIVE,,,,RURAL,N,N,N,,DAYLIGHT,CLEAR,DRY,,NO JUNCTION INVOLVED,,ASPHALT,UNSAFE BACKING,$1001 TO $2500,BACKING CRASH,WSTATERD45,0,
BLOOMINGTON PD,B22-44980,MONROE,PERRY,BLOOMINGTON,10/28/22,12:17 PM,2,,0,0,0,,S. WALNUT ST,,,,,S. WALNUT ST,E. BURKS DR,,,,Y,,1500,,39.1266692,-86.5313811,LOCAL/CITY ROAD,,,,URBAN,N,N,N,,DAYLIGHT,CLEAR,DRY,,NO JUNCTION INVOLVED,,ASPHALT,FOLLOWING TOO CLOSELY,$10001 TO $25000,REAR END,S.WALNUTSTE.BURKSDR,0,
MONROE SD,M22A31459,MONROE,WASHINGTON,,12/28/22,3:25 PM,2,,0,0,0,,I-69 MM 126.5,,,,,I-69 MM 126.5,,,,,N,,0,,39.27351904,-86.52320255,INTERSTATE,,,,RURAL,N,N,N,,DAYLIGHT,CLEAR,DRY,,NO JUNCTION INVOLVED,,ASPHALT,FAILURE TO YIELD RIGHT OF WAY,$2501 TO $5000,SAME DIRECTION SIDESWIPE,I-69MM126.5,0,
BLOOMINGTON PD,B22-53872,MONROE,BLOOMINGTON,BLOOMINGTON,12/30/22,1:10 AM,1,,1,0,0,,N PETE ELLIS DR,,,,,N PETE ELLIS DR,E AMY LN,,,,Y,,0,,39.16895237,-86.49582719,LOCAL/CITY ROAD,,,,URBAN,N,N,N,,DARK (NOT LIGHTED),RAIN,WET,,NO JUNCTION INVOLVED,,ASPHALT,OTHER (DRIVER) - EXPLAIN IN NARRATIVE,$5001 TO $10000,RAN OFF ROAD,NPETEELLISDREAMYLN,0,
BLOOMINGTON PD,B22-45386,MONROE,BLOOMINGTON,BLOOMINGTON,10/30/22,4:51 PM,2,,2,0,0,,W 20TH ST,,,,,W 20TH ST,W ARLINGTON RD,,,,Y,,0,,39.18385689,-86.55004957,LOCAL/CITY ROAD,,,,URBAN,N,N,N,,DAYLIGHT,RAIN,WET,,T-INTERSECTION,,ASPHALT,FAILURE TO YIELD RIGHT OF WAY,$5001 TO $10000,RIGHT ANGLE,WARLINGTONRDW20THST,0,
MONROE SD,M22A31218,MONROE,BLOOMINGTON,BLOOMINGTON,12/25/22,12:10 AM,1,,0,0,0,,E BETHEL LN,,,,,E BETHEL LN,N STIDD DR,,,,N,,0,,39.21424564,-86.47850754,COUNTY ROAD,,,,RURAL,N,N,N,,DARK (NOT LIGHTED),CLEAR,ICE,,NO JUNCTION INVOLVED,,ASPHALT,SPEED TOO FAST FOR WEATHER CONDITIONS,$10001 TO $25000,RAN OFF ROAD,NSTIDDDREBETHELLN,0,
BLOOMINGTON PD,B22-37211,MONROE,BLOOMINGTON,BLOOMINGTON,9/15/22,3:10 AM,1,,0,0,0,351,N WALNUT ST,,,,,N WALNUT ST,,,,,Y,,0,,39.17143375,-86.53379149,PRIVATE DRIVE,,,,URBAN,N,N,N,,DARK (NOT LIGHTED),CLEAR,DRY,,NO JUNCTION INVOLVED,,CONCRETE,OTHER (DRIVER) - EXPLAIN IN NARRATIVE,$10001 TO $25000,RAN OFF ROAD,NWALNUTST,0,